SlNo,Station,Agency,State LGD Code,State,District LGD Code,District,Tehsil,Block,Village,River,Basin,Tributary,Subtributary,SubSubtributary,Local River,Latitude,Longitude,Data Acquisition Time,Electric Conductivity (μS/cm),Colour,Odour,Turbidity (NTU),Temperature (ºC),Total Solids (mg/L)
1,AHMEDABAD-1 BENRAMPURA,CPCB,24,Gujarat,438,Ahmedabad,AHMADABAD CITY,-,-,-,-,-,-,-,-,23.00557000,72.58332900,02-01-2020 08:30,"","","","","",22
2,AHMEDABAD-1 BENRAMPURA,CPCB,24,Gujarat,438,Ahmedabad,AHMADABAD CITY,-,-,-,-,-,-,-,-,23.00557000,72.58332900,07-02-2020 08:30,Other,"","",Other,"",""
3,AHMEDABAD-1 BENRAMPURA,CPCB,24,Gujarat,438,Ahmedabad,AHMADABAD CITY,-,-,-,-,-,-,-,-,23.00557000,72.58332900,04-03-2020 08:30,Other,"","",Other,"",""
4,AHMEDABAD-1 BENRAMPURA,CPCB,24,Gujarat,438,Ahmedabad,AHMADABAD CITY,-,-,-,-,-,-,-,-,23.00557000,72.58332900,04-04-2020 08:30,Other,"","",Other,"",""
5,AHMEDABAD-1 BENRAMPURA,CPCB,24,Gujarat,438,Ahmedabad,AHMADABAD CITY,-,-,-,-,-,-,-,-,23.00557000,72.58332900,01-05-2020 08:30,"","","","","",""
6,AHMEDABAD-1 BENRAMPURA,CPCB,24,Gujarat,438,Ahmedabad,AHMADABAD CITY,-,-,-,-,-,-,-,-,23.00557000,72.58332900,02-06-2020 08:30,Other,"","",Other,"",""
7,AHMEDABAD-1 BENRAMPURA,CPCB,24,Gujarat,438,Ahmedabad,AHMADABAD CITY,-,-,-,-,-,-,-,-,23.00557000,72.58332900,05-08-2020 08:30,Other,"","",Other,"",""
8,AHMEDABAD-1 BENRAMPURA,CPCB,24,Gujarat,438,Ahmedabad,AHMADABAD CITY,-,-,-,-,-,-,-,-,23.00557000,72.58332900,02-09-2020 08:30,Other,"","",Other,"",""
9,AHMEDABAD-1 BENRAMPURA,CPCB,24,Gujarat,438,Ahmedabad,AHMADABAD CITY,-,-,-,-,-,-,-,-,23.00557000,72.58332900,05-10-2020 08:30,Other,"","",Other,"",""
10,AHMEDABAD-1 BENRAMPURA,CPCB,24,Gujarat,438,Ahmedabad,AHMADABAD CITY,-,-,-,-,-,-,-,-,23.00557000,72.58332900,03-11-2020 08:30,Other,"","",Other,"",""
11,AHMEDABAD-1 BENRAMPURA,CPCB,24,Gujarat,438,Ahmedabad,AHMADABAD CITY,-,-,-,-,-,-,-,-,23.00557000,72.58332900,02-12-2020 08:30,Other,"","",Other,"",""
12,AHMEDABAD-2 NAROL SARKHEJ HIGHWAY,CPCB,24,Gujarat,438,Ahmedabad,AHMADABAD CITY,-,-,-,-,-,-,-,-,22.99086100,72.53307700,02-01-2020 08:30,"","","","","",40
13,AHMEDABAD-2 NAROL SARKHEJ HIGHWAY,CPCB,24,Gujarat,438,Ahmedabad,AHMADABAD CITY,-,-,-,-,-,-,-,-,22.99086100,72.53307700,07-02-2020 08:30,Other,"","",Other,"",""
14,AHMEDABAD-2 NAROL SARKHEJ HIGHWAY,CPCB,24,Gujarat,438,Ahmedabad,AHMADABAD CITY,-,-,-,-,-,-,-,-,22.99086100,72.53307700,04-03-2020 08:30,Other,"","",Other,"",""
15,AHMEDABAD-2 NAROL SARKHEJ HIGHWAY,CPCB,24,Gujarat,438,Ahmedabad,AHMADABAD CITY,-,-,-,-,-,-,-,-,22.99086100,72.53307700,04-04-2020 08:30,Other,"","",Other,"",""
16,AHMEDABAD-2 NAROL SARKHEJ HIGHWAY,CPCB,24,Gujarat,438,Ahmedabad,AHMADABAD CITY,-,-,-,-,-,-,-,-,22.99086100,72.53307700,01-05-2020 08:30,"","","","","",""
17,AHMEDABAD-2 NAROL SARKHEJ HIGHWAY,CPCB,24,Gujarat,438,Ahmedabad,AHMADABAD CITY,-,-,-,-,-,-,-,-,22.99086100,72.53307700,02-06-2020 08:30,Other,"","",Other,"",""
18,AHMEDABAD-2 NAROL SARKHEJ HIGHWAY,CPCB,24,Gujarat,438,Ahmedabad,AHMADABAD CITY,-,-,-,-,-,-,-,-,22.99086100,72.53307700,05-08-2020 08:30,Other,"","",Other,"",""
19,AHMEDABAD-2 NAROL SARKHEJ HIGHWAY,CPCB,24,Gujarat,438,Ahmedabad,AHMADABAD CITY,-,-,-,-,-,-,-,-,22.99086100,72.53307700,02-09-2020 08:30,Other,"","",Other,"",""
20,AHMEDABAD-2 NAROL SARKHEJ HIGHWAY,CPCB,24,Gujarat,438,Ahmedabad,AHMADABAD CITY,-,-,-,-,-,-,-,-,22.99086100,72.53307700,05-10-2020 08:30,Other,"","",Other,"",""
21,AHMEDABAD-2 NAROL SARKHEJ HIGHWAY,CPCB,24,Gujarat,438,Ahmedabad,AHMADABAD CITY,-,-,-,-,-,-,-,-,22.99086100,72.53307700,03-11-2020 08:30,Other,"","",Other,"",""
22,AHMEDABAD-2 NAROL SARKHEJ HIGHWAY,CPCB,24,Gujarat,438,Ahmedabad,AHMADABAD CITY,-,-,-,-,-,-,-,-,22.99086100,72.53307700,02-12-2020 08:30,Other,"","",Other,"",""
23,AJWAH LAKE AT SRI SAYAJI SABVAR BARODA,CPCB,24,Gujarat,461,Vadodara,VAGHODIA,-,-,-,-,-,-,-,-,22.40120600,73.38860300,06-01-2018 08:30,371,"","","","",""
24,AJWAH LAKE AT SRI SAYAJI SABVAR BARODA,CPCB,24,Gujarat,461,Vadodara,VAGHODIA,-,-,-,-,-,-,-,-,22.40120600,73.38860300,01-02-2018 08:30,358,"","","","",""
25,AJWAH LAKE AT SRI SAYAJI SABVAR BARODA,CPCB,24,Gujarat,461,Vadodara,VAGHODIA,-,-,-,-,-,-,-,-,22.40120600,73.38860300,06-03-2018 08:30,346,"","","","",""
26,AJWAH LAKE AT SRI SAYAJI SABVAR BARODA,CPCB,24,Gujarat,461,Vadodara,VAGHODIA,-,-,-,-,-,-,-,-,22.40120600,73.38860300,05-04-2018 08:30,358,"","","","",""
27,AJWAH LAKE AT SRI SAYAJI SABVAR BARODA,CPCB,24,Gujarat,461,Vadodara,VAGHODIA,-,-,-,-,-,-,-,-,22.40120600,73.38860300,05-05-2018 08:30,283,"","","","",""
28,AJWAH LAKE AT SRI SAYAJI SABVAR BARODA,CPCB,24,Gujarat,461,Vadodara,VAGHODIA,-,-,-,-,-,-,-,-,22.40120600,73.38860300,01-06-2018 08:30,322,"","","","",""
29,AJWAH LAKE AT SRI SAYAJI SABVAR BARODA,CPCB,24,Gujarat,461,Vadodara,VAGHODIA,-,-,-,-,-,-,-,-,22.40120600,73.38860300,03-07-2018 08:30,330,"","","","",""
30,AJWAH LAKE AT SRI SAYAJI SABVAR BARODA,CPCB,24,Gujarat,461,Vadodara,VAGHODIA,-,-,-,-,-,-,-,-,22.40120600,73.38860300,04-08-2018 08:30,276,"","","","",""
31,AJWAH LAKE AT SRI SAYAJI SABVAR BARODA,CPCB,24,Gujarat,461,Vadodara,VAGHODIA,-,-,-,-,-,-,-,-,22.40120600,73.38860300,07-09-2018 08:30,294,"","","","",""
32,AJWAH LAKE AT SRI SAYAJI SABVAR BARODA,CPCB,24,Gujarat,461,Vadodara,VAGHODIA,-,-,-,-,-,-,-,-,22.40120600,73.38860300,01-10-2018 08:30,308,"","","","",""
33,AJWAH LAKE AT SRI SAYAJI SABVAR BARODA,CPCB,24,Gujarat,461,Vadodara,VAGHODIA,-,-,-,-,-,-,-,-,22.40120600,73.38860300,05-11-2018 08:30,364,"","","","",""
34,AJWAH LAKE AT SRI SAYAJI SABVAR BARODA,CPCB,24,Gujarat,461,Vadodara,VAGHODIA,-,-,-,-,-,-,-,-,22.40120600,73.38860300,04-12-2018 08:30,315,"","","","",""
35,AJWAH LAKE AT SRI SAYAJI SABVAR BARODA,CPCB,24,Gujarat,461,Vadodara,VAGHODIA,-,-,-,-,-,-,-,-,22.40120600,73.38860300,07-01-2019 08:30,283,"","","","",""
36,AJWAH LAKE AT SRI SAYAJI SABVAR BARODA,CPCB,24,Gujarat,461,Vadodara,VAGHODIA,-,-,-,-,-,-,-,-,22.40120600,73.38860300,14-02-2019 08:30,254,"","","","",""
37,AJWAH LAKE AT SRI SAYAJI SABVAR BARODA,CPCB,24,Gujarat,461,Vadodara,VAGHODIA,-,-,-,-,-,-,-,-,22.40120600,73.38860300,02-03-2019 08:30,287,"","","","",""
38,AJWAH LAKE AT SRI SAYAJI SABVAR BARODA,CPCB,24,Gujarat,461,Vadodara,VAGHODIA,-,-,-,-,-,-,-,-,22.40120600,73.38860300,03-04-2019 08:30,322,"","","","",""
39,AJWAH LAKE AT SRI SAYAJI SABVAR BARODA,CPCB,24,Gujarat,461,Vadodara,VAGHODIA,-,-,-,-,-,-,-,-,22.40120600,73.38860300,06-05-2019 08:30,300,"","","","",""
40,AJWAH LAKE AT SRI SAYAJI SABVAR BARODA,CPCB,24,Gujarat,461,Vadodara,VAGHODIA,-,-,-,-,-,-,-,-,22.40120600,73.38860300,07-06-2019 08:30,294,"","","","",""
41,AJWAH LAKE AT SRI SAYAJI SABVAR BARODA,CPCB,24,Gujarat,461,Vadodara,VAGHODIA,-,-,-,-,-,-,-,-,22.40120600,73.38860300,06-08-2019 08:30,218,"","","","",""
42,AJWAH LAKE AT SRI SAYAJI SABVAR BARODA,CPCB,24,Gujarat,461,Vadodara,VAGHODIA,-,-,-,-,-,-,-,-,22.40120600,73.38860300,04-09-2019 08:30,192,"","","","",""
43,AJWAH LAKE AT SRI SAYAJI SABVAR BARODA,CPCB,24,Gujarat,461,Vadodara,VAGHODIA,-,-,-,-,-,-,-,-,22.40120600,73.38860300,01-10-2019 08:30,211,"","","","",""
44,AJWAH LAKE AT SRI SAYAJI SABVAR BARODA,CPCB,24,Gujarat,461,Vadodara,VAGHODIA,-,-,-,-,-,-,-,-,22.40120600,73.38860300,01-11-2019 08:30,252,"","","","",""
45,AJWAH LAKE AT SRI SAYAJI SABVAR BARODA,CPCB,24,Gujarat,461,Vadodara,VAGHODIA,-,-,-,-,-,-,-,-,22.40120600,73.38860300,03-12-2019 08:30,304,"","","","",""
46,AJWAH LAKE AT SRI SAYAJI SABVAR BARODA,CPCB,24,Gujarat,461,Vadodara,VAGHODIA,-,-,-,-,-,-,-,-,22.40120600,73.38860300,04-01-2020 08:30,297,"","",4.1,"",4
47,AJWAH LAKE AT SRI SAYAJI SABVAR BARODA,CPCB,24,Gujarat,461,Vadodara,VAGHODIA,-,-,-,-,-,-,-,-,22.40120600,73.38860300,01-02-2020 08:30,330,"","",7.5,"",""
48,AJWAH LAKE AT SRI SAYAJI SABVAR BARODA,CPCB,24,Gujarat,461,Vadodara,VAGHODIA,-,-,-,-,-,-,-,-,22.40120600,73.38860300,05-03-2020 08:30,332,"","",11.5,"",""
49,AJWAH LAKE AT SRI SAYAJI SABVAR BARODA,CPCB,24,Gujarat,461,Vadodara,VAGHODIA,-,-,-,-,-,-,-,-,22.40120600,73.38860300,03-04-2020 08:30,306,"","",3.9,"",""
50,AJWAH LAKE AT SRI SAYAJI SABVAR BARODA,CPCB,24,Gujarat,461,Vadodara,VAGHODIA,-,-,-,-,-,-,-,-,22.40120600,73.38860300,01-05-2020 08:30,309,"","",8.8,"",""
51,AJWAH LAKE AT SRI SAYAJI SABVAR BARODA,CPCB,24,Gujarat,461,Vadodara,VAGHODIA,-,-,-,-,-,-,-,-,22.40120600,73.38860300,03-06-2020 08:30,341,"","",7.2,"",""
52,AJWAH LAKE AT SRI SAYAJI SABVAR BARODA,CPCB,24,Gujarat,461,Vadodara,VAGHODIA,-,-,-,-,-,-,-,-,22.40120600,73.38860300,04-07-2020 08:30,318,"","",Clear,"",""
53,AJWAH LAKE AT SRI SAYAJI SABVAR BARODA,CPCB,24,Gujarat,461,Vadodara,VAGHODIA,-,-,-,-,-,-,-,-,22.40120600,73.38860300,07-08-2020 08:30,415,"","",1.9,"",""
54,AJWAH LAKE AT SRI SAYAJI SABVAR BARODA,CPCB,24,Gujarat,461,Vadodara,VAGHODIA,-,-,-,-,-,-,-,-,22.40120600,73.38860300,07-09-2020 08:30,312,"","",3.2,"",""
55,AJWAH LAKE AT SRI SAYAJI SABVAR BARODA,CPCB,24,Gujarat,461,Vadodara,VAGHODIA,-,-,-,-,-,-,-,-,22.40120600,73.38860300,06-10-2020 08:30,408,"","",0.5,"",""
56,AJWAH LAKE AT SRI SAYAJI SABVAR BARODA,CPCB,24,Gujarat,461,Vadodara,VAGHODIA,-,-,-,-,-,-,-,-,22.40120600,73.38860300,05-11-2020 08:30,419,"","",0.7,"",""
57,AJWAH LAKE AT SRI SAYAJI SABVAR BARODA,CPCB,24,Gujarat,461,Vadodara,VAGHODIA,-,-,-,-,-,-,-,-,22.40120600,73.38860300,04-12-2020 08:30,9,"","",9,"",""
58,AMBIKA AT BILIMORA,CPCB,24,Gujarat,453,Navsari,GANDEVI,-,-,-,-,-,-,-,-,20.77210600,72.95162500,07-02-2018 08:30,"","","","","",""
59,AMBIKA AT BILIMORA,CPCB,24,Gujarat,453,Navsari,GANDEVI,-,-,-,-,-,-,-,-,20.77210600,72.95162500,01-03-2018 08:30,"","","","","",""
60,AMBIKA AT BILIMORA,CPCB,24,Gujarat,453,Navsari,GANDEVI,-,-,-,-,-,-,-,-,20.77210600,72.95162500,05-04-2018 08:30,"","","","","",""
61,AMBIKA AT BILIMORA,CPCB,24,Gujarat,453,Navsari,GANDEVI,-,-,-,-,-,-,-,-,20.77210600,72.95162500,05-05-2018 08:30,"","","","","",""
62,AMBIKA AT BILIMORA,CPCB,24,Gujarat,453,Navsari,GANDEVI,-,-,-,-,-,-,-,-,20.77210600,72.95162500,06-06-2018 08:30,"","","","","",""
63,AMBIKA AT BILIMORA,CPCB,24,Gujarat,453,Navsari,GANDEVI,-,-,-,-,-,-,-,-,20.77210600,72.95162500,05-07-2018 08:30,"","","","","",""
64,AMBIKA AT BILIMORA,CPCB,24,Gujarat,453,Navsari,GANDEVI,-,-,-,-,-,-,-,-,20.77210600,72.95162500,01-08-2018 08:30,"","","","","",""
65,AMBIKA AT BILIMORA,CPCB,24,Gujarat,453,Navsari,GANDEVI,-,-,-,-,-,-,-,-,20.77210600,72.95162500,07-09-2018 08:30,"","","","","",""
66,AMBIKA AT BILIMORA,CPCB,24,Gujarat,453,Navsari,GANDEVI,-,-,-,-,-,-,-,-,20.77210600,72.95162500,03-10-2018 08:30,"","","","","",""
67,AMBIKA AT BILIMORA,CPCB,24,Gujarat,453,Navsari,GANDEVI,-,-,-,-,-,-,-,-,20.77210600,72.95162500,03-11-2018 08:30,"","","","","",""
68,AMBIKA AT BILIMORA,CPCB,24,Gujarat,453,Navsari,GANDEVI,-,-,-,-,-,-,-,-,20.77210600,72.95162500,01-12-2018 08:30,"","","","","",""
69,AMBIKA AT BILIMORA,CPCB,24,Gujarat,453,Navsari,GANDEVI,-,-,-,-,-,-,-,-,20.77210600,72.95162500,12-02-2019 08:30,"","","","","",""
70,AMBIKA AT BILIMORA,CPCB,24,Gujarat,453,Navsari,GANDEVI,-,-,-,-,-,-,-,-,20.77210600,72.95162500,22-03-2019 08:30,"","","","","",""
71,AMBIKA AT BILIMORA,CPCB,24,Gujarat,453,Navsari,GANDEVI,-,-,-,-,-,-,-,-,20.77210600,72.95162500,01-04-2019 08:30,"","","","","",""
72,AMBIKA AT BILIMORA,CPCB,24,Gujarat,453,Navsari,GANDEVI,-,-,-,-,-,-,-,-,20.77210600,72.95162500,02-05-2019 08:30,"","","","","",""
73,AMBIKA AT BILIMORA,CPCB,24,Gujarat,453,Navsari,GANDEVI,-,-,-,-,-,-,-,-,20.77210600,72.95162500,06-06-2019 08:30,"","","","","",""
74,AMBIKA AT BILIMORA,CPCB,24,Gujarat,453,Navsari,GANDEVI,-,-,-,-,-,-,-,-,20.77210600,72.95162500,04-07-2019 08:30,"","","","","",""
75,AMBIKA AT BILIMORA,CPCB,24,Gujarat,453,Navsari,GANDEVI,-,-,-,-,-,-,-,-,20.77210600,72.95162500,03-08-2019 08:30,"","","","","",""
76,AMBIKA AT BILIMORA,CPCB,24,Gujarat,453,Navsari,GANDEVI,-,-,-,-,-,-,-,-,20.77210600,72.95162500,03-09-2019 08:30,"","","","","",""
77,AMBIKA AT BILIMORA,CPCB,24,Gujarat,453,Navsari,GANDEVI,-,-,-,-,-,-,-,-,20.77210600,72.95162500,01-10-2019 08:30,"","","","","",""
78,AMBIKA AT BILIMORA,CPCB,24,Gujarat,453,Navsari,GANDEVI,-,-,-,-,-,-,-,-,20.77210600,72.95162500,02-11-2019 08:30,"","","","","",""
79,AMBIKA AT BILIMORA,CPCB,24,Gujarat,453,Navsari,GANDEVI,-,-,-,-,-,-,-,-,20.77210600,72.95162500,04-12-2019 08:30,"","","","","",""
80,AMBIKA AT BILIMORA,CPCB,24,Gujarat,453,Navsari,GANDEVI,-,-,-,-,-,-,-,-,20.77210600,72.95162500,08-01-2020 08:30,21610,"","",4,"",180
81,AMBIKA AT BILIMORA,CPCB,24,Gujarat,453,Navsari,GANDEVI,-,-,-,-,-,-,-,-,20.77210600,72.95162500,11-02-2020 08:30,14510,"","",6,"",""
82,AMBIKA AT BILIMORA,CPCB,24,Gujarat,453,Navsari,GANDEVI,-,-,-,-,-,-,-,-,20.77210600,72.95162500,04-03-2020 08:30,27180,"","",89,"",""
83,AMBIKA AT BILIMORA,CPCB,24,Gujarat,453,Navsari,GANDEVI,-,-,-,-,-,-,-,-,20.77210600,72.95162500,09-04-2020 08:30,10500,"","",51,"",""
84,AMBIKA AT BILIMORA,CPCB,24,Gujarat,453,Navsari,GANDEVI,-,-,-,-,-,-,-,-,20.77210600,72.95162500,02-05-2020 08:30,42232,"","",69,"",""
85,AMBIKA AT BILIMORA,CPCB,24,Gujarat,453,Navsari,GANDEVI,-,-,-,-,-,-,-,-,20.77210600,72.95162500,04-06-2020 08:30,16240,"","",21,"",""
86,AMBIKA AT BILIMORA,CPCB,24,Gujarat,453,Navsari,GANDEVI,-,-,-,-,-,-,-,-,20.77210600,72.95162500,01-07-2020 08:30,50290,"","",78,"",""
87,AMBIKA AT BILIMORA,CPCB,24,Gujarat,453,Navsari,GANDEVI,-,-,-,-,-,-,-,-,20.77210600,72.95162500,04-08-2020 08:30,557,"","",Other,"",""
88,AMBIKA AT BILIMORA,CPCB,24,Gujarat,453,Navsari,GANDEVI,-,-,-,-,-,-,-,-,20.77210600,72.95162500,05-09-2020 08:30,1642,"","",5,"",""
89,AMBIKA AT BILIMORA,CPCB,24,Gujarat,453,Navsari,GANDEVI,-,-,-,-,-,-,-,-,20.77210600,72.95162500,03-10-2020 08:30,536,"","",3,"",""
90,AMBIKA AT BILIMORA,CPCB,24,Gujarat,453,Navsari,GANDEVI,-,-,-,-,-,-,-,-,20.77210600,72.95162500,03-11-2020 08:30,1325,"","",2.5,"",""
91,AMBIKA AT BILIMORA,CPCB,24,Gujarat,453,Navsari,GANDEVI,-,-,-,-,-,-,-,-,20.77210600,72.95162500,02-12-2020 08:30,1126,"","",2,"",""
92,AMLAKHADI AFTER CONFL. OF W. WATER FROM ANKLESH,CPCB,24,Gujarat,442,Bharuch,BHARUCH,-,-,-,-,-,-,-,-,21.70117800,73.02173300,02-01-2018 08:30,"","","","","",""
93,AMLAKHADI AFTER CONFL. OF W. WATER FROM ANKLESH,CPCB,24,Gujarat,442,Bharuch,BHARUCH,-,-,-,-,-,-,-,-,21.70117800,73.02173300,02-02-2018 08:30,"","","","","",""
94,AMLAKHADI AFTER CONFL. OF W. WATER FROM ANKLESH,CPCB,24,Gujarat,442,Bharuch,BHARUCH,-,-,-,-,-,-,-,-,21.70117800,73.02173300,01-03-2018 08:30,"","","","","",""
95,AMLAKHADI AFTER CONFL. OF W. WATER FROM ANKLESH,CPCB,24,Gujarat,442,Bharuch,BHARUCH,-,-,-,-,-,-,-,-,21.70117800,73.02173300,03-04-2018 08:30,"","","","","",""
96,AMLAKHADI AFTER CONFL. OF W. WATER FROM ANKLESH,CPCB,24,Gujarat,442,Bharuch,BHARUCH,-,-,-,-,-,-,-,-,21.70117800,73.02173300,03-05-2018 08:30,"","","","","",""
97,AMLAKHADI AFTER CONFL. OF W. WATER FROM ANKLESH,CPCB,24,Gujarat,442,Bharuch,BHARUCH,-,-,-,-,-,-,-,-,21.70117800,73.02173300,02-06-2018 08:30,"","","","","",""
98,AMLAKHADI AFTER CONFL. OF W. WATER FROM ANKLESH,CPCB,24,Gujarat,442,Bharuch,BHARUCH,-,-,-,-,-,-,-,-,21.70117800,73.02173300,04-07-2018 08:30,"","","","","",""
99,AMLAKHADI AFTER CONFL. OF W. WATER FROM ANKLESH,CPCB,24,Gujarat,442,Bharuch,BHARUCH,-,-,-,-,-,-,-,-,21.70117800,73.02173300,02-08-2018 08:30,"","","","","",""
100,AMLAKHADI AFTER CONFL. OF W. WATER FROM ANKLESH,CPCB,24,Gujarat,442,Bharuch,BHARUCH,-,-,-,-,-,-,-,-,21.70117800,73.02173300,01-09-2018 08:30,"","","","","",""
101,AMLAKHADI AFTER CONFL. OF W. WATER FROM ANKLESH,CPCB,24,Gujarat,442,Bharuch,BHARUCH,-,-,-,-,-,-,-,-,21.70117800,73.02173300,02-10-2018 08:30,"","","","","",""
102,AMLAKHADI AFTER CONFL. OF W. WATER FROM ANKLESH,CPCB,24,Gujarat,442,Bharuch,BHARUCH,-,-,-,-,-,-,-,-,21.70117800,73.02173300,01-11-2018 08:30,"","","","","",""
103,AMLAKHADI AFTER CONFL. OF W. WATER FROM ANKLESH,CPCB,24,Gujarat,442,Bharuch,BHARUCH,-,-,-,-,-,-,-,-,21.70117800,73.02173300,01-12-2018 08:30,"","","","","",""
104,AMLAKHADI AFTER CONFL. OF W. WATER FROM ANKLESH,CPCB,24,Gujarat,442,Bharuch,BHARUCH,-,-,-,-,-,-,-,-,21.70117800,73.02173300,01-01-2019 08:30,"","","","","",""
105,AMLAKHADI AFTER CONFL. OF W. WATER FROM ANKLESH,CPCB,24,Gujarat,442,Bharuch,BHARUCH,-,-,-,-,-,-,-,-,21.70117800,73.02173300,04-02-2019 08:30,"","","","","",""
106,AMLAKHADI AFTER CONFL. OF W. WATER FROM ANKLESH,CPCB,24,Gujarat,442,Bharuch,BHARUCH,-,-,-,-,-,-,-,-,21.70117800,73.02173300,01-03-2019 08:30,"","","","","",""
107,AMLAKHADI AFTER CONFL. OF W. WATER FROM ANKLESH,CPCB,24,Gujarat,442,Bharuch,BHARUCH,-,-,-,-,-,-,-,-,21.70117800,73.02173300,02-04-2019 08:30,"","","","","",""
108,AMLAKHADI AFTER CONFL. OF W. WATER FROM ANKLESH,CPCB,24,Gujarat,442,Bharuch,BHARUCH,-,-,-,-,-,-,-,-,21.70117800,73.02173300,01-05-2019 08:30,"","","","","",""
109,AMLAKHADI AFTER CONFL. OF W. WATER FROM ANKLESH,CPCB,24,Gujarat,442,Bharuch,BHARUCH,-,-,-,-,-,-,-,-,21.70117800,73.02173300,03-06-2019 08:30,"","","","","",""
110,AMLAKHADI AFTER CONFL. OF W. WATER FROM ANKLESH,CPCB,24,Gujarat,442,Bharuch,BHARUCH,-,-,-,-,-,-,-,-,21.70117800,73.02173300,01-07-2019 08:30,"","","","","",""
111,AMLAKHADI AFTER CONFL. OF W. WATER FROM ANKLESH,CPCB,24,Gujarat,442,Bharuch,BHARUCH,-,-,-,-,-,-,-,-,21.70117800,73.02173300,01-08-2019 08:30,"","","","","",""
112,AMLAKHADI AFTER CONFL. OF W. WATER FROM ANKLESH,CPCB,24,Gujarat,442,Bharuch,BHARUCH,-,-,-,-,-,-,-,-,21.70117800,73.02173300,03-09-2019 08:30,"","","","","",""
113,AMLAKHADI AFTER CONFL. OF W. WATER FROM ANKLESH,CPCB,24,Gujarat,442,Bharuch,BHARUCH,-,-,-,-,-,-,-,-,21.70117800,73.02173300,01-10-2019 08:30,"","","","","",""
114,AMLAKHADI AFTER CONFL. OF W. WATER FROM ANKLESH,CPCB,24,Gujarat,442,Bharuch,BHARUCH,-,-,-,-,-,-,-,-,21.70117800,73.02173300,06-11-2019 08:30,"","","","","",""
115,AMLAKHADI AFTER CONFL. OF W. WATER FROM ANKLESH,CPCB,24,Gujarat,442,Bharuch,BHARUCH,-,-,-,-,-,-,-,-,21.70117800,73.02173300,02-12-2019 08:30,"","","","","",""
116,AMLAKHADI AFTER CONFL. OF W. WATER FROM ANKLESH,CPCB,24,Gujarat,442,Bharuch,BHARUCH,-,-,-,-,-,-,-,-,21.70117800,73.02173300,01-01-2020 08:30,1830,"","",4.9,"",20
117,AMLAKHADI AFTER CONFL. OF W. WATER FROM ANKLESH,CPCB,24,Gujarat,442,Bharuch,BHARUCH,-,-,-,-,-,-,-,-,21.70117800,73.02173300,03-02-2020 08:30,1440,"","",5.2,"",""
118,AMLAKHADI AFTER CONFL. OF W. WATER FROM ANKLESH,CPCB,24,Gujarat,442,Bharuch,BHARUCH,-,-,-,-,-,-,-,-,21.70117800,73.02173300,02-03-2020 08:30,1750,"","",4.8,"",""
119,AMLAKHADI AFTER CONFL. OF W. WATER FROM ANKLESH,CPCB,24,Gujarat,442,Bharuch,BHARUCH,-,-,-,-,-,-,-,-,21.70117800,73.02173300,07-04-2020 08:30,1800,"","",3.8,"",""
120,AMLAKHADI AFTER CONFL. OF W. WATER FROM ANKLESH,CPCB,24,Gujarat,442,Bharuch,BHARUCH,-,-,-,-,-,-,-,-,21.70117800,73.02173300,01-05-2020 08:30,2380,"","",5.7,"",""
121,AMLAKHADI AFTER CONFL. OF W. WATER FROM ANKLESH,CPCB,24,Gujarat,442,Bharuch,BHARUCH,-,-,-,-,-,-,-,-,21.70117800,73.02173300,02-06-2020 08:30,1210,"","",7.2,"",""
122,AMLAKHADI AFTER CONFL. OF W. WATER FROM ANKLESH,CPCB,24,Gujarat,442,Bharuch,BHARUCH,-,-,-,-,-,-,-,-,21.70117800,73.02173300,01-07-2020 08:30,1350,"","",5,"",""
123,AMLAKHADI AFTER CONFL. OF W. WATER FROM ANKLESH,CPCB,24,Gujarat,442,Bharuch,BHARUCH,-,-,-,-,-,-,-,-,21.70117800,73.02173300,21-08-2020 08:30,1176,"","",21,"",""
124,AMLAKHADI AFTER CONFL. OF W. WATER FROM ANKLESH,CPCB,24,Gujarat,442,Bharuch,BHARUCH,-,-,-,-,-,-,-,-,21.70117800,73.02173300,02-09-2020 08:30,1246,"","",9,"",""
125,AMLAKHADI AFTER CONFL. OF W. WATER FROM ANKLESH,CPCB,24,Gujarat,442,Bharuch,BHARUCH,-,-,-,-,-,-,-,-,21.70117800,73.02173300,01-10-2020 08:30,1601,"","",7,"",""
126,AMLAKHADI AFTER CONFL. OF W. WATER FROM ANKLESH,CPCB,24,Gujarat,442,Bharuch,BHARUCH,-,-,-,-,-,-,-,-,21.70117800,73.02173300,02-11-2020 08:30,1439,"","",1,"",""
127,AMLAKHADI AFTER CONFL. OF W. WATER FROM ANKLESH,CPCB,24,Gujarat,442,Bharuch,BHARUCH,-,-,-,-,-,-,-,-,21.70117800,73.02173300,02-12-2020 08:30,1780,"","",7,"",""
128,AMLAKHADI AT PUNGAM ANKLESHWAR DISTT BHARUCH,CPCB,24,Gujarat,442,Bharuch,ANKLESVAR,-,-,-,-,-,-,-,-,21.63116100,72.95648500,03-01-2018 08:30,"","","","","",""
129,AMLAKHADI AT PUNGAM ANKLESHWAR DISTT BHARUCH,CPCB,24,Gujarat,442,Bharuch,ANKLESVAR,-,-,-,-,-,-,-,-,21.63116100,72.95648500,01-02-2018 08:30,"","","","","",""
130,AMLAKHADI AT PUNGAM ANKLESHWAR DISTT BHARUCH,CPCB,24,Gujarat,442,Bharuch,ANKLESVAR,-,-,-,-,-,-,-,-,21.63116100,72.95648500,03-03-2018 08:30,"","","","","",""
131,AMLAKHADI AT PUNGAM ANKLESHWAR DISTT BHARUCH,CPCB,24,Gujarat,442,Bharuch,ANKLESVAR,-,-,-,-,-,-,-,-,21.63116100,72.95648500,03-04-2018 08:30,"","","","","",""
132,AMLAKHADI AT PUNGAM ANKLESHWAR DISTT BHARUCH,CPCB,24,Gujarat,442,Bharuch,ANKLESVAR,-,-,-,-,-,-,-,-,21.63116100,72.95648500,03-05-2018 08:30,"","","","","",""
133,AMLAKHADI AT PUNGAM ANKLESHWAR DISTT BHARUCH,CPCB,24,Gujarat,442,Bharuch,ANKLESVAR,-,-,-,-,-,-,-,-,21.63116100,72.95648500,01-06-2018 08:30,"","","","","",""
134,AMLAKHADI AT PUNGAM ANKLESHWAR DISTT BHARUCH,CPCB,24,Gujarat,442,Bharuch,ANKLESVAR,-,-,-,-,-,-,-,-,21.63116100,72.95648500,02-07-2018 08:30,"","","","","",""
135,AMLAKHADI AT PUNGAM ANKLESHWAR DISTT BHARUCH,CPCB,24,Gujarat,442,Bharuch,ANKLESVAR,-,-,-,-,-,-,-,-,21.63116100,72.95648500,03-08-2018 08:30,"","","","","",""
136,AMLAKHADI AT PUNGAM ANKLESHWAR DISTT BHARUCH,CPCB,24,Gujarat,442,Bharuch,ANKLESVAR,-,-,-,-,-,-,-,-,21.63116100,72.95648500,01-09-2018 08:30,"","","","","",""
137,AMLAKHADI AT PUNGAM ANKLESHWAR DISTT BHARUCH,CPCB,24,Gujarat,442,Bharuch,ANKLESVAR,-,-,-,-,-,-,-,-,21.63116100,72.95648500,01-10-2018 08:30,"","","","","",""
138,AMLAKHADI AT PUNGAM ANKLESHWAR DISTT BHARUCH,CPCB,24,Gujarat,442,Bharuch,ANKLESVAR,-,-,-,-,-,-,-,-,21.63116100,72.95648500,01-11-2018 08:30,"","","","","",""
139,AMLAKHADI AT PUNGAM ANKLESHWAR DISTT BHARUCH,CPCB,24,Gujarat,442,Bharuch,ANKLESVAR,-,-,-,-,-,-,-,-,21.63116100,72.95648500,01-12-2018 08:30,"","","","","",""
140,AMLAKHADI AT PUNGAM ANKLESHWAR DISTT BHARUCH,CPCB,24,Gujarat,442,Bharuch,ANKLESVAR,-,-,-,-,-,-,-,-,21.63116100,72.95648500,01-01-2019 08:30,"","","","","",""
141,AMLAKHADI AT PUNGAM ANKLESHWAR DISTT BHARUCH,CPCB,24,Gujarat,442,Bharuch,ANKLESVAR,-,-,-,-,-,-,-,-,21.63116100,72.95648500,02-02-2019 08:30,"","","","","",""
142,AMLAKHADI AT PUNGAM ANKLESHWAR DISTT BHARUCH,CPCB,24,Gujarat,442,Bharuch,ANKLESVAR,-,-,-,-,-,-,-,-,21.63116100,72.95648500,01-03-2019 08:30,"","","","","",""
143,AMLAKHADI AT PUNGAM ANKLESHWAR DISTT BHARUCH,CPCB,24,Gujarat,442,Bharuch,ANKLESVAR,-,-,-,-,-,-,-,-,21.63116100,72.95648500,02-04-2019 08:30,"","","","","",""
144,AMLAKHADI AT PUNGAM ANKLESHWAR DISTT BHARUCH,CPCB,24,Gujarat,442,Bharuch,ANKLESVAR,-,-,-,-,-,-,-,-,21.63116100,72.95648500,01-05-2019 08:30,"","","","","",""
145,AMLAKHADI AT PUNGAM ANKLESHWAR DISTT BHARUCH,CPCB,24,Gujarat,442,Bharuch,ANKLESVAR,-,-,-,-,-,-,-,-,21.63116100,72.95648500,01-06-2019 08:30,"","","","","",""
146,AMLAKHADI AT PUNGAM ANKLESHWAR DISTT BHARUCH,CPCB,24,Gujarat,442,Bharuch,ANKLESVAR,-,-,-,-,-,-,-,-,21.63116100,72.95648500,02-07-2019 08:30,"","","","","",""
147,AMLAKHADI AT PUNGAM ANKLESHWAR DISTT BHARUCH,CPCB,24,Gujarat,442,Bharuch,ANKLESVAR,-,-,-,-,-,-,-,-,21.63116100,72.95648500,02-08-2019 08:30,"","","","","",""
148,AMLAKHADI AT PUNGAM ANKLESHWAR DISTT BHARUCH,CPCB,24,Gujarat,442,Bharuch,ANKLESVAR,-,-,-,-,-,-,-,-,21.63116100,72.95648500,03-09-2019 08:30,"","","","","",""
149,AMLAKHADI AT PUNGAM ANKLESHWAR DISTT BHARUCH,CPCB,24,Gujarat,442,Bharuch,ANKLESVAR,-,-,-,-,-,-,-,-,21.63116100,72.95648500,03-10-2019 08:30,"","","","","",""
150,AMLAKHADI AT PUNGAM ANKLESHWAR DISTT BHARUCH,CPCB,24,Gujarat,442,Bharuch,ANKLESVAR,-,-,-,-,-,-,-,-,21.63116100,72.95648500,01-11-2019 08:30,"","","","","",""
151,AMLAKHADI AT PUNGAM ANKLESHWAR DISTT BHARUCH,CPCB,24,Gujarat,442,Bharuch,ANKLESVAR,-,-,-,-,-,-,-,-,21.63116100,72.95648500,03-12-2019 08:30,"","","","","",""
152,AMLAKHADI AT PUNGAM ANKLESHWAR DISTT BHARUCH,CPCB,24,Gujarat,442,Bharuch,ANKLESVAR,-,-,-,-,-,-,-,-,21.63116100,72.95648500,01-01-2020 08:30,2070,"","",24.1,"",6
153,AMLAKHADI AT PUNGAM ANKLESHWAR DISTT BHARUCH,CPCB,24,Gujarat,442,Bharuch,ANKLESVAR,-,-,-,-,-,-,-,-,21.63116100,72.95648500,01-02-2020 08:30,1010,"","",8,"",""
154,AMLAKHADI AT PUNGAM ANKLESHWAR DISTT BHARUCH,CPCB,24,Gujarat,442,Bharuch,ANKLESVAR,-,-,-,-,-,-,-,-,21.63116100,72.95648500,03-03-2020 08:30,1620,"","",4.5,"",""
155,AMLAKHADI AT PUNGAM ANKLESHWAR DISTT BHARUCH,CPCB,24,Gujarat,442,Bharuch,ANKLESVAR,-,-,-,-,-,-,-,-,21.63116100,72.95648500,08-04-2020 08:30,1430,"","",1.5,"",""
156,AMLAKHADI AT PUNGAM ANKLESHWAR DISTT BHARUCH,CPCB,24,Gujarat,442,Bharuch,ANKLESVAR,-,-,-,-,-,-,-,-,21.63116100,72.95648500,01-05-2020 08:30,1440,"","",1.4,"",""
157,AMLAKHADI AT PUNGAM ANKLESHWAR DISTT BHARUCH,CPCB,24,Gujarat,442,Bharuch,ANKLESVAR,-,-,-,-,-,-,-,-,21.63116100,72.95648500,01-06-2020 08:30,1350,"","",5.7,"",""
158,AMLAKHADI AT PUNGAM ANKLESHWAR DISTT BHARUCH,CPCB,24,Gujarat,442,Bharuch,ANKLESVAR,-,-,-,-,-,-,-,-,21.63116100,72.95648500,01-07-2020 08:30,1430,"","",4,"",""
159,AMLAKHADI AT PUNGAM ANKLESHWAR DISTT BHARUCH,CPCB,24,Gujarat,442,Bharuch,ANKLESVAR,-,-,-,-,-,-,-,-,21.63116100,72.95648500,07-08-2020 08:30,1351,"","",7,"",""
160,AMLAKHADI AT PUNGAM ANKLESHWAR DISTT BHARUCH,CPCB,24,Gujarat,442,Bharuch,ANKLESVAR,-,-,-,-,-,-,-,-,21.63116100,72.95648500,03-09-2020 08:30,892,"","",6,"",""
161,AMLAKHADI AT PUNGAM ANKLESHWAR DISTT BHARUCH,CPCB,24,Gujarat,442,Bharuch,ANKLESVAR,-,-,-,-,-,-,-,-,21.63116100,72.95648500,03-10-2020 08:30,1762,"","",5,"",""
162,AMLAKHADI AT PUNGAM ANKLESHWAR DISTT BHARUCH,CPCB,24,Gujarat,442,Bharuch,ANKLESVAR,-,-,-,-,-,-,-,-,21.63116100,72.95648500,02-11-2020 08:30,Other,"","",Other,"",""
163,AMLAKHADI AT PUNGAM ANKLESHWAR DISTT BHARUCH,CPCB,24,Gujarat,442,Bharuch,ANKLESVAR,-,-,-,-,-,-,-,-,21.63116100,72.95648500,01-12-2020 08:30,Clear,"","",2,"",""
164,AMLAKHADI CREEK AT PUNGAM.,CPCB,24,Gujarat,442,Bharuch,ANKLESVAR,-,-,-,-,-,-,-,-,21.61541300,72.94184700,03-01-2018 08:30,"","","","","",""
165,AMLAKHADI CREEK AT PUNGAM.,CPCB,24,Gujarat,442,Bharuch,ANKLESVAR,-,-,-,-,-,-,-,-,21.61541300,72.94184700,01-02-2018 08:30,"","","","","",""
166,AMLAKHADI CREEK AT PUNGAM.,CPCB,24,Gujarat,442,Bharuch,ANKLESVAR,-,-,-,-,-,-,-,-,21.61541300,72.94184700,03-03-2018 08:30,"","","","","",""
167,AMLAKHADI CREEK AT PUNGAM.,CPCB,24,Gujarat,442,Bharuch,ANKLESVAR,-,-,-,-,-,-,-,-,21.61541300,72.94184700,03-04-2018 08:30,"","","","","",""
168,AMLAKHADI CREEK AT PUNGAM.,CPCB,24,Gujarat,442,Bharuch,ANKLESVAR,-,-,-,-,-,-,-,-,21.61541300,72.94184700,03-05-2018 08:30,"","","","","",""
169,AMLAKHADI CREEK AT PUNGAM.,CPCB,24,Gujarat,442,Bharuch,ANKLESVAR,-,-,-,-,-,-,-,-,21.61541300,72.94184700,01-06-2018 08:30,"","","","","",""
170,AMLAKHADI CREEK AT PUNGAM.,CPCB,24,Gujarat,442,Bharuch,ANKLESVAR,-,-,-,-,-,-,-,-,21.61541300,72.94184700,02-07-2018 08:30,"","","","","",""
171,AMLAKHADI CREEK AT PUNGAM.,CPCB,24,Gujarat,442,Bharuch,ANKLESVAR,-,-,-,-,-,-,-,-,21.61541300,72.94184700,03-08-2018 08:30,"","","","","",""
172,AMLAKHADI CREEK AT PUNGAM.,CPCB,24,Gujarat,442,Bharuch,ANKLESVAR,-,-,-,-,-,-,-,-,21.61541300,72.94184700,01-09-2018 08:30,"","","","","",""
173,AMLAKHADI CREEK AT PUNGAM.,CPCB,24,Gujarat,442,Bharuch,ANKLESVAR,-,-,-,-,-,-,-,-,21.61541300,72.94184700,01-10-2018 08:30,"","","","","",""
174,AMLAKHADI CREEK AT PUNGAM.,CPCB,24,Gujarat,442,Bharuch,ANKLESVAR,-,-,-,-,-,-,-,-,21.61541300,72.94184700,01-11-2018 08:30,"","","","","",""
175,AMLAKHADI CREEK AT PUNGAM.,CPCB,24,Gujarat,442,Bharuch,ANKLESVAR,-,-,-,-,-,-,-,-,21.61541300,72.94184700,01-12-2018 08:30,"","","","","",""
176,AMLAKHADI CREEK AT PUNGAM.,CPCB,24,Gujarat,442,Bharuch,ANKLESVAR,-,-,-,-,-,-,-,-,21.61541300,72.94184700,01-01-2019 08:30,"","","","","",""
177,AMLAKHADI CREEK AT PUNGAM.,CPCB,24,Gujarat,442,Bharuch,ANKLESVAR,-,-,-,-,-,-,-,-,21.61541300,72.94184700,02-02-2019 08:30,"","","","","",""
178,AMLAKHADI CREEK AT PUNGAM.,CPCB,24,Gujarat,442,Bharuch,ANKLESVAR,-,-,-,-,-,-,-,-,21.61541300,72.94184700,01-03-2019 08:30,"","","","","",""
179,AMLAKHADI CREEK AT PUNGAM.,CPCB,24,Gujarat,442,Bharuch,ANKLESVAR,-,-,-,-,-,-,-,-,21.61541300,72.94184700,02-04-2019 08:30,"","","","","",""
180,AMLAKHADI CREEK AT PUNGAM.,CPCB,24,Gujarat,442,Bharuch,ANKLESVAR,-,-,-,-,-,-,-,-,21.61541300,72.94184700,01-05-2019 08:30,"","","","","",""
181,AMLAKHADI CREEK AT PUNGAM.,CPCB,24,Gujarat,442,Bharuch,ANKLESVAR,-,-,-,-,-,-,-,-,21.61541300,72.94184700,01-06-2019 08:30,"","","","","",""
182,AMLAKHADI CREEK AT PUNGAM.,CPCB,24,Gujarat,442,Bharuch,ANKLESVAR,-,-,-,-,-,-,-,-,21.61541300,72.94184700,02-07-2019 08:30,"","","","","",""
183,AMLAKHADI CREEK AT PUNGAM.,CPCB,24,Gujarat,442,Bharuch,ANKLESVAR,-,-,-,-,-,-,-,-,21.61541300,72.94184700,02-08-2019 08:30,"","","","","",""
184,AMLAKHADI CREEK AT PUNGAM.,CPCB,24,Gujarat,442,Bharuch,ANKLESVAR,-,-,-,-,-,-,-,-,21.61541300,72.94184700,03-09-2019 08:30,"","","","","",""
185,AMLAKHADI CREEK AT PUNGAM.,CPCB,24,Gujarat,442,Bharuch,ANKLESVAR,-,-,-,-,-,-,-,-,21.61541300,72.94184700,03-10-2019 08:30,"","","","","",""
186,AMLAKHADI CREEK AT PUNGAM.,CPCB,24,Gujarat,442,Bharuch,ANKLESVAR,-,-,-,-,-,-,-,-,21.61541300,72.94184700,01-11-2019 08:30,"","","","","",""
187,AMLAKHADI CREEK AT PUNGAM.,CPCB,24,Gujarat,442,Bharuch,ANKLESVAR,-,-,-,-,-,-,-,-,21.61541300,72.94184700,03-12-2019 08:30,"","","","","",""
188,AMLAKHADI CREEK AT PUNGAM.,CPCB,24,Gujarat,442,Bharuch,ANKLESVAR,-,-,-,-,-,-,-,-,21.61541300,72.94184700,01-01-2020 08:30,2020,"","",22.2,"",4
189,AMLAKHADI CREEK AT PUNGAM.,CPCB,24,Gujarat,442,Bharuch,ANKLESVAR,-,-,-,-,-,-,-,-,21.61541300,72.94184700,01-02-2020 08:30,993,"","",11.4,"",""
190,AMLAKHADI CREEK AT PUNGAM.,CPCB,24,Gujarat,442,Bharuch,ANKLESVAR,-,-,-,-,-,-,-,-,21.61541300,72.94184700,03-03-2020 08:30,1390,"","",2.4,"",""
191,AMLAKHADI CREEK AT PUNGAM.,CPCB,24,Gujarat,442,Bharuch,ANKLESVAR,-,-,-,-,-,-,-,-,21.61541300,72.94184700,08-04-2020 08:30,1460,"","",1.6,"",""
192,AMLAKHADI CREEK AT PUNGAM.,CPCB,24,Gujarat,442,Bharuch,ANKLESVAR,-,-,-,-,-,-,-,-,21.61541300,72.94184700,01-05-2020 08:30,940,"","",1.2,"",""
193,AMLAKHADI CREEK AT PUNGAM.,CPCB,24,Gujarat,442,Bharuch,ANKLESVAR,-,-,-,-,-,-,-,-,21.61541300,72.94184700,01-06-2020 08:30,940,"","",1.2,"",""
194,AMLAKHADI CREEK AT PUNGAM.,CPCB,24,Gujarat,442,Bharuch,ANKLESVAR,-,-,-,-,-,-,-,-,21.61541300,72.94184700,01-07-2020 08:30,1160,"","",4,"",""
195,AMLAKHADI CREEK AT PUNGAM.,CPCB,24,Gujarat,442,Bharuch,ANKLESVAR,-,-,-,-,-,-,-,-,21.61541300,72.94184700,07-08-2020 08:30,1399,"","",15,"",""
196,AMLAKHADI CREEK AT PUNGAM.,CPCB,24,Gujarat,442,Bharuch,ANKLESVAR,-,-,-,-,-,-,-,-,21.61541300,72.94184700,03-09-2020 08:30,1026,"","",7,"",""
197,AMLAKHADI CREEK AT PUNGAM.,CPCB,24,Gujarat,442,Bharuch,ANKLESVAR,-,-,-,-,-,-,-,-,21.61541300,72.94184700,03-10-2020 08:30,1785,"","",7,"",""
198,AMLAKHADI CREEK AT PUNGAM.,CPCB,24,Gujarat,442,Bharuch,ANKLESVAR,-,-,-,-,-,-,-,-,21.61541300,72.94184700,02-11-2020 08:30,Clear,"","",2,"",""
199,AMLAKHADI CREEK AT PUNGAM.,CPCB,24,Gujarat,442,Bharuch,ANKLESVAR,-,-,-,-,-,-,-,-,21.61541300,72.94184700,01-12-2020 08:30,Clear,"","",3,"",""
200,AMRAVATI AT VILLAGE DADHAL  TA ANKLESHWAR BHARUCH,CPCB,24,Gujarat,442,Bharuch,ANKLESVAR,-,-,-,-,-,-,-,-,21.63538400,73.06497200,03-01-2018 08:30,"","","","","",""
201,AMRAVATI AT VILLAGE DADHAL  TA ANKLESHWAR BHARUCH,CPCB,24,Gujarat,442,Bharuch,ANKLESVAR,-,-,-,-,-,-,-,-,21.63538400,73.06497200,01-02-2018 08:30,"","","","","",""
202,AMRAVATI AT VILLAGE DADHAL  TA ANKLESHWAR BHARUCH,CPCB,24,Gujarat,442,Bharuch,ANKLESVAR,-,-,-,-,-,-,-,-,21.63538400,73.06497200,05-03-2018 08:30,"","","","","",""
203,AMRAVATI AT VILLAGE DADHAL  TA ANKLESHWAR BHARUCH,CPCB,24,Gujarat,442,Bharuch,ANKLESVAR,-,-,-,-,-,-,-,-,21.63538400,73.06497200,04-04-2018 08:30,"","","","","",""
204,AMRAVATI AT VILLAGE DADHAL  TA ANKLESHWAR BHARUCH,CPCB,24,Gujarat,442,Bharuch,ANKLESVAR,-,-,-,-,-,-,-,-,21.63538400,73.06497200,03-05-2018 08:30,"","","","","",""
205,AMRAVATI AT VILLAGE DADHAL  TA ANKLESHWAR BHARUCH,CPCB,24,Gujarat,442,Bharuch,ANKLESVAR,-,-,-,-,-,-,-,-,21.63538400,73.06497200,01-06-2018 08:30,"","","","","",""
206,AMRAVATI AT VILLAGE DADHAL  TA ANKLESHWAR BHARUCH,CPCB,24,Gujarat,442,Bharuch,ANKLESVAR,-,-,-,-,-,-,-,-,21.63538400,73.06497200,02-07-2018 08:30,"","","","","",""
207,AMRAVATI AT VILLAGE DADHAL  TA ANKLESHWAR BHARUCH,CPCB,24,Gujarat,442,Bharuch,ANKLESVAR,-,-,-,-,-,-,-,-,21.63538400,73.06497200,01-08-2018 08:30,"","","","","",""
208,AMRAVATI AT VILLAGE DADHAL  TA ANKLESHWAR BHARUCH,CPCB,24,Gujarat,442,Bharuch,ANKLESVAR,-,-,-,-,-,-,-,-,21.63538400,73.06497200,04-09-2018 08:30,"","","","","",""
209,AMRAVATI AT VILLAGE DADHAL  TA ANKLESHWAR BHARUCH,CPCB,24,Gujarat,442,Bharuch,ANKLESVAR,-,-,-,-,-,-,-,-,21.63538400,73.06497200,01-10-2018 08:30,"","","","","",""
210,AMRAVATI AT VILLAGE DADHAL  TA ANKLESHWAR BHARUCH,CPCB,24,Gujarat,442,Bharuch,ANKLESVAR,-,-,-,-,-,-,-,-,21.63538400,73.06497200,02-11-2018 08:30,"","","","","",""
211,AMRAVATI AT VILLAGE DADHAL  TA ANKLESHWAR BHARUCH,CPCB,24,Gujarat,442,Bharuch,ANKLESVAR,-,-,-,-,-,-,-,-,21.63538400,73.06497200,03-12-2018 08:30,"","","","","",""
212,AMRAVATI AT VILLAGE DADHAL  TA ANKLESHWAR BHARUCH,CPCB,24,Gujarat,442,Bharuch,ANKLESVAR,-,-,-,-,-,-,-,-,21.63538400,73.06497200,02-01-2019 08:30,"","","","","",""
213,AMRAVATI AT VILLAGE DADHAL  TA ANKLESHWAR BHARUCH,CPCB,24,Gujarat,442,Bharuch,ANKLESVAR,-,-,-,-,-,-,-,-,21.63538400,73.06497200,04-02-2019 08:30,"","","","","",""
214,AMRAVATI AT VILLAGE DADHAL  TA ANKLESHWAR BHARUCH,CPCB,24,Gujarat,442,Bharuch,ANKLESVAR,-,-,-,-,-,-,-,-,21.63538400,73.06497200,02-03-2019 08:30,"","","","","",""
215,AMRAVATI AT VILLAGE DADHAL  TA ANKLESHWAR BHARUCH,CPCB,24,Gujarat,442,Bharuch,ANKLESVAR,-,-,-,-,-,-,-,-,21.63538400,73.06497200,03-04-2019 08:30,"","","","","",""
216,AMRAVATI AT VILLAGE DADHAL  TA ANKLESHWAR BHARUCH,CPCB,24,Gujarat,442,Bharuch,ANKLESVAR,-,-,-,-,-,-,-,-,21.63538400,73.06497200,02-05-2019 08:30,"","","","","",""
217,AMRAVATI AT VILLAGE DADHAL  TA ANKLESHWAR BHARUCH,CPCB,24,Gujarat,442,Bharuch,ANKLESVAR,-,-,-,-,-,-,-,-,21.63538400,73.06497200,04-06-2019 08:30,"","","","","",""
218,AMRAVATI AT VILLAGE DADHAL  TA ANKLESHWAR BHARUCH,CPCB,24,Gujarat,442,Bharuch,ANKLESVAR,-,-,-,-,-,-,-,-,21.63538400,73.06497200,03-07-2019 08:30,"","","","","",""
219,AMRAVATI AT VILLAGE DADHAL  TA ANKLESHWAR BHARUCH,CPCB,24,Gujarat,442,Bharuch,ANKLESVAR,-,-,-,-,-,-,-,-,21.63538400,73.06497200,05-08-2019 08:30,"","","","","",""
220,AMRAVATI AT VILLAGE DADHAL  TA ANKLESHWAR BHARUCH,CPCB,24,Gujarat,442,Bharuch,ANKLESVAR,-,-,-,-,-,-,-,-,21.63538400,73.06497200,01-09-2019 08:30,"","","","","",""
221,AMRAVATI AT VILLAGE DADHAL  TA ANKLESHWAR BHARUCH,CPCB,24,Gujarat,442,Bharuch,ANKLESVAR,-,-,-,-,-,-,-,-,21.63538400,73.06497200,02-10-2019 08:30,"","","","","",""
222,AMRAVATI AT VILLAGE DADHAL  TA ANKLESHWAR BHARUCH,CPCB,24,Gujarat,442,Bharuch,ANKLESVAR,-,-,-,-,-,-,-,-,21.63538400,73.06497200,07-11-2019 08:30,"","","","","",""
223,AMRAVATI AT VILLAGE DADHAL  TA ANKLESHWAR BHARUCH,CPCB,24,Gujarat,442,Bharuch,ANKLESVAR,-,-,-,-,-,-,-,-,21.63538400,73.06497200,04-12-2019 08:30,"","","","","",""
224,AMRAVATI AT VILLAGE DADHAL  TA ANKLESHWAR BHARUCH,CPCB,24,Gujarat,442,Bharuch,ANKLESVAR,-,-,-,-,-,-,-,-,21.63538400,73.06497200,06-01-2020 08:30,1410,"","",1.4,"",6
225,AMRAVATI AT VILLAGE DADHAL  TA ANKLESHWAR BHARUCH,CPCB,24,Gujarat,442,Bharuch,ANKLESVAR,-,-,-,-,-,-,-,-,21.63538400,73.06497200,04-02-2020 08:30,1220,"","",8.6,"",""
226,AMRAVATI AT VILLAGE DADHAL  TA ANKLESHWAR BHARUCH,CPCB,24,Gujarat,442,Bharuch,ANKLESVAR,-,-,-,-,-,-,-,-,21.63538400,73.06497200,04-03-2020 08:30,298,"","",2.4,"",""
227,AMRAVATI AT VILLAGE DADHAL  TA ANKLESHWAR BHARUCH,CPCB,24,Gujarat,442,Bharuch,ANKLESVAR,-,-,-,-,-,-,-,-,21.63538400,73.06497200,09-04-2020 08:30,695,"","",3.6,"",""
228,AMRAVATI AT VILLAGE DADHAL  TA ANKLESHWAR BHARUCH,CPCB,24,Gujarat,442,Bharuch,ANKLESVAR,-,-,-,-,-,-,-,-,21.63538400,73.06497200,04-05-2020 08:30,911,"","",5.9,"",""
229,AMRAVATI AT VILLAGE DADHAL  TA ANKLESHWAR BHARUCH,CPCB,24,Gujarat,442,Bharuch,ANKLESVAR,-,-,-,-,-,-,-,-,21.63538400,73.06497200,09-06-2020 08:30,567,"","",3.7,"",""
230,AMRAVATI AT VILLAGE DADHAL  TA ANKLESHWAR BHARUCH,CPCB,24,Gujarat,442,Bharuch,ANKLESVAR,-,-,-,-,-,-,-,-,21.63538400,73.06497200,02-07-2020 08:30,507,"","",1.1,"",""
231,AMRAVATI AT VILLAGE DADHAL  TA ANKLESHWAR BHARUCH,CPCB,24,Gujarat,442,Bharuch,ANKLESVAR,-,-,-,-,-,-,-,-,21.63538400,73.06497200,06-08-2020 08:30,648,"","",3,"",""
232,AMRAVATI AT VILLAGE DADHAL  TA ANKLESHWAR BHARUCH,CPCB,24,Gujarat,442,Bharuch,ANKLESVAR,-,-,-,-,-,-,-,-,21.63538400,73.06497200,01-09-2020 08:30,458,"","",Clear,"",""
233,AMRAVATI AT VILLAGE DADHAL  TA ANKLESHWAR BHARUCH,CPCB,24,Gujarat,442,Bharuch,ANKLESVAR,-,-,-,-,-,-,-,-,21.63538400,73.06497200,05-10-2020 08:30,662,"","",2,"",""
234,AMRAVATI AT VILLAGE DADHAL  TA ANKLESHWAR BHARUCH,CPCB,24,Gujarat,442,Bharuch,ANKLESVAR,-,-,-,-,-,-,-,-,21.63538400,73.06497200,05-11-2020 08:30,794,"","",Clear,"",""
235,AMRAVATI AT VILLAGE DADHAL  TA ANKLESHWAR BHARUCH,CPCB,24,Gujarat,442,Bharuch,ANKLESVAR,-,-,-,-,-,-,-,-,21.63538400,73.06497200,02-12-2020 08:30,859,"","",2,"",""
236,ANAS AT DAHOD (KUSHALGARH) DIST. PANCHMAHAL,CPCB,24,Gujarat,445,Dohad,DOHAD,-,-,-,-,-,-,-,-,22.84626400,74.29178900,09-01-2018 08:30,"","","","","",""
237,ANAS AT DAHOD (KUSHALGARH) DIST. PANCHMAHAL,CPCB,24,Gujarat,445,Dohad,DOHAD,-,-,-,-,-,-,-,-,22.84626400,74.29178900,05-02-2018 08:30,"","","","","",""
238,ANAS AT DAHOD (KUSHALGARH) DIST. PANCHMAHAL,CPCB,24,Gujarat,445,Dohad,DOHAD,-,-,-,-,-,-,-,-,22.84626400,74.29178900,06-03-2018 08:30,"","","","","",""
239,ANAS AT DAHOD (KUSHALGARH) DIST. PANCHMAHAL,CPCB,24,Gujarat,445,Dohad,DOHAD,-,-,-,-,-,-,-,-,22.84626400,74.29178900,03-04-2018 08:30,"","","","","",""
240,ANAS AT DAHOD (KUSHALGARH) DIST. PANCHMAHAL,CPCB,24,Gujarat,445,Dohad,DOHAD,-,-,-,-,-,-,-,-,22.84626400,74.29178900,09-05-2018 08:30,"","","","","",""
241,ANAS AT DAHOD (KUSHALGARH) DIST. PANCHMAHAL,CPCB,24,Gujarat,445,Dohad,DOHAD,-,-,-,-,-,-,-,-,22.84626400,74.29178900,01-06-2018 08:30,"","","","","",""
242,ANAS AT DAHOD (KUSHALGARH) DIST. PANCHMAHAL,CPCB,24,Gujarat,445,Dohad,DOHAD,-,-,-,-,-,-,-,-,22.84626400,74.29178900,03-07-2018 08:30,"","","","","",""
243,ANAS AT DAHOD (KUSHALGARH) DIST. PANCHMAHAL,CPCB,24,Gujarat,445,Dohad,DOHAD,-,-,-,-,-,-,-,-,22.84626400,74.29178900,21-08-2018 08:30,"","","","","",""
244,ANAS AT DAHOD (KUSHALGARH) DIST. PANCHMAHAL,CPCB,24,Gujarat,445,Dohad,DOHAD,-,-,-,-,-,-,-,-,22.84626400,74.29178900,11-09-2018 08:30,"","","","","",""
245,ANAS AT DAHOD (KUSHALGARH) DIST. PANCHMAHAL,CPCB,24,Gujarat,445,Dohad,DOHAD,-,-,-,-,-,-,-,-,22.84626400,74.29178900,11-10-2018 08:30,"","","","","",""
246,ANAS AT DAHOD (KUSHALGARH) DIST. PANCHMAHAL,CPCB,24,Gujarat,445,Dohad,DOHAD,-,-,-,-,-,-,-,-,22.84626400,74.29178900,13-11-2018 08:30,"","","","","",""
247,ANAS AT DAHOD (KUSHALGARH) DIST. PANCHMAHAL,CPCB,24,Gujarat,445,Dohad,DOHAD,-,-,-,-,-,-,-,-,22.84626400,74.29178900,07-12-2018 08:30,"","","","","",""
248,ANAS AT DAHOD (KUSHALGARH) DIST. PANCHMAHAL,CPCB,24,Gujarat,445,Dohad,DOHAD,-,-,-,-,-,-,-,-,22.84626400,74.29178900,01-01-2019 08:30,"","","","","",""
249,ANAS AT DAHOD (KUSHALGARH) DIST. PANCHMAHAL,CPCB,24,Gujarat,445,Dohad,DOHAD,-,-,-,-,-,-,-,-,22.84626400,74.29178900,05-02-2019 08:30,"","","","","",""
250,ANAS AT DAHOD (KUSHALGARH) DIST. PANCHMAHAL,CPCB,24,Gujarat,445,Dohad,DOHAD,-,-,-,-,-,-,-,-,22.84626400,74.29178900,05-03-2019 08:30,"","","","","",""
251,ANAS AT DAHOD (KUSHALGARH) DIST. PANCHMAHAL,CPCB,24,Gujarat,445,Dohad,DOHAD,-,-,-,-,-,-,-,-,22.84626400,74.29178900,02-04-2019 08:30,"","","","","",""
252,ANAS AT DAHOD (KUSHALGARH) DIST. PANCHMAHAL,CPCB,24,Gujarat,445,Dohad,DOHAD,-,-,-,-,-,-,-,-,22.84626400,74.29178900,03-05-2019 08:30,"","","","","",""
253,ANAS AT DAHOD (KUSHALGARH) DIST. PANCHMAHAL,CPCB,24,Gujarat,445,Dohad,DOHAD,-,-,-,-,-,-,-,-,22.84626400,74.29178900,03-06-2019 08:30,"","","","","",""
254,ANAS AT DAHOD (KUSHALGARH) DIST. PANCHMAHAL,CPCB,24,Gujarat,445,Dohad,DOHAD,-,-,-,-,-,-,-,-,22.84626400,74.29178900,02-07-2019 08:30,"","","","","",""
255,ANAS AT DAHOD (KUSHALGARH) DIST. PANCHMAHAL,CPCB,24,Gujarat,445,Dohad,DOHAD,-,-,-,-,-,-,-,-,22.84626400,74.29178900,01-08-2019 08:30,"","","","","",""
256,ANAS AT DAHOD (KUSHALGARH) DIST. PANCHMAHAL,CPCB,24,Gujarat,445,Dohad,DOHAD,-,-,-,-,-,-,-,-,22.84626400,74.29178900,04-09-2019 08:30,"","","","","",""
257,ANAS AT DAHOD (KUSHALGARH) DIST. PANCHMAHAL,CPCB,24,Gujarat,445,Dohad,DOHAD,-,-,-,-,-,-,-,-,22.84626400,74.29178900,01-10-2019 08:30,"","","","","",""
258,ANAS AT DAHOD (KUSHALGARH) DIST. PANCHMAHAL,CPCB,24,Gujarat,445,Dohad,DOHAD,-,-,-,-,-,-,-,-,22.84626400,74.29178900,05-11-2019 08:30,"","","","","",""
259,ANAS AT DAHOD (KUSHALGARH) DIST. PANCHMAHAL,CPCB,24,Gujarat,445,Dohad,DOHAD,-,-,-,-,-,-,-,-,22.84626400,74.29178900,03-12-2019 08:30,"","","","","",""
260,ANAS AT DAHOD (KUSHALGARH) DIST. PANCHMAHAL,CPCB,24,Gujarat,445,Dohad,DOHAD,-,-,-,-,-,-,-,-,22.84626400,74.29178900,01-01-2020 08:30,456,"","",1.7,"",2
261,ANAS AT DAHOD (KUSHALGARH) DIST. PANCHMAHAL,CPCB,24,Gujarat,445,Dohad,DOHAD,-,-,-,-,-,-,-,-,22.84626400,74.29178900,04-02-2020 08:30,520,"","",3.2,"",""
262,ANAS AT DAHOD (KUSHALGARH) DIST. PANCHMAHAL,CPCB,24,Gujarat,445,Dohad,DOHAD,-,-,-,-,-,-,-,-,22.84626400,74.29178900,04-03-2020 08:30,596,"","",3.3,"",""
263,ANAS AT DAHOD (KUSHALGARH) DIST. PANCHMAHAL,CPCB,24,Gujarat,445,Dohad,DOHAD,-,-,-,-,-,-,-,-,22.84626400,74.29178900,08-04-2020 08:30,607,"","",1.8,"",""
264,ANAS AT DAHOD (KUSHALGARH) DIST. PANCHMAHAL,CPCB,24,Gujarat,445,Dohad,DOHAD,-,-,-,-,-,-,-,-,22.84626400,74.29178900,01-05-2020 08:30,690,"","",2.5,"",""
265,ANAS AT DAHOD (KUSHALGARH) DIST. PANCHMAHAL,CPCB,24,Gujarat,445,Dohad,DOHAD,-,-,-,-,-,-,-,-,22.84626400,74.29178900,02-06-2020 08:30,754,"","",4.2,"",""
266,ANAS AT DAHOD (KUSHALGARH) DIST. PANCHMAHAL,CPCB,24,Gujarat,445,Dohad,DOHAD,-,-,-,-,-,-,-,-,22.84626400,74.29178900,01-07-2020 08:30,318,"","",22,"",""
267,ANAS AT DAHOD (KUSHALGARH) DIST. PANCHMAHAL,CPCB,24,Gujarat,445,Dohad,DOHAD,-,-,-,-,-,-,-,-,22.84626400,74.29178900,05-08-2020 08:30,365,"","",1,"",""
268,ANAS AT DAHOD (KUSHALGARH) DIST. PANCHMAHAL,CPCB,24,Gujarat,445,Dohad,DOHAD,-,-,-,-,-,-,-,-,22.84626400,74.29178900,01-09-2020 08:30,419,"","",6,"",""
269,ANAS AT DAHOD (KUSHALGARH) DIST. PANCHMAHAL,CPCB,24,Gujarat,445,Dohad,DOHAD,-,-,-,-,-,-,-,-,22.84626400,74.29178900,06-10-2020 08:30,493,"","",0.8,"",""
270,ANAS AT DAHOD (KUSHALGARH) DIST. PANCHMAHAL,CPCB,24,Gujarat,445,Dohad,DOHAD,-,-,-,-,-,-,-,-,22.84626400,74.29178900,03-11-2020 08:30,464,"","",1.9,"",""
271,ANAS AT DAHOD (KUSHALGARH) DIST. PANCHMAHAL,CPCB,24,Gujarat,445,Dohad,DOHAD,-,-,-,-,-,-,-,-,22.84626400,74.29178900,02-12-2020 08:30,387,"","",2,"",""
272,ANKLESHWAR (INDUSTRIAL AREA),CPCB,24,Gujarat,442,Bharuch,ANKLESVAR,-,-,-,-,-,-,-,-,21.62642500,73.01519700,03-04-2018 08:30,3890,"","","","",""
273,ANKLESHWAR (INDUSTRIAL AREA),CPCB,24,Gujarat,442,Bharuch,ANKLESVAR,-,-,-,-,-,-,-,-,21.62642500,73.01519700,02-10-2018 08:30,4230,Clear,"","","",""
274,ANKLESHWAR (INDUSTRIAL AREA),CPCB,24,Gujarat,442,Bharuch,ANKLESVAR,-,-,-,-,-,-,-,-,21.62642500,73.01519700,07-04-2020 08:30,Clear,"","",Clear,"",""
275,ANKLESHWAR (INDUSTRIAL AREA),CPCB,24,Gujarat,442,Bharuch,ANKLESVAR,-,-,-,-,-,-,-,-,21.62642500,73.01519700,08-10-2020 08:30,"","","","","",""
276,ANKLESHWAR RESERVOIR AT GIDC ANKLESHWAR AT VALIA ROAD.,CPCB,24,Gujarat,442,Bharuch,ANKLESVAR,-,-,-,-,-,-,-,-,21.60986900,73.00726100,02-01-2018 08:30,312,"","","","",""
277,ANKLESHWAR RESERVOIR AT GIDC ANKLESHWAR AT VALIA ROAD.,CPCB,24,Gujarat,442,Bharuch,ANKLESVAR,-,-,-,-,-,-,-,-,21.60986900,73.00726100,02-02-2018 08:30,10,"","","","",""
278,ANKLESHWAR RESERVOIR AT GIDC ANKLESHWAR AT VALIA ROAD.,CPCB,24,Gujarat,442,Bharuch,ANKLESVAR,-,-,-,-,-,-,-,-,21.60986900,73.00726100,01-03-2018 08:30,274,"","","","",""
279,ANKLESHWAR RESERVOIR AT GIDC ANKLESHWAR AT VALIA ROAD.,CPCB,24,Gujarat,442,Bharuch,ANKLESVAR,-,-,-,-,-,-,-,-,21.60986900,73.00726100,03-04-2018 08:30,792,"","","","",""
280,ANKLESHWAR RESERVOIR AT GIDC ANKLESHWAR AT VALIA ROAD.,CPCB,24,Gujarat,442,Bharuch,ANKLESVAR,-,-,-,-,-,-,-,-,21.60986900,73.00726100,03-05-2018 08:30,376,"","","","",""
281,ANKLESHWAR RESERVOIR AT GIDC ANKLESHWAR AT VALIA ROAD.,CPCB,24,Gujarat,442,Bharuch,ANKLESVAR,-,-,-,-,-,-,-,-,21.60986900,73.00726100,02-06-2018 08:30,356,"","","","",""
282,ANKLESHWAR RESERVOIR AT GIDC ANKLESHWAR AT VALIA ROAD.,CPCB,24,Gujarat,442,Bharuch,ANKLESVAR,-,-,-,-,-,-,-,-,21.60986900,73.00726100,04-07-2018 08:30,301,"","","","",""
283,ANKLESHWAR RESERVOIR AT GIDC ANKLESHWAR AT VALIA ROAD.,CPCB,24,Gujarat,442,Bharuch,ANKLESVAR,-,-,-,-,-,-,-,-,21.60986900,73.00726100,02-08-2018 08:30,439,"","","","",""
284,ANKLESHWAR RESERVOIR AT GIDC ANKLESHWAR AT VALIA ROAD.,CPCB,24,Gujarat,442,Bharuch,ANKLESVAR,-,-,-,-,-,-,-,-,21.60986900,73.00726100,01-09-2018 08:30,396,"","","","",""
285,ANKLESHWAR RESERVOIR AT GIDC ANKLESHWAR AT VALIA ROAD.,CPCB,24,Gujarat,442,Bharuch,ANKLESVAR,-,-,-,-,-,-,-,-,21.60986900,73.00726100,02-10-2018 08:30,414,"","","","",""
286,ANKLESHWAR RESERVOIR AT GIDC ANKLESHWAR AT VALIA ROAD.,CPCB,24,Gujarat,442,Bharuch,ANKLESVAR,-,-,-,-,-,-,-,-,21.60986900,73.00726100,01-11-2018 08:30,381,"","","","",""
287,ANKLESHWAR RESERVOIR AT GIDC ANKLESHWAR AT VALIA ROAD.,CPCB,24,Gujarat,442,Bharuch,ANKLESVAR,-,-,-,-,-,-,-,-,21.60986900,73.00726100,01-12-2018 08:30,725,"","","","",""
288,ANKLESHWAR RESERVOIR AT GIDC ANKLESHWAR AT VALIA ROAD.,CPCB,24,Gujarat,442,Bharuch,ANKLESVAR,-,-,-,-,-,-,-,-,21.60986900,73.00726100,01-01-2019 08:30,1630,"","","","",""
289,ANKLESHWAR RESERVOIR AT GIDC ANKLESHWAR AT VALIA ROAD.,CPCB,24,Gujarat,442,Bharuch,ANKLESVAR,-,-,-,-,-,-,-,-,21.60986900,73.00726100,04-02-2019 08:30,720,"","","","",""
290,ANKLESHWAR RESERVOIR AT GIDC ANKLESHWAR AT VALIA ROAD.,CPCB,24,Gujarat,442,Bharuch,ANKLESVAR,-,-,-,-,-,-,-,-,21.60986900,73.00726100,01-03-2019 08:30,1160,"","","","",""
291,ANKLESHWAR RESERVOIR AT GIDC ANKLESHWAR AT VALIA ROAD.,CPCB,24,Gujarat,442,Bharuch,ANKLESVAR,-,-,-,-,-,-,-,-,21.60986900,73.00726100,01-05-2019 08:30,350,"","","","",""
292,ANKLESHWAR RESERVOIR AT GIDC ANKLESHWAR AT VALIA ROAD.,CPCB,24,Gujarat,442,Bharuch,ANKLESVAR,-,-,-,-,-,-,-,-,21.60986900,73.00726100,03-06-2019 08:30,333,"","","","",""
293,ANKLESHWAR RESERVOIR AT GIDC ANKLESHWAR AT VALIA ROAD.,CPCB,24,Gujarat,442,Bharuch,ANKLESVAR,-,-,-,-,-,-,-,-,21.60986900,73.00726100,01-07-2019 08:30,740,"","","","",""
294,ANKLESHWAR RESERVOIR AT GIDC ANKLESHWAR AT VALIA ROAD.,CPCB,24,Gujarat,442,Bharuch,ANKLESVAR,-,-,-,-,-,-,-,-,21.60986900,73.00726100,01-08-2019 08:30,346,"","","","",""
295,ANKLESHWAR RESERVOIR AT GIDC ANKLESHWAR AT VALIA ROAD.,CPCB,24,Gujarat,442,Bharuch,ANKLESVAR,-,-,-,-,-,-,-,-,21.60986900,73.00726100,03-09-2019 08:30,269,"","","","",""
296,ANKLESHWAR RESERVOIR AT GIDC ANKLESHWAR AT VALIA ROAD.,CPCB,24,Gujarat,442,Bharuch,ANKLESVAR,-,-,-,-,-,-,-,-,21.60986900,73.00726100,01-10-2019 08:30,378,"","","","",""
297,ANKLESHWAR RESERVOIR AT GIDC ANKLESHWAR AT VALIA ROAD.,CPCB,24,Gujarat,442,Bharuch,ANKLESVAR,-,-,-,-,-,-,-,-,21.60986900,73.00726100,06-11-2019 08:30,320,"","","","",""
298,ANKLESHWAR RESERVOIR AT GIDC ANKLESHWAR AT VALIA ROAD.,CPCB,24,Gujarat,442,Bharuch,ANKLESVAR,-,-,-,-,-,-,-,-,21.60986900,73.00726100,02-12-2019 08:30,336,"","","","",""
299,ANKLESHWAR RESERVOIR AT GIDC ANKLESHWAR AT VALIA ROAD.,CPCB,24,Gujarat,442,Bharuch,ANKLESVAR,-,-,-,-,-,-,-,-,21.60986900,73.00726100,01-01-2020 08:30,401,"","",2.1,"",8
300,ANKLESHWAR RESERVOIR AT GIDC ANKLESHWAR AT VALIA ROAD.,CPCB,24,Gujarat,442,Bharuch,ANKLESVAR,-,-,-,-,-,-,-,-,21.60986900,73.00726100,03-02-2020 08:30,354,"","",6.1,"",""
301,ANKLESHWAR RESERVOIR AT GIDC ANKLESHWAR AT VALIA ROAD.,CPCB,24,Gujarat,442,Bharuch,ANKLESVAR,-,-,-,-,-,-,-,-,21.60986900,73.00726100,02-03-2020 08:30,422,"","",3.1,"",""
302,ANKLESHWAR RESERVOIR AT GIDC ANKLESHWAR AT VALIA ROAD.,CPCB,24,Gujarat,442,Bharuch,ANKLESVAR,-,-,-,-,-,-,-,-,21.60986900,73.00726100,07-04-2020 08:30,389,"","",2.8,"",""
303,ANKLESHWAR RESERVOIR AT GIDC ANKLESHWAR AT VALIA ROAD.,CPCB,24,Gujarat,442,Bharuch,ANKLESVAR,-,-,-,-,-,-,-,-,21.60986900,73.00726100,01-05-2020 08:30,380,"","",0.4,"",""
304,ANKLESHWAR RESERVOIR AT GIDC ANKLESHWAR AT VALIA ROAD.,CPCB,24,Gujarat,442,Bharuch,ANKLESVAR,-,-,-,-,-,-,-,-,21.60986900,73.00726100,02-06-2020 08:30,378,"","",0.9,"",""
305,ANKLESHWAR RESERVOIR AT GIDC ANKLESHWAR AT VALIA ROAD.,CPCB,24,Gujarat,442,Bharuch,ANKLESVAR,-,-,-,-,-,-,-,-,21.60986900,73.00726100,01-07-2020 08:30,390,"","",3.2,"",""
306,ANKLESHWAR RESERVOIR AT GIDC ANKLESHWAR AT VALIA ROAD.,CPCB,24,Gujarat,442,Bharuch,ANKLESVAR,-,-,-,-,-,-,-,-,21.60986900,73.00726100,05-08-2020 08:30,407,"","",3,"",""
307,ANKLESHWAR RESERVOIR AT GIDC ANKLESHWAR AT VALIA ROAD.,CPCB,24,Gujarat,442,Bharuch,ANKLESVAR,-,-,-,-,-,-,-,-,21.60986900,73.00726100,02-09-2020 08:30,409,"","",8,"",""
308,ANKLESHWAR RESERVOIR AT GIDC ANKLESHWAR AT VALIA ROAD.,CPCB,24,Gujarat,442,Bharuch,ANKLESVAR,-,-,-,-,-,-,-,-,21.60986900,73.00726100,01-10-2020 08:30,565,"","",Clear,"",""
309,ANKLESHWAR RESERVOIR AT GIDC ANKLESHWAR AT VALIA ROAD.,CPCB,24,Gujarat,442,Bharuch,ANKLESVAR,-,-,-,-,-,-,-,-,21.60986900,73.00726100,02-11-2020 08:30,405,"","",Clear,"",""
310,ANKLESHWAR RESERVOIR AT GIDC ANKLESHWAR AT VALIA ROAD.,CPCB,24,Gujarat,442,Bharuch,ANKLESVAR,-,-,-,-,-,-,-,-,21.60986900,73.00726100,02-12-2020 08:30,419,"","",2,"",""
311,AT LAVACHA TEMPLE SILVASSA,CPCB,24,Gujarat,462,Valsad,PARDI,-,-,-,-,-,-,-,-,20.29879700,72.97695600,30-01-2018 08:30,"","","","","",""
312,AT LAVACHA TEMPLE SILVASSA,CPCB,24,Gujarat,462,Valsad,PARDI,-,-,-,-,-,-,-,-,20.29879700,72.97695600,25-02-2018 08:30,"","","","","",""
313,AT LAVACHA TEMPLE SILVASSA,CPCB,24,Gujarat,462,Valsad,PARDI,-,-,-,-,-,-,-,-,20.29879700,72.97695600,25-03-2018 08:30,"","","","","",""
314,AT LAVACHA TEMPLE SILVASSA,CPCB,24,Gujarat,462,Valsad,PARDI,-,-,-,-,-,-,-,-,20.29879700,72.97695600,26-04-2018 08:30,"","","","","",""
315,AT LAVACHA TEMPLE SILVASSA,CPCB,24,Gujarat,462,Valsad,PARDI,-,-,-,-,-,-,-,-,20.29879700,72.97695600,24-05-2018 08:30,"","","","","",""
316,AT LAVACHA TEMPLE SILVASSA,CPCB,24,Gujarat,462,Valsad,PARDI,-,-,-,-,-,-,-,-,20.29879700,72.97695600,06-06-2018 08:30,"","","","","",""
317,AT LAVACHA TEMPLE SILVASSA,CPCB,24,Gujarat,462,Valsad,PARDI,-,-,-,-,-,-,-,-,20.29879700,72.97695600,24-07-2018 08:30,"","","","","",""
318,AT LAVACHA TEMPLE SILVASSA,CPCB,24,Gujarat,462,Valsad,PARDI,-,-,-,-,-,-,-,-,20.29879700,72.97695600,03-08-2018 08:30,"","","","","",""
319,AT LAVACHA TEMPLE SILVASSA,CPCB,24,Gujarat,462,Valsad,PARDI,-,-,-,-,-,-,-,-,20.29879700,72.97695600,12-09-2018 08:30,"","","","","",""
320,AT LAVACHA TEMPLE SILVASSA,CPCB,24,Gujarat,462,Valsad,PARDI,-,-,-,-,-,-,-,-,20.29879700,72.97695600,15-10-2018 08:30,"","","","","",""
321,AT LAVACHA TEMPLE SILVASSA,CPCB,24,Gujarat,462,Valsad,PARDI,-,-,-,-,-,-,-,-,20.29879700,72.97695600,16-11-2018 08:30,"","","","","",""
322,AT LAVACHA TEMPLE SILVASSA,CPCB,24,Gujarat,462,Valsad,PARDI,-,-,-,-,-,-,-,-,20.29879700,72.97695600,14-12-2018 08:30,"","","","","",""
323,AT LAVACHA TEMPLE SILVASSA,CPCB,24,Gujarat,462,Valsad,PARDI,-,-,-,-,-,-,-,-,20.29879700,72.97695600,23-01-2019 08:30,"","","","","",""
324,AT LAVACHA TEMPLE SILVASSA,CPCB,24,Gujarat,462,Valsad,PARDI,-,-,-,-,-,-,-,-,20.29879700,72.97695600,22-02-2019 08:30,"","","","","",""
325,AT LAVACHA TEMPLE SILVASSA,CPCB,24,Gujarat,462,Valsad,PARDI,-,-,-,-,-,-,-,-,20.29879700,72.97695600,25-03-2019 08:30,"","","","","",""
326,AT LAVACHA TEMPLE SILVASSA,CPCB,24,Gujarat,462,Valsad,PARDI,-,-,-,-,-,-,-,-,20.29879700,72.97695600,12-04-2019 08:30,"","","","","",""
327,AT LAVACHA TEMPLE SILVASSA,CPCB,24,Gujarat,462,Valsad,PARDI,-,-,-,-,-,-,-,-,20.29879700,72.97695600,17-05-2019 08:30,"","","","","",""
328,AT LAVACHA TEMPLE SILVASSA,CPCB,24,Gujarat,462,Valsad,PARDI,-,-,-,-,-,-,-,-,20.29879700,72.97695600,20-06-2019 08:30,"","","","","",""
329,AT LAVACHA TEMPLE SILVASSA,CPCB,24,Gujarat,462,Valsad,PARDI,-,-,-,-,-,-,-,-,20.29879700,72.97695600,18-07-2019 08:30,"","","","","",""
330,AT LAVACHA TEMPLE SILVASSA,CPCB,24,Gujarat,462,Valsad,PARDI,-,-,-,-,-,-,-,-,20.29879700,72.97695600,21-08-2019 08:30,"","","","","",""
331,AT LAVACHA TEMPLE SILVASSA,CPCB,24,Gujarat,462,Valsad,PARDI,-,-,-,-,-,-,-,-,20.29879700,72.97695600,25-09-2019 08:30,"","","","","",""
332,AT LAVACHA TEMPLE SILVASSA,CPCB,24,Gujarat,462,Valsad,PARDI,-,-,-,-,-,-,-,-,20.29879700,72.97695600,18-10-2019 08:30,"","","","","",""
333,AT LAVACHA TEMPLE SILVASSA,CPCB,24,Gujarat,462,Valsad,PARDI,-,-,-,-,-,-,-,-,20.29879700,72.97695600,13-11-2019 08:30,"","","","","",""
334,AT LAVACHA TEMPLE SILVASSA,CPCB,24,Gujarat,462,Valsad,PARDI,-,-,-,-,-,-,-,-,20.29879700,72.97695600,17-12-2019 08:30,"","","","","",""
335,AT LAVACHA TEMPLE SILVASSA,CPCB,24,Gujarat,462,Valsad,PARDI,-,-,-,-,-,-,-,-,20.29879700,72.97695600,29-01-2020 08:30,336,"","",0.1,"",""
336,AT LAVACHA TEMPLE SILVASSA,CPCB,24,Gujarat,462,Valsad,PARDI,-,-,-,-,-,-,-,-,20.29879700,72.97695600,12-02-2020 08:30,239,"","",0.1,"",""
337,AT LAVACHA TEMPLE SILVASSA,CPCB,24,Gujarat,462,Valsad,PARDI,-,-,-,-,-,-,-,-,20.29879700,72.97695600,20-03-2020 08:30,316,"","",0.1,"",""
338,AT LAVACHA TEMPLE SILVASSA,CPCB,24,Gujarat,462,Valsad,PARDI,-,-,-,-,-,-,-,-,20.29879700,72.97695600,24-06-2020 08:30,263,"","",0.1,"",""
339,AT LAVACHA TEMPLE SILVASSA,CPCB,24,Gujarat,462,Valsad,PARDI,-,-,-,-,-,-,-,-,20.29879700,72.97695600,28-07-2020 08:30,267,"","",1,"",""
340,AT LAVACHA TEMPLE SILVASSA,CPCB,24,Gujarat,462,Valsad,PARDI,-,-,-,-,-,-,-,-,20.29879700,72.97695600,26-08-2020 08:30,186,"","",1,"",""
341,AT LAVACHA TEMPLE SILVASSA,CPCB,24,Gujarat,462,Valsad,PARDI,-,-,-,-,-,-,-,-,20.29879700,72.97695600,21-09-2020 08:30,296,"","",0.1,"",""
342,AT LAVACHA TEMPLE SILVASSA,CPCB,24,Gujarat,462,Valsad,PARDI,-,-,-,-,-,-,-,-,20.29879700,72.97695600,13-10-2020 08:30,322,"","",0.1,"",""
343,AT LAVACHA TEMPLE SILVASSA,CPCB,24,Gujarat,462,Valsad,PARDI,-,-,-,-,-,-,-,-,20.29879700,72.97695600,24-11-2020 08:30,239,"","",0.1,"",""
344,AT LAVACHA TEMPLE SILVASSA,CPCB,24,Gujarat,462,Valsad,PARDI,-,-,-,-,-,-,-,-,20.29879700,72.97695600,29-12-2020 08:30,225,"","",Clear,"",""
345,ATUL VILLAGE G.W (VALSAD),CPCB,24,Gujarat,462,Valsad,VALSAD,-,-,-,-,-,-,-,-,20.53731900,72.94104200,04-04-2018 08:30,1636,"","","","",""
346,ATUL VILLAGE G.W (VALSAD),CPCB,24,Gujarat,462,Valsad,VALSAD,-,-,-,-,-,-,-,-,20.53731900,72.94104200,05-10-2018 08:30,335,"","",4.7,"",""
347,ATUL VILLAGE G.W (VALSAD),CPCB,24,Gujarat,462,Valsad,VALSAD,-,-,-,-,-,-,-,-,20.53731900,72.94104200,04-04-2019 08:30,498,Clear,"",8,"",""
348,ATUL VILLAGE G.W (VALSAD),CPCB,24,Gujarat,462,Valsad,VALSAD,-,-,-,-,-,-,-,-,20.53731900,72.94104200,03-10-2019 08:30,436,Clear,"",8,"",""
349,ATUL VILLAGE G.W (VALSAD),CPCB,24,Gujarat,462,Valsad,VALSAD,-,-,-,-,-,-,-,-,20.53731900,72.94104200,09-04-2020 08:30,1087,"","",Clear,"",""
350,ATUL VILLAGE G.W (VALSAD),CPCB,24,Gujarat,462,Valsad,VALSAD,-,-,-,-,-,-,-,-,20.53731900,72.94104200,01-10-2020 08:30,1998,"","",0.6,"",""
351,AT VILLAGE NAMDHA VAPI,CPCB,24,Gujarat,462,Valsad,UMBERGAON,-,-,-,-,-,-,-,-,20.36384200,72.88326400,30-01-2018 08:30,"","","","","",""
352,AT VILLAGE NAMDHA VAPI,CPCB,24,Gujarat,462,Valsad,UMBERGAON,-,-,-,-,-,-,-,-,20.36384200,72.88326400,25-02-2018 08:30,"","","","","",""
353,AT VILLAGE NAMDHA VAPI,CPCB,24,Gujarat,462,Valsad,UMBERGAON,-,-,-,-,-,-,-,-,20.36384200,72.88326400,25-03-2018 08:30,"","","","","",""
354,AT VILLAGE NAMDHA VAPI,CPCB,24,Gujarat,462,Valsad,UMBERGAON,-,-,-,-,-,-,-,-,20.36384200,72.88326400,26-04-2018 08:30,"","","","","",""
355,AT VILLAGE NAMDHA VAPI,CPCB,24,Gujarat,462,Valsad,UMBERGAON,-,-,-,-,-,-,-,-,20.36384200,72.88326400,24-05-2018 08:30,"","","","","",""
356,AT VILLAGE NAMDHA VAPI,CPCB,24,Gujarat,462,Valsad,UMBERGAON,-,-,-,-,-,-,-,-,20.36384200,72.88326400,06-06-2018 08:30,"","","","","",""
357,AT VILLAGE NAMDHA VAPI,CPCB,24,Gujarat,462,Valsad,UMBERGAON,-,-,-,-,-,-,-,-,20.36384200,72.88326400,24-07-2018 08:30,"","","","","",""
358,AT VILLAGE NAMDHA VAPI,CPCB,24,Gujarat,462,Valsad,UMBERGAON,-,-,-,-,-,-,-,-,20.36384200,72.88326400,03-08-2018 08:30,"","","","","",""
359,AT VILLAGE NAMDHA VAPI,CPCB,24,Gujarat,462,Valsad,UMBERGAON,-,-,-,-,-,-,-,-,20.36384200,72.88326400,12-09-2018 08:30,"","","","","",""
360,AT VILLAGE NAMDHA VAPI,CPCB,24,Gujarat,462,Valsad,UMBERGAON,-,-,-,-,-,-,-,-,20.36384200,72.88326400,15-10-2018 08:30,"","","","","",""
361,AT VILLAGE NAMDHA VAPI,CPCB,24,Gujarat,462,Valsad,UMBERGAON,-,-,-,-,-,-,-,-,20.36384200,72.88326400,16-11-2018 08:30,"","","","","",""
362,AT VILLAGE NAMDHA VAPI,CPCB,24,Gujarat,462,Valsad,UMBERGAON,-,-,-,-,-,-,-,-,20.36384200,72.88326400,14-12-2018 08:30,"","","","","",""
363,AT VILLAGE NAMDHA VAPI,CPCB,24,Gujarat,462,Valsad,UMBERGAON,-,-,-,-,-,-,-,-,20.36384200,72.88326400,23-01-2019 08:30,"","","","","",""
364,AT VILLAGE NAMDHA VAPI,CPCB,24,Gujarat,462,Valsad,UMBERGAON,-,-,-,-,-,-,-,-,20.36384200,72.88326400,22-02-2019 08:30,"","","","","",""
365,AT VILLAGE NAMDHA VAPI,CPCB,24,Gujarat,462,Valsad,UMBERGAON,-,-,-,-,-,-,-,-,20.36384200,72.88326400,25-03-2019 08:30,"","","","","",""
366,AT VILLAGE NAMDHA VAPI,CPCB,24,Gujarat,462,Valsad,UMBERGAON,-,-,-,-,-,-,-,-,20.36384200,72.88326400,12-04-2019 08:30,"","","","","",""
367,AT VILLAGE NAMDHA VAPI,CPCB,24,Gujarat,462,Valsad,UMBERGAON,-,-,-,-,-,-,-,-,20.36384200,72.88326400,17-05-2019 08:30,"","","","","",""
368,AT VILLAGE NAMDHA VAPI,CPCB,24,Gujarat,462,Valsad,UMBERGAON,-,-,-,-,-,-,-,-,20.36384200,72.88326400,20-06-2019 08:30,"","","","","",""
369,AT VILLAGE NAMDHA VAPI,CPCB,24,Gujarat,462,Valsad,UMBERGAON,-,-,-,-,-,-,-,-,20.36384200,72.88326400,18-07-2019 08:30,"","","","","",""
370,AT VILLAGE NAMDHA VAPI,CPCB,24,Gujarat,462,Valsad,UMBERGAON,-,-,-,-,-,-,-,-,20.36384200,72.88326400,21-08-2019 08:30,"","","","","",""
371,AT VILLAGE NAMDHA VAPI,CPCB,24,Gujarat,462,Valsad,UMBERGAON,-,-,-,-,-,-,-,-,20.36384200,72.88326400,25-09-2019 08:30,"","","","","",""
372,AT VILLAGE NAMDHA VAPI,CPCB,24,Gujarat,462,Valsad,UMBERGAON,-,-,-,-,-,-,-,-,20.36384200,72.88326400,18-10-2019 08:30,"","","","","",""
373,AT VILLAGE NAMDHA VAPI,CPCB,24,Gujarat,462,Valsad,UMBERGAON,-,-,-,-,-,-,-,-,20.36384200,72.88326400,13-11-2019 08:30,"","","","","",""
374,AT VILLAGE NAMDHA VAPI,CPCB,24,Gujarat,462,Valsad,UMBERGAON,-,-,-,-,-,-,-,-,20.36384200,72.88326400,17-12-2019 08:30,"","","","","",""
375,AT VILLAGE NAMDHA VAPI,CPCB,24,Gujarat,462,Valsad,UMBERGAON,-,-,-,-,-,-,-,-,20.36384200,72.88326400,29-01-2020 08:30,2770,"","",1,"",46
376,AT VILLAGE NAMDHA VAPI,CPCB,24,Gujarat,462,Valsad,UMBERGAON,-,-,-,-,-,-,-,-,20.36384200,72.88326400,12-02-2020 08:30,4250,"","",0.1,"",""
377,AT VILLAGE NAMDHA VAPI,CPCB,24,Gujarat,462,Valsad,UMBERGAON,-,-,-,-,-,-,-,-,20.36384200,72.88326400,20-03-2020 08:30,2590,"","",0.1,"",""
378,AT VILLAGE NAMDHA VAPI,CPCB,24,Gujarat,462,Valsad,UMBERGAON,-,-,-,-,-,-,-,-,20.36384200,72.88326400,14-04-2020 08:30,521,"","",0.1,"",""
379,AT VILLAGE NAMDHA VAPI,CPCB,24,Gujarat,462,Valsad,UMBERGAON,-,-,-,-,-,-,-,-,20.36384200,72.88326400,07-05-2020 08:30,534,"","",0.1,"",""
380,AT VILLAGE NAMDHA VAPI,CPCB,24,Gujarat,462,Valsad,UMBERGAON,-,-,-,-,-,-,-,-,20.36384200,72.88326400,24-06-2020 08:30,1065,"","",0.1,"",""
381,AT VILLAGE NAMDHA VAPI,CPCB,24,Gujarat,462,Valsad,UMBERGAON,-,-,-,-,-,-,-,-,20.36384200,72.88326400,28-07-2020 08:30,3009,"","",5,"",""
382,AT VILLAGE NAMDHA VAPI,CPCB,24,Gujarat,462,Valsad,UMBERGAON,-,-,-,-,-,-,-,-,20.36384200,72.88326400,26-08-2020 08:30,329,"","",1,"",""
383,AT VILLAGE NAMDHA VAPI,CPCB,24,Gujarat,462,Valsad,UMBERGAON,-,-,-,-,-,-,-,-,20.36384200,72.88326400,21-09-2020 08:30,325,"","",1,"",""
384,AT VILLAGE NAMDHA VAPI,CPCB,24,Gujarat,462,Valsad,UMBERGAON,-,-,-,-,-,-,-,-,20.36384200,72.88326400,13-10-2020 08:30,486,"","",0.1,"",""
385,AT VILLAGE NAMDHA VAPI,CPCB,24,Gujarat,462,Valsad,UMBERGAON,-,-,-,-,-,-,-,-,20.36384200,72.88326400,24-11-2020 08:30,1390,"","",0.1,"",""
386,AT VILLAGE NAMDHA VAPI,CPCB,24,Gujarat,462,Valsad,UMBERGAON,-,-,-,-,-,-,-,-,20.36384200,72.88326400,29-12-2020 08:30,2340,"","",Other,"",""
387,BALEHWAR KHADI AT N.H. NO. 8,CPCB,24,Gujarat,459,Surat,SURAT CITY,-,-,-,-,-,-,-,-,21.22344200,72.89572000,03-01-2018 08:30,"","","","","",""
388,BALEHWAR KHADI AT N.H. NO. 8,CPCB,24,Gujarat,459,Surat,SURAT CITY,-,-,-,-,-,-,-,-,21.22344200,72.89572000,01-02-2018 08:30,"","","","","",""
389,BALEHWAR KHADI AT N.H. NO. 8,CPCB,24,Gujarat,459,Surat,SURAT CITY,-,-,-,-,-,-,-,-,21.22344200,72.89572000,05-03-2018 08:30,"","","","","",""
390,BALEHWAR KHADI AT N.H. NO. 8,CPCB,24,Gujarat,459,Surat,SURAT CITY,-,-,-,-,-,-,-,-,21.22344200,72.89572000,03-04-2018 08:30,"","","","","",""
391,BALEHWAR KHADI AT N.H. NO. 8,CPCB,24,Gujarat,459,Surat,SURAT CITY,-,-,-,-,-,-,-,-,21.22344200,72.89572000,02-05-2018 08:30,"","","","","",""
392,BALEHWAR KHADI AT N.H. NO. 8,CPCB,24,Gujarat,459,Surat,SURAT CITY,-,-,-,-,-,-,-,-,21.22344200,72.89572000,02-06-2018 08:30,"","","","","",""
393,BALEHWAR KHADI AT N.H. NO. 8,CPCB,24,Gujarat,459,Surat,SURAT CITY,-,-,-,-,-,-,-,-,21.22344200,72.89572000,04-07-2018 08:30,"","","","","",""
394,BALEHWAR KHADI AT N.H. NO. 8,CPCB,24,Gujarat,459,Surat,SURAT CITY,-,-,-,-,-,-,-,-,21.22344200,72.89572000,01-08-2018 08:30,"","","","","",""
395,BALEHWAR KHADI AT N.H. NO. 8,CPCB,24,Gujarat,459,Surat,SURAT CITY,-,-,-,-,-,-,-,-,21.22344200,72.89572000,06-09-2018 08:30,"","","","","",""
396,BALEHWAR KHADI AT N.H. NO. 8,CPCB,24,Gujarat,459,Surat,SURAT CITY,-,-,-,-,-,-,-,-,21.22344200,72.89572000,03-10-2018 08:30,"","","","","",""
397,BALEHWAR KHADI AT N.H. NO. 8,CPCB,24,Gujarat,459,Surat,SURAT CITY,-,-,-,-,-,-,-,-,21.22344200,72.89572000,02-11-2018 08:30,"","","","","",""
398,BALEHWAR KHADI AT N.H. NO. 8,CPCB,24,Gujarat,459,Surat,SURAT CITY,-,-,-,-,-,-,-,-,21.22344200,72.89572000,04-12-2018 08:30,"","","","","",""
399,BALEHWAR KHADI AT N.H. NO. 8,CPCB,24,Gujarat,459,Surat,SURAT CITY,-,-,-,-,-,-,-,-,21.22344200,72.89572000,02-01-2019 08:30,"","","","","",""
400,BALEHWAR KHADI AT N.H. NO. 8,CPCB,24,Gujarat,459,Surat,SURAT CITY,-,-,-,-,-,-,-,-,21.22344200,72.89572000,04-02-2019 08:30,"","","","","",""
401,BALEHWAR KHADI AT N.H. NO. 8,CPCB,24,Gujarat,459,Surat,SURAT CITY,-,-,-,-,-,-,-,-,21.22344200,72.89572000,02-03-2019 08:30,"","","","","",""
402,BALEHWAR KHADI AT N.H. NO. 8,CPCB,24,Gujarat,459,Surat,SURAT CITY,-,-,-,-,-,-,-,-,21.22344200,72.89572000,02-04-2019 08:30,"","","","","",""
403,BALEHWAR KHADI AT N.H. NO. 8,CPCB,24,Gujarat,459,Surat,SURAT CITY,-,-,-,-,-,-,-,-,21.22344200,72.89572000,02-05-2019 08:30,"","","","","",""
404,BALEHWAR KHADI AT N.H. NO. 8,CPCB,24,Gujarat,459,Surat,SURAT CITY,-,-,-,-,-,-,-,-,21.22344200,72.89572000,04-06-2019 08:30,"","","","","",""
405,BALEHWAR KHADI AT N.H. NO. 8,CPCB,24,Gujarat,459,Surat,SURAT CITY,-,-,-,-,-,-,-,-,21.22344200,72.89572000,03-07-2019 08:30,"","","","","",""
406,BALEHWAR KHADI AT N.H. NO. 8,CPCB,24,Gujarat,459,Surat,SURAT CITY,-,-,-,-,-,-,-,-,21.22344200,72.89572000,01-08-2019 08:30,"","","","","",""
407,BALEHWAR KHADI AT N.H. NO. 8,CPCB,24,Gujarat,459,Surat,SURAT CITY,-,-,-,-,-,-,-,-,21.22344200,72.89572000,04-09-2019 08:30,"","","","","",""
408,BALEHWAR KHADI AT N.H. NO. 8,CPCB,24,Gujarat,459,Surat,SURAT CITY,-,-,-,-,-,-,-,-,21.22344200,72.89572000,03-10-2019 08:30,"","","","","",""
409,BALEHWAR KHADI AT N.H. NO. 8,CPCB,24,Gujarat,459,Surat,SURAT CITY,-,-,-,-,-,-,-,-,21.22344200,72.89572000,06-11-2019 08:30,"","","","","",""
410,BALEHWAR KHADI AT N.H. NO. 8,CPCB,24,Gujarat,459,Surat,SURAT CITY,-,-,-,-,-,-,-,-,21.22344200,72.89572000,03-12-2019 08:30,"","","","","",""
411,BALEHWAR KHADI AT N.H. NO. 8,CPCB,24,Gujarat,459,Surat,SURAT CITY,-,-,-,-,-,-,-,-,21.22344200,72.89572000,01-01-2020 08:30,2086,"","",32,"",38
412,BALEHWAR KHADI AT N.H. NO. 8,CPCB,24,Gujarat,459,Surat,SURAT CITY,-,-,-,-,-,-,-,-,21.22344200,72.89572000,06-02-2020 08:30,940,"","",9,"",""
413,BALEHWAR KHADI AT N.H. NO. 8,CPCB,24,Gujarat,459,Surat,SURAT CITY,-,-,-,-,-,-,-,-,21.22344200,72.89572000,03-03-2020 08:30,1605,"","",2,"",""
414,BALEHWAR KHADI AT N.H. NO. 8,CPCB,24,Gujarat,459,Surat,SURAT CITY,-,-,-,-,-,-,-,-,21.22344200,72.89572000,06-04-2020 08:30,1150,"","",15,"",""
415,BALEHWAR KHADI AT N.H. NO. 8,CPCB,24,Gujarat,459,Surat,SURAT CITY,-,-,-,-,-,-,-,-,21.22344200,72.89572000,05-05-2020 08:30,924,"","",6,"",""
416,BALEHWAR KHADI AT N.H. NO. 8,CPCB,24,Gujarat,459,Surat,SURAT CITY,-,-,-,-,-,-,-,-,21.22344200,72.89572000,03-06-2020 08:30,1120,"","",5,"",""
417,BALEHWAR KHADI AT N.H. NO. 8,CPCB,24,Gujarat,459,Surat,SURAT CITY,-,-,-,-,-,-,-,-,21.22344200,72.89572000,07-07-2020 08:30,519,"","",4,"",""
418,BALEHWAR KHADI AT N.H. NO. 8,CPCB,24,Gujarat,459,Surat,SURAT CITY,-,-,-,-,-,-,-,-,21.22344200,72.89572000,05-08-2020 08:30,520,"","",5,"",""
419,BALEHWAR KHADI AT N.H. NO. 8,CPCB,24,Gujarat,459,Surat,SURAT CITY,-,-,-,-,-,-,-,-,21.22344200,72.89572000,02-09-2020 08:30,592,"","",6,"",""
420,BALEHWAR KHADI AT N.H. NO. 8,CPCB,24,Gujarat,459,Surat,SURAT CITY,-,-,-,-,-,-,-,-,21.22344200,72.89572000,01-10-2020 08:30,1195,"","",3,"",""
421,BALEHWAR KHADI AT N.H. NO. 8,CPCB,24,Gujarat,459,Surat,SURAT CITY,-,-,-,-,-,-,-,-,21.22344200,72.89572000,02-11-2020 08:30,553,"","",2.2,"",""
422,BALEHWAR KHADI AT N.H. NO. 8,CPCB,24,Gujarat,459,Surat,SURAT CITY,-,-,-,-,-,-,-,-,21.22344200,72.89572000,01-12-2020 08:30,1176,"","",2,"",""
423,BHADAR D/S JETPUR VILL. AFTER CONF. OF W.WATER FROM JETPUR CITY,CPCB,24,Gujarat,457,Rajkot,DHORAJI,-,-,-,-,-,-,-,-,21.76311500,70.42431300,03-01-2018 08:30,"","","","","",""
424,BHADAR D/S JETPUR VILL. AFTER CONF. OF W.WATER FROM JETPUR CITY,CPCB,24,Gujarat,457,Rajkot,DHORAJI,-,-,-,-,-,-,-,-,21.76311500,70.42431300,02-02-2018 08:30,"","","","","",""
425,BHADAR D/S JETPUR VILL. AFTER CONF. OF W.WATER FROM JETPUR CITY,CPCB,24,Gujarat,457,Rajkot,DHORAJI,-,-,-,-,-,-,-,-,21.76311500,70.42431300,07-03-2018 08:30,"","","","","",""
426,BHADAR D/S JETPUR VILL. AFTER CONF. OF W.WATER FROM JETPUR CITY,CPCB,24,Gujarat,457,Rajkot,DHORAJI,-,-,-,-,-,-,-,-,21.76311500,70.42431300,03-04-2018 08:30,"","","","","",""
427,BHADAR D/S JETPUR VILL. AFTER CONF. OF W.WATER FROM JETPUR CITY,CPCB,24,Gujarat,457,Rajkot,DHORAJI,-,-,-,-,-,-,-,-,21.76311500,70.42431300,02-05-2018 08:30,"","","","","",""
428,BHADAR D/S JETPUR VILL. AFTER CONF. OF W.WATER FROM JETPUR CITY,CPCB,24,Gujarat,457,Rajkot,DHORAJI,-,-,-,-,-,-,-,-,21.76311500,70.42431300,13-06-2018 08:30,"","","","","",""
429,BHADAR D/S JETPUR VILL. AFTER CONF. OF W.WATER FROM JETPUR CITY,CPCB,24,Gujarat,457,Rajkot,DHORAJI,-,-,-,-,-,-,-,-,21.76311500,70.42431300,03-07-2018 08:30,"","","","","",""
430,BHADAR D/S JETPUR VILL. AFTER CONF. OF W.WATER FROM JETPUR CITY,CPCB,24,Gujarat,457,Rajkot,DHORAJI,-,-,-,-,-,-,-,-,21.76311500,70.42431300,02-08-2018 08:30,"","","","","",""
431,BHADAR D/S JETPUR VILL. AFTER CONF. OF W.WATER FROM JETPUR CITY,CPCB,24,Gujarat,457,Rajkot,DHORAJI,-,-,-,-,-,-,-,-,21.76311500,70.42431300,06-09-2018 08:30,"","","","","",""
432,BHADAR D/S JETPUR VILL. AFTER CONF. OF W.WATER FROM JETPUR CITY,CPCB,24,Gujarat,457,Rajkot,DHORAJI,-,-,-,-,-,-,-,-,21.76311500,70.42431300,09-10-2018 08:30,"","","","","",""
433,BHADAR D/S JETPUR VILL. AFTER CONF. OF W.WATER FROM JETPUR CITY,CPCB,24,Gujarat,457,Rajkot,DHORAJI,-,-,-,-,-,-,-,-,21.76311500,70.42431300,03-11-2018 08:30,"","","","","",""
434,BHADAR D/S JETPUR VILL. AFTER CONF. OF W.WATER FROM JETPUR CITY,CPCB,24,Gujarat,457,Rajkot,DHORAJI,-,-,-,-,-,-,-,-,21.76311500,70.42431300,04-01-2019 08:30,"","","","","",""
435,BHADAR D/S JETPUR VILL. AFTER CONF. OF W.WATER FROM JETPUR CITY,CPCB,24,Gujarat,457,Rajkot,DHORAJI,-,-,-,-,-,-,-,-,21.76311500,70.42431300,06-02-2019 08:30,"","","","","",""
436,BHADAR D/S JETPUR VILL. AFTER CONF. OF W.WATER FROM JETPUR CITY,CPCB,24,Gujarat,457,Rajkot,DHORAJI,-,-,-,-,-,-,-,-,21.76311500,70.42431300,01-03-2019 08:30,"","","","","",""
437,BHADAR D/S JETPUR VILL. AFTER CONF. OF W.WATER FROM JETPUR CITY,CPCB,24,Gujarat,457,Rajkot,DHORAJI,-,-,-,-,-,-,-,-,21.76311500,70.42431300,02-04-2019 08:30,"","","","","",""
438,BHADAR D/S JETPUR VILL. AFTER CONF. OF W.WATER FROM JETPUR CITY,CPCB,24,Gujarat,457,Rajkot,DHORAJI,-,-,-,-,-,-,-,-,21.76311500,70.42431300,01-05-2019 08:30,"","","","","",""
439,BHADAR D/S JETPUR VILL. AFTER CONF. OF W.WATER FROM JETPUR CITY,CPCB,24,Gujarat,457,Rajkot,DHORAJI,-,-,-,-,-,-,-,-,21.76311500,70.42431300,04-06-2019 08:30,"","","","","",""
440,BHADAR D/S JETPUR VILL. AFTER CONF. OF W.WATER FROM JETPUR CITY,CPCB,24,Gujarat,457,Rajkot,DHORAJI,-,-,-,-,-,-,-,-,21.76311500,70.42431300,05-07-2019 08:30,"","","","","",""
441,BHADAR D/S JETPUR VILL. AFTER CONF. OF W.WATER FROM JETPUR CITY,CPCB,24,Gujarat,457,Rajkot,DHORAJI,-,-,-,-,-,-,-,-,21.76311500,70.42431300,02-08-2019 08:30,"","","","","",""
442,BHADAR D/S JETPUR VILL. AFTER CONF. OF W.WATER FROM JETPUR CITY,CPCB,24,Gujarat,457,Rajkot,DHORAJI,-,-,-,-,-,-,-,-,21.76311500,70.42431300,05-09-2019 08:30,"","","","","",""
443,BHADAR D/S JETPUR VILL. AFTER CONF. OF W.WATER FROM JETPUR CITY,CPCB,24,Gujarat,457,Rajkot,DHORAJI,-,-,-,-,-,-,-,-,21.76311500,70.42431300,04-10-2019 08:30,"","","","","",""
444,BHADAR D/S JETPUR VILL. AFTER CONF. OF W.WATER FROM JETPUR CITY,CPCB,24,Gujarat,457,Rajkot,DHORAJI,-,-,-,-,-,-,-,-,21.76311500,70.42431300,05-11-2019 08:30,"","","","","",""
445,BHADAR D/S JETPUR VILL. AFTER CONF. OF W.WATER FROM JETPUR CITY,CPCB,24,Gujarat,457,Rajkot,DHORAJI,-,-,-,-,-,-,-,-,21.76311500,70.42431300,03-12-2019 08:30,"","","","","",""
446,BHADAR D/S JETPUR VILL. AFTER CONF. OF W.WATER FROM JETPUR CITY,CPCB,24,Gujarat,457,Rajkot,DHORAJI,-,-,-,-,-,-,-,-,21.76311500,70.42431300,02-01-2020 08:30,3365,"","",64,"",52
447,BHADAR D/S JETPUR VILL. AFTER CONF. OF W.WATER FROM JETPUR CITY,CPCB,24,Gujarat,457,Rajkot,DHORAJI,-,-,-,-,-,-,-,-,21.76311500,70.42431300,04-02-2020 08:30,5194,"","",35,"",""
448,BHADAR D/S JETPUR VILL. AFTER CONF. OF W.WATER FROM JETPUR CITY,CPCB,24,Gujarat,457,Rajkot,DHORAJI,-,-,-,-,-,-,-,-,21.76311500,70.42431300,03-03-2020 08:30,6547,"","",133,"",""
449,BHADAR D/S JETPUR VILL. AFTER CONF. OF W.WATER FROM JETPUR CITY,CPCB,24,Gujarat,457,Rajkot,DHORAJI,-,-,-,-,-,-,-,-,21.76311500,70.42431300,02-04-2020 08:30,9787,"","",68,"",""
450,BHADAR D/S JETPUR VILL. AFTER CONF. OF W.WATER FROM JETPUR CITY,CPCB,24,Gujarat,457,Rajkot,DHORAJI,-,-,-,-,-,-,-,-,21.76311500,70.42431300,04-05-2020 08:30,3037,"","",22,"",""
451,BHADAR D/S JETPUR VILL. AFTER CONF. OF W.WATER FROM JETPUR CITY,CPCB,24,Gujarat,457,Rajkot,DHORAJI,-,-,-,-,-,-,-,-,21.76311500,70.42431300,03-06-2020 08:30,3429,"","",38,"",""
452,BHADAR D/S JETPUR VILL. AFTER CONF. OF W.WATER FROM JETPUR CITY,CPCB,24,Gujarat,457,Rajkot,DHORAJI,-,-,-,-,-,-,-,-,21.76311500,70.42431300,01-07-2020 08:30,3961,"","",110,"",""
453,BHADAR D/S JETPUR VILL. AFTER CONF. OF W.WATER FROM JETPUR CITY,CPCB,24,Gujarat,457,Rajkot,DHORAJI,-,-,-,-,-,-,-,-,21.76311500,70.42431300,05-08-2020 08:30,1332,"","",9,"",""
454,BHADAR D/S JETPUR VILL. AFTER CONF. OF W.WATER FROM JETPUR CITY,CPCB,24,Gujarat,457,Rajkot,DHORAJI,-,-,-,-,-,-,-,-,21.76311500,70.42431300,02-09-2020 08:30,642,"","",37,"",""
455,BHADAR D/S JETPUR VILL. AFTER CONF. OF W.WATER FROM JETPUR CITY,CPCB,24,Gujarat,457,Rajkot,DHORAJI,-,-,-,-,-,-,-,-,21.76311500,70.42431300,01-10-2020 08:30,918,"","",4,"",""
456,BHADAR D/S JETPUR VILL. AFTER CONF. OF W.WATER FROM JETPUR CITY,CPCB,24,Gujarat,457,Rajkot,DHORAJI,-,-,-,-,-,-,-,-,21.76311500,70.42431300,03-11-2020 08:30,1542,"","",42,"",""
457,BHADAR D/S JETPUR VILL. AFTER CONF. OF W.WATER FROM JETPUR CITY,CPCB,24,Gujarat,457,Rajkot,DHORAJI,-,-,-,-,-,-,-,-,21.76311500,70.42431300,01-12-2020 08:30,1745,"","",24,"",""
458,BHOGAVO RIVER D/S OF SURENDRANAGAR.,CPCB,24,Gujarat,460,Surendranagar,WADHWAN,-,-,-,-,-,-,-,-,22.71552800,71.67268800,01-01-2018 08:30,"","","","","",""
459,BHOGAVO RIVER D/S OF SURENDRANAGAR.,CPCB,24,Gujarat,460,Surendranagar,WADHWAN,-,-,-,-,-,-,-,-,22.71552800,71.67268800,02-02-2018 08:30,"","","","","",""
460,BHOGAVO RIVER D/S OF SURENDRANAGAR.,CPCB,24,Gujarat,460,Surendranagar,WADHWAN,-,-,-,-,-,-,-,-,22.71552800,71.67268800,03-03-2018 08:30,"","","","","",""
461,BHOGAVO RIVER D/S OF SURENDRANAGAR.,CPCB,24,Gujarat,460,Surendranagar,WADHWAN,-,-,-,-,-,-,-,-,22.71552800,71.67268800,03-04-2018 08:30,"","","","","",""
462,BHOGAVO RIVER D/S OF SURENDRANAGAR.,CPCB,24,Gujarat,460,Surendranagar,WADHWAN,-,-,-,-,-,-,-,-,22.71552800,71.67268800,03-05-2018 08:30,"","","","","",""
463,BHOGAVO RIVER D/S OF SURENDRANAGAR.,CPCB,24,Gujarat,460,Surendranagar,WADHWAN,-,-,-,-,-,-,-,-,22.71552800,71.67268800,01-06-2018 08:30,"","","","","",""
464,BHOGAVO RIVER D/S OF SURENDRANAGAR.,CPCB,24,Gujarat,460,Surendranagar,WADHWAN,-,-,-,-,-,-,-,-,22.71552800,71.67268800,02-07-2018 08:30,"","","","","",""
465,BHOGAVO RIVER D/S OF SURENDRANAGAR.,CPCB,24,Gujarat,460,Surendranagar,WADHWAN,-,-,-,-,-,-,-,-,22.71552800,71.67268800,01-08-2018 08:30,"","","","","",""
466,BHOGAVO RIVER D/S OF SURENDRANAGAR.,CPCB,24,Gujarat,460,Surendranagar,WADHWAN,-,-,-,-,-,-,-,-,22.71552800,71.67268800,06-09-2018 08:30,"","","","","",""
467,BHOGAVO RIVER D/S OF SURENDRANAGAR.,CPCB,24,Gujarat,460,Surendranagar,WADHWAN,-,-,-,-,-,-,-,-,22.71552800,71.67268800,03-10-2018 08:30,"","","","","",""
468,BHOGAVO RIVER D/S OF SURENDRANAGAR.,CPCB,24,Gujarat,460,Surendranagar,WADHWAN,-,-,-,-,-,-,-,-,22.71552800,71.67268800,02-11-2018 08:30,"","","","","",""
469,BHOGAVO RIVER D/S OF SURENDRANAGAR.,CPCB,24,Gujarat,460,Surendranagar,WADHWAN,-,-,-,-,-,-,-,-,22.71552800,71.67268800,01-01-2020 08:30,"","","","","",""
470,BHOGAVO RIVER D/S OF SURENDRANAGAR.,CPCB,24,Gujarat,460,Surendranagar,WADHWAN,-,-,-,-,-,-,-,-,22.71552800,71.67268800,11-02-2020 08:30,722,"","",4,"",""
471,BHOGAVO RIVER D/S OF SURENDRANAGAR.,CPCB,24,Gujarat,460,Surendranagar,WADHWAN,-,-,-,-,-,-,-,-,22.71552800,71.67268800,01-03-2020 08:30,1883,"","",12,"",""
472,BHOGAVO RIVER D/S OF SURENDRANAGAR.,CPCB,24,Gujarat,460,Surendranagar,WADHWAN,-,-,-,-,-,-,-,-,22.71552800,71.67268800,01-04-2020 08:30,1745,"","",40,"",""
473,BHOGAVO RIVER D/S OF SURENDRANAGAR.,CPCB,24,Gujarat,460,Surendranagar,WADHWAN,-,-,-,-,-,-,-,-,22.71552800,71.67268800,01-05-2020 08:30,1663,"","",24,"",""
474,BHOGAVO RIVER D/S OF SURENDRANAGAR.,CPCB,24,Gujarat,460,Surendranagar,WADHWAN,-,-,-,-,-,-,-,-,22.71552800,71.67268800,02-06-2020 08:30,Clear,"","",30,"",""
475,BHOGAVO RIVER D/S OF SURENDRANAGAR.,CPCB,24,Gujarat,460,Surendranagar,WADHWAN,-,-,-,-,-,-,-,-,22.71552800,71.67268800,01-07-2020 08:30,1533,"","",8,"",""
476,BHOGAVO RIVER D/S OF SURENDRANAGAR.,CPCB,24,Gujarat,460,Surendranagar,WADHWAN,-,-,-,-,-,-,-,-,22.71552800,71.67268800,04-08-2020 08:30,1882,"","",8,"",""
477,BHOGAVO RIVER D/S OF SURENDRANAGAR.,CPCB,24,Gujarat,460,Surendranagar,WADHWAN,-,-,-,-,-,-,-,-,22.71552800,71.67268800,01-09-2020 08:30,590,"","",4,"",""
478,BHOGAVO RIVER D/S OF SURENDRANAGAR.,CPCB,24,Gujarat,460,Surendranagar,WADHWAN,-,-,-,-,-,-,-,-,22.71552800,71.67268800,03-10-2020 08:30,1674,"","",2,"",""
479,BHOGAVO RIVER D/S OF SURENDRANAGAR.,CPCB,24,Gujarat,460,Surendranagar,WADHWAN,-,-,-,-,-,-,-,-,22.71552800,71.67268800,03-11-2020 08:30,2163,"","",28,"",""
480,BHOGAVO RIVER D/S OF SURENDRANAGAR.,CPCB,24,Gujarat,460,Surendranagar,WADHWAN,-,-,-,-,-,-,-,-,22.71552800,71.67268800,02-12-2020 08:30,1849,"","",18,"",""
481,BHUKHI KHADI D/S OF GIDC SAYKHA VILL: KOTHIYA TA: VAGRA DIST BHARUCH,CPCB,24,Gujarat,442,Bharuch,BHARUCH,-,-,-,-,-,-,-,-,21.83228600,72.92957100,01-07-2019 08:30,"","","","","",""
482,BHUKHI KHADI D/S OF GIDC SAYKHA VILL: KOTHIYA TA: VAGRA DIST BHARUCH,CPCB,24,Gujarat,442,Bharuch,BHARUCH,-,-,-,-,-,-,-,-,21.83228600,72.92957100,01-08-2019 08:30,"","","","","",""
483,BHUKHI KHADI D/S OF GIDC SAYKHA VILL: KOTHIYA TA: VAGRA DIST BHARUCH,CPCB,24,Gujarat,442,Bharuch,BHARUCH,-,-,-,-,-,-,-,-,21.83228600,72.92957100,03-09-2019 08:30,"","","","","",""
484,BHUKHI KHADI D/S OF GIDC SAYKHA VILL: KOTHIYA TA: VAGRA DIST BHARUCH,CPCB,24,Gujarat,442,Bharuch,BHARUCH,-,-,-,-,-,-,-,-,21.83228600,72.92957100,01-10-2019 08:30,"","","","","",""
485,BHUKHI KHADI D/S OF GIDC SAYKHA VILL: KOTHIYA TA: VAGRA DIST BHARUCH,CPCB,24,Gujarat,442,Bharuch,BHARUCH,-,-,-,-,-,-,-,-,21.83228600,72.92957100,04-11-2019 08:30,"","","","","",""
486,BHUKHI KHADI D/S OF GIDC SAYKHA VILL: KOTHIYA TA: VAGRA DIST BHARUCH,CPCB,24,Gujarat,442,Bharuch,BHARUCH,-,-,-,-,-,-,-,-,21.83228600,72.92957100,02-12-2019 08:30,"","","","","",""
487,BHUKHI KHADI D/S OF GIDC SAYKHA VILL: KOTHIYA TA: VAGRA DIST BHARUCH,CPCB,24,Gujarat,442,Bharuch,BHARUCH,-,-,-,-,-,-,-,-,21.83228600,72.92957100,01-01-2020 08:30,724,"","",10.4,"",26
488,BHUKHI KHADI D/S OF GIDC SAYKHA VILL: KOTHIYA TA: VAGRA DIST BHARUCH,CPCB,24,Gujarat,442,Bharuch,BHARUCH,-,-,-,-,-,-,-,-,21.83228600,72.92957100,01-02-2020 08:30,737,"","",8.6,"",""
489,BHUKHI KHADI D/S OF GIDC SAYKHA VILL: KOTHIYA TA: VAGRA DIST BHARUCH,CPCB,24,Gujarat,442,Bharuch,BHARUCH,-,-,-,-,-,-,-,-,21.83228600,72.92957100,02-03-2020 08:30,848,"","",18.6,"",""
490,BHUKHI KHADI D/S OF GIDC SAYKHA VILL: KOTHIYA TA: VAGRA DIST BHARUCH,CPCB,24,Gujarat,442,Bharuch,BHARUCH,-,-,-,-,-,-,-,-,21.83228600,72.92957100,07-04-2020 08:30,637,"","",9.4,"",""
491,BHUKHI KHADI D/S OF GIDC SAYKHA VILL: KOTHIYA TA: VAGRA DIST BHARUCH,CPCB,24,Gujarat,442,Bharuch,BHARUCH,-,-,-,-,-,-,-,-,21.83228600,72.92957100,01-05-2020 08:30,1030,"","",7.9,"",""
492,BHUKHI KHADI D/S OF GIDC SAYKHA VILL: KOTHIYA TA: VAGRA DIST BHARUCH,CPCB,24,Gujarat,442,Bharuch,BHARUCH,-,-,-,-,-,-,-,-,21.83228600,72.92957100,01-07-2020 08:30,1050,"","",7,"",""
493,BHUKHI KHADI D/S OF GIDC SAYKHA VILL: KOTHIYA TA: VAGRA DIST BHARUCH,CPCB,24,Gujarat,442,Bharuch,BHARUCH,-,-,-,-,-,-,-,-,21.83228600,72.92957100,10-08-2020 08:30,1492,"","",22,"",""
494,BHUKHI KHADI D/S OF GIDC SAYKHA VILL: KOTHIYA TA: VAGRA DIST BHARUCH,CPCB,24,Gujarat,442,Bharuch,BHARUCH,-,-,-,-,-,-,-,-,21.83228600,72.92957100,05-09-2020 08:30,392,"","",12,"",""
495,BHUKHI KHADI D/S OF GIDC SAYKHA VILL: KOTHIYA TA: VAGRA DIST BHARUCH,CPCB,24,Gujarat,442,Bharuch,BHARUCH,-,-,-,-,-,-,-,-,21.83228600,72.92957100,04-11-2020 08:30,1454,"","",8,"",""
496,BHUKHI KHADI D/S OF GIDC SAYKHA VILL: KOTHIYA TA: VAGRA DIST BHARUCH,CPCB,24,Gujarat,442,Bharuch,BHARUCH,-,-,-,-,-,-,-,-,21.83228600,72.92957100,05-12-2020 08:30,1733,"","",Other,"",""
497,BHUKHI KHADI D/S OF GIDC VILAYAT TA; VAGRA DIST BHARUCH,CPCB,24,Gujarat,442,Bharuch,BHARUCH,-,-,-,-,-,-,-,-,21.78419900,72.91281500,06-05-2019 08:30,"","","","","",""
498,BHUKHI KHADI D/S OF GIDC VILAYAT TA; VAGRA DIST BHARUCH,CPCB,24,Gujarat,442,Bharuch,BHARUCH,-,-,-,-,-,-,-,-,21.78419900,72.91281500,01-07-2019 08:30,"","","","","",""
499,BHUKHI KHADI D/S OF GIDC VILAYAT TA; VAGRA DIST BHARUCH,CPCB,24,Gujarat,442,Bharuch,BHARUCH,-,-,-,-,-,-,-,-,21.78419900,72.91281500,01-08-2019 08:30,"","","","","",""
500,BHUKHI KHADI D/S OF GIDC VILAYAT TA; VAGRA DIST BHARUCH,CPCB,24,Gujarat,442,Bharuch,BHARUCH,-,-,-,-,-,-,-,-,21.78419900,72.91281500,03-09-2019 08:30,"","","","","",""
501,BHUKHI KHADI D/S OF GIDC VILAYAT TA; VAGRA DIST BHARUCH,CPCB,24,Gujarat,442,Bharuch,BHARUCH,-,-,-,-,-,-,-,-,21.78419900,72.91281500,01-10-2019 08:30,"","","","","",""
502,BHUKHI KHADI D/S OF GIDC VILAYAT TA; VAGRA DIST BHARUCH,CPCB,24,Gujarat,442,Bharuch,BHARUCH,-,-,-,-,-,-,-,-,21.78419900,72.91281500,04-11-2019 08:30,"","","","","",""
503,BHUKHI KHADI D/S OF GIDC VILAYAT TA; VAGRA DIST BHARUCH,CPCB,24,Gujarat,442,Bharuch,BHARUCH,-,-,-,-,-,-,-,-,21.78419900,72.91281500,02-12-2019 08:30,"","","","","",""
504,BHUKHI KHADI D/S OF GIDC VILAYAT TA; VAGRA DIST BHARUCH,CPCB,24,Gujarat,442,Bharuch,BHARUCH,-,-,-,-,-,-,-,-,21.78419900,72.91281500,01-01-2020 08:30,846,"","",4.7,"",10
505,BHUKHI KHADI D/S OF GIDC VILAYAT TA; VAGRA DIST BHARUCH,CPCB,24,Gujarat,442,Bharuch,BHARUCH,-,-,-,-,-,-,-,-,21.78419900,72.91281500,01-02-2020 08:30,942,"","",6.6,"",""
506,BHUKHI KHADI D/S OF GIDC VILAYAT TA; VAGRA DIST BHARUCH,CPCB,24,Gujarat,442,Bharuch,BHARUCH,-,-,-,-,-,-,-,-,21.78419900,72.91281500,02-03-2020 08:30,604,"","",26.7,"",""
507,BHUKHI KHADI D/S OF GIDC VILAYAT TA; VAGRA DIST BHARUCH,CPCB,24,Gujarat,442,Bharuch,BHARUCH,-,-,-,-,-,-,-,-,21.78419900,72.91281500,07-04-2020 08:30,586,"","",3.6,"",""
508,BHUKHI KHADI D/S OF GIDC VILAYAT TA; VAGRA DIST BHARUCH,CPCB,24,Gujarat,442,Bharuch,BHARUCH,-,-,-,-,-,-,-,-,21.78419900,72.91281500,01-05-2020 08:30,1320,"","",7.5,"",""
509,BHUKHI KHADI D/S OF GIDC VILAYAT TA; VAGRA DIST BHARUCH,CPCB,24,Gujarat,442,Bharuch,BHARUCH,-,-,-,-,-,-,-,-,21.78419900,72.91281500,01-07-2020 08:30,988,"","",11,"",""
510,BHUKHI KHADI D/S OF GIDC VILAYAT TA; VAGRA DIST BHARUCH,CPCB,24,Gujarat,442,Bharuch,BHARUCH,-,-,-,-,-,-,-,-,21.78419900,72.91281500,10-08-2020 08:30,1440,"","",4,"",""
511,BHUKHI KHADI D/S OF GIDC VILAYAT TA; VAGRA DIST BHARUCH,CPCB,24,Gujarat,442,Bharuch,BHARUCH,-,-,-,-,-,-,-,-,21.78419900,72.91281500,05-09-2020 08:30,523,"","",51,"",""
512,BHUKHI KHADI D/S OF GIDC VILAYAT TA; VAGRA DIST BHARUCH,CPCB,24,Gujarat,442,Bharuch,BHARUCH,-,-,-,-,-,-,-,-,21.78419900,72.91281500,04-11-2020 08:30,4315,"","",13,"",""
513,BHUKHI KHADI D/S OF GIDC VILAYAT TA; VAGRA DIST BHARUCH,CPCB,24,Gujarat,442,Bharuch,BHARUCH,-,-,-,-,-,-,-,-,21.78419900,72.91281500,05-12-2020 08:30,834,"","",1,"",""
514,BHUKHI KHADI U/S OF GIDC VILAYAT TA; VAGRA DIST BHARUCH.,CPCB,24,Gujarat,442,Bharuch,VAGRA,-,-,-,-,-,-,-,-,21.79546300,72.90714600,01-07-2019 08:30,"","","","","",""
515,BHUKHI KHADI U/S OF GIDC VILAYAT TA; VAGRA DIST BHARUCH.,CPCB,24,Gujarat,442,Bharuch,VAGRA,-,-,-,-,-,-,-,-,21.79546300,72.90714600,01-08-2019 08:30,"","","","","",""
516,BHUKHI KHADI U/S OF GIDC VILAYAT TA; VAGRA DIST BHARUCH.,CPCB,24,Gujarat,442,Bharuch,VAGRA,-,-,-,-,-,-,-,-,21.79546300,72.90714600,03-09-2019 08:30,"","","","","",""
517,BHUKHI KHADI U/S OF GIDC VILAYAT TA; VAGRA DIST BHARUCH.,CPCB,24,Gujarat,442,Bharuch,VAGRA,-,-,-,-,-,-,-,-,21.79546300,72.90714600,01-10-2019 08:30,"","","","","",""
518,BHUKHI KHADI U/S OF GIDC VILAYAT TA; VAGRA DIST BHARUCH.,CPCB,24,Gujarat,442,Bharuch,VAGRA,-,-,-,-,-,-,-,-,21.79546300,72.90714600,04-11-2019 08:30,"","","","","",""
519,BHUKHI KHADI U/S OF GIDC VILAYAT TA; VAGRA DIST BHARUCH.,CPCB,24,Gujarat,442,Bharuch,VAGRA,-,-,-,-,-,-,-,-,21.79546300,72.90714600,02-12-2019 08:30,"","","","","",""
520,BHUKHI KHADI U/S OF GIDC VILAYAT TA; VAGRA DIST BHARUCH.,CPCB,24,Gujarat,442,Bharuch,VAGRA,-,-,-,-,-,-,-,-,21.79546300,72.90714600,01-01-2020 08:30,430,"","",3.2,"",30
521,BHUKHI KHADI U/S OF GIDC VILAYAT TA; VAGRA DIST BHARUCH.,CPCB,24,Gujarat,442,Bharuch,VAGRA,-,-,-,-,-,-,-,-,21.79546300,72.90714600,01-02-2020 08:30,518,"","",3.1,"",""
522,BHUKHI KHADI U/S OF GIDC VILAYAT TA; VAGRA DIST BHARUCH.,CPCB,24,Gujarat,442,Bharuch,VAGRA,-,-,-,-,-,-,-,-,21.79546300,72.90714600,02-03-2020 08:30,481,"","",24.6,"",""
523,BHUKHI KHADI U/S OF GIDC VILAYAT TA; VAGRA DIST BHARUCH.,CPCB,24,Gujarat,442,Bharuch,VAGRA,-,-,-,-,-,-,-,-,21.79546300,72.90714600,07-04-2020 08:30,540,"","",2.8,"",""
524,BHUKHI KHADI U/S OF GIDC VILAYAT TA; VAGRA DIST BHARUCH.,CPCB,24,Gujarat,442,Bharuch,VAGRA,-,-,-,-,-,-,-,-,21.79546300,72.90714600,01-05-2020 08:30,1010,"","",5.4,"",""
525,BHUKHI KHADI U/S OF GIDC VILAYAT TA; VAGRA DIST BHARUCH.,CPCB,24,Gujarat,442,Bharuch,VAGRA,-,-,-,-,-,-,-,-,21.79546300,72.90714600,01-07-2020 08:30,802,"","",9,"",""
526,BHUKHI KHADI U/S OF GIDC VILAYAT TA; VAGRA DIST BHARUCH.,CPCB,24,Gujarat,442,Bharuch,VAGRA,-,-,-,-,-,-,-,-,21.79546300,72.90714600,10-08-2020 08:30,743,"","",2,"",""
527,BHUKHI KHADI U/S OF GIDC VILAYAT TA; VAGRA DIST BHARUCH.,CPCB,24,Gujarat,442,Bharuch,VAGRA,-,-,-,-,-,-,-,-,21.79546300,72.90714600,05-09-2020 08:30,319,"","",77,"",""
528,BHUKHI KHADI U/S OF GIDC VILAYAT TA; VAGRA DIST BHARUCH.,CPCB,24,Gujarat,442,Bharuch,VAGRA,-,-,-,-,-,-,-,-,21.79546300,72.90714600,04-11-2020 08:30,1109,"","",7,"",""
529,BHUKHI KHADI U/S OF GIDC VILAYAT TA; VAGRA DIST BHARUCH.,CPCB,24,Gujarat,442,Bharuch,VAGRA,-,-,-,-,-,-,-,-,21.79546300,72.90714600,05-12-2020 08:30,770,"","",2,"",""
530,BINDUSAROVAR SIDDHPUR (DIST.PATAN),CPCB,24,Gujarat,455,Patan,SIDHPUR,-,-,-,-,-,-,-,-,23.90835300,72.36446200,01-01-2018 08:30,2164,"","","","",""
531,BINDUSAROVAR SIDDHPUR (DIST.PATAN),CPCB,24,Gujarat,455,Patan,SIDHPUR,-,-,-,-,-,-,-,-,23.90835300,72.36446200,03-02-2018 08:30,2231,"","","","",""
532,BINDUSAROVAR SIDDHPUR (DIST.PATAN),CPCB,24,Gujarat,455,Patan,SIDHPUR,-,-,-,-,-,-,-,-,23.90835300,72.36446200,05-03-2018 08:30,2397,"","","","",""
533,BINDUSAROVAR SIDDHPUR (DIST.PATAN),CPCB,24,Gujarat,455,Patan,SIDHPUR,-,-,-,-,-,-,-,-,23.90835300,72.36446200,02-04-2018 08:30,2248,"","","","",""
534,BINDUSAROVAR SIDDHPUR (DIST.PATAN),CPCB,24,Gujarat,455,Patan,SIDHPUR,-,-,-,-,-,-,-,-,23.90835300,72.36446200,04-05-2018 08:30,2669,"","","","",""
535,BINDUSAROVAR SIDDHPUR (DIST.PATAN),CPCB,24,Gujarat,455,Patan,SIDHPUR,-,-,-,-,-,-,-,-,23.90835300,72.36446200,01-06-2018 08:30,2808,"","","","",""
536,BINDUSAROVAR SIDDHPUR (DIST.PATAN),CPCB,24,Gujarat,455,Patan,SIDHPUR,-,-,-,-,-,-,-,-,23.90835300,72.36446200,02-07-2018 08:30,2404,"","","","",""
537,BINDUSAROVAR SIDDHPUR (DIST.PATAN),CPCB,24,Gujarat,455,Patan,SIDHPUR,-,-,-,-,-,-,-,-,23.90835300,72.36446200,01-08-2018 08:30,2482,"","","","",""
538,BINDUSAROVAR SIDDHPUR (DIST.PATAN),CPCB,24,Gujarat,455,Patan,SIDHPUR,-,-,-,-,-,-,-,-,23.90835300,72.36446200,06-09-2018 08:30,2554,"","","","",""
539,BINDUSAROVAR SIDDHPUR (DIST.PATAN),CPCB,24,Gujarat,455,Patan,SIDHPUR,-,-,-,-,-,-,-,-,23.90835300,72.36446200,01-10-2018 08:30,2322,"","","","",""
540,BINDUSAROVAR SIDDHPUR (DIST.PATAN),CPCB,24,Gujarat,455,Patan,SIDHPUR,-,-,-,-,-,-,-,-,23.90835300,72.36446200,02-11-2018 08:30,2321,"","","","",""
541,BINDUSAROVAR SIDDHPUR (DIST.PATAN),CPCB,24,Gujarat,455,Patan,SIDHPUR,-,-,-,-,-,-,-,-,23.90835300,72.36446200,01-12-2018 08:30,2284,"","","","",""
542,BINDUSAROVAR SIDDHPUR (DIST.PATAN),CPCB,24,Gujarat,455,Patan,SIDHPUR,-,-,-,-,-,-,-,-,23.90835300,72.36446200,02-01-2019 08:30,2111,"","","","",""
543,BINDUSAROVAR SIDDHPUR (DIST.PATAN),CPCB,24,Gujarat,455,Patan,SIDHPUR,-,-,-,-,-,-,-,-,23.90835300,72.36446200,01-02-2019 08:30,2377,"","","","",""
544,BINDUSAROVAR SIDDHPUR (DIST.PATAN),CPCB,24,Gujarat,455,Patan,SIDHPUR,-,-,-,-,-,-,-,-,23.90835300,72.36446200,01-03-2019 08:30,2267,"","","","",""
545,BINDUSAROVAR SIDDHPUR (DIST.PATAN),CPCB,24,Gujarat,455,Patan,SIDHPUR,-,-,-,-,-,-,-,-,23.90835300,72.36446200,01-04-2019 08:30,2457,"","","","",""
546,BINDUSAROVAR SIDDHPUR (DIST.PATAN),CPCB,24,Gujarat,455,Patan,SIDHPUR,-,-,-,-,-,-,-,-,23.90835300,72.36446200,01-05-2019 08:30,2682,"","","","",""
547,BINDUSAROVAR SIDDHPUR (DIST.PATAN),CPCB,24,Gujarat,455,Patan,SIDHPUR,-,-,-,-,-,-,-,-,23.90835300,72.36446200,01-06-2019 08:30,2571,"","","","",""
548,BINDUSAROVAR SIDDHPUR (DIST.PATAN),CPCB,24,Gujarat,455,Patan,SIDHPUR,-,-,-,-,-,-,-,-,23.90835300,72.36446200,04-07-2019 08:30,2366,"","","","",""
549,BINDUSAROVAR SIDDHPUR (DIST.PATAN),CPCB,24,Gujarat,455,Patan,SIDHPUR,-,-,-,-,-,-,-,-,23.90835300,72.36446200,01-08-2019 08:30,698,"","","","",""
550,BINDUSAROVAR SIDDHPUR (DIST.PATAN),CPCB,24,Gujarat,455,Patan,SIDHPUR,-,-,-,-,-,-,-,-,23.90835300,72.36446200,03-09-2019 08:30,2306,"","","","",""
551,BINDUSAROVAR SIDDHPUR (DIST.PATAN),CPCB,24,Gujarat,455,Patan,SIDHPUR,-,-,-,-,-,-,-,-,23.90835300,72.36446200,01-10-2019 08:30,1054,"","","","",""
552,BINDUSAROVAR SIDDHPUR (DIST.PATAN),CPCB,24,Gujarat,455,Patan,SIDHPUR,-,-,-,-,-,-,-,-,23.90835300,72.36446200,07-11-2019 08:30,2310,"","","","",""
553,BINDUSAROVAR SIDDHPUR (DIST.PATAN),CPCB,24,Gujarat,455,Patan,SIDHPUR,-,-,-,-,-,-,-,-,23.90835300,72.36446200,02-12-2019 08:30,2139,"","","","",""
554,BINDUSAROVAR SIDDHPUR (DIST.PATAN),CPCB,24,Gujarat,455,Patan,SIDHPUR,-,-,-,-,-,-,-,-,23.90835300,72.36446200,04-01-2020 08:30,2048,"","",0.2,"",6
555,BINDUSAROVAR SIDDHPUR (DIST.PATAN),CPCB,24,Gujarat,455,Patan,SIDHPUR,-,-,-,-,-,-,-,-,23.90835300,72.36446200,04-02-2020 08:30,2358,"","",1.5,"",""
556,BINDUSAROVAR SIDDHPUR (DIST.PATAN),CPCB,24,Gujarat,455,Patan,SIDHPUR,-,-,-,-,-,-,-,-,23.90835300,72.36446200,05-03-2020 08:30,2449,"","",0.5,"",""
557,BINDUSAROVAR SIDDHPUR (DIST.PATAN),CPCB,24,Gujarat,455,Patan,SIDHPUR,-,-,-,-,-,-,-,-,23.90835300,72.36446200,11-04-2020 08:30,2509,"","",0.8,"",""
558,BINDUSAROVAR SIDDHPUR (DIST.PATAN),CPCB,24,Gujarat,455,Patan,SIDHPUR,-,-,-,-,-,-,-,-,23.90835300,72.36446200,01-05-2020 08:30,2540,"","",0.2,"",""
559,BINDUSAROVAR SIDDHPUR (DIST.PATAN),CPCB,24,Gujarat,455,Patan,SIDHPUR,-,-,-,-,-,-,-,-,23.90835300,72.36446200,01-06-2020 08:30,3113,"","",0.6,"",""
560,BINDUSAROVAR SIDDHPUR (DIST.PATAN),CPCB,24,Gujarat,455,Patan,SIDHPUR,-,-,-,-,-,-,-,-,23.90835300,72.36446200,01-07-2020 08:30,2053,"","",0.3,"",""
561,BINDUSAROVAR SIDDHPUR (DIST.PATAN),CPCB,24,Gujarat,455,Patan,SIDHPUR,-,-,-,-,-,-,-,-,23.90835300,72.36446200,04-08-2020 08:30,1082,"","",13,"",""
562,BOREWELL AT DHANGADHRA NEAR DHANGADHRA CHEMICALS,CPCB,24,Gujarat,460,Surendranagar,DHRANGADHRA,-,-,-,-,-,-,-,-,22.98097500,71.47390000,25-04-2019 08:30,5157,Clear,"",3,"",""
563,BOREWELL AT DHANGADHRA NEAR DHANGADHRA CHEMICALS,CPCB,24,Gujarat,460,Surendranagar,DHRANGADHRA,-,-,-,-,-,-,-,-,22.98097500,71.47390000,03-04-2020 08:30,8026,"","",2,"",""
564,BOREWELL AT DHANGADHRA NEAR DHANGADHRA CHEMICALS,CPCB,24,Gujarat,460,Surendranagar,DHRANGADHRA,-,-,-,-,-,-,-,-,22.98097500,71.47390000,20-10-2020 08:30,4648,"","",2,"",""
565,BORE WELL AT MSW DISPOSAL SITE OF SURAT MUNICIPAL CORPORATION AT VILL. KHAJOD DIST. SURAT.,CPCB,24,Gujarat,459,Surat,SURAT CITY,-,-,-,-,-,-,-,-,21.11614200,72.78802800,05-04-2020 08:30,Clear,"","",Clear,"",""
566,BOREWELL AT PIRAMAL GLASS VILLAGE TARSADI AT KOSAMBA INDUSTRIAL AREA SURAT,CPCB,24,Gujarat,459,Surat,MANGROL,-,-,-,-,-,-,-,-,21.45858700,72.94299700,02-04-2018 08:30,3532,"","",5.5,"",""
567,BOREWELL AT PIRAMAL GLASS VILLAGE TARSADI AT KOSAMBA INDUSTRIAL AREA SURAT,CPCB,24,Gujarat,459,Surat,MANGROL,-,-,-,-,-,-,-,-,21.45858700,72.94299700,01-10-2018 08:30,3366,"","",2,"",""
568,BOREWELL AT PIRAMAL GLASS VILLAGE TARSADI AT KOSAMBA INDUSTRIAL AREA SURAT,CPCB,24,Gujarat,459,Surat,MANGROL,-,-,-,-,-,-,-,-,21.45858700,72.94299700,04-04-2019 08:30,4126,Clear,"",3.5,"",""
569,BOREWELL AT PIRAMAL GLASS VILLAGE TARSADI AT KOSAMBA INDUSTRIAL AREA SURAT,CPCB,24,Gujarat,459,Surat,MANGROL,-,-,-,-,-,-,-,-,21.45858700,72.94299700,01-10-2019 08:30,3840,Clear,"",2,"",""
570,BOREWELL AT PIRAMAL GLASS VILLAGE TARSADI AT KOSAMBA INDUSTRIAL AREA SURAT,CPCB,24,Gujarat,459,Surat,MANGROL,-,-,-,-,-,-,-,-,21.45858700,72.94299700,07-04-2020 08:30,3595,"","",3,"",""
571,BOREWELL AT PIRAMAL GLASS VILLAGE TARSADI AT KOSAMBA INDUSTRIAL AREA SURAT,CPCB,24,Gujarat,459,Surat,MANGROL,-,-,-,-,-,-,-,-,21.45858700,72.94299700,01-10-2020 08:30,4019,"","",1,"",""
572,BOREWELL AT PRIMARY HEALTH CENTER KADODARA SURAT,CPCB,24,Gujarat,459,Surat,PALSANA,-,-,-,-,-,-,-,-,21.17007500,72.96507000,03-04-2018 08:30,1672,"","",1.3,"",""
573,BOREWELL AT PRIMARY HEALTH CENTER KADODARA SURAT,CPCB,24,Gujarat,459,Surat,PALSANA,-,-,-,-,-,-,-,-,21.17007500,72.96507000,03-10-2018 08:30,1599,"","",3,"",""
574,BOREWELL AT PRIMARY HEALTH CENTER KADODARA SURAT,CPCB,24,Gujarat,459,Surat,PALSANA,-,-,-,-,-,-,-,-,21.17007500,72.96507000,02-04-2019 08:30,1449,Clear,"",2,"",""
575,BOREWELL AT PRIMARY HEALTH CENTER KADODARA SURAT,CPCB,24,Gujarat,459,Surat,PALSANA,-,-,-,-,-,-,-,-,21.17007500,72.96507000,03-10-2019 08:30,2119,Clear,"",3,"",""
576,BOREWELL AT PRIMARY HEALTH CENTER KADODARA SURAT,CPCB,24,Gujarat,459,Surat,PALSANA,-,-,-,-,-,-,-,-,21.17007500,72.96507000,06-04-2020 08:30,2280,"","",4,"",""
577,BOREWELL AT PRIMARY HEALTH CENTER KADODARA SURAT,CPCB,24,Gujarat,459,Surat,PALSANA,-,-,-,-,-,-,-,-,21.17007500,72.96507000,01-10-2020 08:30,2032,"","",2.5,"",""
578,BORE WELL AT STP MADHAPAR DIST. RAJKOT.,CPCB,24,Gujarat,457,Rajkot,RAJKOT,-,-,-,-,-,-,-,-,22.32530300,70.76879700,13-04-2018 08:30,1900,"","","","",""
579,BORE WELL AT STP MADHAPAR DIST. RAJKOT.,CPCB,24,Gujarat,457,Rajkot,RAJKOT,-,-,-,-,-,-,-,-,22.32530300,70.76879700,25-10-2018 08:30,2067,"","",2,"",""
580,BORE WELL AT STP MADHAPAR DIST. RAJKOT.,CPCB,24,Gujarat,457,Rajkot,RAJKOT,-,-,-,-,-,-,-,-,22.32530300,70.76879700,22-04-2019 08:30,2348,Clear,"","","",""
581,BORE WELL AT STP MADHAPAR DIST. RAJKOT.,CPCB,24,Gujarat,457,Rajkot,RAJKOT,-,-,-,-,-,-,-,-,22.32530300,70.76879700,05-10-2019 08:30,4195,Clear,"","","",""
582,BORE WELL AT STP MADHAPAR DIST. RAJKOT.,CPCB,24,Gujarat,457,Rajkot,RAJKOT,-,-,-,-,-,-,-,-,22.32530300,70.76879700,08-04-2020 08:30,Clear,"","",Clear,"",""
583,BORE WELL AT VORAGAMDI,CPCB,24,Gujarat,461,Vadodara,VADODARA,-,-,-,-,-,-,-,-,22.22032800,73.22150100,01-10-2019 08:30,1248,Clear,"","","",""
584,BORE WELL AT VORAGAMDI,CPCB,24,Gujarat,461,Vadodara,VADODARA,-,-,-,-,-,-,-,-,22.22032800,73.22150100,03-04-2020 08:30,1368,"","",0.7,"",""
585,BORE WELL AT VORAGAMDI,CPCB,24,Gujarat,461,Vadodara,VADODARA,-,-,-,-,-,-,-,-,22.22032800,73.22150100,03-10-2020 08:30,1251,"","",0.2,"",""
586,BOREWELL CETP-NARODA GIDC NARODA-AHMEDABAD,CPCB,24,Gujarat,438,Ahmedabad,AHMADABAD CITY,-,-,-,-,-,-,-,-,23.08125300,72.66772500,03-04-2018 08:30,1525,Colorless,"","","",""
587,BOREWELL CETP-NARODA GIDC NARODA-AHMEDABAD,CPCB,24,Gujarat,438,Ahmedabad,AHMADABAD CITY,-,-,-,-,-,-,-,-,23.08125300,72.66772500,03-10-2018 08:30,1554,"","","","",""
588,BOREWELL CETP-NARODA GIDC NARODA-AHMEDABAD,CPCB,24,Gujarat,438,Ahmedabad,AHMADABAD CITY,-,-,-,-,-,-,-,-,23.08125300,72.66772500,01-04-2019 08:30,1535,Clear,"","","",""
589,BOREWELL CETP-NARODA GIDC NARODA-AHMEDABAD,CPCB,24,Gujarat,438,Ahmedabad,AHMADABAD CITY,-,-,-,-,-,-,-,-,23.08125300,72.66772500,02-10-2019 08:30,1399,Clear,"","","",""
590,BOREWELL CETP-NARODA GIDC NARODA-AHMEDABAD,CPCB,24,Gujarat,438,Ahmedabad,AHMADABAD CITY,-,-,-,-,-,-,-,-,23.08125300,72.66772500,09-04-2020 08:30,2607,"","",1.3,"",""
591,BOREWELL CETP-NARODA GIDC NARODA-AHMEDABAD,CPCB,24,Gujarat,438,Ahmedabad,AHMADABAD CITY,-,-,-,-,-,-,-,-,23.08125300,72.66772500,01-10-2020 08:30,1366,"","",Other,"",""
592,BOREWELL D/S TSDF SITE GIDC INDUSTRIAL AREA VAPI,CPCB,24,Gujarat,462,Valsad,PARDI,-,-,-,-,-,-,-,-,20.36666700,72.90000100,04-04-2018 08:30,620,"","","","",""
593,BOREWELL D/S TSDF SITE GIDC INDUSTRIAL AREA VAPI,CPCB,24,Gujarat,462,Valsad,PARDI,-,-,-,-,-,-,-,-,20.36666700,72.90000100,05-10-2018 08:30,754,"","",3.8,"",""
594,BOREWELL D/S TSDF SITE GIDC INDUSTRIAL AREA VAPI,CPCB,24,Gujarat,462,Valsad,PARDI,-,-,-,-,-,-,-,-,20.36666700,72.90000100,04-04-2019 08:30,672,Clear,"",12,"",""
595,BOREWELL D/S TSDF SITE GIDC INDUSTRIAL AREA VAPI,CPCB,24,Gujarat,462,Valsad,PARDI,-,-,-,-,-,-,-,-,20.36666700,72.90000100,03-10-2019 08:30,498,Clear,"",9,"",""
596,BOREWELL D/S TSDF SITE GIDC INDUSTRIAL AREA VAPI,CPCB,24,Gujarat,462,Valsad,PARDI,-,-,-,-,-,-,-,-,20.36666700,72.90000100,09-04-2020 08:30,551,"","",Clear,"",""
597,BOREWELL D/S TSDF SITE GIDC INDUSTRIAL AREA VAPI,CPCB,24,Gujarat,462,Valsad,PARDI,-,-,-,-,-,-,-,-,20.36666700,72.90000100,01-10-2020 08:30,598,"","",0.5,"",""
598,BOREWELL KADI INDUSTRIAL AREA,CPCB,24,Gujarat,451,Mahesana,KADI,-,-,-,-,-,-,-,-,23.30994500,72.26423600,01-01-2018 08:30,"",Colorless,"","","",""
599,BOREWELL KADI INDUSTRIAL AREA,CPCB,24,Gujarat,451,Mahesana,KADI,-,-,-,-,-,-,-,-,23.30994500,72.26423600,01-02-2018 08:30,"",Colorless,"","","",""
600,BOREWELL KADI INDUSTRIAL AREA,CPCB,24,Gujarat,451,Mahesana,KADI,-,-,-,-,-,-,-,-,23.30994500,72.26423600,02-04-2018 08:30,1667,"","","","",""
601,BOREWELL KADI INDUSTRIAL AREA,CPCB,24,Gujarat,451,Mahesana,KADI,-,-,-,-,-,-,-,-,23.30994500,72.26423600,01-10-2018 08:30,1840,"","",2.3,"",""
602,BOREWELL KADI INDUSTRIAL AREA,CPCB,24,Gujarat,451,Mahesana,KADI,-,-,-,-,-,-,-,-,23.30994500,72.26423600,02-04-2019 08:30,1819,Clear,"","","",""
603,BOREWELL KADI INDUSTRIAL AREA,CPCB,24,Gujarat,451,Mahesana,KADI,-,-,-,-,-,-,-,-,23.30994500,72.26423600,04-10-2019 08:30,1501,Clear,"","","",""
604,BOREWELL KADI INDUSTRIAL AREA,CPCB,24,Gujarat,451,Mahesana,KADI,-,-,-,-,-,-,-,-,23.30994500,72.26423600,01-04-2020 08:30,1980,"","",0.4,"",""
605,BOREWELL NEAR CENTER OF EXCELLENCE BUILDING GIDC VATVA AHMEDABAD,CPCB,24,Gujarat,438,Ahmedabad,AHMADABAD CITY,-,-,-,-,-,-,-,-,22.99877300,72.55463700,03-04-2018 08:30,3267,Colorless,"","","",""
606,BOREWELL NEAR CENTER OF EXCELLENCE BUILDING GIDC VATVA AHMEDABAD,CPCB,24,Gujarat,438,Ahmedabad,AHMADABAD CITY,-,-,-,-,-,-,-,-,22.99877300,72.55463700,03-10-2018 08:30,2432,Colorless,"","","",""
607,BOREWELL NEAR CENTER OF EXCELLENCE BUILDING GIDC VATVA AHMEDABAD,CPCB,24,Gujarat,438,Ahmedabad,AHMADABAD CITY,-,-,-,-,-,-,-,-,22.99877300,72.55463700,01-04-2019 08:30,2408,Clear,"","","",""
608,BOREWELL NEAR CENTER OF EXCELLENCE BUILDING GIDC VATVA AHMEDABAD,CPCB,24,Gujarat,438,Ahmedabad,AHMADABAD CITY,-,-,-,-,-,-,-,-,22.99877300,72.55463700,02-10-2019 08:30,2701,Clear,"","","",""
609,BOREWELL NEAR CENTER OF EXCELLENCE BUILDING GIDC VATVA AHMEDABAD,CPCB,24,Gujarat,438,Ahmedabad,AHMADABAD CITY,-,-,-,-,-,-,-,-,22.99877300,72.55463700,09-04-2020 08:30,2143,"","",0.2,"",""
610,BOREWELL NEAR CENTER OF EXCELLENCE BUILDING GIDC VATVA AHMEDABAD,CPCB,24,Gujarat,438,Ahmedabad,AHMADABAD CITY,-,-,-,-,-,-,-,-,22.99877300,72.55463700,03-10-2020 08:30,2401,"","",Other,"",""
611,BOREWELL NEAR GIDC ODHAV INDUSTRIAL ASSOCIATION BUILDING GIDC ODHAV AHMEDABAD,CPCB,24,Gujarat,438,Ahmedabad,AHMADABAD CITY,-,-,-,-,-,-,-,-,23.02154800,72.66358100,03-04-2018 08:30,1674,Colorless,"","","",""
612,BOREWELL NEAR GIDC ODHAV INDUSTRIAL ASSOCIATION BUILDING GIDC ODHAV AHMEDABAD,CPCB,24,Gujarat,438,Ahmedabad,AHMADABAD CITY,-,-,-,-,-,-,-,-,23.02154800,72.66358100,03-10-2018 08:30,1735,Colorless,"","","",""
613,BOREWELL NEAR GIDC ODHAV INDUSTRIAL ASSOCIATION BUILDING GIDC ODHAV AHMEDABAD,CPCB,24,Gujarat,438,Ahmedabad,AHMADABAD CITY,-,-,-,-,-,-,-,-,23.02154800,72.66358100,01-04-2019 08:30,1763,Clear,"","","",""
614,BOREWELL NEAR GIDC ODHAV INDUSTRIAL ASSOCIATION BUILDING GIDC ODHAV AHMEDABAD,CPCB,24,Gujarat,438,Ahmedabad,AHMADABAD CITY,-,-,-,-,-,-,-,-,23.02154800,72.66358100,02-10-2019 08:30,1860,Clear,"","","",""
615,BOREWELL NEAR GIDC ODHAV INDUSTRIAL ASSOCIATION BUILDING GIDC ODHAV AHMEDABAD,CPCB,24,Gujarat,438,Ahmedabad,AHMADABAD CITY,-,-,-,-,-,-,-,-,23.02154800,72.66358100,09-04-2020 08:30,1954,"","",0.2,"",""
616,BOREWELL NEAR GIDC ODHAV INDUSTRIAL ASSOCIATION BUILDING GIDC ODHAV AHMEDABAD,CPCB,24,Gujarat,438,Ahmedabad,AHMADABAD CITY,-,-,-,-,-,-,-,-,23.02154800,72.66358100,03-10-2020 08:30,1826,"","",Other,"",""
617,BOREWELL NEAR MUNICIPAL SOLID WASTE SITE- GYASPUR NAROL AHMEDABAD,CPCB,24,Gujarat,438,Ahmedabad,AHMADABAD CITY,-,-,-,-,-,-,-,-,22.97786800,72.54381600,02-02-2018 08:30,5759,"","","","",""
618,BOREWELL NEAR MUNICIPAL SOLID WASTE SITE- GYASPUR NAROL AHMEDABAD,CPCB,24,Gujarat,438,Ahmedabad,AHMADABAD CITY,-,-,-,-,-,-,-,-,22.97786800,72.54381600,05-03-2018 08:30,5769,"","","","",""
619,BOREWELL NEAR MUNICIPAL SOLID WASTE SITE- GYASPUR NAROL AHMEDABAD,CPCB,24,Gujarat,438,Ahmedabad,AHMADABAD CITY,-,-,-,-,-,-,-,-,22.97786800,72.54381600,03-04-2018 08:30,5267,"","","","",""
620,BOREWELL NEAR MUNICIPAL SOLID WASTE SITE- GYASPUR NAROL AHMEDABAD,CPCB,24,Gujarat,438,Ahmedabad,AHMADABAD CITY,-,-,-,-,-,-,-,-,22.97786800,72.54381600,01-05-2018 08:30,6053,"","","","",""
621,BOREWELL NEAR MUNICIPAL SOLID WASTE SITE- GYASPUR NAROL AHMEDABAD,CPCB,24,Gujarat,438,Ahmedabad,AHMADABAD CITY,-,-,-,-,-,-,-,-,22.97786800,72.54381600,02-06-2018 08:30,6095,"","",3.4,"",""
622,BOREWELL NEAR MUNICIPAL SOLID WASTE SITE- GYASPUR NAROL AHMEDABAD,CPCB,24,Gujarat,438,Ahmedabad,AHMADABAD CITY,-,-,-,-,-,-,-,-,22.97786800,72.54381600,03-07-2018 08:30,5657,"","","","",""
623,BOREWELL NEAR MUNICIPAL SOLID WASTE SITE- GYASPUR NAROL AHMEDABAD,CPCB,24,Gujarat,438,Ahmedabad,AHMADABAD CITY,-,-,-,-,-,-,-,-,22.97786800,72.54381600,01-08-2018 08:30,5587,"","","","",""
624,BOREWELL NEAR MUNICIPAL SOLID WASTE SITE- GYASPUR NAROL AHMEDABAD,CPCB,24,Gujarat,438,Ahmedabad,AHMADABAD CITY,-,-,-,-,-,-,-,-,22.97786800,72.54381600,06-09-2018 08:30,6251,"","","","",""
625,BOREWELL NEAR MUNICIPAL SOLID WASTE SITE- GYASPUR NAROL AHMEDABAD,CPCB,24,Gujarat,438,Ahmedabad,AHMADABAD CITY,-,-,-,-,-,-,-,-,22.97786800,72.54381600,03-10-2018 08:30,5466,"","","","",""
626,BOREWELL NEAR MUNICIPAL SOLID WASTE SITE- GYASPUR NAROL AHMEDABAD,CPCB,24,Gujarat,438,Ahmedabad,AHMADABAD CITY,-,-,-,-,-,-,-,-,22.97786800,72.54381600,03-11-2018 08:30,5324,"","","","",""
627,BOREWELL NEAR MUNICIPAL SOLID WASTE SITE- GYASPUR NAROL AHMEDABAD,CPCB,24,Gujarat,438,Ahmedabad,AHMADABAD CITY,-,-,-,-,-,-,-,-,22.97786800,72.54381600,01-12-2018 08:30,5274,"","","","",""
628,BOREWELL NEAR MUNICIPAL SOLID WASTE SITE- GYASPUR NAROL AHMEDABAD,CPCB,24,Gujarat,438,Ahmedabad,AHMADABAD CITY,-,-,-,-,-,-,-,-,22.97786800,72.54381600,01-01-2019 08:30,4678,"","","","",""
629,BOREWELL NEAR MUNICIPAL SOLID WASTE SITE- GYASPUR NAROL AHMEDABAD,CPCB,24,Gujarat,438,Ahmedabad,AHMADABAD CITY,-,-,-,-,-,-,-,-,22.97786800,72.54381600,04-02-2019 08:30,5150,Clear,"",1.4,"",""
630,BOREWELL NEAR MUNICIPAL SOLID WASTE SITE- GYASPUR NAROL AHMEDABAD,CPCB,24,Gujarat,438,Ahmedabad,AHMADABAD CITY,-,-,-,-,-,-,-,-,22.97786800,72.54381600,02-03-2019 08:30,3257,Clear,"",10,"",""
631,BOREWELL NEAR MUNICIPAL SOLID WASTE SITE- GYASPUR NAROL AHMEDABAD,CPCB,24,Gujarat,438,Ahmedabad,AHMADABAD CITY,-,-,-,-,-,-,-,-,22.97786800,72.54381600,02-04-2019 08:30,3183,Clear,"","","",""
632,BOREWELL NEAR MUNICIPAL SOLID WASTE SITE- GYASPUR NAROL AHMEDABAD,CPCB,24,Gujarat,438,Ahmedabad,AHMADABAD CITY,-,-,-,-,-,-,-,-,22.97786800,72.54381600,01-05-2019 08:30,5769,Clear,"","","",""
633,BOREWELL NEAR MUNICIPAL SOLID WASTE SITE- GYASPUR NAROL AHMEDABAD,CPCB,24,Gujarat,438,Ahmedabad,AHMADABAD CITY,-,-,-,-,-,-,-,-,22.97786800,72.54381600,01-06-2019 08:30,3931,Clear,"","","",""
634,BOREWELL NEAR MUNICIPAL SOLID WASTE SITE- GYASPUR NAROL AHMEDABAD,CPCB,24,Gujarat,438,Ahmedabad,AHMADABAD CITY,-,-,-,-,-,-,-,-,22.97786800,72.54381600,01-07-2019 08:30,3884,Clear,"","","",""
635,BOREWELL NEAR MUNICIPAL SOLID WASTE SITE- GYASPUR NAROL AHMEDABAD,CPCB,24,Gujarat,438,Ahmedabad,AHMADABAD CITY,-,-,-,-,-,-,-,-,22.97786800,72.54381600,02-08-2019 08:30,6174,Clear,"","","",""
636,BOREWELL NEAR MUNICIPAL SOLID WASTE SITE- GYASPUR NAROL AHMEDABAD,CPCB,24,Gujarat,438,Ahmedabad,AHMADABAD CITY,-,-,-,-,-,-,-,-,22.97786800,72.54381600,03-09-2019 08:30,4145,Clear,"","","",""
637,BOREWELL NEAR MUNICIPAL SOLID WASTE SITE- GYASPUR NAROL AHMEDABAD,CPCB,24,Gujarat,438,Ahmedabad,AHMADABAD CITY,-,-,-,-,-,-,-,-,22.97786800,72.54381600,03-10-2019 08:30,3919,Clear,"","","",""
638,BOREWELL NEAR MUNICIPAL SOLID WASTE SITE- GYASPUR NAROL AHMEDABAD,CPCB,24,Gujarat,438,Ahmedabad,AHMADABAD CITY,-,-,-,-,-,-,-,-,22.97786800,72.54381600,05-11-2019 08:30,3826,Clear,"","","",""
639,BOREWELL NEAR MUNICIPAL SOLID WASTE SITE- GYASPUR NAROL AHMEDABAD,CPCB,24,Gujarat,438,Ahmedabad,AHMADABAD CITY,-,-,-,-,-,-,-,-,22.97786800,72.54381600,02-12-2019 08:30,3677,Clear,"","","",""
640,BOREWELL NEAR MUNICIPAL SOLID WASTE SITE- GYASPUR NAROL AHMEDABAD,CPCB,24,Gujarat,438,Ahmedabad,AHMADABAD CITY,-,-,-,-,-,-,-,-,22.97786800,72.54381600,02-01-2020 08:30,3243,"","",0.2,"",4
641,BOREWELL NEAR MUNICIPAL SOLID WASTE SITE- GYASPUR NAROL AHMEDABAD,CPCB,24,Gujarat,438,Ahmedabad,AHMADABAD CITY,-,-,-,-,-,-,-,-,22.97786800,72.54381600,01-02-2020 08:30,3475,"","",0.2,"",""
642,BOREWELL NEAR MUNICIPAL SOLID WASTE SITE- GYASPUR NAROL AHMEDABAD,CPCB,24,Gujarat,438,Ahmedabad,AHMADABAD CITY,-,-,-,-,-,-,-,-,22.97786800,72.54381600,04-03-2020 08:30,3632,"","",0.8,"",""
643,BOREWELL NEAR MUNICIPAL SOLID WASTE SITE- GYASPUR NAROL AHMEDABAD,CPCB,24,Gujarat,438,Ahmedabad,AHMADABAD CITY,-,-,-,-,-,-,-,-,22.97786800,72.54381600,04-04-2020 08:30,3835,"","",0.4,"",""
644,BOREWELL NEAR MUNICIPAL SOLID WASTE SITE- GYASPUR NAROL AHMEDABAD,CPCB,24,Gujarat,438,Ahmedabad,AHMADABAD CITY,-,-,-,-,-,-,-,-,22.97786800,72.54381600,01-05-2020 08:30,4185,"","",0.4,"",""
645,BOREWELL NEAR MUNICIPAL SOLID WASTE SITE- GYASPUR NAROL AHMEDABAD,CPCB,24,Gujarat,438,Ahmedabad,AHMADABAD CITY,-,-,-,-,-,-,-,-,22.97786800,72.54381600,05-08-2020 08:30,3790,"","",3.3,"",""
646,BOREWELL NEAR MUNICIPAL SOLID WASTE SITE- GYASPUR NAROL AHMEDABAD,CPCB,24,Gujarat,438,Ahmedabad,AHMADABAD CITY,-,-,-,-,-,-,-,-,22.97786800,72.54381600,02-12-2020 08:30,3602,"","",Clear,"",""
647,BOREWELL NEAR MUNICIPAL SOLID WASTE SITE NAKARWADI RAJKOT,CPCB,24,Gujarat,457,Rajkot,RAJKOT,-,-,-,-,-,-,-,-,22.30382800,70.80239700,22-04-2019 08:30,2261,Clear,"","","",""
648,BOREWELL NEAR MUNICIPAL SOLID WASTE SITE NAKARWADI RAJKOT,CPCB,24,Gujarat,457,Rajkot,RAJKOT,-,-,-,-,-,-,-,-,22.30382800,70.80239700,05-10-2019 08:30,949,Clear,"",46,"",""
649,BOREWELL NEAR MUNICIPAL SOLID WASTE SITE NAKARWADI RAJKOT,CPCB,24,Gujarat,457,Rajkot,RAJKOT,-,-,-,-,-,-,-,-,22.30382800,70.80239700,09-04-2020 08:30,Clear,"","",Clear,"",""
650,BOREWELL NEAR TSDF OF BHARUCH ENVIRO INFRASTRUCTURE LIMITED ANKLESHWAR BHARUCH,CPCB,24,Gujarat,442,Bharuch,BHARUCH,-,-,-,-,-,-,-,-,21.70476700,72.99572200,03-04-2018 08:30,4510,"","","","",""
651,BOREWELL NEAR TSDF OF BHARUCH ENVIRO INFRASTRUCTURE LIMITED ANKLESHWAR BHARUCH,CPCB,24,Gujarat,442,Bharuch,BHARUCH,-,-,-,-,-,-,-,-,21.70476700,72.99572200,02-10-2018 08:30,3750,Clear,"","","",""
652,BOREWELL NEAR TSDF OF BHARUCH ENVIRO INFRASTRUCTURE LIMITED ANKLESHWAR BHARUCH,CPCB,24,Gujarat,442,Bharuch,BHARUCH,-,-,-,-,-,-,-,-,21.70476700,72.99572200,01-10-2019 08:30,4120,Clear,"","","",""
653,BOREWELL NEAR TSDF OF BHARUCH ENVIRO INFRASTRUCTURE LIMITED ANKLESHWAR BHARUCH,CPCB,24,Gujarat,442,Bharuch,BHARUCH,-,-,-,-,-,-,-,-,21.70476700,72.99572200,07-04-2020 08:30,5930,"","",0.3,"",""
654,BOREWELL NEAR TSDF OF BHARUCH ENVIRO INFRASTRUCTURE LIMITED ANKLESHWAR BHARUCH,CPCB,24,Gujarat,442,Bharuch,BHARUCH,-,-,-,-,-,-,-,-,21.70476700,72.99572200,01-10-2020 08:30,3570,"","",Clear,"",""
655,BOREWELL NEAR TSDF OF GUJARAT MARITIME BOARD ALANG BHAVNAGAR,CPCB,24,Gujarat,443,Bhavnagar,TALAJA,-,-,-,-,-,-,-,-,21.39960300,72.17458900,02-04-2018 08:30,1790,"","",8,"",""
656,BOREWELL NEAR TSDF OF GUJARAT MARITIME BOARD ALANG BHAVNAGAR,CPCB,24,Gujarat,443,Bhavnagar,TALAJA,-,-,-,-,-,-,-,-,21.39960300,72.17458900,03-10-2018 08:30,1980,"","","","",""
657,BOREWELL NEAR TSDF OF GUJARAT MARITIME BOARD ALANG BHAVNAGAR,CPCB,24,Gujarat,443,Bhavnagar,TALAJA,-,-,-,-,-,-,-,-,21.39960300,72.17458900,01-04-2019 08:30,1890,Clear,"",4,"",""
658,BOREWELL NEAR TSDF OF GUJARAT MARITIME BOARD ALANG BHAVNAGAR,CPCB,24,Gujarat,443,Bhavnagar,TALAJA,-,-,-,-,-,-,-,-,21.39960300,72.17458900,03-10-2019 08:30,1910,Clear,"",4,"",""
659,BOREWELL NEAR TSDF OF GUJARAT MARITIME BOARD ALANG BHAVNAGAR,CPCB,24,Gujarat,443,Bhavnagar,TALAJA,-,-,-,-,-,-,-,-,21.39960300,72.17458900,09-04-2020 08:30,2100,"","",2,"",""
660,BOREWELL NEAR TSDF OF GUJARAT MARITIME BOARD ALANG BHAVNAGAR,CPCB,24,Gujarat,443,Bhavnagar,TALAJA,-,-,-,-,-,-,-,-,21.39960300,72.17458900,08-10-2020 08:30,3600,"","",5,"",""
661,BOREWELL NEAR TSDF SITE OF GREEN ENVIRONMNET SERVICES CO. OP.LTD VATVA AHMEDABAD,CPCB,24,Gujarat,438,Ahmedabad,DASKROI,-,-,-,-,-,-,-,-,22.95593800,72.63945900,03-04-2018 08:30,2521,"","","","",""
662,BOREWELL NEAR TSDF SITE OF GREEN ENVIRONMNET SERVICES CO. OP.LTD VATVA AHMEDABAD,CPCB,24,Gujarat,438,Ahmedabad,DASKROI,-,-,-,-,-,-,-,-,22.95593800,72.63945900,03-10-2018 08:30,2883,"","","","",""
663,BOREWELL NEAR TSDF SITE OF GREEN ENVIRONMNET SERVICES CO. OP.LTD VATVA AHMEDABAD,CPCB,24,Gujarat,438,Ahmedabad,DASKROI,-,-,-,-,-,-,-,-,22.95593800,72.63945900,01-04-2019 08:30,2730,"","","","",""
664,BOREWELL NEAR TSDF SITE OF GREEN ENVIRONMNET SERVICES CO. OP.LTD VATVA AHMEDABAD,CPCB,24,Gujarat,438,Ahmedabad,DASKROI,-,-,-,-,-,-,-,-,22.95593800,72.63945900,02-10-2019 08:30,2885,Clear,"","","",""
665,BOREWELL NEAR TSDF SITE OF GREEN ENVIRONMNET SERVICES CO. OP.LTD VATVA AHMEDABAD,CPCB,24,Gujarat,438,Ahmedabad,DASKROI,-,-,-,-,-,-,-,-,22.95593800,72.63945900,09-04-2020 08:30,3108,"","",0.4,"",""
666,BOREWELL NEAR TSDF SITE OF GREEN ENVIRONMNET SERVICES CO. OP.LTD VATVA AHMEDABAD,CPCB,24,Gujarat,438,Ahmedabad,DASKROI,-,-,-,-,-,-,-,-,22.95593800,72.63945900,03-10-2020 08:30,2679,"","",Other,"",""
667,BOREWELL NEAR TSDF SITE OF NARODA ENVIRO PROJECT.LTD ODHAVE AHMEDABAD,CPCB,24,Gujarat,438,Ahmedabad,AHMADABAD CITY,-,-,-,-,-,-,-,-,23.08213600,72.66846000,03-04-2018 08:30,2011,Colorless,"","","",""
668,BOREWELL NEAR TSDF SITE OF NARODA ENVIRO PROJECT.LTD ODHAVE AHMEDABAD,CPCB,24,Gujarat,438,Ahmedabad,AHMADABAD CITY,-,-,-,-,-,-,-,-,23.08213600,72.66846000,03-10-2018 08:30,1930,"","","","",""
669,BOREWELL NEAR TSDF SITE OF NARODA ENVIRO PROJECT.LTD ODHAVE AHMEDABAD,CPCB,24,Gujarat,438,Ahmedabad,AHMADABAD CITY,-,-,-,-,-,-,-,-,23.08213600,72.66846000,01-04-2019 08:30,1791,Clear,"",1.2,"",""
670,BOREWELL NEAR TSDF SITE OF NARODA ENVIRO PROJECT.LTD ODHAVE AHMEDABAD,CPCB,24,Gujarat,438,Ahmedabad,AHMADABAD CITY,-,-,-,-,-,-,-,-,23.08213600,72.66846000,02-10-2019 08:30,2135,Clear,"","","",""
671,BOREWELL NEAR TSDF SITE OF NARODA ENVIRO PROJECT.LTD ODHAVE AHMEDABAD,CPCB,24,Gujarat,438,Ahmedabad,AHMADABAD CITY,-,-,-,-,-,-,-,-,23.08213600,72.66846000,09-04-2020 08:30,2229,"","",0.8,"",""
672,BOREWELL NEAR TSDF SITE OF NARODA ENVIRO PROJECT.LTD ODHAVE AHMEDABAD,CPCB,24,Gujarat,438,Ahmedabad,AHMADABAD CITY,-,-,-,-,-,-,-,-,23.08213600,72.66846000,03-10-2020 08:30,2149,"","",3,"",""
673,BOREWELL NEAR TSDF SITE OF SAURASHTRA ENVIRO PROJECT LTD. JUNA KATARIYA BHACHAU,CPCB,24,Gujarat,449,Kachchh,BHACHAU,-,-,-,-,-,-,-,-,23.29104200,70.34160000,02-04-2018 08:30,2310,"","",1.3,"",""
674,BOREWELL NEAR TSDF SITE OF SAURASHTRA ENVIRO PROJECT LTD. JUNA KATARIYA BHACHAU,CPCB,24,Gujarat,449,Kachchh,BHACHAU,-,-,-,-,-,-,-,-,23.29104200,70.34160000,01-10-2018 08:30,3690,"","",3.1,"",""
675,BOREWELL NEAR TSDF SITE OF SAURASHTRA ENVIRO PROJECT LTD. JUNA KATARIYA BHACHAU,CPCB,24,Gujarat,449,Kachchh,BHACHAU,-,-,-,-,-,-,-,-,23.29104200,70.34160000,02-04-2019 08:30,2490,Clear,"","","",""
676,BOREWELL NEAR TSDF SITE OF SAURASHTRA ENVIRO PROJECT LTD. JUNA KATARIYA BHACHAU,CPCB,24,Gujarat,449,Kachchh,BHACHAU,-,-,-,-,-,-,-,-,23.29104200,70.34160000,08-04-2020 08:30,692,"","",0.8,"",""
677,BOREWELL NERA TSDF OF NANDESARI ENVIRO CONTROL LIMITED NADESARI VADODARA,CPCB,24,Gujarat,461,Vadodara,VADODARA,-,-,-,-,-,-,-,-,22.41372500,73.09099400,07-04-2018 08:30,8980,"","",4.2,"",""
678,BOREWELL NERA TSDF OF NANDESARI ENVIRO CONTROL LIMITED NADESARI VADODARA,CPCB,24,Gujarat,461,Vadodara,VADODARA,-,-,-,-,-,-,-,-,22.41372500,73.09099400,05-10-2018 08:30,11360,"","",41.1,"",""
679,BOREWELL NERA TSDF OF NANDESARI ENVIRO CONTROL LIMITED NADESARI VADODARA,CPCB,24,Gujarat,461,Vadodara,VADODARA,-,-,-,-,-,-,-,-,22.41372500,73.09099400,03-04-2019 08:30,10180,Light Brown,"",4.8,"",""
680,BOREWELL NERA TSDF OF NANDESARI ENVIRO CONTROL LIMITED NADESARI VADODARA,CPCB,24,Gujarat,461,Vadodara,VADODARA,-,-,-,-,-,-,-,-,22.41372500,73.09099400,07-10-2019 08:30,12350,Other,"",47.1,"",""
681,BOREWELL NERA TSDF OF NANDESARI ENVIRO CONTROL LIMITED NADESARI VADODARA,CPCB,24,Gujarat,461,Vadodara,VADODARA,-,-,-,-,-,-,-,-,22.41372500,73.09099400,03-04-2020 08:30,7290,"","",0.9,"",""
682,BOREWELL NERA TSDF OF NANDESARI ENVIRO CONTROL LIMITED NADESARI VADODARA,CPCB,24,Gujarat,461,Vadodara,VADODARA,-,-,-,-,-,-,-,-,22.41372500,73.09099400,01-10-2020 08:30,6710,"","",10.6,"",""
683,BOREWELL OF AJI GIDC RAJKOT,CPCB,24,Gujarat,457,Rajkot,RAJKOT,-,-,-,-,-,-,-,-,22.27959400,70.83513800,07-04-2018 08:30,2540,"","","","",""
684,BOREWELL OF AJI GIDC RAJKOT,CPCB,24,Gujarat,457,Rajkot,RAJKOT,-,-,-,-,-,-,-,-,22.27959400,70.83513800,25-10-2018 08:30,2205,"","",2,"",""
685,BOREWELL OF AJI GIDC RAJKOT,CPCB,24,Gujarat,457,Rajkot,RAJKOT,-,-,-,-,-,-,-,-,22.27959400,70.83513800,20-04-2019 08:30,1810,Clear,"","","",""
686,BOREWELL OF AJI GIDC RAJKOT,CPCB,24,Gujarat,457,Rajkot,RAJKOT,-,-,-,-,-,-,-,-,22.27959400,70.83513800,05-10-2019 08:30,1977,Clear,"","","",""
687,BOREWELL OF AJI GIDC RAJKOT,CPCB,24,Gujarat,457,Rajkot,RAJKOT,-,-,-,-,-,-,-,-,22.27959400,70.83513800,09-04-2020 08:30,Clear,"","",Clear,"",""
688,BORE WELL OF CHHATRAL GIDC.,CPCB,24,Gujarat,459,Surat,CHORASI,-,-,-,-,-,-,-,-,21.09307800,72.85745600,01-01-2018 08:30,2417,"","","","",""
689,BORE WELL OF CHHATRAL GIDC.,CPCB,24,Gujarat,459,Surat,CHORASI,-,-,-,-,-,-,-,-,21.09307800,72.85745600,02-02-2018 08:30,2572,"","","","",""
690,BORE WELL OF CHHATRAL GIDC.,CPCB,24,Gujarat,459,Surat,CHORASI,-,-,-,-,-,-,-,-,21.09307800,72.85745600,04-04-2018 08:30,2560,"","","","",""
691,BORE WELL OF CHHATRAL GIDC.,CPCB,24,Gujarat,459,Surat,CHORASI,-,-,-,-,-,-,-,-,21.09307800,72.85745600,02-05-2018 08:30,2639,"","","","",""
692,BORE WELL OF CHHATRAL GIDC.,CPCB,24,Gujarat,459,Surat,CHORASI,-,-,-,-,-,-,-,-,21.09307800,72.85745600,13-06-2018 08:30,3026,"","",8,"",""
693,BORE WELL OF CHHATRAL GIDC.,CPCB,24,Gujarat,459,Surat,CHORASI,-,-,-,-,-,-,-,-,21.09307800,72.85745600,02-07-2018 08:30,2736,"","","","",""
694,BORE WELL OF CHHATRAL GIDC.,CPCB,24,Gujarat,459,Surat,CHORASI,-,-,-,-,-,-,-,-,21.09307800,72.85745600,07-08-2018 08:30,2843,"","","","",""
695,BORE WELL OF CHHATRAL GIDC.,CPCB,24,Gujarat,459,Surat,CHORASI,-,-,-,-,-,-,-,-,21.09307800,72.85745600,07-09-2018 08:30,2840,"","",11.3,"",""
696,BORE WELL OF CHHATRAL GIDC.,CPCB,24,Gujarat,459,Surat,CHORASI,-,-,-,-,-,-,-,-,21.09307800,72.85745600,01-10-2018 08:30,2848,"","","","",""
697,BORE WELL OF CHHATRAL GIDC.,CPCB,24,Gujarat,459,Surat,CHORASI,-,-,-,-,-,-,-,-,21.09307800,72.85745600,03-11-2018 08:30,2728,"","","","",""
698,BORE WELL OF CHHATRAL GIDC.,CPCB,24,Gujarat,459,Surat,CHORASI,-,-,-,-,-,-,-,-,21.09307800,72.85745600,21-12-2018 08:30,2421,"","","","",""
699,BORE WELL OF CHHATRAL GIDC.,CPCB,24,Gujarat,459,Surat,CHORASI,-,-,-,-,-,-,-,-,21.09307800,72.85745600,05-01-2019 08:30,2480,Clear,"","","",""
700,BORE WELL OF CHHATRAL GIDC.,CPCB,24,Gujarat,459,Surat,CHORASI,-,-,-,-,-,-,-,-,21.09307800,72.85745600,04-02-2019 08:30,2682,Clear,"","","",""
701,BORE WELL OF CHHATRAL GIDC.,CPCB,24,Gujarat,459,Surat,CHORASI,-,-,-,-,-,-,-,-,21.09307800,72.85745600,06-03-2019 08:30,2206,Clear,"","","",""
702,BORE WELL OF CHHATRAL GIDC.,CPCB,24,Gujarat,459,Surat,CHORASI,-,-,-,-,-,-,-,-,21.09307800,72.85745600,03-04-2019 08:30,2808,Clear,"","","",""
703,BORE WELL OF CHHATRAL GIDC.,CPCB,24,Gujarat,459,Surat,CHORASI,-,-,-,-,-,-,-,-,21.09307800,72.85745600,06-05-2019 08:30,3008,Clear,"","","",""
704,BORE WELL OF CHHATRAL GIDC.,CPCB,24,Gujarat,459,Surat,CHORASI,-,-,-,-,-,-,-,-,21.09307800,72.85745600,03-10-2019 08:30,2447,Clear,"","","",""
705,BORE WELL OF CHHATRAL GIDC.,CPCB,24,Gujarat,459,Surat,CHORASI,-,-,-,-,-,-,-,-,21.09307800,72.85745600,01-01-2020 08:30,"","","","","",""
706,BORE WELL OF CHHATRAL GIDC.,CPCB,24,Gujarat,459,Surat,CHORASI,-,-,-,-,-,-,-,-,21.09307800,72.85745600,01-02-2020 08:30,Clear,"","",Clear,"",""
707,BORE WELL OF CHHATRAL GIDC.,CPCB,24,Gujarat,459,Surat,CHORASI,-,-,-,-,-,-,-,-,21.09307800,72.85745600,02-03-2020 08:30,Clear,"","",Clear,"",""
708,BORE WELL OF CHHATRAL GIDC.,CPCB,24,Gujarat,459,Surat,CHORASI,-,-,-,-,-,-,-,-,21.09307800,72.85745600,07-04-2020 08:30,4313,"","",0.4,"",""
709,BORE WELL OF CHHATRAL GIDC.,CPCB,24,Gujarat,459,Surat,CHORASI,-,-,-,-,-,-,-,-,21.09307800,72.85745600,01-05-2020 08:30,Clear,"","",Clear,"",""
710,BORE WELL OF CHHATRAL GIDC.,CPCB,24,Gujarat,459,Surat,CHORASI,-,-,-,-,-,-,-,-,21.09307800,72.85745600,01-07-2020 08:30,"","","","","",""
711,BOREWELL OF GAYATRI PRAGNA SCHOOL BHADARWAD ROAD BAZAR FALIA SARIGAM VALSAD,CPCB,24,Gujarat,462,Valsad,UMBERGAON,-,-,-,-,-,-,-,-,20.28467200,72.85506700,02-04-2018 08:30,1378,"","",8.8,"",""
712,BOREWELL OF GAYATRI PRAGNA SCHOOL BHADARWAD ROAD BAZAR FALIA SARIGAM VALSAD,CPCB,24,Gujarat,462,Valsad,UMBERGAON,-,-,-,-,-,-,-,-,20.28467200,72.85506700,01-10-2018 08:30,971,"","",2.6,"",""
713,BOREWELL OF GAYATRI PRAGNA SCHOOL BHADARWAD ROAD BAZAR FALIA SARIGAM VALSAD,CPCB,24,Gujarat,462,Valsad,UMBERGAON,-,-,-,-,-,-,-,-,20.28467200,72.85506700,01-04-2019 08:30,1450,Clear,"",4,"",""
714,BOREWELL OF GAYATRI PRAGNA SCHOOL BHADARWAD ROAD BAZAR FALIA SARIGAM VALSAD,CPCB,24,Gujarat,462,Valsad,UMBERGAON,-,-,-,-,-,-,-,-,20.28467200,72.85506700,08-04-2020 08:30,839,"","",Clear,"",""
715,BOREWELL OF GIDC ANTALIA WATER SUPPLY BILLIMORA GANDEVI,CPCB,24,Gujarat,453,Navsari,GANDEVI,-,-,-,-,-,-,-,-,20.76872200,73.00164000,05-04-2018 08:30,2513,"","","","",""
716,BOREWELL OF GIDC ANTALIA WATER SUPPLY BILLIMORA GANDEVI,CPCB,24,Gujarat,453,Navsari,GANDEVI,-,-,-,-,-,-,-,-,20.76872200,73.00164000,03-10-2018 08:30,1794,Clear,"",3,"",""
717,BOREWELL OF GIDC ANTALIA WATER SUPPLY BILLIMORA GANDEVI,CPCB,24,Gujarat,453,Navsari,GANDEVI,-,-,-,-,-,-,-,-,20.76872200,73.00164000,01-04-2019 08:30,3106,Clear,"",2.2,"",""
718,BOREWELL OF GIDC ANTALIA WATER SUPPLY BILLIMORA GANDEVI,CPCB,24,Gujarat,453,Navsari,GANDEVI,-,-,-,-,-,-,-,-,20.76872200,73.00164000,01-10-2019 08:30,2477,Clear,"",2,"",""
719,BOREWELL OF GIDC ANTALIA WATER SUPPLY BILLIMORA GANDEVI,CPCB,24,Gujarat,453,Navsari,GANDEVI,-,-,-,-,-,-,-,-,20.76872200,73.00164000,09-04-2020 08:30,2236,"","",2,"",""
720,BOREWELL OF GIDC ANTALIA WATER SUPPLY BILLIMORA GANDEVI,CPCB,24,Gujarat,453,Navsari,GANDEVI,-,-,-,-,-,-,-,-,20.76872200,73.00164000,03-10-2020 08:30,1933,"","",1,"",""
721,BOREWELL OF GIDC JHAGADIA,CPCB,24,Gujarat,442,Bharuch,JHAGADIA,-,-,-,-,-,-,-,-,21.63696900,73.13179300,04-04-2018 08:30,1610,"","","","",""
722,BOREWELL OF GIDC JHAGADIA,CPCB,24,Gujarat,442,Bharuch,JHAGADIA,-,-,-,-,-,-,-,-,21.63696900,73.13179300,01-10-2018 08:30,"",Clear,"","","",""
723,BOREWELL OF GIDC JHAGADIA,CPCB,24,Gujarat,442,Bharuch,JHAGADIA,-,-,-,-,-,-,-,-,21.63696900,73.13179300,09-04-2020 08:30,Clear,"","",Clear,"",""
724,BOREWELL OF GIDC JHAGADIA,CPCB,24,Gujarat,442,Bharuch,JHAGADIA,-,-,-,-,-,-,-,-,21.63696900,73.13179300,08-10-2020 08:30,2095,"","",Clear,"",""
725,BOREWELL OF GIDC JUNAGADH,CPCB,24,Gujarat,448,Junagadh,JUNAGADH,-,-,-,-,-,-,-,-,21.52153200,70.45703300,02-04-2018 08:30,4750,Clear,"","","",""
726,BOREWELL OF GIDC JUNAGADH,CPCB,24,Gujarat,448,Junagadh,JUNAGADH,-,-,-,-,-,-,-,-,21.52153200,70.45703300,09-10-2018 08:30,5569,Clear,"","","",""
727,BOREWELL OF GIDC JUNAGADH,CPCB,24,Gujarat,448,Junagadh,JUNAGADH,-,-,-,-,-,-,-,-,21.52153200,70.45703300,08-04-2019 08:30,5480,Clear,"","","",""
728,BOREWELL OF GIDC JUNAGADH,CPCB,24,Gujarat,448,Junagadh,JUNAGADH,-,-,-,-,-,-,-,-,21.52153200,70.45703300,09-04-2020 08:30,1950,"","",1,"",""
729,BOREWELL OF GIDC JUNAGADH,CPCB,24,Gujarat,448,Junagadh,JUNAGADH,-,-,-,-,-,-,-,-,21.52153200,70.45703300,08-10-2020 08:30,3814,"","",2,"",""
730,BOREWELL OF GIDC KALOL B/H GIDC OFFICE GIDC KALOL GANDHINAGAR,CPCB,24,Gujarat,446,Gandhinagar,KALOL,-,-,-,-,-,-,-,-,23.24624700,72.50928300,04-04-2018 08:30,3238,"","","","",""
731,BOREWELL OF GIDC KALOL B/H GIDC OFFICE GIDC KALOL GANDHINAGAR,CPCB,24,Gujarat,446,Gandhinagar,KALOL,-,-,-,-,-,-,-,-,23.24624700,72.50928300,09-10-2018 08:30,2814,"","",1.3,"",""
732,BOREWELL OF GIDC KALOL B/H GIDC OFFICE GIDC KALOL GANDHINAGAR,CPCB,24,Gujarat,446,Gandhinagar,KALOL,-,-,-,-,-,-,-,-,23.24624700,72.50928300,25-04-2019 08:30,3492,Clear,"","","",""
733,BOREWELL OF GIDC KALOL B/H GIDC OFFICE GIDC KALOL GANDHINAGAR,CPCB,24,Gujarat,446,Gandhinagar,KALOL,-,-,-,-,-,-,-,-,23.24624700,72.50928300,07-10-2019 08:30,2355,Clear,"","","",""
734,BOREWELL OF GIDC KALOL B/H GIDC OFFICE GIDC KALOL GANDHINAGAR,CPCB,24,Gujarat,446,Gandhinagar,KALOL,-,-,-,-,-,-,-,-,23.24624700,72.50928300,01-02-2020 08:30,Clear,"","",Clear,"",""
735,BOREWELL OF GIDC KALOL B/H GIDC OFFICE GIDC KALOL GANDHINAGAR,CPCB,24,Gujarat,446,Gandhinagar,KALOL,-,-,-,-,-,-,-,-,23.24624700,72.50928300,02-03-2020 08:30,Clear,"","",Clear,"",""
736,BOREWELL OF GIDC KALOL B/H GIDC OFFICE GIDC KALOL GANDHINAGAR,CPCB,24,Gujarat,446,Gandhinagar,KALOL,-,-,-,-,-,-,-,-,23.24624700,72.50928300,09-04-2020 08:30,2211,"","",4,"",""
737,BOREWELL OF GIDC KALOL B/H GIDC OFFICE GIDC KALOL GANDHINAGAR,CPCB,24,Gujarat,446,Gandhinagar,KALOL,-,-,-,-,-,-,-,-,23.24624700,72.50928300,01-05-2020 08:30,Clear,"","",Clear,"",""
738,BOREWELL OF GIDC KALOL B/H GIDC OFFICE GIDC KALOL GANDHINAGAR,CPCB,24,Gujarat,446,Gandhinagar,KALOL,-,-,-,-,-,-,-,-,23.24624700,72.50928300,01-07-2020 08:30,"","","","","",""
739,BOREWELL OF GIDC KANSARI,CPCB,24,Gujarat,441,Banaskantha,BHABHAR,-,-,-,-,-,-,-,-,24.32583900,72.14038000,03-04-2018 08:30,4290,"","","","",""
740,BOREWELL OF GIDC KANSARI,CPCB,24,Gujarat,441,Banaskantha,BHABHAR,-,-,-,-,-,-,-,-,24.32583900,72.14038000,01-10-2018 08:30,4490,"","",2.4,"",""
741,BOREWELL OF GIDC KANSARI,CPCB,24,Gujarat,441,Banaskantha,BHABHAR,-,-,-,-,-,-,-,-,24.32583900,72.14038000,02-04-2019 08:30,5520,Clear,"",1.6,"",""
742,BOREWELL OF GIDC KANSARI,CPCB,24,Gujarat,441,Banaskantha,BHABHAR,-,-,-,-,-,-,-,-,24.32583900,72.14038000,05-10-2019 08:30,4050,Clear,"","","",""
743,BOREWELL OF GIDC KANSARI,CPCB,24,Gujarat,441,Banaskantha,BHABHAR,-,-,-,-,-,-,-,-,24.32583900,72.14038000,07-04-2020 08:30,4970,"","",0.8,"",""
744,BOREWELL OF GIDC-NADIAD AT GIDC OFFICE GIDC NADIAD KHEDA,CPCB,24,Gujarat,450,Kheda,NADIAD,-,-,-,-,-,-,-,-,22.71031100,72.85289200,06-02-2018 08:30,"","","","","",""
745,BOREWELL OF GIDC-NADIAD AT GIDC OFFICE GIDC NADIAD KHEDA,CPCB,24,Gujarat,450,Kheda,NADIAD,-,-,-,-,-,-,-,-,22.71031100,72.85289200,04-04-2018 08:30,2880,"","","","",""
746,BOREWELL OF GIDC-NADIAD AT GIDC OFFICE GIDC NADIAD KHEDA,CPCB,24,Gujarat,450,Kheda,NADIAD,-,-,-,-,-,-,-,-,22.71031100,72.85289200,05-10-2018 08:30,"","","",6.8,"",""
747,BOREWELL OF GIDC-NADIAD AT GIDC OFFICE GIDC NADIAD KHEDA,CPCB,24,Gujarat,450,Kheda,NADIAD,-,-,-,-,-,-,-,-,22.71031100,72.85289200,02-04-2019 08:30,3170,Clear,"","","",""
748,BOREWELL OF GIDC-NADIAD AT GIDC OFFICE GIDC NADIAD KHEDA,CPCB,24,Gujarat,450,Kheda,NADIAD,-,-,-,-,-,-,-,-,22.71031100,72.85289200,07-04-2020 08:30,2760,"","",Clear,"",""
749,BOREWELL OF GIDC OFFICE SHANKAR TEKRI UDHYOGNAGAR JAMNANGAR,CPCB,24,Gujarat,447,Jamnagar,JAMNAGAR,-,-,-,-,-,-,-,-,22.47087800,70.05927500,02-04-2018 08:30,1850,"","","","",""
750,BOREWELL OF GIDC OFFICE SHANKAR TEKRI UDHYOGNAGAR JAMNANGAR,CPCB,24,Gujarat,447,Jamnagar,JAMNAGAR,-,-,-,-,-,-,-,-,22.47087800,70.05927500,15-10-2018 08:30,"","","","","",""
751,BOREWELL OF GIDC OFFICE SHANKAR TEKRI UDHYOGNAGAR JAMNANGAR,CPCB,24,Gujarat,447,Jamnagar,JAMNAGAR,-,-,-,-,-,-,-,-,22.47087800,70.05927500,08-04-2019 08:30,1950,Clear,"","","",""
752,BOREWELL OF GIDC OFFICE SHANKAR TEKRI UDHYOGNAGAR JAMNANGAR,CPCB,24,Gujarat,447,Jamnagar,JAMNAGAR,-,-,-,-,-,-,-,-,22.47087800,70.05927500,03-10-2019 08:30,1920,Clear,"","","",""
753,BOREWELL OF GIDC OFFICE SHANKAR TEKRI UDHYOGNAGAR JAMNANGAR,CPCB,24,Gujarat,447,Jamnagar,JAMNAGAR,-,-,-,-,-,-,-,-,22.47087800,70.05927500,06-04-2020 08:30,4580,"","",Clear,"",""
754,BOREWELL OF GIDC OFFICE SHANKAR TEKRI UDHYOGNAGAR JAMNANGAR,CPCB,24,Gujarat,447,Jamnagar,JAMNAGAR,-,-,-,-,-,-,-,-,22.47087800,70.05927500,06-10-2020 08:30,3859,"","",Clear,"",""
755,BOREWELL OF GIDC PANOLI,CPCB,24,Gujarat,442,Bharuch,ANKLESVAR,-,-,-,-,-,-,-,-,21.63046500,73.02288200,03-04-2018 08:30,4340,"","","","",""
756,BOREWELL OF GIDC PANOLI,CPCB,24,Gujarat,442,Bharuch,ANKLESVAR,-,-,-,-,-,-,-,-,21.63046500,73.02288200,01-10-2018 08:30,4660,Clear,"","","",""
757,BOREWELL OF GIDC PANOLI,CPCB,24,Gujarat,442,Bharuch,ANKLESVAR,-,-,-,-,-,-,-,-,21.63046500,73.02288200,03-10-2019 08:30,3912,Clear,"","","",""
758,BOREWELL OF GIDC PANOLI,CPCB,24,Gujarat,442,Bharuch,ANKLESVAR,-,-,-,-,-,-,-,-,21.63046500,73.02288200,08-04-2020 08:30,410,"","",0.3,"",""
759,BOREWELL OF GIDC PANOLI,CPCB,24,Gujarat,442,Bharuch,ANKLESVAR,-,-,-,-,-,-,-,-,21.63046500,73.02288200,08-10-2020 08:30,4102,"","",Clear,"",""
760,BOREWELL OF GIDC SOJITRA,CPCB,24,Gujarat,440,Anand,SOJITRA,-,-,-,-,-,-,-,-,22.53888100,72.72006100,03-04-2018 08:30,3150,"","","","",""
761,BOREWELL OF GIDC SOJITRA,CPCB,24,Gujarat,440,Anand,SOJITRA,-,-,-,-,-,-,-,-,22.53888100,72.72006100,01-10-2018 08:30,3090,"","","","",""
762,BOREWELL OF GIDC SOJITRA,CPCB,24,Gujarat,440,Anand,SOJITRA,-,-,-,-,-,-,-,-,22.53888100,72.72006100,02-04-2019 08:30,3970,Clear,"",1.8,"",""
763,BOREWELL OF GIDC SOJITRA,CPCB,24,Gujarat,440,Anand,SOJITRA,-,-,-,-,-,-,-,-,22.53888100,72.72006100,05-10-2019 08:30,2770,Clear,"","","",""
764,BOREWELL OF GIDC SOJITRA,CPCB,24,Gujarat,440,Anand,SOJITRA,-,-,-,-,-,-,-,-,22.53888100,72.72006100,07-04-2020 08:30,3100,"","",0.7,"",""
765,BOREWELL OF GIDC VARTEJ BHAVNAGAR,CPCB,24,Gujarat,443,Bhavnagar,BHAVNAGAR,-,-,-,-,-,-,-,-,21.74789800,72.07486700,04-04-2018 08:30,2740,Colorless,"","","",""
766,BOREWELL OF GIDC VARTEJ BHAVNAGAR,CPCB,24,Gujarat,443,Bhavnagar,BHAVNAGAR,-,-,-,-,-,-,-,-,21.74789800,72.07486700,04-10-2018 08:30,3120,"","","","",""
767,BOREWELL OF GIDC VARTEJ BHAVNAGAR,CPCB,24,Gujarat,443,Bhavnagar,BHAVNAGAR,-,-,-,-,-,-,-,-,21.74789800,72.07486700,01-04-2019 08:30,3200,Clear,"",4,"",""
768,BOREWELL OF GIDC VARTEJ BHAVNAGAR,CPCB,24,Gujarat,443,Bhavnagar,BHAVNAGAR,-,-,-,-,-,-,-,-,21.74789800,72.07486700,01-10-2019 08:30,3080,Clear,"",2,"",""
769,BOREWELL OF GIDC VARTEJ BHAVNAGAR,CPCB,24,Gujarat,443,Bhavnagar,BHAVNAGAR,-,-,-,-,-,-,-,-,21.74789800,72.07486700,07-04-2020 08:30,4000,"","",4,"",""
770,BOREWELL OF GIDC VARTEJ BHAVNAGAR,CPCB,24,Gujarat,443,Bhavnagar,BHAVNAGAR,-,-,-,-,-,-,-,-,21.74789800,72.07486700,01-12-2020 08:30,"","","","","",""
771,BOREWELL OF KALIAWADI GRID ROAD NAVSARI,CPCB,24,Gujarat,453,Navsari,NAVSARI,-,-,-,-,-,-,-,-,20.94968100,72.91502200,05-04-2018 08:30,2649,"","","","",""
772,BOREWELL OF KALIAWADI GRID ROAD NAVSARI,CPCB,24,Gujarat,453,Navsari,NAVSARI,-,-,-,-,-,-,-,-,20.94968100,72.91502200,03-10-2018 08:30,2046,Clear,"",5,"",""
773,BOREWELL OF KALIAWADI GRID ROAD NAVSARI,CPCB,24,Gujarat,453,Navsari,NAVSARI,-,-,-,-,-,-,-,-,20.94968100,72.91502200,01-04-2019 08:30,3229,Clear,"",3.4,"",""
774,BOREWELL OF KALIAWADI GRID ROAD NAVSARI,CPCB,24,Gujarat,453,Navsari,NAVSARI,-,-,-,-,-,-,-,-,20.94968100,72.91502200,01-10-2019 08:30,2945,Clear,"",2,"",""
775,BOREWELL OF KALIAWADI GRID ROAD NAVSARI,CPCB,24,Gujarat,453,Navsari,NAVSARI,-,-,-,-,-,-,-,-,20.94968100,72.91502200,09-04-2020 08:30,3799,"","",2,"",""
776,BOREWELL OF KALIAWADI GRID ROAD NAVSARI,CPCB,24,Gujarat,453,Navsari,NAVSARI,-,-,-,-,-,-,-,-,20.94968100,72.91502200,02-10-2020 08:30,2772,"","",1,"",""
777,BOREWELL OF L & T LTD. PLOT NO. 144/146 SARKHEJ-BAVLA ROAD SANAND AHMEDABAD,CPCB,24,Gujarat,438,Ahmedabad,SANAND,-,-,-,-,-,-,-,-,22.89497500,72.41787900,04-04-2018 08:30,5777,"","","","",""
778,BOREWELL OF L & T LTD. PLOT NO. 144/146 SARKHEJ-BAVLA ROAD SANAND AHMEDABAD,CPCB,24,Gujarat,438,Ahmedabad,SANAND,-,-,-,-,-,-,-,-,22.89497500,72.41787900,04-10-2018 08:30,6412,"","",1.1,"",""
779,BOREWELL OF L & T LTD. PLOT NO. 144/146 SARKHEJ-BAVLA ROAD SANAND AHMEDABAD,CPCB,24,Gujarat,438,Ahmedabad,SANAND,-,-,-,-,-,-,-,-,22.89497500,72.41787900,05-04-2019 08:30,6105,Clear,"","","",""
780,BOREWELL OF L & T LTD. PLOT NO. 144/146 SARKHEJ-BAVLA ROAD SANAND AHMEDABAD,CPCB,24,Gujarat,438,Ahmedabad,SANAND,-,-,-,-,-,-,-,-,22.89497500,72.41787900,01-10-2019 08:30,5963,Clear,"","","",""
781,BOREWELL OF L & T LTD. PLOT NO. 144/146 SARKHEJ-BAVLA ROAD SANAND AHMEDABAD,CPCB,24,Gujarat,438,Ahmedabad,SANAND,-,-,-,-,-,-,-,-,22.89497500,72.41787900,08-04-2020 08:30,6040,"","",0.6,"",""
782,BOREWELL OF L & T LTD. PLOT NO. 144/146 SARKHEJ-BAVLA ROAD SANAND AHMEDABAD,CPCB,24,Gujarat,438,Ahmedabad,SANAND,-,-,-,-,-,-,-,-,22.89497500,72.41787900,06-10-2020 08:30,4375,"","",Clear,"",""
783,BOREWELL OF MR. HITENDRABHAI LAKHMANBHAI KER SHIV SAI PARK NEW SMASHAN ROAD GANDHINAGAR,CPCB,24,Gujarat,447,Jamnagar,JAMNAGAR,-,-,-,-,-,-,-,-,22.49805600,70.05861100,14-05-2019 08:30,2240,Clear,"","","",""
784,BOREWELL OF MR. HITENDRABHAI LAKHMANBHAI KER SHIV SAI PARK NEW SMASHAN ROAD GANDHINAGAR,CPCB,24,Gujarat,447,Jamnagar,JAMNAGAR,-,-,-,-,-,-,-,-,22.49805600,70.05861100,04-10-2019 08:30,2210,Clear,"","","",""
785,BOREWELL OF MR. HITENDRABHAI LAKHMANBHAI KER SHIV SAI PARK NEW SMASHAN ROAD GANDHINAGAR,CPCB,24,Gujarat,447,Jamnagar,JAMNAGAR,-,-,-,-,-,-,-,-,22.49805600,70.05861100,06-04-2020 08:30,2504,"","",Clear,"",""
786,BOREWELL OF MR. HITENDRABHAI LAKHMANBHAI KER SHIV SAI PARK NEW SMASHAN ROAD GANDHINAGAR,CPCB,24,Gujarat,447,Jamnagar,JAMNAGAR,-,-,-,-,-,-,-,-,22.49805600,70.05861100,06-10-2020 08:30,2528,"","",Clear,"",""
787,BOREWELL OF M/S ALFA ECA (I) LTD. UNIT-1 SR.NO. 249 UMA IND. ESTATE VASNA  IYAVA SANAND AHMEDABAD,CPCB,24,Gujarat,438,Ahmedabad,AHMADABAD CITY,-,-,-,-,-,-,-,-,23.02768700,72.51873600,04-04-2018 08:30,2015,"","","","",""
788,BOREWELL OF M/S ALFA ECA (I) LTD. UNIT-1 SR.NO. 249 UMA IND. ESTATE VASNA  IYAVA SANAND AHMEDABAD,CPCB,24,Gujarat,438,Ahmedabad,AHMADABAD CITY,-,-,-,-,-,-,-,-,23.02768700,72.51873600,04-10-2018 08:30,2319,"","","","",""
789,BOREWELL OF M/S ALFA ECA (I) LTD. UNIT-1 SR.NO. 249 UMA IND. ESTATE VASNA  IYAVA SANAND AHMEDABAD,CPCB,24,Gujarat,438,Ahmedabad,AHMADABAD CITY,-,-,-,-,-,-,-,-,23.02768700,72.51873600,05-04-2019 08:30,1960,Clear,"","","",""
790,BOREWELL OF M/S ALFA ECA (I) LTD. UNIT-1 SR.NO. 249 UMA IND. ESTATE VASNA  IYAVA SANAND AHMEDABAD,CPCB,24,Gujarat,438,Ahmedabad,AHMADABAD CITY,-,-,-,-,-,-,-,-,23.02768700,72.51873600,01-10-2019 08:30,2261,Clear,"","","",""
791,BOREWELL OF M/S ALFA ECA (I) LTD. UNIT-1 SR.NO. 249 UMA IND. ESTATE VASNA  IYAVA SANAND AHMEDABAD,CPCB,24,Gujarat,438,Ahmedabad,AHMADABAD CITY,-,-,-,-,-,-,-,-,23.02768700,72.51873600,08-04-2020 08:30,2183,"","",0.6,"",""
792,BOREWELL OF M/S ALFA ECA (I) LTD. UNIT-1 SR.NO. 249 UMA IND. ESTATE VASNA  IYAVA SANAND AHMEDABAD,CPCB,24,Gujarat,438,Ahmedabad,AHMADABAD CITY,-,-,-,-,-,-,-,-,23.02768700,72.51873600,06-10-2020 08:30,1917,"","",3,"",""
793,BORE WELL OF NAVSARI GIDC INDUSTRIES ASSOCIATION OFFICE.,CPCB,24,Gujarat,453,Navsari,NAVSARI,-,-,-,-,-,-,-,-,20.94645000,72.94973600,05-04-2018 08:30,607,"","","","",""
794,BORE WELL OF NAVSARI GIDC INDUSTRIES ASSOCIATION OFFICE.,CPCB,24,Gujarat,453,Navsari,NAVSARI,-,-,-,-,-,-,-,-,20.94645000,72.94973600,03-10-2018 08:30,1792,Clear,"",10,"",""
795,BORE WELL OF NAVSARI GIDC INDUSTRIES ASSOCIATION OFFICE.,CPCB,24,Gujarat,453,Navsari,NAVSARI,-,-,-,-,-,-,-,-,20.94645000,72.94973600,01-04-2019 08:30,"",Clear,"",2,"",""
796,BORE WELL OF NAVSARI GIDC INDUSTRIES ASSOCIATION OFFICE.,CPCB,24,Gujarat,453,Navsari,NAVSARI,-,-,-,-,-,-,-,-,20.94645000,72.94973600,01-10-2019 08:30,2627,Clear,"",3,"",""
797,BORE WELL OF NAVSARI GIDC INDUSTRIES ASSOCIATION OFFICE.,CPCB,24,Gujarat,453,Navsari,NAVSARI,-,-,-,-,-,-,-,-,20.94645000,72.94973600,09-04-2020 08:30,Clear,"","",2,"",""
798,BORE WELL OF NAVSARI GIDC INDUSTRIES ASSOCIATION OFFICE.,CPCB,24,Gujarat,453,Navsari,NAVSARI,-,-,-,-,-,-,-,-,20.94645000,72.94973600,02-10-2020 08:30,2495,"","",3,"",""
799,BORE WELL OF PALSANA VILLAGE.,CPCB,24,Gujarat,459,Surat,PALSANA,-,-,-,-,-,-,-,-,21.08207500,72.98539200,03-04-2018 08:30,1187,"","",2,"",""
800,BORE WELL OF PALSANA VILLAGE.,CPCB,24,Gujarat,459,Surat,PALSANA,-,-,-,-,-,-,-,-,21.08207500,72.98539200,08-10-2018 08:30,2858,"","","","",""
801,BORE WELL OF PALSANA VILLAGE.,CPCB,24,Gujarat,459,Surat,PALSANA,-,-,-,-,-,-,-,-,21.08207500,72.98539200,02-04-2019 08:30,1594,Clear,"",8,"",""
802,BORE WELL OF PALSANA VILLAGE.,CPCB,24,Gujarat,459,Surat,PALSANA,-,-,-,-,-,-,-,-,21.08207500,72.98539200,03-10-2019 08:30,1394,Clear,"",3,"",""
803,BORE WELL OF PALSANA VILLAGE.,CPCB,24,Gujarat,459,Surat,PALSANA,-,-,-,-,-,-,-,-,21.08207500,72.98539200,01-02-2020 08:30,Clear,"","",Clear,"",""
804,BORE WELL OF PALSANA VILLAGE.,CPCB,24,Gujarat,459,Surat,PALSANA,-,-,-,-,-,-,-,-,21.08207500,72.98539200,02-03-2020 08:30,Clear,"","",Clear,"",""
805,BORE WELL OF PALSANA VILLAGE.,CPCB,24,Gujarat,459,Surat,PALSANA,-,-,-,-,-,-,-,-,21.08207500,72.98539200,09-04-2020 08:30,3217,"","",0.6,"",""
806,BORE WELL OF PALSANA VILLAGE.,CPCB,24,Gujarat,459,Surat,PALSANA,-,-,-,-,-,-,-,-,21.08207500,72.98539200,01-05-2020 08:30,Clear,"","",Clear,"",""
807,BORE WELL OF PALSANA VILLAGE.,CPCB,24,Gujarat,459,Surat,PALSANA,-,-,-,-,-,-,-,-,21.08207500,72.98539200,01-07-2020 08:30,"","","","","",""
808,BORE WELL OF PIRANA TERMINAL PUMPING STATION PIRANA NR. V. N. BRIDGE AHMEDABAD.,CPCB,24,Gujarat,438,Ahmedabad,AHMADABAD CITY,-,-,-,-,-,-,-,-,22.99119700,72.56691700,01-01-2018 08:30,2902,"","","","",""
809,BORE WELL OF PIRANA TERMINAL PUMPING STATION PIRANA NR. V. N. BRIDGE AHMEDABAD.,CPCB,24,Gujarat,438,Ahmedabad,AHMADABAD CITY,-,-,-,-,-,-,-,-,22.99119700,72.56691700,03-04-2018 08:30,2889,"","","","",""
810,BORE WELL OF PIRANA TERMINAL PUMPING STATION PIRANA NR. V. N. BRIDGE AHMEDABAD.,CPCB,24,Gujarat,438,Ahmedabad,AHMADABAD CITY,-,-,-,-,-,-,-,-,22.99119700,72.56691700,03-07-2018 08:30,3123,"","","","",""
811,BORE WELL OF PIRANA TERMINAL PUMPING STATION PIRANA NR. V. N. BRIDGE AHMEDABAD.,CPCB,24,Gujarat,438,Ahmedabad,AHMADABAD CITY,-,-,-,-,-,-,-,-,22.99119700,72.56691700,02-04-2019 08:30,3245,Clear,"","","",""
812,BORE WELL OF PIRANA TERMINAL PUMPING STATION PIRANA NR. V. N. BRIDGE AHMEDABAD.,CPCB,24,Gujarat,438,Ahmedabad,AHMADABAD CITY,-,-,-,-,-,-,-,-,22.99119700,72.56691700,03-10-2019 08:30,2949,Clear,"","","",""
813,BORE WELL OF PIRANA TERMINAL PUMPING STATION PIRANA NR. V. N. BRIDGE AHMEDABAD.,CPCB,24,Gujarat,438,Ahmedabad,AHMADABAD CITY,-,-,-,-,-,-,-,-,22.99119700,72.56691700,02-01-2020 08:30,2600,"","",0.2,"",4
814,BORE WELL OF PIRANA TERMINAL PUMPING STATION PIRANA NR. V. N. BRIDGE AHMEDABAD.,CPCB,24,Gujarat,438,Ahmedabad,AHMADABAD CITY,-,-,-,-,-,-,-,-,22.99119700,72.56691700,04-04-2020 08:30,3203,"","",0.6,"",""
815,BORE WELL OF PIRANA TERMINAL PUMPING STATION PIRANA NR. V. N. BRIDGE AHMEDABAD.,CPCB,24,Gujarat,438,Ahmedabad,AHMADABAD CITY,-,-,-,-,-,-,-,-,22.99119700,72.56691700,05-10-2020 08:30,2920,"","",1,"",""
816,BORE WELL OF SACHIN GIDC.,CPCB,24,Gujarat,459,Surat,CHORASI,-,-,-,-,-,-,-,-,21.09307800,72.85745600,04-04-2018 08:30,8571,"","","","",""
817,BORE WELL OF SACHIN GIDC.,CPCB,24,Gujarat,459,Surat,CHORASI,-,-,-,-,-,-,-,-,21.09307800,72.85745600,08-10-2018 08:30,9018,"","",8,"",""
818,BORE WELL OF SACHIN GIDC.,CPCB,24,Gujarat,459,Surat,CHORASI,-,-,-,-,-,-,-,-,21.09307800,72.85745600,03-04-2019 08:30,8506,Clear,"",16,"",""
819,BORE WELL OF SACHIN GIDC.,CPCB,24,Gujarat,459,Surat,CHORASI,-,-,-,-,-,-,-,-,21.09307800,72.85745600,04-10-2019 08:30,8331,Clear,"",3,"",""
820,BORE WELL OF SACHIN GIDC.,CPCB,24,Gujarat,459,Surat,CHORASI,-,-,-,-,-,-,-,-,21.09307800,72.85745600,05-04-2020 08:30,10630,"","",3,"",""
821,BORE WELL OF SACHIN GIDC.,CPCB,24,Gujarat,459,Surat,CHORASI,-,-,-,-,-,-,-,-,21.09307800,72.85745600,01-10-2020 08:30,8883,"","",3,"",""
822,BORE WELL OF SANTEJ VILLAGE.,CPCB,24,Gujarat,446,Gandhinagar,KALOL,-,-,-,-,-,-,-,-,23.10170600,72.47466100,06-10-2018 08:30,1987,"","","","",""
823,BORE WELL OF SANTEJ VILLAGE.,CPCB,24,Gujarat,446,Gandhinagar,KALOL,-,-,-,-,-,-,-,-,23.10170600,72.47466100,05-04-2019 08:30,1556,Clear,"","","",""
824,BORE WELL OF SANTEJ VILLAGE.,CPCB,24,Gujarat,446,Gandhinagar,KALOL,-,-,-,-,-,-,-,-,23.10170600,72.47466100,04-10-2019 08:30,1971,Clear,"","","",""
825,BORE WELL OF SANTEJ VILLAGE.,CPCB,24,Gujarat,446,Gandhinagar,KALOL,-,-,-,-,-,-,-,-,23.10170600,72.47466100,01-02-2020 08:30,Clear,"","",Clear,"",""
826,BORE WELL OF SANTEJ VILLAGE.,CPCB,24,Gujarat,446,Gandhinagar,KALOL,-,-,-,-,-,-,-,-,23.10170600,72.47466100,02-03-2020 08:30,Clear,"","",Clear,"",""
827,BORE WELL OF SANTEJ VILLAGE.,CPCB,24,Gujarat,446,Gandhinagar,KALOL,-,-,-,-,-,-,-,-,23.10170600,72.47466100,09-04-2020 08:30,2051,"","",0.4,"",""
828,BORE WELL OF SANTEJ VILLAGE.,CPCB,24,Gujarat,446,Gandhinagar,KALOL,-,-,-,-,-,-,-,-,23.10170600,72.47466100,01-05-2020 08:30,Clear,"","",Clear,"",""
829,BORE WELL OF SANTEJ VILLAGE.,CPCB,24,Gujarat,446,Gandhinagar,KALOL,-,-,-,-,-,-,-,-,23.10170600,72.47466100,01-07-2020 08:30,"","","","","",""
830,BOREWELL OF SHRI KANKESHWAR MAHADEV MANDIR OPP. MSW DUMPSITE VIBHAPAR,CPCB,24,Gujarat,447,Jamnagar,JAMNAGAR,-,-,-,-,-,-,-,-,22.47916700,70.09750000,14-05-2019 08:30,3400,Clear,"","","",""
831,BOREWELL OF SHRI KANKESHWAR MAHADEV MANDIR OPP. MSW DUMPSITE VIBHAPAR,CPCB,24,Gujarat,447,Jamnagar,JAMNAGAR,-,-,-,-,-,-,-,-,22.47916700,70.09750000,07-10-2019 08:30,2850,Clear,"","","",""
832,BOREWELL OF SHRI KANKESHWAR MAHADEV MANDIR OPP. MSW DUMPSITE VIBHAPAR,CPCB,24,Gujarat,447,Jamnagar,JAMNAGAR,-,-,-,-,-,-,-,-,22.47916700,70.09750000,08-04-2020 08:30,4620,"","",Other,"",""
833,BOREWELL OF SHRI KANKESHWAR MAHADEV MANDIR OPP. MSW DUMPSITE VIBHAPAR,CPCB,24,Gujarat,447,Jamnagar,JAMNAGAR,-,-,-,-,-,-,-,-,22.47916700,70.09750000,06-10-2020 08:30,2499,"","",50,"",""
834,BOREWELL OF SHRI MAHAVIR METAL CRAFT PVT. LTD. PLOT NO. 3059 ROAD NO.6 NR. MAHAVIR CIRCLE PHASE-III,CPCB,24,Gujarat,447,Jamnagar,JAMNAGAR,-,-,-,-,-,-,-,-,22.41840400,70.04236600,02-04-2018 08:30,1700,"","",1.2,"",""
835,BOREWELL OF SHRI MAHAVIR METAL CRAFT PVT. LTD. PLOT NO. 3059 ROAD NO.6 NR. MAHAVIR CIRCLE PHASE-III,CPCB,24,Gujarat,447,Jamnagar,JAMNAGAR,-,-,-,-,-,-,-,-,22.41840400,70.04236600,15-10-2018 08:30,2410,"","",1.1,"",""
836,BOREWELL OF SHRI MAHAVIR METAL CRAFT PVT. LTD. PLOT NO. 3059 ROAD NO.6 NR. MAHAVIR CIRCLE PHASE-III,CPCB,24,Gujarat,447,Jamnagar,JAMNAGAR,-,-,-,-,-,-,-,-,22.41840400,70.04236600,08-04-2019 08:30,3020,Clear,"","","",""
837,BOREWELL OF SHRI MAHAVIR METAL CRAFT PVT. LTD. PLOT NO. 3059 ROAD NO.6 NR. MAHAVIR CIRCLE PHASE-III,CPCB,24,Gujarat,447,Jamnagar,JAMNAGAR,-,-,-,-,-,-,-,-,22.41840400,70.04236600,03-10-2019 08:30,910,Clear,"","","",""
838,BOREWELL OF SHRI MAHAVIR METAL CRAFT PVT. LTD. PLOT NO. 3059 ROAD NO.6 NR. MAHAVIR CIRCLE PHASE-III,CPCB,24,Gujarat,447,Jamnagar,JAMNAGAR,-,-,-,-,-,-,-,-,22.41840400,70.04236600,18-04-2020 08:30,4820,"","",Clear,"",""
839,BOREWELL OF SHRI MAHAVIR METAL CRAFT PVT. LTD. PLOT NO. 3059 ROAD NO.6 NR. MAHAVIR CIRCLE PHASE-III,CPCB,24,Gujarat,447,Jamnagar,JAMNAGAR,-,-,-,-,-,-,-,-,22.41840400,70.04236600,06-10-2020 08:30,2589,"","",2,"",""
840,BORE WELL OF SOMESHWAR RICE MILL NR. BAVLA ECO PROJECT (CETP ) VILL. BAVLA DIST. AHMEDABAD.,CPCB,24,Gujarat,438,Ahmedabad,SANAND,-,-,-,-,-,-,-,-,22.85542300,72.36573400,04-04-2018 08:30,3990,"","","","",""
841,BORE WELL OF SOMESHWAR RICE MILL NR. BAVLA ECO PROJECT (CETP ) VILL. BAVLA DIST. AHMEDABAD.,CPCB,24,Gujarat,438,Ahmedabad,SANAND,-,-,-,-,-,-,-,-,22.85542300,72.36573400,04-10-2018 08:30,4634,"","","","",""
842,BORE WELL OF SOMESHWAR RICE MILL NR. BAVLA ECO PROJECT (CETP ) VILL. BAVLA DIST. AHMEDABAD.,CPCB,24,Gujarat,438,Ahmedabad,SANAND,-,-,-,-,-,-,-,-,22.85542300,72.36573400,05-04-2019 08:30,4337,Clear,"","","",""
843,BORE WELL OF SOMESHWAR RICE MILL NR. BAVLA ECO PROJECT (CETP ) VILL. BAVLA DIST. AHMEDABAD.,CPCB,24,Gujarat,438,Ahmedabad,SANAND,-,-,-,-,-,-,-,-,22.85542300,72.36573400,01-10-2019 08:30,4996,Clear,"","","",""
844,BORE WELL OF SOMESHWAR RICE MILL NR. BAVLA ECO PROJECT (CETP ) VILL. BAVLA DIST. AHMEDABAD.,CPCB,24,Gujarat,438,Ahmedabad,SANAND,-,-,-,-,-,-,-,-,22.85542300,72.36573400,08-04-2020 08:30,6455,"","",0.6,"",""
845,BORE WELL OF SOMESHWAR RICE MILL NR. BAVLA ECO PROJECT (CETP ) VILL. BAVLA DIST. AHMEDABAD.,CPCB,24,Gujarat,438,Ahmedabad,SANAND,-,-,-,-,-,-,-,-,22.85542300,72.36573400,06-10-2020 08:30,4803,"","",Clear,"",""
846,BOREWELL OF TOWN RAJPIPLA DIST.NARMADA,CPCB,24,Gujarat,452,Narmada,NANDOD,-,-,-,-,-,-,-,-,21.87146700,73.50041700,04-04-2018 08:30,814,"","","","",""
847,BOREWELL OF TOWN RAJPIPLA DIST.NARMADA,CPCB,24,Gujarat,452,Narmada,NANDOD,-,-,-,-,-,-,-,-,21.87146700,73.50041700,01-10-2018 08:30,844,Clear,"","","",""
848,BOREWELL OF TOWN RAJPIPLA DIST.NARMADA,CPCB,24,Gujarat,452,Narmada,NANDOD,-,-,-,-,-,-,-,-,21.87146700,73.50041700,03-10-2019 08:30,714,Clear,"","","",""
849,BOREWELL OF TOWN RAJPIPLA DIST.NARMADA,CPCB,24,Gujarat,452,Narmada,NANDOD,-,-,-,-,-,-,-,-,21.87146700,73.50041700,09-04-2020 08:30,813,"","",0.3,"",""
850,BOREWELL OF TOWN RAJPIPLA DIST.NARMADA,CPCB,24,Gujarat,452,Narmada,NANDOD,-,-,-,-,-,-,-,-,21.87146700,73.50041700,05-10-2020 08:30,800,"","",Clear,"",""
851,BORE WELL SNR. VINAYAK JAL SUDDHIKARAN SAHAKARI MANDALI LTD. (CETP ) VILL. BAVLA DIST. AHMEDABAD.,CPCB,24,Gujarat,438,Ahmedabad,AHMADABAD CITY,-,-,-,-,-,-,-,-,23.08061600,72.66693000,04-04-2018 08:30,4563,"","","","",""
852,BORE WELL SNR. VINAYAK JAL SUDDHIKARAN SAHAKARI MANDALI LTD. (CETP ) VILL. BAVLA DIST. AHMEDABAD.,CPCB,24,Gujarat,438,Ahmedabad,AHMADABAD CITY,-,-,-,-,-,-,-,-,23.08061600,72.66693000,04-10-2018 08:30,4572,"","","","",""
853,BORE WELL SNR. VINAYAK JAL SUDDHIKARAN SAHAKARI MANDALI LTD. (CETP ) VILL. BAVLA DIST. AHMEDABAD.,CPCB,24,Gujarat,438,Ahmedabad,AHMADABAD CITY,-,-,-,-,-,-,-,-,23.08061600,72.66693000,05-04-2019 08:30,5308,Clear,"","","",""
854,BORE WELL SNR. VINAYAK JAL SUDDHIKARAN SAHAKARI MANDALI LTD. (CETP ) VILL. BAVLA DIST. AHMEDABAD.,CPCB,24,Gujarat,438,Ahmedabad,AHMADABAD CITY,-,-,-,-,-,-,-,-,23.08061600,72.66693000,01-10-2019 08:30,6269,Clear,"","","",""
855,BORE WELL SNR. VINAYAK JAL SUDDHIKARAN SAHAKARI MANDALI LTD. (CETP ) VILL. BAVLA DIST. AHMEDABAD.,CPCB,24,Gujarat,438,Ahmedabad,AHMADABAD CITY,-,-,-,-,-,-,-,-,23.08061600,72.66693000,08-04-2020 08:30,6540,"","",0.6,"",""
856,BORE WELL SNR. VINAYAK JAL SUDDHIKARAN SAHAKARI MANDALI LTD. (CETP ) VILL. BAVLA DIST. AHMEDABAD.,CPCB,24,Gujarat,438,Ahmedabad,AHMADABAD CITY,-,-,-,-,-,-,-,-,23.08061600,72.66693000,06-10-2020 08:30,5210,"","",Clear,"",""
857,B/W- HAZARDOUS W. DISPOSAL SITE (GUJ. ENVIRO P.& I. LTD. ),CPCB,24,Gujarat,459,Surat,SURAT CITY,-,-,-,-,-,-,-,-,21.10579200,72.80504300,04-04-2018 08:30,4555,"","",1.3,"",""
858,B/W- HAZARDOUS W. DISPOSAL SITE (GUJ. ENVIRO P.& I. LTD. ),CPCB,24,Gujarat,459,Surat,SURAT CITY,-,-,-,-,-,-,-,-,21.10579200,72.80504300,08-10-2018 08:30,508,"","",3,"",""
859,B/W- HAZARDOUS W. DISPOSAL SITE (GUJ. ENVIRO P.& I. LTD. ),CPCB,24,Gujarat,459,Surat,SURAT CITY,-,-,-,-,-,-,-,-,21.10579200,72.80504300,03-04-2019 08:30,545,Clear,"",9,"",""
860,B/W- HAZARDOUS W. DISPOSAL SITE (GUJ. ENVIRO P.& I. LTD. ),CPCB,24,Gujarat,459,Surat,SURAT CITY,-,-,-,-,-,-,-,-,21.10579200,72.80504300,04-10-2019 08:30,3522,Clear,"",2,"",""
861,B/W- HAZARDOUS W. DISPOSAL SITE (GUJ. ENVIRO P.& I. LTD. ),CPCB,24,Gujarat,459,Surat,SURAT CITY,-,-,-,-,-,-,-,-,21.10579200,72.80504300,04-04-2020 08:30,4446,"","",3,"",""
862,B/W- HAZARDOUS W. DISPOSAL SITE (GUJ. ENVIRO P.& I. LTD. ),CPCB,24,Gujarat,459,Surat,SURAT CITY,-,-,-,-,-,-,-,-,21.10579200,72.80504300,01-10-2020 08:30,5484,"","",2,"",""
863,B/W NEAR INDL. AREA BORASARA & NAVAPURA DIST. SURAT.,CPCB,24,Gujarat,459,Surat,SURAT CITY,-,-,-,-,-,-,-,-,21.19651700,72.83093600,02-04-2018 08:30,2780,"","",1.8,"",""
864,B/W NEAR INDL. AREA BORASARA & NAVAPURA DIST. SURAT.,CPCB,24,Gujarat,459,Surat,SURAT CITY,-,-,-,-,-,-,-,-,21.19651700,72.83093600,04-04-2019 08:30,3538,Clear,"",2.3,"",""
865,B/W NEAR INDL. AREA BORASARA & NAVAPURA DIST. SURAT.,CPCB,24,Gujarat,459,Surat,SURAT CITY,-,-,-,-,-,-,-,-,21.19651700,72.83093600,01-10-2019 08:30,3403,Clear,"",2,"",""
866,B/W NEAR INDL. AREA BORASARA & NAVAPURA DIST. SURAT.,CPCB,24,Gujarat,459,Surat,SURAT CITY,-,-,-,-,-,-,-,-,21.19651700,72.83093600,07-04-2020 08:30,3595,"","",3,"",""
867,B/W NEAR INDL. AREA BORASARA & NAVAPURA DIST. SURAT.,CPCB,24,Gujarat,459,Surat,SURAT CITY,-,-,-,-,-,-,-,-,21.19651700,72.83093600,01-10-2020 08:30,3205,"","",1,"",""
868,B/W OF DISASTER PREVENTION AND MANAGEMANT CENTER(DPMC) GIDE ANKLE SHWAR FOR (MINARS),CPCB,24,Gujarat,442,Bharuch,ANKLESVAR,-,-,-,-,-,-,-,-,21.61661300,73.00895000,07-04-2020 08:30,1390,"","",0.3,"",""
869,B/W OF DISASTER PREVENTION AND MANAGEMANT CENTER(DPMC) GIDE ANKLE SHWAR FOR (MINARS),CPCB,24,Gujarat,442,Bharuch,ANKLESVAR,-,-,-,-,-,-,-,-,21.61661300,73.00895000,08-10-2020 08:30,1442,"","",Clear,"",""
870,B/W OF JASHWANTBHAI PARMAR S. NO. 18 AT: VILLAGE KALAMSAR TA KHAMBHAT,CPCB,24,Gujarat,440,Anand,KHAMBHAT,-,-,-,-,-,-,-,-,22.29160200,72.73921000,29-04-2019 08:30,1764,Clear,"","","",""
871,B/W OF JASHWANTBHAI PARMAR S. NO. 18 AT: VILLAGE KALAMSAR TA KHAMBHAT,CPCB,24,Gujarat,440,Anand,KHAMBHAT,-,-,-,-,-,-,-,-,22.29160200,72.73921000,05-10-2019 08:30,1241,Clear,"","","",""
872,B/W OF JASHWANTBHAI PARMAR S. NO. 18 AT: VILLAGE KALAMSAR TA KHAMBHAT,CPCB,24,Gujarat,440,Anand,KHAMBHAT,-,-,-,-,-,-,-,-,22.29160200,72.73921000,07-04-2020 08:30,1307,"","",0.7,"",""
873,CHANDOLA LAKE AT AHMEDABAD,CPCB,24,Gujarat,438,Ahmedabad,AHMADABAD CITY,-,-,-,-,-,-,-,-,22.98797200,72.58906700,01-01-2018 08:30,442,"","","","",""
874,CHANDOLA LAKE AT AHMEDABAD,CPCB,24,Gujarat,438,Ahmedabad,AHMADABAD CITY,-,-,-,-,-,-,-,-,22.98797200,72.58906700,02-02-2018 08:30,456,"","","","",""
875,CHANDOLA LAKE AT AHMEDABAD,CPCB,24,Gujarat,438,Ahmedabad,AHMADABAD CITY,-,-,-,-,-,-,-,-,22.98797200,72.58906700,05-03-2018 08:30,538,"","","","",""
876,CHANDOLA LAKE AT AHMEDABAD,CPCB,24,Gujarat,438,Ahmedabad,AHMADABAD CITY,-,-,-,-,-,-,-,-,22.98797200,72.58906700,01-05-2018 08:30,1186,"","","","",""
877,CHANDOLA LAKE AT AHMEDABAD,CPCB,24,Gujarat,438,Ahmedabad,AHMADABAD CITY,-,-,-,-,-,-,-,-,22.98797200,72.58906700,01-08-2018 08:30,976,"","","","",""
878,CHANDOLA LAKE AT AHMEDABAD,CPCB,24,Gujarat,438,Ahmedabad,AHMADABAD CITY,-,-,-,-,-,-,-,-,22.98797200,72.58906700,06-09-2018 08:30,1335,"","","","",""
879,CHANDOLA LAKE AT AHMEDABAD,CPCB,24,Gujarat,438,Ahmedabad,AHMADABAD CITY,-,-,-,-,-,-,-,-,22.98797200,72.58906700,03-10-2018 08:30,917,"","","","",""
880,CHANDOLA LAKE AT AHMEDABAD,CPCB,24,Gujarat,438,Ahmedabad,AHMADABAD CITY,-,-,-,-,-,-,-,-,22.98797200,72.58906700,03-11-2018 08:30,1050,"","","","",""
881,CHANDOLA LAKE AT AHMEDABAD,CPCB,24,Gujarat,438,Ahmedabad,AHMADABAD CITY,-,-,-,-,-,-,-,-,22.98797200,72.58906700,01-12-2018 08:30,"","","","","",""
882,CHANDOLA LAKE AT AHMEDABAD,CPCB,24,Gujarat,438,Ahmedabad,AHMADABAD CITY,-,-,-,-,-,-,-,-,22.98797200,72.58906700,03-09-2019 08:30,527,"","","","",""
883,CHANDOLA LAKE AT AHMEDABAD,CPCB,24,Gujarat,438,Ahmedabad,AHMADABAD CITY,-,-,-,-,-,-,-,-,22.98797200,72.58906700,01-10-2019 08:30,415,"","","","",""
884,CHANDOLA LAKE AT AHMEDABAD,CPCB,24,Gujarat,438,Ahmedabad,AHMADABAD CITY,-,-,-,-,-,-,-,-,22.98797200,72.58906700,04-11-2019 08:30,459,"","","","",""
885,CHANDOLA LAKE AT AHMEDABAD,CPCB,24,Gujarat,438,Ahmedabad,AHMADABAD CITY,-,-,-,-,-,-,-,-,22.98797200,72.58906700,02-12-2019 08:30,507,"","","","",""
886,CHANDOLA LAKE AT AHMEDABAD,CPCB,24,Gujarat,438,Ahmedabad,AHMADABAD CITY,-,-,-,-,-,-,-,-,22.98797200,72.58906700,02-01-2020 08:30,529,"","",2.3,"",10
887,CHANDOLA LAKE AT AHMEDABAD,CPCB,24,Gujarat,438,Ahmedabad,AHMADABAD CITY,-,-,-,-,-,-,-,-,22.98797200,72.58906700,01-02-2020 08:30,36,"","",3.6,"",""
888,CHANDOLA LAKE AT AHMEDABAD,CPCB,24,Gujarat,438,Ahmedabad,AHMADABAD CITY,-,-,-,-,-,-,-,-,22.98797200,72.58906700,04-03-2020 08:30,Other,"","",Other,"",""
889,CHANDOLA LAKE AT AHMEDABAD,CPCB,24,Gujarat,438,Ahmedabad,AHMADABAD CITY,-,-,-,-,-,-,-,-,22.98797200,72.58906700,04-04-2020 08:30,601,"","",0.4,"",""
890,CHANDOLA LAKE AT AHMEDABAD,CPCB,24,Gujarat,438,Ahmedabad,AHMADABAD CITY,-,-,-,-,-,-,-,-,22.98797200,72.58906700,01-05-2020 08:30,540,"","",0.4,"",""
891,CHANDOLA LAKE AT AHMEDABAD,CPCB,24,Gujarat,438,Ahmedabad,AHMADABAD CITY,-,-,-,-,-,-,-,-,22.98797200,72.58906700,02-06-2020 08:30,"","","","","",""
892,CHANDOLA LAKE AT AHMEDABAD,CPCB,24,Gujarat,438,Ahmedabad,AHMADABAD CITY,-,-,-,-,-,-,-,-,22.98797200,72.58906700,05-08-2020 08:30,470,"","",3.2,"",""
893,CHANDOLA LAKE AT AHMEDABAD,CPCB,24,Gujarat,438,Ahmedabad,AHMADABAD CITY,-,-,-,-,-,-,-,-,22.98797200,72.58906700,02-09-2020 08:30,366,"","",14.3,"",""
894,CHANDOLA LAKE AT AHMEDABAD,CPCB,24,Gujarat,438,Ahmedabad,AHMADABAD CITY,-,-,-,-,-,-,-,-,22.98797200,72.58906700,03-10-2020 08:30,410,"","",7,"",""
895,CHANDOLA LAKE AT AHMEDABAD,CPCB,24,Gujarat,438,Ahmedabad,AHMADABAD CITY,-,-,-,-,-,-,-,-,22.98797200,72.58906700,03-11-2020 08:30,492,"","",4,"",""
896,CHANDOLA LAKE AT AHMEDABAD,CPCB,24,Gujarat,438,Ahmedabad,AHMADABAD CITY,-,-,-,-,-,-,-,-,22.98797200,72.58906700,02-12-2020 08:30,559,"","",25,"",""
897,CITY LAKE OF NADIAD,CPCB,24,Gujarat,440,Anand,SOJITRA,-,-,-,-,-,-,-,-,22.60045300,72.76383600,01-01-2019 08:30,1655,"","","","",""
898,CITY LAKE OF NADIAD,CPCB,24,Gujarat,440,Anand,SOJITRA,-,-,-,-,-,-,-,-,22.60045300,72.76383600,05-02-2019 08:30,1634,"","","","",""
899,CITY LAKE OF NADIAD,CPCB,24,Gujarat,440,Anand,SOJITRA,-,-,-,-,-,-,-,-,22.60045300,72.76383600,01-03-2019 08:30,1649,"","","","",""
900,CITY LAKE OF NADIAD,CPCB,24,Gujarat,440,Anand,SOJITRA,-,-,-,-,-,-,-,-,22.60045300,72.76383600,02-04-2019 08:30,1850,"","","","",""
901,CITY LAKE OF NADIAD,CPCB,24,Gujarat,440,Anand,SOJITRA,-,-,-,-,-,-,-,-,22.60045300,72.76383600,02-05-2019 08:30,2240,"","","","",""
902,CITY LAKE OF NADIAD,CPCB,24,Gujarat,440,Anand,SOJITRA,-,-,-,-,-,-,-,-,22.60045300,72.76383600,01-06-2019 08:30,1673,"","","","",""
903,CITY LAKE OF NADIAD,CPCB,24,Gujarat,440,Anand,SOJITRA,-,-,-,-,-,-,-,-,22.60045300,72.76383600,05-07-2019 08:30,1596,"","","","",""
904,CITY LAKE OF NADIAD,CPCB,24,Gujarat,440,Anand,SOJITRA,-,-,-,-,-,-,-,-,22.60045300,72.76383600,01-08-2019 08:30,1069,"","","","",""
905,CITY LAKE OF NADIAD,CPCB,24,Gujarat,440,Anand,SOJITRA,-,-,-,-,-,-,-,-,22.60045300,72.76383600,04-09-2019 08:30,488,"","","","",""
906,CITY LAKE OF NADIAD,CPCB,24,Gujarat,440,Anand,SOJITRA,-,-,-,-,-,-,-,-,22.60045300,72.76383600,03-01-2020 08:30,1122,"","",5.3,"",6
907,CITY LAKE OF NADIAD,CPCB,24,Gujarat,440,Anand,SOJITRA,-,-,-,-,-,-,-,-,22.60045300,72.76383600,04-02-2020 08:30,1360,"","",6.8,"",""
908,CITY LAKE OF NADIAD,CPCB,24,Gujarat,440,Anand,SOJITRA,-,-,-,-,-,-,-,-,22.60045300,72.76383600,06-03-2020 08:30,1504,"","",6.2,"",""
909,CITY LAKE OF NADIAD,CPCB,24,Gujarat,440,Anand,SOJITRA,-,-,-,-,-,-,-,-,22.60045300,72.76383600,07-04-2020 08:30,1587,"","",2.7,"",""
910,CITY LAKE OF NADIAD,CPCB,24,Gujarat,440,Anand,SOJITRA,-,-,-,-,-,-,-,-,22.60045300,72.76383600,06-05-2020 08:30,1663,"","",8.9,"",""
911,CITY LAKE OF NADIAD,CPCB,24,Gujarat,440,Anand,SOJITRA,-,-,-,-,-,-,-,-,22.60045300,72.76383600,04-06-2020 08:30,1777,"","",19.8,"",""
912,CITY LAKE OF NADIAD,CPCB,24,Gujarat,440,Anand,SOJITRA,-,-,-,-,-,-,-,-,22.60045300,72.76383600,03-07-2020 08:30,1276,"","",9.3,"",""
913,CITY LAKE OF NADIAD,CPCB,24,Gujarat,440,Anand,SOJITRA,-,-,-,-,-,-,-,-,22.60045300,72.76383600,06-08-2020 08:30,1574,"","",1,"",""
914,CITY LAKE OF NADIAD,CPCB,24,Gujarat,440,Anand,SOJITRA,-,-,-,-,-,-,-,-,22.60045300,72.76383600,01-09-2020 08:30,651,"","",12,"",""
915,CITY LAKE OF NADIAD,CPCB,24,Gujarat,440,Anand,SOJITRA,-,-,-,-,-,-,-,-,22.60045300,72.76383600,06-10-2020 08:30,679,"","",2.2,"",""
916,CITY LAKE OF NADIAD,CPCB,24,Gujarat,440,Anand,SOJITRA,-,-,-,-,-,-,-,-,22.60045300,72.76383600,02-11-2020 08:30,840,"","",0.08,"",""
917,CITY LAKE OF NADIAD,CPCB,24,Gujarat,440,Anand,SOJITRA,-,-,-,-,-,-,-,-,22.60045300,72.76383600,03-12-2020 08:30,759,"","",2,"",""
918,DAMANGANGA AT D/S OF GIDC WEIR VAPI,CPCB,24,Gujarat,462,Valsad,UMBERGAON,-,-,-,-,-,-,-,-,20.33642200,72.91572400,11-05-2018 08:30,"","","","","",""
919,DAMANGANGA AT D/S OF GIDC WEIR VAPI,CPCB,24,Gujarat,462,Valsad,UMBERGAON,-,-,-,-,-,-,-,-,20.33642200,72.91572400,11-08-2018 08:30,"","","","","",""
920,DAMANGANGA AT D/S OF GIDC WEIR VAPI,CPCB,24,Gujarat,462,Valsad,UMBERGAON,-,-,-,-,-,-,-,-,20.33642200,72.91572400,28-11-2018 08:30,"","","","","",""
921,DAMANGANGA AT D/S OF GIDC WEIR VAPI,CPCB,24,Gujarat,462,Valsad,UMBERGAON,-,-,-,-,-,-,-,-,20.33642200,72.91572400,26-02-2020 08:30,Clear,"","",Clear,"",""
922,DAMANGANGA AT D/S OF GIDC WEIR VAPI,CPCB,24,Gujarat,462,Valsad,UMBERGAON,-,-,-,-,-,-,-,-,20.33642200,72.91572400,21-10-2020 08:30,260,"","",11.2,"",""
923,DAMANGANGA AT D/S OF MADHUBAN DAMAN,CPCB,24,Gujarat,441,DAMAN,DAMAN,-,-,-,-,-,-,-,-,20.41181900,72.83326400,30-01-2018 08:30,"","","","","",""
924,DAMANGANGA AT D/S OF MADHUBAN DAMAN,CPCB,24,Gujarat,441,DAMAN,DAMAN,-,-,-,-,-,-,-,-,20.41181900,72.83326400,25-02-2018 08:30,"","","","","",""
925,DAMANGANGA AT D/S OF MADHUBAN DAMAN,CPCB,24,Gujarat,441,DAMAN,DAMAN,-,-,-,-,-,-,-,-,20.41181900,72.83326400,25-03-2018 08:30,"","","","","",""
926,DAMANGANGA AT D/S OF MADHUBAN DAMAN,CPCB,24,Gujarat,441,DAMAN,DAMAN,-,-,-,-,-,-,-,-,20.41181900,72.83326400,26-04-2018 08:30,"","","","","",""
927,DAMANGANGA AT D/S OF MADHUBAN DAMAN,CPCB,24,Gujarat,441,DAMAN,DAMAN,-,-,-,-,-,-,-,-,20.41181900,72.83326400,06-06-2018 08:30,"","","","","",""
928,DAMANGANGA AT D/S OF MADHUBAN DAMAN,CPCB,24,Gujarat,441,DAMAN,DAMAN,-,-,-,-,-,-,-,-,20.41181900,72.83326400,24-07-2018 08:30,"","","","","",""
929,DAMANGANGA AT D/S OF MADHUBAN DAMAN,CPCB,24,Gujarat,441,DAMAN,DAMAN,-,-,-,-,-,-,-,-,20.41181900,72.83326400,03-08-2018 08:30,"","","","","",""
930,DAMANGANGA AT D/S OF MADHUBAN DAMAN,CPCB,24,Gujarat,441,DAMAN,DAMAN,-,-,-,-,-,-,-,-,20.41181900,72.83326400,12-09-2018 08:30,"","","","","",""
931,DAMANGANGA AT D/S OF MADHUBAN DAMAN,CPCB,24,Gujarat,441,DAMAN,DAMAN,-,-,-,-,-,-,-,-,20.41181900,72.83326400,15-10-2018 08:30,"","","","","",""
932,DAMANGANGA AT D/S OF MADHUBAN DAMAN,CPCB,24,Gujarat,441,DAMAN,DAMAN,-,-,-,-,-,-,-,-,20.41181900,72.83326400,16-11-2018 08:30,"","","","","",""
933,DAMANGANGA AT D/S OF MADHUBAN DAMAN,CPCB,24,Gujarat,441,DAMAN,DAMAN,-,-,-,-,-,-,-,-,20.41181900,72.83326400,14-12-2018 08:30,"","","","","",""
934,DAMANGANGA AT D/S OF MADHUBAN DAMAN,CPCB,24,Gujarat,441,DAMAN,DAMAN,-,-,-,-,-,-,-,-,20.41181900,72.83326400,23-01-2019 08:30,"","","","","",""
935,DAMANGANGA AT D/S OF MADHUBAN DAMAN,CPCB,24,Gujarat,441,DAMAN,DAMAN,-,-,-,-,-,-,-,-,20.41181900,72.83326400,22-02-2019 08:30,"","","","","",""
936,DAMANGANGA AT D/S OF MADHUBAN DAMAN,CPCB,24,Gujarat,441,DAMAN,DAMAN,-,-,-,-,-,-,-,-,20.41181900,72.83326400,25-03-2019 08:30,"","","","","",""
937,DAMANGANGA AT D/S OF MADHUBAN DAMAN,CPCB,24,Gujarat,441,DAMAN,DAMAN,-,-,-,-,-,-,-,-,20.41181900,72.83326400,12-04-2019 08:30,"","","","","",""
938,DAMANGANGA AT D/S OF MADHUBAN DAMAN,CPCB,24,Gujarat,441,DAMAN,DAMAN,-,-,-,-,-,-,-,-,20.41181900,72.83326400,17-05-2019 08:30,"","","","","",""
939,DAMANGANGA AT D/S OF MADHUBAN DAMAN,CPCB,24,Gujarat,441,DAMAN,DAMAN,-,-,-,-,-,-,-,-,20.41181900,72.83326400,20-06-2019 08:30,"","","","","",""
940,DAMANGANGA AT D/S OF MADHUBAN DAMAN,CPCB,24,Gujarat,441,DAMAN,DAMAN,-,-,-,-,-,-,-,-,20.41181900,72.83326400,18-07-2019 08:30,"","","","","",""
941,DAMANGANGA AT D/S OF MADHUBAN DAMAN,CPCB,24,Gujarat,441,DAMAN,DAMAN,-,-,-,-,-,-,-,-,20.41181900,72.83326400,21-08-2019 08:30,"","","","","",""
942,DAMANGANGA AT D/S OF MADHUBAN DAMAN,CPCB,24,Gujarat,441,DAMAN,DAMAN,-,-,-,-,-,-,-,-,20.41181900,72.83326400,25-09-2019 08:30,"","","","","",""
943,DAMANGANGA AT D/S OF MADHUBAN DAMAN,CPCB,24,Gujarat,441,DAMAN,DAMAN,-,-,-,-,-,-,-,-,20.41181900,72.83326400,18-10-2019 08:30,"","","","","",""
944,DAMANGANGA AT D/S OF MADHUBAN DAMAN,CPCB,24,Gujarat,441,DAMAN,DAMAN,-,-,-,-,-,-,-,-,20.41181900,72.83326400,13-11-2019 08:30,"","","","","",""
945,DAMANGANGA AT D/S OF MADHUBAN DAMAN,CPCB,24,Gujarat,441,DAMAN,DAMAN,-,-,-,-,-,-,-,-,20.41181900,72.83326400,17-12-2019 08:30,"","","","","",""
946,DAMANGANGA AT D/S OF MADHUBAN DAMAN,CPCB,24,Gujarat,441,DAMAN,DAMAN,-,-,-,-,-,-,-,-,20.41181900,72.83326400,29-01-2020 08:30,248,"","",0.1,"",""
947,DAMANGANGA AT D/S OF MADHUBAN DAMAN,CPCB,24,Gujarat,441,DAMAN,DAMAN,-,-,-,-,-,-,-,-,20.41181900,72.83326400,12-02-2020 08:30,145,"","",0.1,"",""
948,DAMANGANGA AT D/S OF MADHUBAN DAMAN,CPCB,24,Gujarat,441,DAMAN,DAMAN,-,-,-,-,-,-,-,-,20.41181900,72.83326400,20-03-2020 08:30,274,"","",0.1,"",""
949,DAMANGANGA AT D/S OF MADHUBAN DAMAN,CPCB,24,Gujarat,441,DAMAN,DAMAN,-,-,-,-,-,-,-,-,20.41181900,72.83326400,14-04-2020 08:30,233,"","",0.1,"",""
950,DAMANGANGA AT D/S OF MADHUBAN DAMAN,CPCB,24,Gujarat,441,DAMAN,DAMAN,-,-,-,-,-,-,-,-,20.41181900,72.83326400,07-05-2020 08:30,262,"","",0.1,"",""
951,DAMANGANGA AT D/S OF MADHUBAN DAMAN,CPCB,24,Gujarat,441,DAMAN,DAMAN,-,-,-,-,-,-,-,-,20.41181900,72.83326400,28-07-2020 08:30,255,"","",1,"",""
952,DAMANGANGA AT D/S OF MADHUBAN DAMAN,CPCB,24,Gujarat,441,DAMAN,DAMAN,-,-,-,-,-,-,-,-,20.41181900,72.83326400,26-08-2020 08:30,145,"","",1,"",""
953,DAMANGANGA AT D/S OF MADHUBAN DAMAN,CPCB,24,Gujarat,441,DAMAN,DAMAN,-,-,-,-,-,-,-,-,20.41181900,72.83326400,21-09-2020 08:30,193,"","",0.1,"",""
954,DAMANGANGA AT D/S OF MADHUBAN DAMAN,CPCB,24,Gujarat,441,DAMAN,DAMAN,-,-,-,-,-,-,-,-,20.41181900,72.83326400,13-10-2020 08:30,249,"","",0.1,"",""
955,DAMANGANGA AT D/S OF MADHUBAN DAMAN,CPCB,24,Gujarat,441,DAMAN,DAMAN,-,-,-,-,-,-,-,-,20.41181900,72.83326400,24-11-2020 08:30,199,"","",0.1,"",""
956,DAMANGANGA AT D/S OF MADHUBAN DAMAN,CPCB,24,Gujarat,441,DAMAN,DAMAN,-,-,-,-,-,-,-,-,20.41181900,72.83326400,29-12-2020 08:30,216,"","",Clear,"",""
957,DAMANGANGA AT KACHIGAON U\S AT GIDC WIER,CPCB,24,Gujarat,462,Valsad,UMBERGAON,-,-,-,-,-,-,-,-,20.35882500,72.88170800,07-01-2018 08:30,"","","","","",""
958,DAMANGANGA AT KACHIGAON U\S AT GIDC WIER,CPCB,24,Gujarat,462,Valsad,UMBERGAON,-,-,-,-,-,-,-,-,20.35882500,72.88170800,02-02-2018 08:30,"","","","","",""
959,DAMANGANGA AT KACHIGAON U\S AT GIDC WIER,CPCB,24,Gujarat,462,Valsad,UMBERGAON,-,-,-,-,-,-,-,-,20.35882500,72.88170800,03-03-2018 08:30,"","","","","",""
960,DAMANGANGA AT KACHIGAON U\S AT GIDC WIER,CPCB,24,Gujarat,462,Valsad,UMBERGAON,-,-,-,-,-,-,-,-,20.35882500,72.88170800,05-04-2018 08:30,"","","","","",""
961,DAMANGANGA AT KACHIGAON U\S AT GIDC WIER,CPCB,24,Gujarat,462,Valsad,UMBERGAON,-,-,-,-,-,-,-,-,20.35882500,72.88170800,09-05-2018 08:30,"","","","","",""
962,DAMANGANGA AT KACHIGAON U\S AT GIDC WIER,CPCB,24,Gujarat,462,Valsad,UMBERGAON,-,-,-,-,-,-,-,-,20.35882500,72.88170800,06-06-2018 08:30,"","","","","",""
963,DAMANGANGA AT KACHIGAON U\S AT GIDC WIER,CPCB,24,Gujarat,462,Valsad,UMBERGAON,-,-,-,-,-,-,-,-,20.35882500,72.88170800,03-07-2018 08:30,"","","","","",""
964,DAMANGANGA AT KACHIGAON U\S AT GIDC WIER,CPCB,24,Gujarat,462,Valsad,UMBERGAON,-,-,-,-,-,-,-,-,20.35882500,72.88170800,10-08-2018 08:30,"","","","","",""
965,DAMANGANGA AT KACHIGAON U\S AT GIDC WIER,CPCB,24,Gujarat,462,Valsad,UMBERGAON,-,-,-,-,-,-,-,-,20.35882500,72.88170800,06-09-2018 08:30,"","","","","",""
966,DAMANGANGA AT KACHIGAON U\S AT GIDC WIER,CPCB,24,Gujarat,462,Valsad,UMBERGAON,-,-,-,-,-,-,-,-,20.35882500,72.88170800,06-10-2018 08:30,"","","","","",""
967,DAMANGANGA AT KACHIGAON U\S AT GIDC WIER,CPCB,24,Gujarat,462,Valsad,UMBERGAON,-,-,-,-,-,-,-,-,20.35882500,72.88170800,22-11-2018 08:30,"","","","","",""
968,DAMANGANGA AT KACHIGAON U\S AT GIDC WIER,CPCB,24,Gujarat,462,Valsad,UMBERGAON,-,-,-,-,-,-,-,-,20.35882500,72.88170800,05-12-2018 08:30,"","","","","",""
969,DAMANGANGA AT KACHIGAON U\S AT GIDC WIER,CPCB,24,Gujarat,462,Valsad,UMBERGAON,-,-,-,-,-,-,-,-,20.35882500,72.88170800,02-01-2019 08:30,"","","","","",""
970,DAMANGANGA AT KACHIGAON U\S AT GIDC WIER,CPCB,24,Gujarat,462,Valsad,UMBERGAON,-,-,-,-,-,-,-,-,20.35882500,72.88170800,09-02-2019 08:30,"","","","","",""
971,DAMANGANGA AT KACHIGAON U\S AT GIDC WIER,CPCB,24,Gujarat,462,Valsad,UMBERGAON,-,-,-,-,-,-,-,-,20.35882500,72.88170800,02-03-2019 08:30,"","","","","",""
972,DAMANGANGA AT KACHIGAON U\S AT GIDC WIER,CPCB,24,Gujarat,462,Valsad,UMBERGAON,-,-,-,-,-,-,-,-,20.35882500,72.88170800,02-04-2019 08:30,"","","","","",""
973,DAMANGANGA AT KACHIGAON U\S AT GIDC WIER,CPCB,24,Gujarat,462,Valsad,UMBERGAON,-,-,-,-,-,-,-,-,20.35882500,72.88170800,04-07-2019 08:30,"","","","","",""
974,DAMANGANGA AT KACHIGAON U\S AT GIDC WIER,CPCB,24,Gujarat,462,Valsad,UMBERGAON,-,-,-,-,-,-,-,-,20.35882500,72.88170800,02-08-2019 08:30,"","","","","",""
975,DAMANGANGA AT KACHIGAON U\S AT GIDC WIER,CPCB,24,Gujarat,462,Valsad,UMBERGAON,-,-,-,-,-,-,-,-,20.35882500,72.88170800,04-09-2019 08:30,"","","","","",""
976,DAMANGANGA AT KACHIGAON U\S AT GIDC WIER,CPCB,24,Gujarat,462,Valsad,UMBERGAON,-,-,-,-,-,-,-,-,20.35882500,72.88170800,04-10-2019 08:30,"","","","","",""
977,DAMANGANGA AT KACHIGAON U\S AT GIDC WIER,CPCB,24,Gujarat,462,Valsad,UMBERGAON,-,-,-,-,-,-,-,-,20.35882500,72.88170800,06-11-2019 08:30,"","","","","",""
978,DAMANGANGA AT KACHIGAON U\S AT GIDC WIER,CPCB,24,Gujarat,462,Valsad,UMBERGAON,-,-,-,-,-,-,-,-,20.35882500,72.88170800,05-12-2019 08:30,"","","","","",""
979,DAMANGANGA AT KACHIGAON U\S AT GIDC WIER,CPCB,24,Gujarat,462,Valsad,UMBERGAON,-,-,-,-,-,-,-,-,20.35882500,72.88170800,04-01-2020 08:30,212,"","",5.8,"",8
980,DAMANGANGA AT KACHIGAON U\S AT GIDC WIER,CPCB,24,Gujarat,462,Valsad,UMBERGAON,-,-,-,-,-,-,-,-,20.35882500,72.88170800,05-02-2020 08:30,204,"","",5.8,"",""
981,DAMANGANGA AT KACHIGAON U\S AT GIDC WIER,CPCB,24,Gujarat,462,Valsad,UMBERGAON,-,-,-,-,-,-,-,-,20.35882500,72.88170800,03-03-2020 08:30,298,"","",4.1,"",""
982,DAMANGANGA AT KACHIGAON U\S AT GIDC WIER,CPCB,24,Gujarat,462,Valsad,UMBERGAON,-,-,-,-,-,-,-,-,20.35882500,72.88170800,09-04-2020 08:30,255,"","",Clear,"",""
983,DAMANGANGA AT KACHIGAON U\S AT GIDC WIER,CPCB,24,Gujarat,462,Valsad,UMBERGAON,-,-,-,-,-,-,-,-,20.35882500,72.88170800,04-05-2020 08:30,228,"","",5.4,"",""
984,DAMANGANGA AT KACHIGAON U\S AT GIDC WIER,CPCB,24,Gujarat,462,Valsad,UMBERGAON,-,-,-,-,-,-,-,-,20.35882500,72.88170800,02-06-2020 08:30,218,"","",1,"",""
985,DAMANGANGA AT KACHIGAON U\S AT GIDC WIER,CPCB,24,Gujarat,462,Valsad,UMBERGAON,-,-,-,-,-,-,-,-,20.35882500,72.88170800,04-07-2020 08:30,186,"","",3.8,"",""
986,DAMANGANGA AT KACHIGAON U\S AT GIDC WIER,CPCB,24,Gujarat,462,Valsad,UMBERGAON,-,-,-,-,-,-,-,-,20.35882500,72.88170800,05-08-2020 08:30,160,"","",97.2,"",""
987,DAMANGANGA AT KACHIGAON U\S AT GIDC WIER,CPCB,24,Gujarat,462,Valsad,UMBERGAON,-,-,-,-,-,-,-,-,20.35882500,72.88170800,01-09-2020 08:30,227,"","",36.4,"",""
988,DAMANGANGA AT KACHIGAON U\S AT GIDC WIER,CPCB,24,Gujarat,462,Valsad,UMBERGAON,-,-,-,-,-,-,-,-,20.35882500,72.88170800,05-10-2020 08:30,259,"","",1.6,"",""
989,DAMANGANGA AT KACHIGAON U\S AT GIDC WIER,CPCB,24,Gujarat,462,Valsad,UMBERGAON,-,-,-,-,-,-,-,-,20.35882500,72.88170800,03-11-2020 08:30,265,"","",0.8,"",""
990,DAMANGANGA AT KACHIGAON U\S AT GIDC WIER,CPCB,24,Gujarat,462,Valsad,UMBERGAON,-,-,-,-,-,-,-,-,20.35882500,72.88170800,04-12-2020 08:30,235,"","",0.8,"",""
991,DEESA BOREWELL,CPCB,24,Gujarat,441,Banaskantha,BHABHAR,-,-,-,-,-,-,-,-,24.25708300,72.19308400,02-04-2018 08:30,781,"","","","",""
992,DEESA BOREWELL,CPCB,24,Gujarat,441,Banaskantha,BHABHAR,-,-,-,-,-,-,-,-,24.25708300,72.19308400,09-10-2018 08:30,985,"","","","",""
993,DEESA BOREWELL,CPCB,24,Gujarat,441,Banaskantha,BHABHAR,-,-,-,-,-,-,-,-,24.25708300,72.19308400,01-04-2019 08:30,853,Clear,"","","",""
994,DEESA BOREWELL,CPCB,24,Gujarat,441,Banaskantha,BHABHAR,-,-,-,-,-,-,-,-,24.25708300,72.19308400,01-10-2019 08:30,808,Clear,"","","",""
995,DEESA BOREWELL,CPCB,24,Gujarat,441,Banaskantha,BHABHAR,-,-,-,-,-,-,-,-,24.25708300,72.19308400,09-04-2020 08:30,1232,"","",0.6,"",""
996,DHADAR RIVER AT KOTHADA,CPCB,24,Gujarat,457,Rajkot,JAMKANDORNA,-,-,-,-,-,-,-,-,22.02327900,70.36872400,05-01-2018 08:30,"","","","","",""
997,DHADAR RIVER AT KOTHADA,CPCB,24,Gujarat,457,Rajkot,JAMKANDORNA,-,-,-,-,-,-,-,-,22.02327900,70.36872400,02-02-2018 08:30,"","","","","",""
998,DHADAR RIVER AT KOTHADA,CPCB,24,Gujarat,457,Rajkot,JAMKANDORNA,-,-,-,-,-,-,-,-,22.02327900,70.36872400,01-03-2018 08:30,"","","","","",""
999,DHADAR RIVER AT KOTHADA,CPCB,24,Gujarat,457,Rajkot,JAMKANDORNA,-,-,-,-,-,-,-,-,22.02327900,70.36872400,07-04-2018 08:30,"","","","","",""
1000,DHADAR RIVER AT KOTHADA,CPCB,24,Gujarat,457,Rajkot,JAMKANDORNA,-,-,-,-,-,-,-,-,22.02327900,70.36872400,07-05-2018 08:30,"","","","","",""
1001,DHADAR RIVER AT KOTHADA,CPCB,24,Gujarat,457,Rajkot,JAMKANDORNA,-,-,-,-,-,-,-,-,22.02327900,70.36872400,07-06-2018 08:30,"","","","","",""
1002,DHADAR RIVER AT KOTHADA,CPCB,24,Gujarat,457,Rajkot,JAMKANDORNA,-,-,-,-,-,-,-,-,22.02327900,70.36872400,07-07-2018 08:30,"","","","","",""
1003,DHADAR RIVER AT KOTHADA,CPCB,24,Gujarat,457,Rajkot,JAMKANDORNA,-,-,-,-,-,-,-,-,22.02327900,70.36872400,07-08-2018 08:30,"","","","","",""
1004,DHADAR RIVER AT KOTHADA,CPCB,24,Gujarat,457,Rajkot,JAMKANDORNA,-,-,-,-,-,-,-,-,22.02327900,70.36872400,05-09-2018 08:30,"","","","","",""
1005,DHADAR RIVER AT KOTHADA,CPCB,24,Gujarat,457,Rajkot,JAMKANDORNA,-,-,-,-,-,-,-,-,22.02327900,70.36872400,03-10-2018 08:30,"","","","","",""
1006,DHADAR RIVER AT KOTHADA,CPCB,24,Gujarat,457,Rajkot,JAMKANDORNA,-,-,-,-,-,-,-,-,22.02327900,70.36872400,01-11-2018 08:30,"","","","","",""
1007,DHADAR RIVER AT KOTHADA,CPCB,24,Gujarat,457,Rajkot,JAMKANDORNA,-,-,-,-,-,-,-,-,22.02327900,70.36872400,07-12-2018 08:30,"","","","","",""
1008,DHADAR RIVER AT KOTHADA,CPCB,24,Gujarat,457,Rajkot,JAMKANDORNA,-,-,-,-,-,-,-,-,22.02327900,70.36872400,03-01-2019 08:30,"","","","","",""
1009,DHADAR RIVER AT KOTHADA,CPCB,24,Gujarat,457,Rajkot,JAMKANDORNA,-,-,-,-,-,-,-,-,22.02327900,70.36872400,06-02-2019 08:30,"","","","","",""
1010,DHADAR RIVER AT KOTHADA,CPCB,24,Gujarat,457,Rajkot,JAMKANDORNA,-,-,-,-,-,-,-,-,22.02327900,70.36872400,01-03-2019 08:30,"","","","","",""
1011,DHADAR RIVER AT KOTHADA,CPCB,24,Gujarat,457,Rajkot,JAMKANDORNA,-,-,-,-,-,-,-,-,22.02327900,70.36872400,04-04-2019 08:30,"","","","","",""
1012,DHADAR RIVER AT KOTHADA,CPCB,24,Gujarat,457,Rajkot,JAMKANDORNA,-,-,-,-,-,-,-,-,22.02327900,70.36872400,04-05-2019 08:30,"","","","","",""
1013,DHADAR RIVER AT KOTHADA,CPCB,24,Gujarat,457,Rajkot,JAMKANDORNA,-,-,-,-,-,-,-,-,22.02327900,70.36872400,03-06-2019 08:30,"","","","","",""
1014,DHADAR RIVER AT KOTHADA,CPCB,24,Gujarat,457,Rajkot,JAMKANDORNA,-,-,-,-,-,-,-,-,22.02327900,70.36872400,04-07-2019 08:30,"","","","","",""
1015,DHADAR RIVER AT KOTHADA,CPCB,24,Gujarat,457,Rajkot,JAMKANDORNA,-,-,-,-,-,-,-,-,22.02327900,70.36872400,16-08-2019 08:30,"","","","","",""
1016,DHADAR RIVER AT KOTHADA,CPCB,24,Gujarat,457,Rajkot,JAMKANDORNA,-,-,-,-,-,-,-,-,22.02327900,70.36872400,06-09-2019 08:30,"","","","","",""
1017,DHADAR RIVER AT KOTHADA,CPCB,24,Gujarat,457,Rajkot,JAMKANDORNA,-,-,-,-,-,-,-,-,22.02327900,70.36872400,04-10-2019 08:30,"","","","","",""
1018,DHADAR RIVER AT KOTHADA,CPCB,24,Gujarat,457,Rajkot,JAMKANDORNA,-,-,-,-,-,-,-,-,22.02327900,70.36872400,05-11-2019 08:30,"","","","","",""
1019,DHADAR RIVER AT KOTHADA,CPCB,24,Gujarat,457,Rajkot,JAMKANDORNA,-,-,-,-,-,-,-,-,22.02327900,70.36872400,07-12-2019 08:30,"","","","","",""
1020,DHADAR RIVER AT KOTHADA,CPCB,24,Gujarat,457,Rajkot,JAMKANDORNA,-,-,-,-,-,-,-,-,22.02327900,70.36872400,03-01-2020 08:30,926,"","",13.3,"",4
1021,DHADAR RIVER AT KOTHADA,CPCB,24,Gujarat,457,Rajkot,JAMKANDORNA,-,-,-,-,-,-,-,-,22.02327900,70.36872400,04-02-2020 08:30,1040,"","",6,"",""
1022,DHADAR RIVER AT KOTHADA,CPCB,24,Gujarat,457,Rajkot,JAMKANDORNA,-,-,-,-,-,-,-,-,22.02327900,70.36872400,03-03-2020 08:30,985,"","",18.8,"",""
1023,DHADAR RIVER AT KOTHADA,CPCB,24,Gujarat,457,Rajkot,JAMKANDORNA,-,-,-,-,-,-,-,-,22.02327900,70.36872400,07-04-2020 08:30,785,"","",12.4,"",""
1024,DHADAR RIVER AT KOTHADA,CPCB,24,Gujarat,457,Rajkot,JAMKANDORNA,-,-,-,-,-,-,-,-,22.02327900,70.36872400,04-05-2020 08:30,883,"","",10.1,"",""
1025,DHADAR RIVER AT KOTHADA,CPCB,24,Gujarat,457,Rajkot,JAMKANDORNA,-,-,-,-,-,-,-,-,22.02327900,70.36872400,02-06-2020 08:30,1448,"","",6.4,"",""
1026,DHADAR RIVER AT KOTHADA,CPCB,24,Gujarat,457,Rajkot,JAMKANDORNA,-,-,-,-,-,-,-,-,22.02327900,70.36872400,03-07-2020 08:30,592,"","",31.4,"",""
1027,DHADAR RIVER AT KOTHADA,CPCB,24,Gujarat,457,Rajkot,JAMKANDORNA,-,-,-,-,-,-,-,-,22.02327900,70.36872400,06-08-2020 08:30,1082,"","",12.5,"",""
1028,DHADAR RIVER AT KOTHADA,CPCB,24,Gujarat,457,Rajkot,JAMKANDORNA,-,-,-,-,-,-,-,-,22.02327900,70.36872400,05-09-2020 08:30,787,"","",14,"",""
1029,DHADAR RIVER AT KOTHADA,CPCB,24,Gujarat,457,Rajkot,JAMKANDORNA,-,-,-,-,-,-,-,-,22.02327900,70.36872400,05-10-2020 08:30,800,"","",5.2,"",""
1030,DHADAR RIVER AT KOTHADA,CPCB,24,Gujarat,457,Rajkot,JAMKANDORNA,-,-,-,-,-,-,-,-,22.02327900,70.36872400,04-11-2020 08:30,1344,"","",6,"",""
1031,DHADAR RIVER AT KOTHADA,CPCB,24,Gujarat,457,Rajkot,JAMKANDORNA,-,-,-,-,-,-,-,-,22.02327900,70.36872400,03-12-2020 08:30,1047,"","",Clear,"",""
1032,DHAROI DAM DIST. MEHSANA.,CPCB,24,Gujarat,458,Sabarkantha,BAYAD,-,-,-,-,-,-,-,-,24.00424700,72.85473600,01-01-2018 08:30,355,"","","","",""
1033,DHAROI DAM DIST. MEHSANA.,CPCB,24,Gujarat,458,Sabarkantha,BAYAD,-,-,-,-,-,-,-,-,24.00424700,72.85473600,01-02-2018 08:30,355,"","","","",""
1034,DHAROI DAM DIST. MEHSANA.,CPCB,24,Gujarat,458,Sabarkantha,BAYAD,-,-,-,-,-,-,-,-,24.00424700,72.85473600,01-03-2018 08:30,402,"","","","",""
1035,DHAROI DAM DIST. MEHSANA.,CPCB,24,Gujarat,458,Sabarkantha,BAYAD,-,-,-,-,-,-,-,-,24.00424700,72.85473600,02-04-2018 08:30,409,"","","","",""
1036,DHAROI DAM DIST. MEHSANA.,CPCB,24,Gujarat,458,Sabarkantha,BAYAD,-,-,-,-,-,-,-,-,24.00424700,72.85473600,01-05-2018 08:30,426,"","","","",""
1037,DHAROI DAM DIST. MEHSANA.,CPCB,24,Gujarat,458,Sabarkantha,BAYAD,-,-,-,-,-,-,-,-,24.00424700,72.85473600,01-06-2018 08:30,459,"","","","",""
1038,DHAROI DAM DIST. MEHSANA.,CPCB,24,Gujarat,458,Sabarkantha,BAYAD,-,-,-,-,-,-,-,-,24.00424700,72.85473600,02-07-2018 08:30,372,"","","","",""
1039,DHAROI DAM DIST. MEHSANA.,CPCB,24,Gujarat,458,Sabarkantha,BAYAD,-,-,-,-,-,-,-,-,24.00424700,72.85473600,01-08-2018 08:30,390,"","","","",""
1040,DHAROI DAM DIST. MEHSANA.,CPCB,24,Gujarat,458,Sabarkantha,BAYAD,-,-,-,-,-,-,-,-,24.00424700,72.85473600,01-09-2018 08:30,433,"","","","",""
1041,DHAROI DAM DIST. MEHSANA.,CPCB,24,Gujarat,458,Sabarkantha,BAYAD,-,-,-,-,-,-,-,-,24.00424700,72.85473600,01-10-2018 08:30,384,"","","","",""
1042,DHAROI DAM DIST. MEHSANA.,CPCB,24,Gujarat,458,Sabarkantha,BAYAD,-,-,-,-,-,-,-,-,24.00424700,72.85473600,01-11-2018 08:30,347,"","","","",""
1043,DHAROI DAM DIST. MEHSANA.,CPCB,24,Gujarat,458,Sabarkantha,BAYAD,-,-,-,-,-,-,-,-,24.00424700,72.85473600,01-12-2018 08:30,369,"","","","",""
1044,DHAROI DAM DIST. MEHSANA.,CPCB,24,Gujarat,458,Sabarkantha,BAYAD,-,-,-,-,-,-,-,-,24.00424700,72.85473600,01-01-2019 08:30,"","","","","",""
1045,DHAROI DAM DIST. MEHSANA.,CPCB,24,Gujarat,458,Sabarkantha,BAYAD,-,-,-,-,-,-,-,-,24.00424700,72.85473600,01-02-2019 08:30,"","","","","",""
1046,DHAROI DAM DIST. MEHSANA.,CPCB,24,Gujarat,458,Sabarkantha,BAYAD,-,-,-,-,-,-,-,-,24.00424700,72.85473600,02-03-2019 08:30,"","","","","",""
1047,DHAROI DAM DIST. MEHSANA.,CPCB,24,Gujarat,458,Sabarkantha,BAYAD,-,-,-,-,-,-,-,-,24.00424700,72.85473600,01-04-2019 08:30,"","","","","",""
1048,DHAROI DAM DIST. MEHSANA.,CPCB,24,Gujarat,458,Sabarkantha,BAYAD,-,-,-,-,-,-,-,-,24.00424700,72.85473600,01-05-2019 08:30,"","","","","",""
1049,DHAROI DAM DIST. MEHSANA.,CPCB,24,Gujarat,458,Sabarkantha,BAYAD,-,-,-,-,-,-,-,-,24.00424700,72.85473600,03-06-2019 08:30,"","","","","",""
1050,DHAROI DAM DIST. MEHSANA.,CPCB,24,Gujarat,458,Sabarkantha,BAYAD,-,-,-,-,-,-,-,-,24.00424700,72.85473600,01-07-2019 08:30,"","","","","",""
1051,DHAROI DAM DIST. MEHSANA.,CPCB,24,Gujarat,458,Sabarkantha,BAYAD,-,-,-,-,-,-,-,-,24.00424700,72.85473600,01-08-2019 08:30,"","","","","",""
1052,DHAROI DAM DIST. MEHSANA.,CPCB,24,Gujarat,458,Sabarkantha,BAYAD,-,-,-,-,-,-,-,-,24.00424700,72.85473600,04-09-2019 08:30,"","","","","",""
1053,DHAROI DAM DIST. MEHSANA.,CPCB,24,Gujarat,458,Sabarkantha,BAYAD,-,-,-,-,-,-,-,-,24.00424700,72.85473600,03-10-2019 08:30,"","","","","",""
1054,DHAROI DAM DIST. MEHSANA.,CPCB,24,Gujarat,458,Sabarkantha,BAYAD,-,-,-,-,-,-,-,-,24.00424700,72.85473600,02-11-2019 08:30,"","","","","",""
1055,DHAROI DAM DIST. MEHSANA.,CPCB,24,Gujarat,458,Sabarkantha,BAYAD,-,-,-,-,-,-,-,-,24.00424700,72.85473600,03-12-2019 08:30,"","","","","",""
1056,DHAROI DAM DIST. MEHSANA.,CPCB,24,Gujarat,458,Sabarkantha,BAYAD,-,-,-,-,-,-,-,-,24.00424700,72.85473600,02-01-2020 08:30,337,"","",0.2,"",4
1057,DHAROI DAM DIST. MEHSANA.,CPCB,24,Gujarat,458,Sabarkantha,BAYAD,-,-,-,-,-,-,-,-,24.00424700,72.85473600,03-02-2020 08:30,388,"","",0.2,"",""
1058,DHAROI DAM DIST. MEHSANA.,CPCB,24,Gujarat,458,Sabarkantha,BAYAD,-,-,-,-,-,-,-,-,24.00424700,72.85473600,02-03-2020 08:30,406,"","",0.4,"",""
1059,DHAROI DAM DIST. MEHSANA.,CPCB,24,Gujarat,458,Sabarkantha,BAYAD,-,-,-,-,-,-,-,-,24.00424700,72.85473600,03-04-2020 08:30,433,"","",0.4,"",""
1060,DHAROI DAM DIST. MEHSANA.,CPCB,24,Gujarat,458,Sabarkantha,BAYAD,-,-,-,-,-,-,-,-,24.00424700,72.85473600,01-05-2020 08:30,448,"","",0.2,"",""
1061,DHAROI DAM DIST. MEHSANA.,CPCB,24,Gujarat,458,Sabarkantha,BAYAD,-,-,-,-,-,-,-,-,24.00424700,72.85473600,01-06-2020 08:30,465,"","",0.2,"",""
1062,DHAROI DAM DIST. MEHSANA.,CPCB,24,Gujarat,458,Sabarkantha,BAYAD,-,-,-,-,-,-,-,-,24.00424700,72.85473600,01-07-2020 08:30,643,"","",0.4,"",""
1063,DHAROI DAM DIST. MEHSANA.,CPCB,24,Gujarat,458,Sabarkantha,BAYAD,-,-,-,-,-,-,-,-,24.00424700,72.85473600,04-08-2020 08:30,394,"","",2.9,"",""
1064,DHAROI DAM DIST. MEHSANA.,CPCB,24,Gujarat,458,Sabarkantha,BAYAD,-,-,-,-,-,-,-,-,24.00424700,72.85473600,01-09-2020 08:30,334,"","",6.8,"",""
1065,DHAROI DAM DIST. MEHSANA.,CPCB,24,Gujarat,458,Sabarkantha,BAYAD,-,-,-,-,-,-,-,-,24.00424700,72.85473600,02-11-2020 08:30,352,"","",1,"",""
1066,DHAROI DAM DIST. MEHSANA.,CPCB,24,Gujarat,458,Sabarkantha,BAYAD,-,-,-,-,-,-,-,-,24.00424700,72.85473600,01-12-2020 08:30,358,"","",5,"",""
1067,DISCHARGE POINT OF DISTILLERY DAMAN,CPCB,24,Gujarat,441,DAMAN,DAMAN,-,-,-,-,-,-,-,-,20.39511100,72.86333100,30-01-2018 08:30,"","","","","",""
1068,DISCHARGE POINT OF DISTILLERY DAMAN,CPCB,24,Gujarat,441,DAMAN,DAMAN,-,-,-,-,-,-,-,-,20.39511100,72.86333100,25-02-2018 08:30,"","","","","",""
1069,DISCHARGE POINT OF DISTILLERY DAMAN,CPCB,24,Gujarat,441,DAMAN,DAMAN,-,-,-,-,-,-,-,-,20.39511100,72.86333100,25-03-2018 08:30,"","","","","",""
1070,DISCHARGE POINT OF DISTILLERY DAMAN,CPCB,24,Gujarat,441,DAMAN,DAMAN,-,-,-,-,-,-,-,-,20.39511100,72.86333100,26-04-2018 08:30,"","","","","",""
1071,DISCHARGE POINT OF DISTILLERY DAMAN,CPCB,24,Gujarat,441,DAMAN,DAMAN,-,-,-,-,-,-,-,-,20.39511100,72.86333100,24-05-2018 08:30,"","","","","",""
1072,DISCHARGE POINT OF DISTILLERY DAMAN,CPCB,24,Gujarat,441,DAMAN,DAMAN,-,-,-,-,-,-,-,-,20.39511100,72.86333100,06-06-2018 08:30,"","","","","",""
1073,DISCHARGE POINT OF DISTILLERY DAMAN,CPCB,24,Gujarat,441,DAMAN,DAMAN,-,-,-,-,-,-,-,-,20.39511100,72.86333100,12-09-2018 08:30,"","","","","",""
1074,DISCHARGE POINT OF DISTILLERY DAMAN,CPCB,24,Gujarat,441,DAMAN,DAMAN,-,-,-,-,-,-,-,-,20.39511100,72.86333100,14-12-2018 08:30,"","","","","",""
1075,DISCHARGE POINT OF DISTILLERY DAMAN,CPCB,24,Gujarat,441,DAMAN,DAMAN,-,-,-,-,-,-,-,-,20.39511100,72.86333100,23-01-2019 08:30,"","","","","",""
1076,DISCHARGE POINT OF DISTILLERY DAMAN,CPCB,24,Gujarat,441,DAMAN,DAMAN,-,-,-,-,-,-,-,-,20.39511100,72.86333100,22-02-2019 08:30,"","","","","",""
1077,DISCHARGE POINT OF DISTILLERY DAMAN,CPCB,24,Gujarat,441,DAMAN,DAMAN,-,-,-,-,-,-,-,-,20.39511100,72.86333100,25-03-2019 08:30,"","","","","",""
1078,DISCHARGE POINT OF DISTILLERY DAMAN,CPCB,24,Gujarat,441,DAMAN,DAMAN,-,-,-,-,-,-,-,-,20.39511100,72.86333100,12-04-2019 08:30,"","","","","",""
1079,DISCHARGE POINT OF DISTILLERY DAMAN,CPCB,24,Gujarat,441,DAMAN,DAMAN,-,-,-,-,-,-,-,-,20.39511100,72.86333100,17-05-2019 08:30,"","","","","",""
1080,DISCHARGE POINT OF DISTILLERY DAMAN,CPCB,24,Gujarat,441,DAMAN,DAMAN,-,-,-,-,-,-,-,-,20.39511100,72.86333100,18-10-2019 08:30,"","","","","",""
1081,DISCHARGE POINT OF DISTILLERY DAMAN,CPCB,24,Gujarat,441,DAMAN,DAMAN,-,-,-,-,-,-,-,-,20.39511100,72.86333100,13-11-2019 08:30,"","","","","",""
1082,DISCHARGE POINT OF DISTILLERY DAMAN,CPCB,24,Gujarat,441,DAMAN,DAMAN,-,-,-,-,-,-,-,-,20.39511100,72.86333100,17-12-2019 08:30,"","","","","",""
1083,DISCHARGE POINT OF DISTILLERY DAMAN,CPCB,24,Gujarat,441,DAMAN,DAMAN,-,-,-,-,-,-,-,-,20.39511100,72.86333100,29-01-2020 08:30,28710,"","",1,"",40
1084,DISCHARGE POINT OF DISTILLERY DAMAN,CPCB,24,Gujarat,441,DAMAN,DAMAN,-,-,-,-,-,-,-,-,20.39511100,72.86333100,12-02-2020 08:30,16950,"","",1,"",""
1085,DISCHARGE POINT OF DISTILLERY DAMAN,CPCB,24,Gujarat,441,DAMAN,DAMAN,-,-,-,-,-,-,-,-,20.39511100,72.86333100,24-11-2020 08:30,7050,"","",0.1,"",""
1086,DISCHARGE POINT OF DISTILLERY DAMAN,CPCB,24,Gujarat,441,DAMAN,DAMAN,-,-,-,-,-,-,-,-,20.39511100,72.86333100,29-12-2020 08:30,26310,"","",Other,"",""
1087,D/S OF M/S SURAT BEVERAGES VILLAGE DADRA SILVASSA,CPCB,24,Gujarat,462,Valsad,VALSAD,-,-,-,-,-,-,-,-,20.31223100,72.95376800,30-01-2018 08:30,"","","","","",""
1088,D/S OF M/S SURAT BEVERAGES VILLAGE DADRA SILVASSA,CPCB,24,Gujarat,462,Valsad,VALSAD,-,-,-,-,-,-,-,-,20.31223100,72.95376800,25-02-2018 08:30,"","","","","",""
1089,D/S OF M/S SURAT BEVERAGES VILLAGE DADRA SILVASSA,CPCB,24,Gujarat,462,Valsad,VALSAD,-,-,-,-,-,-,-,-,20.31223100,72.95376800,25-03-2018 08:30,"","","","","",""
1090,D/S OF M/S SURAT BEVERAGES VILLAGE DADRA SILVASSA,CPCB,24,Gujarat,462,Valsad,VALSAD,-,-,-,-,-,-,-,-,20.31223100,72.95376800,26-04-2018 08:30,"","","","","",""
1091,D/S OF M/S SURAT BEVERAGES VILLAGE DADRA SILVASSA,CPCB,24,Gujarat,462,Valsad,VALSAD,-,-,-,-,-,-,-,-,20.31223100,72.95376800,24-05-2018 08:30,"","","","","",""
1092,D/S OF M/S SURAT BEVERAGES VILLAGE DADRA SILVASSA,CPCB,24,Gujarat,462,Valsad,VALSAD,-,-,-,-,-,-,-,-,20.31223100,72.95376800,06-06-2018 08:30,"","","","","",""
1093,D/S OF M/S SURAT BEVERAGES VILLAGE DADRA SILVASSA,CPCB,24,Gujarat,462,Valsad,VALSAD,-,-,-,-,-,-,-,-,20.31223100,72.95376800,24-07-2018 08:30,"","","","","",""
1094,D/S OF M/S SURAT BEVERAGES VILLAGE DADRA SILVASSA,CPCB,24,Gujarat,462,Valsad,VALSAD,-,-,-,-,-,-,-,-,20.31223100,72.95376800,03-08-2018 08:30,"","","","","",""
1095,D/S OF M/S SURAT BEVERAGES VILLAGE DADRA SILVASSA,CPCB,24,Gujarat,462,Valsad,VALSAD,-,-,-,-,-,-,-,-,20.31223100,72.95376800,12-09-2018 08:30,"","","","","",""
1096,D/S OF M/S SURAT BEVERAGES VILLAGE DADRA SILVASSA,CPCB,24,Gujarat,462,Valsad,VALSAD,-,-,-,-,-,-,-,-,20.31223100,72.95376800,15-10-2018 08:30,"","","","","",""
1097,D/S OF M/S SURAT BEVERAGES VILLAGE DADRA SILVASSA,CPCB,24,Gujarat,462,Valsad,VALSAD,-,-,-,-,-,-,-,-,20.31223100,72.95376800,16-11-2018 08:30,"","","","","",""
1098,D/S OF M/S SURAT BEVERAGES VILLAGE DADRA SILVASSA,CPCB,24,Gujarat,462,Valsad,VALSAD,-,-,-,-,-,-,-,-,20.31223100,72.95376800,14-12-2018 08:30,"","","","","",""
1099,D/S OF M/S SURAT BEVERAGES VILLAGE DADRA SILVASSA,CPCB,24,Gujarat,462,Valsad,VALSAD,-,-,-,-,-,-,-,-,20.31223100,72.95376800,23-01-2019 08:30,"","","","","",""
1100,D/S OF M/S SURAT BEVERAGES VILLAGE DADRA SILVASSA,CPCB,24,Gujarat,462,Valsad,VALSAD,-,-,-,-,-,-,-,-,20.31223100,72.95376800,22-02-2019 08:30,"","","","","",""
1101,D/S OF M/S SURAT BEVERAGES VILLAGE DADRA SILVASSA,CPCB,24,Gujarat,462,Valsad,VALSAD,-,-,-,-,-,-,-,-,20.31223100,72.95376800,25-03-2019 08:30,"","","","","",""
1102,D/S OF M/S SURAT BEVERAGES VILLAGE DADRA SILVASSA,CPCB,24,Gujarat,462,Valsad,VALSAD,-,-,-,-,-,-,-,-,20.31223100,72.95376800,12-04-2019 08:30,"","","","","",""
1103,D/S OF M/S SURAT BEVERAGES VILLAGE DADRA SILVASSA,CPCB,24,Gujarat,462,Valsad,VALSAD,-,-,-,-,-,-,-,-,20.31223100,72.95376800,17-05-2019 08:30,"","","","","",""
1104,D/S OF M/S SURAT BEVERAGES VILLAGE DADRA SILVASSA,CPCB,24,Gujarat,462,Valsad,VALSAD,-,-,-,-,-,-,-,-,20.31223100,72.95376800,20-06-2019 08:30,"","","","","",""
1105,D/S OF M/S SURAT BEVERAGES VILLAGE DADRA SILVASSA,CPCB,24,Gujarat,462,Valsad,VALSAD,-,-,-,-,-,-,-,-,20.31223100,72.95376800,18-07-2019 08:30,"","","","","",""
1106,D/S OF M/S SURAT BEVERAGES VILLAGE DADRA SILVASSA,CPCB,24,Gujarat,462,Valsad,VALSAD,-,-,-,-,-,-,-,-,20.31223100,72.95376800,21-08-2019 08:30,"","","","","",""
1107,D/S OF M/S SURAT BEVERAGES VILLAGE DADRA SILVASSA,CPCB,24,Gujarat,462,Valsad,VALSAD,-,-,-,-,-,-,-,-,20.31223100,72.95376800,25-09-2019 08:30,"","","","","",""
1108,D/S OF M/S SURAT BEVERAGES VILLAGE DADRA SILVASSA,CPCB,24,Gujarat,462,Valsad,VALSAD,-,-,-,-,-,-,-,-,20.31223100,72.95376800,18-10-2019 08:30,"","","","","",""
1109,D/S OF M/S SURAT BEVERAGES VILLAGE DADRA SILVASSA,CPCB,24,Gujarat,462,Valsad,VALSAD,-,-,-,-,-,-,-,-,20.31223100,72.95376800,13-11-2019 08:30,"","","","","",""
1110,D/S OF M/S SURAT BEVERAGES VILLAGE DADRA SILVASSA,CPCB,24,Gujarat,462,Valsad,VALSAD,-,-,-,-,-,-,-,-,20.31223100,72.95376800,17-12-2019 08:30,"","","","","",""
1111,D/S OF M/S SURAT BEVERAGES VILLAGE DADRA SILVASSA,CPCB,24,Gujarat,462,Valsad,VALSAD,-,-,-,-,-,-,-,-,20.31223100,72.95376800,29-01-2020 08:30,339,"","",0.1,"",""
1112,D/S OF M/S SURAT BEVERAGES VILLAGE DADRA SILVASSA,CPCB,24,Gujarat,462,Valsad,VALSAD,-,-,-,-,-,-,-,-,20.31223100,72.95376800,12-02-2020 08:30,260,"","",0.1,"",""
1113,D/S OF M/S SURAT BEVERAGES VILLAGE DADRA SILVASSA,CPCB,24,Gujarat,462,Valsad,VALSAD,-,-,-,-,-,-,-,-,20.31223100,72.95376800,20-03-2020 08:30,367,"","",0.1,"",""
1114,D/S OF M/S SURAT BEVERAGES VILLAGE DADRA SILVASSA,CPCB,24,Gujarat,462,Valsad,VALSAD,-,-,-,-,-,-,-,-,20.31223100,72.95376800,24-06-2020 08:30,271,"","",0.1,"",""
1115,D/S OF M/S SURAT BEVERAGES VILLAGE DADRA SILVASSA,CPCB,24,Gujarat,462,Valsad,VALSAD,-,-,-,-,-,-,-,-,20.31223100,72.95376800,28-07-2020 08:30,248,"","",5,"",""
1116,D/S OF M/S SURAT BEVERAGES VILLAGE DADRA SILVASSA,CPCB,24,Gujarat,462,Valsad,VALSAD,-,-,-,-,-,-,-,-,20.31223100,72.95376800,26-08-2020 08:30,224,"","",1,"",""
1117,D/S OF M/S SURAT BEVERAGES VILLAGE DADRA SILVASSA,CPCB,24,Gujarat,462,Valsad,VALSAD,-,-,-,-,-,-,-,-,20.31223100,72.95376800,21-09-2020 08:30,300,"","",0.1,"",""
1118,D/S OF M/S SURAT BEVERAGES VILLAGE DADRA SILVASSA,CPCB,24,Gujarat,462,Valsad,VALSAD,-,-,-,-,-,-,-,-,20.31223100,72.95376800,13-10-2020 08:30,321,"","",0.1,"",""
1119,D/S OF M/S SURAT BEVERAGES VILLAGE DADRA SILVASSA,CPCB,24,Gujarat,462,Valsad,VALSAD,-,-,-,-,-,-,-,-,20.31223100,72.95376800,24-11-2020 08:30,296,"","",0.1,"",""
1120,D/S OF M/S SURAT BEVERAGES VILLAGE DADRA SILVASSA,CPCB,24,Gujarat,462,Valsad,VALSAD,-,-,-,-,-,-,-,-,20.31223100,72.95376800,29-12-2020 08:30,234,"","",Clear,"",""
1121,GABHENI VILLAGE SURAT (INDUSTRIAL),CPCB,24,Gujarat,459,Surat,CHORASI,-,-,-,-,-,-,-,-,21.08635600,72.82762200,04-04-2018 08:30,2178,"","",1.1,"",""
1122,GABHENI VILLAGE SURAT (INDUSTRIAL),CPCB,24,Gujarat,459,Surat,CHORASI,-,-,-,-,-,-,-,-,21.08635600,72.82762200,08-10-2018 08:30,835,"","",3,"",""
1123,GABHENI VILLAGE SURAT (INDUSTRIAL),CPCB,24,Gujarat,459,Surat,CHORASI,-,-,-,-,-,-,-,-,21.08635600,72.82762200,03-04-2019 08:30,1340,Clear,"",5,"",""
1124,GABHENI VILLAGE SURAT (INDUSTRIAL),CPCB,24,Gujarat,459,Surat,CHORASI,-,-,-,-,-,-,-,-,21.08635600,72.82762200,04-10-2019 08:30,1644,Clear,"",3,"",""
1125,GABHENI VILLAGE SURAT (INDUSTRIAL),CPCB,24,Gujarat,459,Surat,CHORASI,-,-,-,-,-,-,-,-,21.08635600,72.82762200,05-04-2020 08:30,2741,"","",2,"",""
1126,GABHENI VILLAGE SURAT (INDUSTRIAL),CPCB,24,Gujarat,459,Surat,CHORASI,-,-,-,-,-,-,-,-,21.08635600,72.82762200,01-10-2020 08:30,2114,"","",4,"",""
1127,GIDC DAHOD DAHOD,CPCB,24,Gujarat,445,Dohad,DOHAD,-,-,-,-,-,-,-,-,22.84022500,74.25362500,03-04-2018 08:30,1027,"","","","",""
1128,GIDC DAHOD DAHOD,CPCB,24,Gujarat,445,Dohad,DOHAD,-,-,-,-,-,-,-,-,22.84022500,74.25362500,11-10-2018 08:30,1450,Clear,"",1.7,"",""
1129,GIDC DAHOD DAHOD,CPCB,24,Gujarat,445,Dohad,DOHAD,-,-,-,-,-,-,-,-,22.84022500,74.25362500,02-04-2019 08:30,1047,Clear,"",1.6,"",""
1130,GIDC DAHOD DAHOD,CPCB,24,Gujarat,445,Dohad,DOHAD,-,-,-,-,-,-,-,-,22.84022500,74.25362500,08-04-2020 08:30,1418,"","",1.3,"",""
1131,GIDC DAHOD DAHOD,CPCB,24,Gujarat,445,Dohad,DOHAD,-,-,-,-,-,-,-,-,22.84022500,74.25362500,06-10-2020 08:30,2359,"","",0.2,"",""
1132,GIDC WATER RESERVOIR VILL: BHERSAM TA: VAGRA DIST: BHARUCH,CPCB,24,Gujarat,442,Bharuch,VAGRA,-,-,-,-,-,-,-,-,21.78620200,72.85578600,06-05-2019 08:30,"","","","","",""
1133,GIDC WATER RESERVOIR VILL: BHERSAM TA: VAGRA DIST: BHARUCH,CPCB,24,Gujarat,442,Bharuch,VAGRA,-,-,-,-,-,-,-,-,21.78620200,72.85578600,01-10-2019 08:30,"","","","","",""
1134,GIDC WATER RESERVOIR VILL: BHERSAM TA: VAGRA DIST: BHARUCH,CPCB,24,Gujarat,442,Bharuch,VAGRA,-,-,-,-,-,-,-,-,21.78620200,72.85578600,07-04-2020 08:30,236,"","",3.4,"",""
1135,GOMTI LAKE OPP RANCHODAJI TEMPLE DAKOR KHEDA,CPCB,24,Gujarat,450,Kheda,THASRA,-,-,-,-,-,-,-,-,22.75617500,73.14648600,02-01-2018 08:30,501,"","","","",""
1136,GOMTI LAKE OPP RANCHODAJI TEMPLE DAKOR KHEDA,CPCB,24,Gujarat,450,Kheda,THASRA,-,-,-,-,-,-,-,-,22.75617500,73.14648600,06-02-2018 08:30,497,"","","","",""
1137,GOMTI LAKE OPP RANCHODAJI TEMPLE DAKOR KHEDA,CPCB,24,Gujarat,450,Kheda,THASRA,-,-,-,-,-,-,-,-,22.75617500,73.14648600,05-03-2018 08:30,529,"","","","",""
1138,GOMTI LAKE OPP RANCHODAJI TEMPLE DAKOR KHEDA,CPCB,24,Gujarat,450,Kheda,THASRA,-,-,-,-,-,-,-,-,22.75617500,73.14648600,01-05-2018 08:30,606,"","","","",""
1139,GOMTI LAKE OPP RANCHODAJI TEMPLE DAKOR KHEDA,CPCB,24,Gujarat,450,Kheda,THASRA,-,-,-,-,-,-,-,-,22.75617500,73.14648600,02-06-2018 08:30,587,"","","","",""
1140,GOMTI LAKE OPP RANCHODAJI TEMPLE DAKOR KHEDA,CPCB,24,Gujarat,450,Kheda,THASRA,-,-,-,-,-,-,-,-,22.75617500,73.14648600,02-07-2018 08:30,648,"","","","",""
1141,GOMTI LAKE OPP RANCHODAJI TEMPLE DAKOR KHEDA,CPCB,24,Gujarat,450,Kheda,THASRA,-,-,-,-,-,-,-,-,22.75617500,73.14648600,01-08-2018 08:30,538,"","","","",""
1142,GOMTI LAKE OPP RANCHODAJI TEMPLE DAKOR KHEDA,CPCB,24,Gujarat,450,Kheda,THASRA,-,-,-,-,-,-,-,-,22.75617500,73.14648600,06-09-2018 08:30,432,"","","","",""
1143,GOMTI LAKE OPP RANCHODAJI TEMPLE DAKOR KHEDA,CPCB,24,Gujarat,450,Kheda,THASRA,-,-,-,-,-,-,-,-,22.75617500,73.14648600,05-10-2018 08:30,452,"","","","",""
1144,GOMTI LAKE OPP RANCHODAJI TEMPLE DAKOR KHEDA,CPCB,24,Gujarat,450,Kheda,THASRA,-,-,-,-,-,-,-,-,22.75617500,73.14648600,01-11-2018 08:30,472,"","","","",""
1145,GOMTI LAKE OPP RANCHODAJI TEMPLE DAKOR KHEDA,CPCB,24,Gujarat,450,Kheda,THASRA,-,-,-,-,-,-,-,-,22.75617500,73.14648600,03-12-2018 08:30,453,"","","","",""
1146,GOMTI LAKE OPP RANCHODAJI TEMPLE DAKOR KHEDA,CPCB,24,Gujarat,450,Kheda,THASRA,-,-,-,-,-,-,-,-,22.75617500,73.14648600,01-01-2019 08:30,427,"","","","",""
1147,GOMTI LAKE OPP RANCHODAJI TEMPLE DAKOR KHEDA,CPCB,24,Gujarat,450,Kheda,THASRA,-,-,-,-,-,-,-,-,22.75617500,73.14648600,05-02-2019 08:30,484,"","","","",""
1148,GOMTI LAKE OPP RANCHODAJI TEMPLE DAKOR KHEDA,CPCB,24,Gujarat,450,Kheda,THASRA,-,-,-,-,-,-,-,-,22.75617500,73.14648600,05-03-2019 08:30,485,"","","","",""
1149,GOMTI LAKE OPP RANCHODAJI TEMPLE DAKOR KHEDA,CPCB,24,Gujarat,450,Kheda,THASRA,-,-,-,-,-,-,-,-,22.75617500,73.14648600,02-04-2019 08:30,544,"","","","",""
1150,GOMTI LAKE OPP RANCHODAJI TEMPLE DAKOR KHEDA,CPCB,24,Gujarat,450,Kheda,THASRA,-,-,-,-,-,-,-,-,22.75617500,73.14648600,02-05-2019 08:30,575,"","","","",""
1151,GOMTI LAKE OPP RANCHODAJI TEMPLE DAKOR KHEDA,CPCB,24,Gujarat,450,Kheda,THASRA,-,-,-,-,-,-,-,-,22.75617500,73.14648600,01-06-2019 08:30,623,"","","","",""
1152,GOMTI LAKE OPP RANCHODAJI TEMPLE DAKOR KHEDA,CPCB,24,Gujarat,450,Kheda,THASRA,-,-,-,-,-,-,-,-,22.75617500,73.14648600,05-07-2019 08:30,622,"","","","",""
1153,GOMTI LAKE OPP RANCHODAJI TEMPLE DAKOR KHEDA,CPCB,24,Gujarat,450,Kheda,THASRA,-,-,-,-,-,-,-,-,22.75617500,73.14648600,02-08-2019 08:30,499,"","","","",""
1154,GOMTI LAKE OPP RANCHODAJI TEMPLE DAKOR KHEDA,CPCB,24,Gujarat,450,Kheda,THASRA,-,-,-,-,-,-,-,-,22.75617500,73.14648600,04-09-2019 08:30,328,"","","","",""
1155,GOMTI LAKE OPP RANCHODAJI TEMPLE DAKOR KHEDA,CPCB,24,Gujarat,450,Kheda,THASRA,-,-,-,-,-,-,-,-,22.75617500,73.14648600,03-01-2020 08:30,447,"","",6.3,"",4
1156,GOMTI LAKE OPP RANCHODAJI TEMPLE DAKOR KHEDA,CPCB,24,Gujarat,450,Kheda,THASRA,-,-,-,-,-,-,-,-,22.75617500,73.14648600,03-02-2020 08:30,470,"","",0.8,"",""
1157,GOMTI LAKE OPP RANCHODAJI TEMPLE DAKOR KHEDA,CPCB,24,Gujarat,450,Kheda,THASRA,-,-,-,-,-,-,-,-,22.75617500,73.14648600,06-03-2020 08:30,483,"","",0.1,"",""
1158,GOMTI LAKE OPP RANCHODAJI TEMPLE DAKOR KHEDA,CPCB,24,Gujarat,450,Kheda,THASRA,-,-,-,-,-,-,-,-,22.75617500,73.14648600,07-04-2020 08:30,494,"","",2.7,"",""
1159,GOMTI LAKE OPP RANCHODAJI TEMPLE DAKOR KHEDA,CPCB,24,Gujarat,450,Kheda,THASRA,-,-,-,-,-,-,-,-,22.75617500,73.14648600,06-05-2020 08:30,530,"","",0.4,"",""
1160,GOMTI LAKE OPP RANCHODAJI TEMPLE DAKOR KHEDA,CPCB,24,Gujarat,450,Kheda,THASRA,-,-,-,-,-,-,-,-,22.75617500,73.14648600,04-06-2020 08:30,562,"","",1.5,"",""
1161,GOMTI LAKE OPP RANCHODAJI TEMPLE DAKOR KHEDA,CPCB,24,Gujarat,450,Kheda,THASRA,-,-,-,-,-,-,-,-,22.75617500,73.14648600,03-07-2020 08:30,483,"","",5.5,"",""
1162,GOMTI LAKE OPP RANCHODAJI TEMPLE DAKOR KHEDA,CPCB,24,Gujarat,450,Kheda,THASRA,-,-,-,-,-,-,-,-,22.75617500,73.14648600,06-08-2020 08:30,508,"","",0.9,"",""
1163,GOMTI LAKE OPP RANCHODAJI TEMPLE DAKOR KHEDA,CPCB,24,Gujarat,450,Kheda,THASRA,-,-,-,-,-,-,-,-,22.75617500,73.14648600,01-09-2020 08:30,383,"","",0.2,"",""
1164,GOMTI LAKE OPP RANCHODAJI TEMPLE DAKOR KHEDA,CPCB,24,Gujarat,450,Kheda,THASRA,-,-,-,-,-,-,-,-,22.75617500,73.14648600,06-10-2020 08:30,420,"","",Clear,"",""
1165,GOMTI LAKE OPP RANCHODAJI TEMPLE DAKOR KHEDA,CPCB,24,Gujarat,450,Kheda,THASRA,-,-,-,-,-,-,-,-,22.75617500,73.14648600,02-11-2020 08:30,453,"","",0.9,"",""
1166,GOMTI LAKE OPP RANCHODAJI TEMPLE DAKOR KHEDA,CPCB,24,Gujarat,450,Kheda,THASRA,-,-,-,-,-,-,-,-,22.75617500,73.14648600,03-12-2020 08:30,384,"","",0.7,"",""
1167,GROUND WATER AT AMRELI,CPCB,24,Gujarat,439,Amreli,AMRELI,-,-,-,-,-,-,-,-,21.62000000,71.23000600,03-04-2018 08:30,1320,Colorless,"","","",""
1168,GROUND WATER AT AMRELI,CPCB,24,Gujarat,439,Amreli,AMRELI,-,-,-,-,-,-,-,-,21.62000000,71.23000600,05-10-2018 08:30,1200,"","","","",""
1169,GROUND WATER AT AMRELI,CPCB,24,Gujarat,439,Amreli,AMRELI,-,-,-,-,-,-,-,-,21.62000000,71.23000600,02-04-2019 08:30,1470,Clear,"","","",""
1170,GROUND WATER AT AMRELI,CPCB,24,Gujarat,439,Amreli,AMRELI,-,-,-,-,-,-,-,-,21.62000000,71.23000600,01-10-2019 08:30,1470,Clear,"",2,"",""
1171,GROUND WATER AT AMRELI,CPCB,24,Gujarat,439,Amreli,AMRELI,-,-,-,-,-,-,-,-,21.62000000,71.23000600,09-04-2020 08:30,1300,"","",Clear,"",""
1172,GROUND WATER AT AMRELI,CPCB,24,Gujarat,439,Amreli,AMRELI,-,-,-,-,-,-,-,-,21.62000000,71.23000600,06-10-2020 08:30,1740,"","",3,"",""
1173,GROUND WATER AT BHAVNAGAR,CPCB,24,Gujarat,443,Bhavnagar,BHAVNAGAR,-,-,-,-,-,-,-,-,21.76447200,72.15193100,04-04-2018 08:30,1460,Colorless,"",4,"",""
1174,GROUND WATER AT BHAVNAGAR,CPCB,24,Gujarat,443,Bhavnagar,BHAVNAGAR,-,-,-,-,-,-,-,-,21.76447200,72.15193100,04-10-2018 08:30,1650,"","","","",""
1175,GROUND WATER AT BHAVNAGAR,CPCB,24,Gujarat,443,Bhavnagar,BHAVNAGAR,-,-,-,-,-,-,-,-,21.76447200,72.15193100,01-04-2019 08:30,1380,Clear,"","","",""
1176,GROUND WATER AT BHAVNAGAR,CPCB,24,Gujarat,443,Bhavnagar,BHAVNAGAR,-,-,-,-,-,-,-,-,21.76447200,72.15193100,01-10-2019 08:30,1410,Clear,"",2,"",""
1177,GROUND WATER AT BHAVNAGAR,CPCB,24,Gujarat,443,Bhavnagar,BHAVNAGAR,-,-,-,-,-,-,-,-,21.76447200,72.15193100,07-04-2020 08:30,1620,"","",Clear,"",""
1178,GROUND WATER AT BHAVNAGAR,CPCB,24,Gujarat,443,Bhavnagar,BHAVNAGAR,-,-,-,-,-,-,-,-,21.76447200,72.15193100,09-10-2020 08:30,2160,"","",2,"",""
1179,GROUND WATER AT BHUJ,CPCB,24,Gujarat,449,Kachchh,BHUJ,-,-,-,-,-,-,-,-,23.24200000,69.66693300,05-04-2018 08:30,3740,"","","","",""
1180,GROUND WATER AT BHUJ,CPCB,24,Gujarat,449,Kachchh,BHUJ,-,-,-,-,-,-,-,-,23.24200000,69.66693300,02-04-2019 08:30,4130,Clear,"","","",""
1181,GROUND WATER AT BHUJ,CPCB,24,Gujarat,449,Kachchh,BHUJ,-,-,-,-,-,-,-,-,23.24200000,69.66693300,01-10-2019 08:30,2680,Clear,"","","",""
1182,GROUND WATER AT BHUJ,CPCB,24,Gujarat,449,Kachchh,BHUJ,-,-,-,-,-,-,-,-,23.24200000,69.66693300,08-04-2020 08:30,3140,"","",0.6,"",""
1183,GROUND WATER AT BHUJ,CPCB,24,Gujarat,449,Kachchh,BHUJ,-,-,-,-,-,-,-,-,23.24200000,69.66693300,08-10-2020 08:30,3170,"","",0.5,"",""
1184,GROUND WATER AT DAHOD,CPCB,24,Gujarat,445,Dohad,DOHAD,-,-,-,-,-,-,-,-,22.83793100,74.25314700,03-04-2018 08:30,817,"","","","",""
1185,GROUND WATER AT DAHOD,CPCB,24,Gujarat,445,Dohad,DOHAD,-,-,-,-,-,-,-,-,22.83793100,74.25314700,11-10-2018 08:30,977,Clear,"","","",""
1186,GROUND WATER AT DAHOD,CPCB,24,Gujarat,445,Dohad,DOHAD,-,-,-,-,-,-,-,-,22.83793100,74.25314700,02-04-2019 08:30,832,Clear,"","","",""
1187,GROUND WATER AT DAHOD,CPCB,24,Gujarat,445,Dohad,DOHAD,-,-,-,-,-,-,-,-,22.83793100,74.25314700,08-04-2020 08:30,759,"","",0.9,"",""
1188,GROUND WATER AT DAHOD,CPCB,24,Gujarat,445,Dohad,DOHAD,-,-,-,-,-,-,-,-,22.83793100,74.25314700,06-10-2020 08:30,1000,"","",0.1,"",""
1189,GROUND WATER AT HIMATNAGAR,CPCB,24,Gujarat,458,Sabarkantha,BAYAD,-,-,-,-,-,-,-,-,23.61232500,72.96030800,09-10-2018 08:30,814,Clear,"","","",""
1190,GROUND WATER AT HIMATNAGAR,CPCB,24,Gujarat,458,Sabarkantha,BAYAD,-,-,-,-,-,-,-,-,23.61232500,72.96030800,02-04-2019 08:30,826,Clear,"","","",""
1191,GROUND WATER AT HIMATNAGAR,CPCB,24,Gujarat,458,Sabarkantha,BAYAD,-,-,-,-,-,-,-,-,23.61232500,72.96030800,09-04-2020 08:30,611,"","",0.3,"",""
1192,GROUND WATER AT JAMNAGAR,CPCB,24,Gujarat,447,Jamnagar,JAMNAGAR,-,-,-,-,-,-,-,-,22.47070300,70.05773900,02-04-2018 08:30,1020,"","","","",""
1193,GROUND WATER AT JAMNAGAR,CPCB,24,Gujarat,447,Jamnagar,JAMNAGAR,-,-,-,-,-,-,-,-,22.47070300,70.05773900,05-04-2019 08:30,1020,Clear,"","","",""
1194,GROUND WATER AT JAMNAGAR,CPCB,24,Gujarat,447,Jamnagar,JAMNAGAR,-,-,-,-,-,-,-,-,22.47070300,70.05773900,04-10-2019 08:30,910,Clear,"","","",""
1195,GROUND WATER AT JAMNAGAR,CPCB,24,Gujarat,447,Jamnagar,JAMNAGAR,-,-,-,-,-,-,-,-,22.47070300,70.05773900,07-04-2020 08:30,1120,"","",Clear,"",""
1196,GROUND WATER AT JAMNAGAR,CPCB,24,Gujarat,447,Jamnagar,JAMNAGAR,-,-,-,-,-,-,-,-,22.47070300,70.05773900,06-10-2020 08:30,1056,"","",2,"",""
1197,GROUND WATER AT JUNAGADH,CPCB,24,Gujarat,448,Junagadh,JUNAGADH,-,-,-,-,-,-,-,-,21.52204100,70.45785000,02-04-2018 08:30,1190,Clear,"","","",""
1198,GROUND WATER AT JUNAGADH,CPCB,24,Gujarat,448,Junagadh,JUNAGADH,-,-,-,-,-,-,-,-,21.52204100,70.45785000,12-10-2018 08:30,1530,Clear,"",2,"",""
1199,GROUND WATER AT JUNAGADH,CPCB,24,Gujarat,448,Junagadh,JUNAGADH,-,-,-,-,-,-,-,-,21.52204100,70.45785000,08-04-2019 08:30,1469,Clear,"","","",""
1200,GROUND WATER AT JUNAGADH,CPCB,24,Gujarat,448,Junagadh,JUNAGADH,-,-,-,-,-,-,-,-,21.52204100,70.45785000,09-04-2020 08:30,1417,"","",1,"",""
1201,GROUND WATER AT JUNAGADH,CPCB,24,Gujarat,448,Junagadh,JUNAGADH,-,-,-,-,-,-,-,-,21.52204100,70.45785000,08-10-2020 08:30,1108,"","",2,"",""
1202,GROUND WATER AT MEHASANA,CPCB,24,Gujarat,451,Mahesana,MAHESANA,-,-,-,-,-,-,-,-,23.58799200,72.36930800,02-01-2018 08:30,"",Colorless,"","","",""
1203,GROUND WATER AT MEHASANA,CPCB,24,Gujarat,451,Mahesana,MAHESANA,-,-,-,-,-,-,-,-,23.58799200,72.36930800,03-02-2018 08:30,"",Colorless,"","","",""
1204,GROUND WATER AT MEHASANA,CPCB,24,Gujarat,451,Mahesana,MAHESANA,-,-,-,-,-,-,-,-,23.58799200,72.36930800,02-04-2018 08:30,2873,"","","","",""
1205,GROUND WATER AT MEHASANA,CPCB,24,Gujarat,451,Mahesana,MAHESANA,-,-,-,-,-,-,-,-,23.58799200,72.36930800,01-10-2018 08:30,605,"","",4.9,"",""
1206,GROUND WATER AT MEHASANA,CPCB,24,Gujarat,451,Mahesana,MAHESANA,-,-,-,-,-,-,-,-,23.58799200,72.36930800,01-04-2019 08:30,355,Clear,"","","",""
1207,GROUND WATER AT MEHASANA,CPCB,24,Gujarat,451,Mahesana,MAHESANA,-,-,-,-,-,-,-,-,23.58799200,72.36930800,04-10-2019 08:30,3118,Clear,"","","",""
1208,GROUND WATER AT MEHASANA,CPCB,24,Gujarat,451,Mahesana,MAHESANA,-,-,-,-,-,-,-,-,23.58799200,72.36930800,01-04-2020 08:30,3273,"","",0.4,"",""
1209,GROUND WATER AT NADIAD,CPCB,24,Gujarat,450,Kheda,NADIAD,-,-,-,-,-,-,-,-,22.70001000,72.87000100,06-02-2018 08:30,"","","","","",""
1210,GROUND WATER AT NADIAD,CPCB,24,Gujarat,450,Kheda,NADIAD,-,-,-,-,-,-,-,-,22.70001000,72.87000100,04-04-2018 08:30,1768,"","","","",""
1211,GROUND WATER AT NADIAD,CPCB,24,Gujarat,450,Kheda,NADIAD,-,-,-,-,-,-,-,-,22.70001000,72.87000100,05-10-2018 08:30,1728,"","",1.1,"",""
1212,GROUND WATER AT NADIAD,CPCB,24,Gujarat,450,Kheda,NADIAD,-,-,-,-,-,-,-,-,22.70001000,72.87000100,02-04-2019 08:30,1859,Clear,"","","",""
1213,GROUND WATER AT NADIAD,CPCB,24,Gujarat,450,Kheda,NADIAD,-,-,-,-,-,-,-,-,22.70001000,72.87000100,07-04-2020 08:30,1753,"","",Clear,"",""
1214,GROUND WATER AT PALANPUR,CPCB,24,Gujarat,441,Banaskantha,BHABHAR,-,-,-,-,-,-,-,-,24.17405000,72.43310000,02-04-2018 08:30,1365,"","","","",""
1215,GROUND WATER AT PALANPUR,CPCB,24,Gujarat,441,Banaskantha,BHABHAR,-,-,-,-,-,-,-,-,24.17405000,72.43310000,09-10-2018 08:30,1395,"","","","",""
1216,GROUND WATER AT PALANPUR,CPCB,24,Gujarat,441,Banaskantha,BHABHAR,-,-,-,-,-,-,-,-,24.17405000,72.43310000,01-04-2019 08:30,1516,Clear,"","","",""
1217,GROUND WATER AT PALANPUR,CPCB,24,Gujarat,441,Banaskantha,BHABHAR,-,-,-,-,-,-,-,-,24.17405000,72.43310000,01-10-2019 08:30,1332,Clear,"","","",""
1218,GROUND WATER AT PALANPUR,CPCB,24,Gujarat,441,Banaskantha,BHABHAR,-,-,-,-,-,-,-,-,24.17405000,72.43310000,09-04-2020 08:30,1730,"","",0.4,"",""
1219,GROUND WATER AT RAJKOT,CPCB,24,Gujarat,457,Rajkot,RAJKOT,-,-,-,-,-,-,-,-,22.30389200,70.80215800,07-04-2018 08:30,1210,"","",50,"",""
1220,GROUND WATER AT RAJKOT,CPCB,24,Gujarat,457,Rajkot,RAJKOT,-,-,-,-,-,-,-,-,22.30389200,70.80215800,05-10-2019 08:30,1240,Clear,"",9,"",""
1221,GROUND WATER AT RAJKOT,CPCB,24,Gujarat,457,Rajkot,RAJKOT,-,-,-,-,-,-,-,-,22.30389200,70.80215800,08-04-2020 08:30,1389,"","",1,"",""
1222,GROUND WATER AT SIDDHPUR (DIST.PATAN),CPCB,24,Gujarat,455,Patan,SIDHPUR,-,-,-,-,-,-,-,-,23.91961900,72.36683600,02-04-2018 08:30,1628,"","","","",""
1223,GROUND WATER AT SIDDHPUR (DIST.PATAN),CPCB,24,Gujarat,455,Patan,SIDHPUR,-,-,-,-,-,-,-,-,23.91961900,72.36683600,01-10-2018 08:30,1818,"","","","",""
1224,GROUND WATER AT SIDDHPUR (DIST.PATAN),CPCB,24,Gujarat,455,Patan,SIDHPUR,-,-,-,-,-,-,-,-,23.91961900,72.36683600,01-04-2019 08:30,1858,Clear,"","","",""
1225,GROUND WATER AT SIDDHPUR (DIST.PATAN),CPCB,24,Gujarat,455,Patan,SIDHPUR,-,-,-,-,-,-,-,-,23.91961900,72.36683600,01-10-2019 08:30,1751,Clear,"","","",""
1226,GROUND WATER AT SIDDHPUR (DIST.PATAN),CPCB,24,Gujarat,455,Patan,SIDHPUR,-,-,-,-,-,-,-,-,23.91961900,72.36683600,11-04-2020 08:30,1748,"","",0.4,"",""
1227,GROUND WATER AT SURENDRANAGAR,CPCB,24,Gujarat,460,Surendranagar,WADHWAN,-,-,-,-,-,-,-,-,22.72014100,71.64949100,03-04-2020 08:30,3228,"","",1,"",""
1228,GROUND WATER AT SURENDRANAGAR,CPCB,24,Gujarat,460,Surendranagar,WADHWAN,-,-,-,-,-,-,-,-,22.72014100,71.64949100,03-10-2020 08:30,1546,"","",2,"",""
1229,HAMISAR TALAV BHUJ,CPCB,24,Gujarat,449,Kachchh,BHUJ,-,-,-,-,-,-,-,-,23.25144400,69.66336100,04-01-2018 08:30,672,"","","","",""
1230,HAMISAR TALAV BHUJ,CPCB,24,Gujarat,449,Kachchh,BHUJ,-,-,-,-,-,-,-,-,23.25144400,69.66336100,01-02-2018 08:30,729,"","","","",""
1231,HAMISAR TALAV BHUJ,CPCB,24,Gujarat,449,Kachchh,BHUJ,-,-,-,-,-,-,-,-,23.25144400,69.66336100,06-03-2018 08:30,1040,"","","","",""
1232,HAMISAR TALAV BHUJ,CPCB,24,Gujarat,449,Kachchh,BHUJ,-,-,-,-,-,-,-,-,23.25144400,69.66336100,05-04-2018 08:30,988,"","","","",""
1233,HAMISAR TALAV BHUJ,CPCB,24,Gujarat,449,Kachchh,BHUJ,-,-,-,-,-,-,-,-,23.25144400,69.66336100,02-05-2018 08:30,1644,"","","","",""
1234,HAMISAR TALAV BHUJ,CPCB,24,Gujarat,449,Kachchh,BHUJ,-,-,-,-,-,-,-,-,23.25144400,69.66336100,02-06-2018 08:30,1194,"","","","",""
1235,HAMISAR TALAV BHUJ,CPCB,24,Gujarat,449,Kachchh,BHUJ,-,-,-,-,-,-,-,-,23.25144400,69.66336100,03-07-2018 08:30,1588,"","","","",""
1236,HAMISAR TALAV BHUJ,CPCB,24,Gujarat,449,Kachchh,BHUJ,-,-,-,-,-,-,-,-,23.25144400,69.66336100,02-08-2018 08:30,1417,"","","","",""
1237,HAMISAR TALAV BHUJ,CPCB,24,Gujarat,449,Kachchh,BHUJ,-,-,-,-,-,-,-,-,23.25144400,69.66336100,05-09-2018 08:30,1700,"","","","",""
1238,HAMISAR TALAV BHUJ,CPCB,24,Gujarat,449,Kachchh,BHUJ,-,-,-,-,-,-,-,-,23.25144400,69.66336100,02-01-2019 08:30,150,"","","","",""
1239,HAMISAR TALAV BHUJ,CPCB,24,Gujarat,449,Kachchh,BHUJ,-,-,-,-,-,-,-,-,23.25144400,69.66336100,02-02-2019 08:30,150,"","","","",""
1240,HAMISAR TALAV BHUJ,CPCB,24,Gujarat,449,Kachchh,BHUJ,-,-,-,-,-,-,-,-,23.25144400,69.66336100,03-09-2019 08:30,510,"","","","",""
1241,HAMISAR TALAV BHUJ,CPCB,24,Gujarat,449,Kachchh,BHUJ,-,-,-,-,-,-,-,-,23.25144400,69.66336100,01-10-2019 08:30,467,"","","","",""
1242,HAMISAR TALAV BHUJ,CPCB,24,Gujarat,449,Kachchh,BHUJ,-,-,-,-,-,-,-,-,23.25144400,69.66336100,02-11-2019 08:30,420,"","","","",""
1243,HAMISAR TALAV BHUJ,CPCB,24,Gujarat,449,Kachchh,BHUJ,-,-,-,-,-,-,-,-,23.25144400,69.66336100,04-12-2019 08:30,432,"","","","",""
1244,HAMISAR TALAV BHUJ,CPCB,24,Gujarat,449,Kachchh,BHUJ,-,-,-,-,-,-,-,-,23.25144400,69.66336100,01-01-2020 08:30,371,"","",0.26,"",8
1245,HAMISAR TALAV BHUJ,CPCB,24,Gujarat,449,Kachchh,BHUJ,-,-,-,-,-,-,-,-,23.25144400,69.66336100,01-02-2020 08:30,405,"","",0.23,"",""
1246,HAMISAR TALAV BHUJ,CPCB,24,Gujarat,449,Kachchh,BHUJ,-,-,-,-,-,-,-,-,23.25144400,69.66336100,03-03-2020 08:30,400,"","",0.4,"",""
1247,HAMISAR TALAV BHUJ,CPCB,24,Gujarat,449,Kachchh,BHUJ,-,-,-,-,-,-,-,-,23.25144400,69.66336100,08-04-2020 08:30,517,"","",0.36,"",""
1248,HAMISAR TALAV BHUJ,CPCB,24,Gujarat,449,Kachchh,BHUJ,-,-,-,-,-,-,-,-,23.25144400,69.66336100,01-05-2020 08:30,608,"","",0.3,"",""
1249,HAMISAR TALAV BHUJ,CPCB,24,Gujarat,449,Kachchh,BHUJ,-,-,-,-,-,-,-,-,23.25144400,69.66336100,01-06-2020 08:30,632,"","",0.32,"",""
1250,HAMISAR TALAV BHUJ,CPCB,24,Gujarat,449,Kachchh,BHUJ,-,-,-,-,-,-,-,-,23.25144400,69.66336100,01-07-2020 08:30,695,"","",0.38,"",""
1251,HAMISAR TALAV BHUJ,CPCB,24,Gujarat,449,Kachchh,BHUJ,-,-,-,-,-,-,-,-,23.25144400,69.66336100,04-08-2020 08:30,630,"","",0.3,"",""
1252,HAMISAR TALAV BHUJ,CPCB,24,Gujarat,449,Kachchh,BHUJ,-,-,-,-,-,-,-,-,23.25144400,69.66336100,03-09-2020 08:30,450,"","",0.25,"",""
1253,HAMISAR TALAV BHUJ,CPCB,24,Gujarat,449,Kachchh,BHUJ,-,-,-,-,-,-,-,-,23.25144400,69.66336100,08-10-2020 08:30,470,"","",0.3,"",""
1254,HAMISAR TALAV BHUJ,CPCB,24,Gujarat,449,Kachchh,BHUJ,-,-,-,-,-,-,-,-,23.25144400,69.66336100,05-11-2020 08:30,510,"","",0.2,"",""
1255,HAMISAR TALAV BHUJ,CPCB,24,Gujarat,449,Kachchh,BHUJ,-,-,-,-,-,-,-,-,23.25144400,69.66336100,08-12-2020 08:30,480,"","",0.26,"",""
1256,JILLA PANCHAYAT SCHOOL NEAR GRAM PANCHAYAT KATA FALIA VILLAGE NAMDHA VALSAD,CPCB,24,Gujarat,462,Valsad,VALSAD,-,-,-,-,-,-,-,-,20.60805200,72.92915100,05-04-2018 08:30,634,"","","","",""
1257,JILLA PANCHAYAT SCHOOL NEAR GRAM PANCHAYAT KATA FALIA VILLAGE NAMDHA VALSAD,CPCB,24,Gujarat,462,Valsad,VALSAD,-,-,-,-,-,-,-,-,20.60805200,72.92915100,06-10-2018 08:30,7,"","",6.6,"",""
1258,JILLA PANCHAYAT SCHOOL NEAR GRAM PANCHAYAT KATA FALIA VILLAGE NAMDHA VALSAD,CPCB,24,Gujarat,462,Valsad,VALSAD,-,-,-,-,-,-,-,-,20.60805200,72.92915100,04-04-2019 08:30,1180,Clear,"",10,"",""
1259,JILLA PANCHAYAT SCHOOL NEAR GRAM PANCHAYAT KATA FALIA VILLAGE NAMDHA VALSAD,CPCB,24,Gujarat,462,Valsad,VALSAD,-,-,-,-,-,-,-,-,20.60805200,72.92915100,04-10-2019 08:30,577,Clear,"",18,"",""
1260,JILLA PANCHAYAT SCHOOL NEAR GRAM PANCHAYAT KATA FALIA VILLAGE NAMDHA VALSAD,CPCB,24,Gujarat,462,Valsad,VALSAD,-,-,-,-,-,-,-,-,20.60805200,72.92915100,09-04-2020 08:30,565,"","",Clear,"",""
1261,JILLA PANCHAYAT SCHOOL NEAR GRAM PANCHAYAT KATA FALIA VILLAGE NAMDHA VALSAD,CPCB,24,Gujarat,462,Valsad,VALSAD,-,-,-,-,-,-,-,-,20.60805200,72.92915100,05-10-2020 08:30,"","","","","",""
1262,KANKORIA LAKE AT AHMEDABAD NR. BALVATIKA,CPCB,24,Gujarat,438,Ahmedabad,AHMADABAD CITY,-,-,-,-,-,-,-,-,23.00673100,72.60162200,02-01-2018 08:30,2318,"","","","",""
1263,KANKORIA LAKE AT AHMEDABAD NR. BALVATIKA,CPCB,24,Gujarat,438,Ahmedabad,AHMADABAD CITY,-,-,-,-,-,-,-,-,23.00673100,72.60162200,01-02-2018 08:30,2514,"","","","",""
1264,KANKORIA LAKE AT AHMEDABAD NR. BALVATIKA,CPCB,24,Gujarat,438,Ahmedabad,AHMADABAD CITY,-,-,-,-,-,-,-,-,23.00673100,72.60162200,01-03-2018 08:30,2546,"","","","",""
1265,KANKORIA LAKE AT AHMEDABAD NR. BALVATIKA,CPCB,24,Gujarat,438,Ahmedabad,AHMADABAD CITY,-,-,-,-,-,-,-,-,23.00673100,72.60162200,02-04-2018 08:30,2750,"","","","",""
1266,KANKORIA LAKE AT AHMEDABAD NR. BALVATIKA,CPCB,24,Gujarat,438,Ahmedabad,AHMADABAD CITY,-,-,-,-,-,-,-,-,23.00673100,72.60162200,02-05-2018 08:30,2630,"","","","",""
1267,KANKORIA LAKE AT AHMEDABAD NR. BALVATIKA,CPCB,24,Gujarat,438,Ahmedabad,AHMADABAD CITY,-,-,-,-,-,-,-,-,23.00673100,72.60162200,01-06-2018 08:30,3218,"","","","",""
1268,KANKORIA LAKE AT AHMEDABAD NR. BALVATIKA,CPCB,24,Gujarat,438,Ahmedabad,AHMADABAD CITY,-,-,-,-,-,-,-,-,23.00673100,72.60162200,02-07-2018 08:30,3110,"","","","",""
1269,KANKORIA LAKE AT AHMEDABAD NR. BALVATIKA,CPCB,24,Gujarat,438,Ahmedabad,AHMADABAD CITY,-,-,-,-,-,-,-,-,23.00673100,72.60162200,02-08-2018 08:30,3095,"","","","",""
1270,KANKORIA LAKE AT AHMEDABAD NR. BALVATIKA,CPCB,24,Gujarat,438,Ahmedabad,AHMADABAD CITY,-,-,-,-,-,-,-,-,23.00673100,72.60162200,04-09-2018 08:30,292,"","","","",""
1271,KANKORIA LAKE AT AHMEDABAD NR. BALVATIKA,CPCB,24,Gujarat,438,Ahmedabad,AHMADABAD CITY,-,-,-,-,-,-,-,-,23.00673100,72.60162200,01-10-2018 08:30,2855,"","","","",""
1272,KANKORIA LAKE AT AHMEDABAD NR. BALVATIKA,CPCB,24,Gujarat,438,Ahmedabad,AHMADABAD CITY,-,-,-,-,-,-,-,-,23.00673100,72.60162200,01-11-2018 08:30,2723,"","","","",""
1273,KANKORIA LAKE AT AHMEDABAD NR. BALVATIKA,CPCB,24,Gujarat,438,Ahmedabad,AHMADABAD CITY,-,-,-,-,-,-,-,-,23.00673100,72.60162200,01-12-2018 08:30,2738,"","","","",""
1274,KANKORIA LAKE AT AHMEDABAD NR. BALVATIKA,CPCB,24,Gujarat,438,Ahmedabad,AHMADABAD CITY,-,-,-,-,-,-,-,-,23.00673100,72.60162200,02-01-2019 08:30,2539,"","","","",""
1275,KANKORIA LAKE AT AHMEDABAD NR. BALVATIKA,CPCB,24,Gujarat,438,Ahmedabad,AHMADABAD CITY,-,-,-,-,-,-,-,-,23.00673100,72.60162200,04-02-2019 08:30,2680,"","","","",""
1276,KANKORIA LAKE AT AHMEDABAD NR. BALVATIKA,CPCB,24,Gujarat,438,Ahmedabad,AHMADABAD CITY,-,-,-,-,-,-,-,-,23.00673100,72.60162200,02-03-2019 08:30,2408,"","","","",""
1277,KANKORIA LAKE AT AHMEDABAD NR. BALVATIKA,CPCB,24,Gujarat,438,Ahmedabad,AHMADABAD CITY,-,-,-,-,-,-,-,-,23.00673100,72.60162200,02-04-2019 08:30,3160,"","","","",""
1278,KANKORIA LAKE AT AHMEDABAD NR. BALVATIKA,CPCB,24,Gujarat,438,Ahmedabad,AHMADABAD CITY,-,-,-,-,-,-,-,-,23.00673100,72.60162200,02-05-2019 08:30,3402,"","","","",""
1279,KANKORIA LAKE AT AHMEDABAD NR. BALVATIKA,CPCB,24,Gujarat,438,Ahmedabad,AHMADABAD CITY,-,-,-,-,-,-,-,-,23.00673100,72.60162200,01-06-2019 08:30,3318,"","","","",""
1280,KANKORIA LAKE AT AHMEDABAD NR. BALVATIKA,CPCB,24,Gujarat,438,Ahmedabad,AHMADABAD CITY,-,-,-,-,-,-,-,-,23.00673100,72.60162200,01-07-2019 08:30,3295,"","","","",""
1281,KANKORIA LAKE AT AHMEDABAD NR. BALVATIKA,CPCB,24,Gujarat,438,Ahmedabad,AHMADABAD CITY,-,-,-,-,-,-,-,-,23.00673100,72.60162200,02-08-2019 08:30,3370,"","","","",""
1282,KANKORIA LAKE AT AHMEDABAD NR. BALVATIKA,CPCB,24,Gujarat,438,Ahmedabad,AHMADABAD CITY,-,-,-,-,-,-,-,-,23.00673100,72.60162200,03-09-2019 08:30,3125,"","","","",""
1283,KANKORIA LAKE AT AHMEDABAD NR. BALVATIKA,CPCB,24,Gujarat,438,Ahmedabad,AHMADABAD CITY,-,-,-,-,-,-,-,-,23.00673100,72.60162200,01-10-2019 08:30,2841,"","","","",""
1284,KANKORIA LAKE AT AHMEDABAD NR. BALVATIKA,CPCB,24,Gujarat,438,Ahmedabad,AHMADABAD CITY,-,-,-,-,-,-,-,-,23.00673100,72.60162200,04-11-2019 08:30,2783,"","","","",""
1285,KANKORIA LAKE AT AHMEDABAD NR. BALVATIKA,CPCB,24,Gujarat,438,Ahmedabad,AHMADABAD CITY,-,-,-,-,-,-,-,-,23.00673100,72.60162200,03-12-2019 08:30,2611,"","","","",""
1286,KANKORIA LAKE AT AHMEDABAD NR. BALVATIKA,CPCB,24,Gujarat,438,Ahmedabad,AHMADABAD CITY,-,-,-,-,-,-,-,-,23.00673100,72.60162200,01-01-2020 08:30,2406,"","",2.5,"",58
1287,KANKORIA LAKE AT AHMEDABAD NR. BALVATIKA,CPCB,24,Gujarat,438,Ahmedabad,AHMADABAD CITY,-,-,-,-,-,-,-,-,23.00673100,72.60162200,01-02-2020 08:30,2634,"","",3,"",""
1288,KANKORIA LAKE AT AHMEDABAD NR. BALVATIKA,CPCB,24,Gujarat,438,Ahmedabad,AHMADABAD CITY,-,-,-,-,-,-,-,-,23.00673100,72.60162200,03-03-2020 08:30,2797,"","",0.2,"",""
1289,KANKORIA LAKE AT AHMEDABAD NR. BALVATIKA,CPCB,24,Gujarat,438,Ahmedabad,AHMADABAD CITY,-,-,-,-,-,-,-,-,23.00673100,72.60162200,03-04-2020 08:30,3157,"","",0.8,"",""
1290,KANKORIA LAKE AT AHMEDABAD NR. BALVATIKA,CPCB,24,Gujarat,438,Ahmedabad,AHMADABAD CITY,-,-,-,-,-,-,-,-,23.00673100,72.60162200,01-05-2020 08:30,3340,"","",0.8,"",""
1291,KANKORIA LAKE AT AHMEDABAD NR. BALVATIKA,CPCB,24,Gujarat,438,Ahmedabad,AHMADABAD CITY,-,-,-,-,-,-,-,-,23.00673100,72.60162200,01-06-2020 08:30,3840,"","",0.7,"",""
1292,KANKORIA LAKE AT AHMEDABAD NR. BALVATIKA,CPCB,24,Gujarat,438,Ahmedabad,AHMADABAD CITY,-,-,-,-,-,-,-,-,23.00673100,72.60162200,04-08-2020 08:30,2630,"","",16,"",""
1293,KANKORIA LAKE AT AHMEDABAD NR. BALVATIKA,CPCB,24,Gujarat,438,Ahmedabad,AHMADABAD CITY,-,-,-,-,-,-,-,-,23.00673100,72.60162200,01-09-2020 08:30,2537,"","",45.5,"",""
1294,KANKORIA LAKE AT AHMEDABAD NR. BALVATIKA,CPCB,24,Gujarat,438,Ahmedabad,AHMADABAD CITY,-,-,-,-,-,-,-,-,23.00673100,72.60162200,03-10-2020 08:30,2303,"","",54,"",""
1295,KANKORIA LAKE AT AHMEDABAD NR. BALVATIKA,CPCB,24,Gujarat,438,Ahmedabad,AHMADABAD CITY,-,-,-,-,-,-,-,-,23.00673100,72.60162200,02-11-2020 08:30,2578,"","",43,"",""
1296,KANKORIA LAKE AT AHMEDABAD NR. BALVATIKA,CPCB,24,Gujarat,438,Ahmedabad,AHMADABAD CITY,-,-,-,-,-,-,-,-,23.00673100,72.60162200,01-12-2020 08:30,2597,"","",52,"",""
1297,KAVERI RIVER ON BRIDGE AT BILLIMORA-VALSAD ROAD,CPCB,24,Gujarat,453,Navsari,CHIKHLI,-,-,-,-,-,-,-,-,20.75603300,73.06678600,07-02-2018 08:30,"","","","","",""
1298,KAVERI RIVER ON BRIDGE AT BILLIMORA-VALSAD ROAD,CPCB,24,Gujarat,453,Navsari,CHIKHLI,-,-,-,-,-,-,-,-,20.75603300,73.06678600,01-03-2018 08:30,"","","","","",""
1299,KAVERI RIVER ON BRIDGE AT BILLIMORA-VALSAD ROAD,CPCB,24,Gujarat,453,Navsari,CHIKHLI,-,-,-,-,-,-,-,-,20.75603300,73.06678600,05-04-2018 08:30,"","","","","",""
1300,KAVERI RIVER ON BRIDGE AT BILLIMORA-VALSAD ROAD,CPCB,24,Gujarat,453,Navsari,CHIKHLI,-,-,-,-,-,-,-,-,20.75603300,73.06678600,03-05-2018 08:30,"","","","","",""
1301,KAVERI RIVER ON BRIDGE AT BILLIMORA-VALSAD ROAD,CPCB,24,Gujarat,453,Navsari,CHIKHLI,-,-,-,-,-,-,-,-,20.75603300,73.06678600,06-06-2018 08:30,"","","","","",""
1302,KAVERI RIVER ON BRIDGE AT BILLIMORA-VALSAD ROAD,CPCB,24,Gujarat,453,Navsari,CHIKHLI,-,-,-,-,-,-,-,-,20.75603300,73.06678600,05-07-2018 08:30,"","","","","",""
1303,KAVERI RIVER ON BRIDGE AT BILLIMORA-VALSAD ROAD,CPCB,24,Gujarat,453,Navsari,CHIKHLI,-,-,-,-,-,-,-,-,20.75603300,73.06678600,01-08-2018 08:30,"","","","","",""
1304,KAVERI RIVER ON BRIDGE AT BILLIMORA-VALSAD ROAD,CPCB,24,Gujarat,453,Navsari,CHIKHLI,-,-,-,-,-,-,-,-,20.75603300,73.06678600,07-09-2018 08:30,"","","","","",""
1305,KAVERI RIVER ON BRIDGE AT BILLIMORA-VALSAD ROAD,CPCB,24,Gujarat,453,Navsari,CHIKHLI,-,-,-,-,-,-,-,-,20.75603300,73.06678600,03-10-2018 08:30,"","","","","",""
1306,KAVERI RIVER ON BRIDGE AT BILLIMORA-VALSAD ROAD,CPCB,24,Gujarat,453,Navsari,CHIKHLI,-,-,-,-,-,-,-,-,20.75603300,73.06678600,20-11-2018 08:30,"","","","","",""
1307,KAVERI RIVER ON BRIDGE AT BILLIMORA-VALSAD ROAD,CPCB,24,Gujarat,453,Navsari,CHIKHLI,-,-,-,-,-,-,-,-,20.75603300,73.06678600,01-12-2018 08:30,"","","","","",""
1308,KAVERI RIVER ON BRIDGE AT BILLIMORA-VALSAD ROAD,CPCB,24,Gujarat,453,Navsari,CHIKHLI,-,-,-,-,-,-,-,-,20.75603300,73.06678600,12-02-2019 08:30,"","","","","",""
1309,KAVERI RIVER ON BRIDGE AT BILLIMORA-VALSAD ROAD,CPCB,24,Gujarat,453,Navsari,CHIKHLI,-,-,-,-,-,-,-,-,20.75603300,73.06678600,06-03-2019 08:30,"","","","","",""
1310,KAVERI RIVER ON BRIDGE AT BILLIMORA-VALSAD ROAD,CPCB,24,Gujarat,453,Navsari,CHIKHLI,-,-,-,-,-,-,-,-,20.75603300,73.06678600,01-04-2019 08:30,"","","","","",""
1311,KAVERI RIVER ON BRIDGE AT BILLIMORA-VALSAD ROAD,CPCB,24,Gujarat,453,Navsari,CHIKHLI,-,-,-,-,-,-,-,-,20.75603300,73.06678600,02-05-2019 08:30,"","","","","",""
1312,KAVERI RIVER ON BRIDGE AT BILLIMORA-VALSAD ROAD,CPCB,24,Gujarat,453,Navsari,CHIKHLI,-,-,-,-,-,-,-,-,20.75603300,73.06678600,06-06-2019 08:30,"","","","","",""
1313,KAVERI RIVER ON BRIDGE AT BILLIMORA-VALSAD ROAD,CPCB,24,Gujarat,453,Navsari,CHIKHLI,-,-,-,-,-,-,-,-,20.75603300,73.06678600,04-07-2019 08:30,"","","","","",""
1314,KAVERI RIVER ON BRIDGE AT BILLIMORA-VALSAD ROAD,CPCB,24,Gujarat,453,Navsari,CHIKHLI,-,-,-,-,-,-,-,-,20.75603300,73.06678600,03-08-2019 08:30,"","","","","",""
1315,KAVERI RIVER ON BRIDGE AT BILLIMORA-VALSAD ROAD,CPCB,24,Gujarat,453,Navsari,CHIKHLI,-,-,-,-,-,-,-,-,20.75603300,73.06678600,03-09-2019 08:30,"","","","","",""
1316,KAVERI RIVER ON BRIDGE AT BILLIMORA-VALSAD ROAD,CPCB,24,Gujarat,453,Navsari,CHIKHLI,-,-,-,-,-,-,-,-,20.75603300,73.06678600,01-10-2019 08:30,"","","","","",""
1317,KAVERI RIVER ON BRIDGE AT BILLIMORA-VALSAD ROAD,CPCB,24,Gujarat,453,Navsari,CHIKHLI,-,-,-,-,-,-,-,-,20.75603300,73.06678600,02-11-2019 08:30,"","","","","",""
1318,KAVERI RIVER ON BRIDGE AT BILLIMORA-VALSAD ROAD,CPCB,24,Gujarat,453,Navsari,CHIKHLI,-,-,-,-,-,-,-,-,20.75603300,73.06678600,04-12-2019 08:30,"","","","","",""
1319,KAVERI RIVER ON BRIDGE AT BILLIMORA-VALSAD ROAD,CPCB,24,Gujarat,453,Navsari,CHIKHLI,-,-,-,-,-,-,-,-,20.75603300,73.06678600,08-01-2020 08:30,32780,"","",3,"",206
1320,KAVERI RIVER ON BRIDGE AT BILLIMORA-VALSAD ROAD,CPCB,24,Gujarat,453,Navsari,CHIKHLI,-,-,-,-,-,-,-,-,20.75603300,73.06678600,04-02-2020 08:30,28630,"","",4,"",""
1321,KAVERI RIVER ON BRIDGE AT BILLIMORA-VALSAD ROAD,CPCB,24,Gujarat,453,Navsari,CHIKHLI,-,-,-,-,-,-,-,-,20.75603300,73.06678600,04-03-2020 08:30,45240,"","",118,"",""
1322,KAVERI RIVER ON BRIDGE AT BILLIMORA-VALSAD ROAD,CPCB,24,Gujarat,453,Navsari,CHIKHLI,-,-,-,-,-,-,-,-,20.75603300,73.06678600,09-04-2020 08:30,14672,"","",68,"",""
1323,KAVERI RIVER ON BRIDGE AT BILLIMORA-VALSAD ROAD,CPCB,24,Gujarat,453,Navsari,CHIKHLI,-,-,-,-,-,-,-,-,20.75603300,73.06678600,02-05-2020 08:30,49573,"","",74,"",""
1324,KAVERI RIVER ON BRIDGE AT BILLIMORA-VALSAD ROAD,CPCB,24,Gujarat,453,Navsari,CHIKHLI,-,-,-,-,-,-,-,-,20.75603300,73.06678600,04-06-2020 08:30,13790,"","",41,"",""
1325,KAVERI RIVER ON BRIDGE AT BILLIMORA-VALSAD ROAD,CPCB,24,Gujarat,453,Navsari,CHIKHLI,-,-,-,-,-,-,-,-,20.75603300,73.06678600,01-07-2020 08:30,52190,"","",125,"",""
1326,KAVERI RIVER ON BRIDGE AT BILLIMORA-VALSAD ROAD,CPCB,24,Gujarat,453,Navsari,CHIKHLI,-,-,-,-,-,-,-,-,20.75603300,73.06678600,04-08-2020 08:30,29280,"","",18,"",""
1327,KAVERI RIVER ON BRIDGE AT BILLIMORA-VALSAD ROAD,CPCB,24,Gujarat,453,Navsari,CHIKHLI,-,-,-,-,-,-,-,-,20.75603300,73.06678600,05-09-2020 08:30,1908,"","",5,"",""
1328,KAVERI RIVER ON BRIDGE AT BILLIMORA-VALSAD ROAD,CPCB,24,Gujarat,453,Navsari,CHIKHLI,-,-,-,-,-,-,-,-,20.75603300,73.06678600,03-10-2020 08:30,8118,"","",5,"",""
1329,KAVERI RIVER ON BRIDGE AT BILLIMORA-VALSAD ROAD,CPCB,24,Gujarat,453,Navsari,CHIKHLI,-,-,-,-,-,-,-,-,20.75603300,73.06678600,03-11-2020 08:30,2359,"","",3,"",""
1330,KAVERI RIVER ON BRIDGE AT BILLIMORA-VALSAD ROAD,CPCB,24,Gujarat,453,Navsari,CHIKHLI,-,-,-,-,-,-,-,-,20.75603300,73.06678600,02-12-2020 08:30,1306,"","",2,"",""
1331,KHARI AT LALI VILLAGE NEAR AHMEDABAD,CPCB,24,Gujarat,450,Kheda,KHEDA,-,-,-,-,-,-,-,-,22.86874900,72.62735100,02-01-2018 08:30,"","","","","",""
1332,KHARI AT LALI VILLAGE NEAR AHMEDABAD,CPCB,24,Gujarat,450,Kheda,KHEDA,-,-,-,-,-,-,-,-,22.86874900,72.62735100,01-02-2018 08:30,"","","","","",""
1333,KHARI AT LALI VILLAGE NEAR AHMEDABAD,CPCB,24,Gujarat,450,Kheda,KHEDA,-,-,-,-,-,-,-,-,22.86874900,72.62735100,01-03-2018 08:30,"","","","","",""
1334,KHARI AT LALI VILLAGE NEAR AHMEDABAD,CPCB,24,Gujarat,450,Kheda,KHEDA,-,-,-,-,-,-,-,-,22.86874900,72.62735100,03-04-2018 08:30,"","","","","",""
1335,KHARI AT LALI VILLAGE NEAR AHMEDABAD,CPCB,24,Gujarat,450,Kheda,KHEDA,-,-,-,-,-,-,-,-,22.86874900,72.62735100,01-05-2018 08:30,"","","","","",""
1336,KHARI AT LALI VILLAGE NEAR AHMEDABAD,CPCB,24,Gujarat,450,Kheda,KHEDA,-,-,-,-,-,-,-,-,22.86874900,72.62735100,04-06-2018 08:30,"","","","","",""
1337,KHARI AT LALI VILLAGE NEAR AHMEDABAD,CPCB,24,Gujarat,450,Kheda,KHEDA,-,-,-,-,-,-,-,-,22.86874900,72.62735100,02-07-2018 08:30,"","","","","",""
1338,KHARI AT LALI VILLAGE NEAR AHMEDABAD,CPCB,24,Gujarat,450,Kheda,KHEDA,-,-,-,-,-,-,-,-,22.86874900,72.62735100,03-08-2018 08:30,"","","","","",""
1339,KHARI AT LALI VILLAGE NEAR AHMEDABAD,CPCB,24,Gujarat,450,Kheda,KHEDA,-,-,-,-,-,-,-,-,22.86874900,72.62735100,04-09-2018 08:30,"","","","","",""
1340,KHARI AT LALI VILLAGE NEAR AHMEDABAD,CPCB,24,Gujarat,450,Kheda,KHEDA,-,-,-,-,-,-,-,-,22.86874900,72.62735100,03-10-2018 08:30,"","","","","",""
1341,KHARI AT LALI VILLAGE NEAR AHMEDABAD,CPCB,24,Gujarat,450,Kheda,KHEDA,-,-,-,-,-,-,-,-,22.86874900,72.62735100,02-11-2018 08:30,"","","","","",""
1342,KHARI AT LALI VILLAGE NEAR AHMEDABAD,CPCB,24,Gujarat,450,Kheda,KHEDA,-,-,-,-,-,-,-,-,22.86874900,72.62735100,03-12-2018 08:30,"","","","","",""
1343,KHARI AT LALI VILLAGE NEAR AHMEDABAD,CPCB,24,Gujarat,450,Kheda,KHEDA,-,-,-,-,-,-,-,-,22.86874900,72.62735100,02-01-2019 08:30,"","","","","",""
1344,KHARI AT LALI VILLAGE NEAR AHMEDABAD,CPCB,24,Gujarat,450,Kheda,KHEDA,-,-,-,-,-,-,-,-,22.86874900,72.62735100,01-02-2019 08:30,"","","","","",""
1345,KHARI AT LALI VILLAGE NEAR AHMEDABAD,CPCB,24,Gujarat,450,Kheda,KHEDA,-,-,-,-,-,-,-,-,22.86874900,72.62735100,01-03-2019 08:30,"","","","","",""
1346,KHARI AT LALI VILLAGE NEAR AHMEDABAD,CPCB,24,Gujarat,450,Kheda,KHEDA,-,-,-,-,-,-,-,-,22.86874900,72.62735100,01-04-2019 08:30,"","","","","",""
1347,KHARI AT LALI VILLAGE NEAR AHMEDABAD,CPCB,24,Gujarat,450,Kheda,KHEDA,-,-,-,-,-,-,-,-,22.86874900,72.62735100,03-05-2019 08:30,"","","","","",""
1348,KHARI AT LALI VILLAGE NEAR AHMEDABAD,CPCB,24,Gujarat,450,Kheda,KHEDA,-,-,-,-,-,-,-,-,22.86874900,72.62735100,01-06-2019 08:30,"","","","","",""
1349,KHARI AT LALI VILLAGE NEAR AHMEDABAD,CPCB,24,Gujarat,450,Kheda,KHEDA,-,-,-,-,-,-,-,-,22.86874900,72.62735100,03-07-2019 08:30,"","","","","",""
1350,KHARI AT LALI VILLAGE NEAR AHMEDABAD,CPCB,24,Gujarat,450,Kheda,KHEDA,-,-,-,-,-,-,-,-,22.86874900,72.62735100,03-08-2019 08:30,"","","","","",""
1351,KHARI AT LALI VILLAGE NEAR AHMEDABAD,CPCB,24,Gujarat,450,Kheda,KHEDA,-,-,-,-,-,-,-,-,22.86874900,72.62735100,05-09-2019 08:30,"","","","","",""
1352,KHARI AT LALI VILLAGE NEAR AHMEDABAD,CPCB,24,Gujarat,450,Kheda,KHEDA,-,-,-,-,-,-,-,-,22.86874900,72.62735100,03-10-2019 08:30,"","","","","",""
1353,KHARI AT LALI VILLAGE NEAR AHMEDABAD,CPCB,24,Gujarat,450,Kheda,KHEDA,-,-,-,-,-,-,-,-,22.86874900,72.62735100,06-11-2019 08:30,"","","","","",""
1354,KHARI AT LALI VILLAGE NEAR AHMEDABAD,CPCB,24,Gujarat,450,Kheda,KHEDA,-,-,-,-,-,-,-,-,22.86874900,72.62735100,04-12-2019 08:30,"","","","","",""
1355,KHARI AT LALI VILLAGE NEAR AHMEDABAD,CPCB,24,Gujarat,450,Kheda,KHEDA,-,-,-,-,-,-,-,-,22.86874900,72.62735100,03-01-2020 08:30,2046,"","",5,"",280
1356,KHARI AT LALI VILLAGE NEAR AHMEDABAD,CPCB,24,Gujarat,450,Kheda,KHEDA,-,-,-,-,-,-,-,-,22.86874900,72.62735100,04-02-2020 08:30,2036,"","",6.6,"",""
1357,KHARI AT LALI VILLAGE NEAR AHMEDABAD,CPCB,24,Gujarat,450,Kheda,KHEDA,-,-,-,-,-,-,-,-,22.86874900,72.62735100,02-03-2020 08:30,3422,"","",2.2,"",""
1358,KHARI AT LALI VILLAGE NEAR AHMEDABAD,CPCB,24,Gujarat,450,Kheda,KHEDA,-,-,-,-,-,-,-,-,22.86874900,72.62735100,08-04-2020 08:30,230,"","",0.8,"",""
1359,KHARI AT LALI VILLAGE NEAR AHMEDABAD,CPCB,24,Gujarat,450,Kheda,KHEDA,-,-,-,-,-,-,-,-,22.86874900,72.62735100,02-05-2020 08:30,2335,"","",0.8,"",""
1360,KHARI AT LALI VILLAGE NEAR AHMEDABAD,CPCB,24,Gujarat,450,Kheda,KHEDA,-,-,-,-,-,-,-,-,22.86874900,72.62735100,02-06-2020 08:30,2356,"","",0.8,"",""
1361,KHARI AT LALI VILLAGE NEAR AHMEDABAD,CPCB,24,Gujarat,450,Kheda,KHEDA,-,-,-,-,-,-,-,-,22.86874900,72.62735100,03-07-2020 08:30,2259,"","",0.6,"",""
1362,KHARI AT LALI VILLAGE NEAR AHMEDABAD,CPCB,24,Gujarat,450,Kheda,KHEDA,-,-,-,-,-,-,-,-,22.86874900,72.62735100,05-08-2020 08:30,2078,"","",4.3,"",""
1363,KHARI AT LALI VILLAGE NEAR AHMEDABAD,CPCB,24,Gujarat,450,Kheda,KHEDA,-,-,-,-,-,-,-,-,22.86874900,72.62735100,03-09-2020 08:30,1590,"","",59.1,"",""
1364,KHARI AT LALI VILLAGE NEAR AHMEDABAD,CPCB,24,Gujarat,450,Kheda,KHEDA,-,-,-,-,-,-,-,-,22.86874900,72.62735100,03-10-2020 08:30,1828,"","",17,"",""
1365,KHARI AT LALI VILLAGE NEAR AHMEDABAD,CPCB,24,Gujarat,450,Kheda,KHEDA,-,-,-,-,-,-,-,-,22.86874900,72.62735100,03-11-2020 08:30,2018,"","",47,"",""
1366,KHARI AT LALI VILLAGE NEAR AHMEDABAD,CPCB,24,Gujarat,450,Kheda,KHEDA,-,-,-,-,-,-,-,-,22.86874900,72.62735100,02-12-2020 08:30,2191,"","",56,"",""
1367,KIM RIVER AT SAHOL BRIDGE OLPAD HANSOT ROAD DIST. SURAT,CPCB,24,Gujarat,442,Bharuch,OKHAMANDAL,-,-,-,-,-,-,-,-,21.46109400,72.72632700,04-01-2018 08:30,"","","","","",""
1368,KIM RIVER AT SAHOL BRIDGE OLPAD HANSOT ROAD DIST. SURAT,CPCB,24,Gujarat,442,Bharuch,OKHAMANDAL,-,-,-,-,-,-,-,-,21.46109400,72.72632700,03-02-2018 08:30,"","","","","",""
1369,KIM RIVER AT SAHOL BRIDGE OLPAD HANSOT ROAD DIST. SURAT,CPCB,24,Gujarat,442,Bharuch,OKHAMANDAL,-,-,-,-,-,-,-,-,21.46109400,72.72632700,01-03-2018 08:30,"","","","","",""
1370,KIM RIVER AT SAHOL BRIDGE OLPAD HANSOT ROAD DIST. SURAT,CPCB,24,Gujarat,442,Bharuch,OKHAMANDAL,-,-,-,-,-,-,-,-,21.46109400,72.72632700,02-04-2018 08:30,"","","","","",""
1371,KIM RIVER AT SAHOL BRIDGE OLPAD HANSOT ROAD DIST. SURAT,CPCB,24,Gujarat,442,Bharuch,OKHAMANDAL,-,-,-,-,-,-,-,-,21.46109400,72.72632700,01-05-2018 08:30,"","","","","",""
1372,KIM RIVER AT SAHOL BRIDGE OLPAD HANSOT ROAD DIST. SURAT,CPCB,24,Gujarat,442,Bharuch,OKHAMANDAL,-,-,-,-,-,-,-,-,21.46109400,72.72632700,01-06-2018 08:30,"","","","","",""
1373,KIM RIVER AT SAHOL BRIDGE OLPAD HANSOT ROAD DIST. SURAT,CPCB,24,Gujarat,442,Bharuch,OKHAMANDAL,-,-,-,-,-,-,-,-,21.46109400,72.72632700,05-07-2018 08:30,"","","","","",""
1374,KIM RIVER AT SAHOL BRIDGE OLPAD HANSOT ROAD DIST. SURAT,CPCB,24,Gujarat,442,Bharuch,OKHAMANDAL,-,-,-,-,-,-,-,-,21.46109400,72.72632700,03-08-2018 08:30,"","","","","",""
1375,KIM RIVER AT SAHOL BRIDGE OLPAD HANSOT ROAD DIST. SURAT,CPCB,24,Gujarat,442,Bharuch,OKHAMANDAL,-,-,-,-,-,-,-,-,21.46109400,72.72632700,01-09-2018 08:30,"","","","","",""
1376,KIM RIVER AT SAHOL BRIDGE OLPAD HANSOT ROAD DIST. SURAT,CPCB,24,Gujarat,442,Bharuch,OKHAMANDAL,-,-,-,-,-,-,-,-,21.46109400,72.72632700,01-10-2018 08:30,"","","","","",""
1377,KIM RIVER AT SAHOL BRIDGE OLPAD HANSOT ROAD DIST. SURAT,CPCB,24,Gujarat,442,Bharuch,OKHAMANDAL,-,-,-,-,-,-,-,-,21.46109400,72.72632700,01-11-2018 08:30,"","","","","",""
1378,KIM RIVER AT SAHOL BRIDGE OLPAD HANSOT ROAD DIST. SURAT,CPCB,24,Gujarat,442,Bharuch,OKHAMANDAL,-,-,-,-,-,-,-,-,21.46109400,72.72632700,03-12-2018 08:30,"","","","","",""
1379,KIM RIVER AT SAHOL BRIDGE OLPAD HANSOT ROAD DIST. SURAT,CPCB,24,Gujarat,442,Bharuch,OKHAMANDAL,-,-,-,-,-,-,-,-,21.46109400,72.72632700,07-01-2019 08:30,"","","","","",""
1380,KIM RIVER AT SAHOL BRIDGE OLPAD HANSOT ROAD DIST. SURAT,CPCB,24,Gujarat,442,Bharuch,OKHAMANDAL,-,-,-,-,-,-,-,-,21.46109400,72.72632700,02-02-2019 08:30,"","","","","",""
1381,KIM RIVER AT SAHOL BRIDGE OLPAD HANSOT ROAD DIST. SURAT,CPCB,24,Gujarat,442,Bharuch,OKHAMANDAL,-,-,-,-,-,-,-,-,21.46109400,72.72632700,06-03-2019 08:30,"","","","","",""
1382,KIM RIVER AT SAHOL BRIDGE OLPAD HANSOT ROAD DIST. SURAT,CPCB,24,Gujarat,442,Bharuch,OKHAMANDAL,-,-,-,-,-,-,-,-,21.46109400,72.72632700,04-04-2019 08:30,"","","","","",""
1383,KIM RIVER AT SAHOL BRIDGE OLPAD HANSOT ROAD DIST. SURAT,CPCB,24,Gujarat,442,Bharuch,OKHAMANDAL,-,-,-,-,-,-,-,-,21.46109400,72.72632700,01-05-2019 08:30,"","","","","",""
1384,KIM RIVER AT SAHOL BRIDGE OLPAD HANSOT ROAD DIST. SURAT,CPCB,24,Gujarat,442,Bharuch,OKHAMANDAL,-,-,-,-,-,-,-,-,21.46109400,72.72632700,03-06-2019 08:30,"","","","","",""
1385,KIM RIVER AT SAHOL BRIDGE OLPAD HANSOT ROAD DIST. SURAT,CPCB,24,Gujarat,442,Bharuch,OKHAMANDAL,-,-,-,-,-,-,-,-,21.46109400,72.72632700,04-07-2019 08:30,"","","","","",""
1386,KIM RIVER AT SAHOL BRIDGE OLPAD HANSOT ROAD DIST. SURAT,CPCB,24,Gujarat,442,Bharuch,OKHAMANDAL,-,-,-,-,-,-,-,-,21.46109400,72.72632700,03-08-2019 08:30,"","","","","",""
1387,KIM RIVER AT SAHOL BRIDGE OLPAD HANSOT ROAD DIST. SURAT,CPCB,24,Gujarat,442,Bharuch,OKHAMANDAL,-,-,-,-,-,-,-,-,21.46109400,72.72632700,03-09-2019 08:30,"","","","","",""
1388,KIM RIVER AT SAHOL BRIDGE OLPAD HANSOT ROAD DIST. SURAT,CPCB,24,Gujarat,442,Bharuch,OKHAMANDAL,-,-,-,-,-,-,-,-,21.46109400,72.72632700,01-10-2019 08:30,"","","","","",""
1389,KIM RIVER AT SAHOL BRIDGE OLPAD HANSOT ROAD DIST. SURAT,CPCB,24,Gujarat,442,Bharuch,OKHAMANDAL,-,-,-,-,-,-,-,-,21.46109400,72.72632700,07-11-2019 08:30,"","","","","",""
1390,KIM RIVER AT SAHOL BRIDGE OLPAD HANSOT ROAD DIST. SURAT,CPCB,24,Gujarat,442,Bharuch,OKHAMANDAL,-,-,-,-,-,-,-,-,21.46109400,72.72632700,04-12-2019 08:30,"","","","","",""
1391,KIM RIVER AT SAHOL BRIDGE OLPAD HANSOT ROAD DIST. SURAT,CPCB,24,Gujarat,442,Bharuch,OKHAMANDAL,-,-,-,-,-,-,-,-,21.46109400,72.72632700,02-01-2020 08:30,812,"","",47,"",24
1392,KIM RIVER AT SAHOL BRIDGE OLPAD HANSOT ROAD DIST. SURAT,CPCB,24,Gujarat,442,Bharuch,OKHAMANDAL,-,-,-,-,-,-,-,-,21.46109400,72.72632700,03-02-2020 08:30,1880,"","",12,"",""
1393,KIM RIVER AT SAHOL BRIDGE OLPAD HANSOT ROAD DIST. SURAT,CPCB,24,Gujarat,442,Bharuch,OKHAMANDAL,-,-,-,-,-,-,-,-,21.46109400,72.72632700,04-03-2020 08:30,3160,"","",1,"",""
1394,KIM RIVER AT SAHOL BRIDGE OLPAD HANSOT ROAD DIST. SURAT,CPCB,24,Gujarat,442,Bharuch,OKHAMANDAL,-,-,-,-,-,-,-,-,21.46109400,72.72632700,07-04-2020 08:30,1475,"","",32,"",""
1395,KIM RIVER AT SAHOL BRIDGE OLPAD HANSOT ROAD DIST. SURAT,CPCB,24,Gujarat,442,Bharuch,OKHAMANDAL,-,-,-,-,-,-,-,-,21.46109400,72.72632700,06-05-2020 08:30,792,"","",11,"",""
1396,KIM RIVER AT SAHOL BRIDGE OLPAD HANSOT ROAD DIST. SURAT,CPCB,24,Gujarat,442,Bharuch,OKHAMANDAL,-,-,-,-,-,-,-,-,21.46109400,72.72632700,04-06-2020 08:30,644,"","",9,"",""
1397,KIM RIVER AT SAHOL BRIDGE OLPAD HANSOT ROAD DIST. SURAT,CPCB,24,Gujarat,442,Bharuch,OKHAMANDAL,-,-,-,-,-,-,-,-,21.46109400,72.72632700,07-07-2020 08:30,905,"","",6,"",""
1398,KIM RIVER AT SAHOL BRIDGE OLPAD HANSOT ROAD DIST. SURAT,CPCB,24,Gujarat,442,Bharuch,OKHAMANDAL,-,-,-,-,-,-,-,-,21.46109400,72.72632700,06-08-2020 08:30,792,"","",3,"",""
1399,KIM RIVER AT SAHOL BRIDGE OLPAD HANSOT ROAD DIST. SURAT,CPCB,24,Gujarat,442,Bharuch,OKHAMANDAL,-,-,-,-,-,-,-,-,21.46109400,72.72632700,01-09-2020 08:30,211,"","",5,"",""
1400,KIM RIVER AT SAHOL BRIDGE OLPAD HANSOT ROAD DIST. SURAT,CPCB,24,Gujarat,442,Bharuch,OKHAMANDAL,-,-,-,-,-,-,-,-,21.46109400,72.72632700,01-10-2020 08:30,1159,"","",3,"",""
1401,KIM RIVER AT SAHOL BRIDGE OLPAD HANSOT ROAD DIST. SURAT,CPCB,24,Gujarat,442,Bharuch,OKHAMANDAL,-,-,-,-,-,-,-,-,21.46109400,72.72632700,02-11-2020 08:30,1144,"","",1,"",""
1402,KIM RIVER AT SAHOL BRIDGE OLPAD HANSOT ROAD DIST. SURAT,CPCB,24,Gujarat,442,Bharuch,OKHAMANDAL,-,-,-,-,-,-,-,-,21.46109400,72.72632700,01-12-2020 08:30,1210,"","",1,"",""
1403,KOLAK AT PATALIA BDG.,CPCB,24,Gujarat,462,Valsad,PARDI,-,-,-,-,-,-,-,-,20.46151100,72.88655600,05-01-2018 08:30,"","","","","",""
1404,KOLAK AT PATALIA BDG.,CPCB,24,Gujarat,462,Valsad,PARDI,-,-,-,-,-,-,-,-,20.46151100,72.88655600,01-02-2018 08:30,"","","","","",""
1405,KOLAK AT PATALIA BDG.,CPCB,24,Gujarat,462,Valsad,PARDI,-,-,-,-,-,-,-,-,20.46151100,72.88655600,01-03-2018 08:30,"","","","","",""
1406,KOLAK AT PATALIA BDG.,CPCB,24,Gujarat,462,Valsad,PARDI,-,-,-,-,-,-,-,-,20.46151100,72.88655600,04-04-2018 08:30,"","","","","",""
1407,KOLAK AT PATALIA BDG.,CPCB,24,Gujarat,462,Valsad,PARDI,-,-,-,-,-,-,-,-,20.46151100,72.88655600,01-05-2018 08:30,"","","","","",""
1408,KOLAK AT PATALIA BDG.,CPCB,24,Gujarat,462,Valsad,PARDI,-,-,-,-,-,-,-,-,20.46151100,72.88655600,06-06-2018 08:30,"","","","","",""
1409,KOLAK AT PATALIA BDG.,CPCB,24,Gujarat,462,Valsad,PARDI,-,-,-,-,-,-,-,-,20.46151100,72.88655600,03-07-2018 08:30,"","","","","",""
1410,KOLAK AT PATALIA BDG.,CPCB,24,Gujarat,462,Valsad,PARDI,-,-,-,-,-,-,-,-,20.46151100,72.88655600,09-08-2018 08:30,"","","","","",""
1411,KOLAK AT PATALIA BDG.,CPCB,24,Gujarat,462,Valsad,PARDI,-,-,-,-,-,-,-,-,20.46151100,72.88655600,05-09-2018 08:30,"","","","","",""
1412,KOLAK AT PATALIA BDG.,CPCB,24,Gujarat,462,Valsad,PARDI,-,-,-,-,-,-,-,-,20.46151100,72.88655600,05-10-2018 08:30,"","","","","",""
1413,KOLAK AT PATALIA BDG.,CPCB,24,Gujarat,462,Valsad,PARDI,-,-,-,-,-,-,-,-,20.46151100,72.88655600,22-11-2018 08:30,"","","","","",""
1414,KOLAK AT PATALIA BDG.,CPCB,24,Gujarat,462,Valsad,PARDI,-,-,-,-,-,-,-,-,20.46151100,72.88655600,04-12-2018 08:30,"","","","","",""
1415,KOLAK AT PATALIA BDG.,CPCB,24,Gujarat,462,Valsad,PARDI,-,-,-,-,-,-,-,-,20.46151100,72.88655600,03-01-2019 08:30,"","","","","",""
1416,KOLAK AT PATALIA BDG.,CPCB,24,Gujarat,462,Valsad,PARDI,-,-,-,-,-,-,-,-,20.46151100,72.88655600,09-02-2019 08:30,"","","","","",""
1417,KOLAK AT PATALIA BDG.,CPCB,24,Gujarat,462,Valsad,PARDI,-,-,-,-,-,-,-,-,20.46151100,72.88655600,02-03-2019 08:30,"","","","","",""
1418,KOLAK AT PATALIA BDG.,CPCB,24,Gujarat,462,Valsad,PARDI,-,-,-,-,-,-,-,-,20.46151100,72.88655600,02-04-2019 08:30,"","","","","",""
1419,KOLAK AT PATALIA BDG.,CPCB,24,Gujarat,462,Valsad,PARDI,-,-,-,-,-,-,-,-,20.46151100,72.88655600,01-05-2019 08:30,"","","","","",""
1420,KOLAK AT PATALIA BDG.,CPCB,24,Gujarat,462,Valsad,PARDI,-,-,-,-,-,-,-,-,20.46151100,72.88655600,04-06-2019 08:30,"","","","","",""
1421,KOLAK AT PATALIA BDG.,CPCB,24,Gujarat,462,Valsad,PARDI,-,-,-,-,-,-,-,-,20.46151100,72.88655600,03-07-2019 08:30,"","","","","",""
1422,KOLAK AT PATALIA BDG.,CPCB,24,Gujarat,462,Valsad,PARDI,-,-,-,-,-,-,-,-,20.46151100,72.88655600,01-08-2019 08:30,"","","","","",""
1423,KOLAK AT PATALIA BDG.,CPCB,24,Gujarat,462,Valsad,PARDI,-,-,-,-,-,-,-,-,20.46151100,72.88655600,03-09-2019 08:30,"","","","","",""
1424,KOLAK AT PATALIA BDG.,CPCB,24,Gujarat,462,Valsad,PARDI,-,-,-,-,-,-,-,-,20.46151100,72.88655600,03-10-2019 08:30,"","","","","",""
1425,KOLAK AT PATALIA BDG.,CPCB,24,Gujarat,462,Valsad,PARDI,-,-,-,-,-,-,-,-,20.46151100,72.88655600,05-11-2019 08:30,"","","","","",""
1426,KOLAK AT PATALIA BDG.,CPCB,24,Gujarat,462,Valsad,PARDI,-,-,-,-,-,-,-,-,20.46151100,72.88655600,05-12-2019 08:30,"","","","","",""
1427,KOLAK AT PATALIA BDG.,CPCB,24,Gujarat,462,Valsad,PARDI,-,-,-,-,-,-,-,-,20.46151100,72.88655600,03-01-2020 08:30,1056,"","",6.7,"",10
1428,KOLAK AT PATALIA BDG.,CPCB,24,Gujarat,462,Valsad,PARDI,-,-,-,-,-,-,-,-,20.46151100,72.88655600,03-02-2020 08:30,1760,"","",6.8,"",""
1429,KOLAK AT PATALIA BDG.,CPCB,24,Gujarat,462,Valsad,PARDI,-,-,-,-,-,-,-,-,20.46151100,72.88655600,03-03-2020 08:30,1632,"","",7.3,"",""
1430,KOLAK AT PATALIA BDG.,CPCB,24,Gujarat,462,Valsad,PARDI,-,-,-,-,-,-,-,-,20.46151100,72.88655600,09-04-2020 08:30,2305,"","",6,"",""
1431,KOLAK AT PATALIA BDG.,CPCB,24,Gujarat,462,Valsad,PARDI,-,-,-,-,-,-,-,-,20.46151100,72.88655600,05-05-2020 08:30,2612,"","",34.2,"",""
1432,KOLAK AT PATALIA BDG.,CPCB,24,Gujarat,462,Valsad,PARDI,-,-,-,-,-,-,-,-,20.46151100,72.88655600,02-06-2020 08:30,724,"","",2,"",""
1433,KOLAK AT PATALIA BDG.,CPCB,24,Gujarat,462,Valsad,PARDI,-,-,-,-,-,-,-,-,20.46151100,72.88655600,03-07-2020 08:30,810,"","",7.3,"",""
1434,KOLAK AT PATALIA BDG.,CPCB,24,Gujarat,462,Valsad,PARDI,-,-,-,-,-,-,-,-,20.46151100,72.88655600,04-08-2020 08:30,606,"","",309.9,"",""
1435,KOLAK AT PATALIA BDG.,CPCB,24,Gujarat,462,Valsad,PARDI,-,-,-,-,-,-,-,-,20.46151100,72.88655600,01-09-2020 08:30,549,"","",4.9,"",""
1436,KOLAK AT PATALIA BDG.,CPCB,24,Gujarat,462,Valsad,PARDI,-,-,-,-,-,-,-,-,20.46151100,72.88655600,01-10-2020 08:30,469,"","",1.1,"",""
1437,KOLAK AT PATALIA BDG.,CPCB,24,Gujarat,462,Valsad,PARDI,-,-,-,-,-,-,-,-,20.46151100,72.88655600,02-11-2020 08:30,985,"","",6.2,"",""
1438,KOLAK AT PATALIA BDG.,CPCB,24,Gujarat,462,Valsad,PARDI,-,-,-,-,-,-,-,-,20.46151100,72.88655600,03-12-2020 08:30,806,"","",4.2,"",""
1439,KOLAK AT RAILWAY BRIDGE NO. 313 VAPI VALSAD,CPCB,24,Gujarat,462,Valsad,PARDI,-,-,-,-,-,-,-,-,20.34246100,72.90540300,05-01-2018 08:30,"","","","","",""
1440,KOLAK AT RAILWAY BRIDGE NO. 313 VAPI VALSAD,CPCB,24,Gujarat,462,Valsad,PARDI,-,-,-,-,-,-,-,-,20.34246100,72.90540300,01-02-2018 08:30,"","","","","",""
1441,KOLAK AT RAILWAY BRIDGE NO. 313 VAPI VALSAD,CPCB,24,Gujarat,462,Valsad,PARDI,-,-,-,-,-,-,-,-,20.34246100,72.90540300,01-03-2018 08:30,"","","","","",""
1442,KOLAK AT RAILWAY BRIDGE NO. 313 VAPI VALSAD,CPCB,24,Gujarat,462,Valsad,PARDI,-,-,-,-,-,-,-,-,20.34246100,72.90540300,04-04-2018 08:30,"","","","","",""
1443,KOLAK AT RAILWAY BRIDGE NO. 313 VAPI VALSAD,CPCB,24,Gujarat,462,Valsad,PARDI,-,-,-,-,-,-,-,-,20.34246100,72.90540300,01-05-2018 08:30,"","","","","",""
1444,KOLAK AT RAILWAY BRIDGE NO. 313 VAPI VALSAD,CPCB,24,Gujarat,462,Valsad,PARDI,-,-,-,-,-,-,-,-,20.34246100,72.90540300,07-06-2018 08:30,"","","","","",""
1445,KOLAK AT RAILWAY BRIDGE NO. 313 VAPI VALSAD,CPCB,24,Gujarat,462,Valsad,PARDI,-,-,-,-,-,-,-,-,20.34246100,72.90540300,04-07-2018 08:30,"","","","","",""
1446,KOLAK AT RAILWAY BRIDGE NO. 313 VAPI VALSAD,CPCB,24,Gujarat,462,Valsad,PARDI,-,-,-,-,-,-,-,-,20.34246100,72.90540300,09-08-2018 08:30,"","","","","",""
1447,KOLAK AT RAILWAY BRIDGE NO. 313 VAPI VALSAD,CPCB,24,Gujarat,462,Valsad,PARDI,-,-,-,-,-,-,-,-,20.34246100,72.90540300,05-09-2018 08:30,"","","","","",""
1448,KOLAK AT RAILWAY BRIDGE NO. 313 VAPI VALSAD,CPCB,24,Gujarat,462,Valsad,PARDI,-,-,-,-,-,-,-,-,20.34246100,72.90540300,05-10-2018 08:30,"","","","","",""
1449,KOLAK AT RAILWAY BRIDGE NO. 313 VAPI VALSAD,CPCB,24,Gujarat,462,Valsad,PARDI,-,-,-,-,-,-,-,-,20.34246100,72.90540300,17-11-2018 08:30,"","","","","",""
1450,KOLAK AT RAILWAY BRIDGE NO. 313 VAPI VALSAD,CPCB,24,Gujarat,462,Valsad,PARDI,-,-,-,-,-,-,-,-,20.34246100,72.90540300,04-12-2018 08:30,"","","","","",""
1451,KOLAK AT RAILWAY BRIDGE NO. 313 VAPI VALSAD,CPCB,24,Gujarat,462,Valsad,PARDI,-,-,-,-,-,-,-,-,20.34246100,72.90540300,03-01-2019 08:30,"","","","","",""
1452,KOLAK AT RAILWAY BRIDGE NO. 313 VAPI VALSAD,CPCB,24,Gujarat,462,Valsad,PARDI,-,-,-,-,-,-,-,-,20.34246100,72.90540300,09-02-2019 08:30,"","","","","",""
1453,KOLAK AT RAILWAY BRIDGE NO. 313 VAPI VALSAD,CPCB,24,Gujarat,462,Valsad,PARDI,-,-,-,-,-,-,-,-,20.34246100,72.90540300,02-03-2019 08:30,"","","","","",""
1454,KOLAK AT RAILWAY BRIDGE NO. 313 VAPI VALSAD,CPCB,24,Gujarat,462,Valsad,PARDI,-,-,-,-,-,-,-,-,20.34246100,72.90540300,02-04-2019 08:30,"","","","","",""
1455,KOLAK AT RAILWAY BRIDGE NO. 313 VAPI VALSAD,CPCB,24,Gujarat,462,Valsad,PARDI,-,-,-,-,-,-,-,-,20.34246100,72.90540300,01-05-2019 08:30,"","","","","",""
1456,KOLAK AT RAILWAY BRIDGE NO. 313 VAPI VALSAD,CPCB,24,Gujarat,462,Valsad,PARDI,-,-,-,-,-,-,-,-,20.34246100,72.90540300,04-06-2019 08:30,"","","","","",""
1457,KOLAK AT RAILWAY BRIDGE NO. 313 VAPI VALSAD,CPCB,24,Gujarat,462,Valsad,PARDI,-,-,-,-,-,-,-,-,20.34246100,72.90540300,03-07-2019 08:30,"","","","","",""
1458,KOLAK AT RAILWAY BRIDGE NO. 313 VAPI VALSAD,CPCB,24,Gujarat,462,Valsad,PARDI,-,-,-,-,-,-,-,-,20.34246100,72.90540300,01-08-2019 08:30,"","","","","",""
1459,KOLAK AT RAILWAY BRIDGE NO. 313 VAPI VALSAD,CPCB,24,Gujarat,462,Valsad,PARDI,-,-,-,-,-,-,-,-,20.34246100,72.90540300,03-09-2019 08:30,"","","","","",""
1460,KOLAK AT RAILWAY BRIDGE NO. 313 VAPI VALSAD,CPCB,24,Gujarat,462,Valsad,PARDI,-,-,-,-,-,-,-,-,20.34246100,72.90540300,03-10-2019 08:30,"","","","","",""
1461,KOLAK AT RAILWAY BRIDGE NO. 313 VAPI VALSAD,CPCB,24,Gujarat,462,Valsad,PARDI,-,-,-,-,-,-,-,-,20.34246100,72.90540300,05-11-2019 08:30,"","","","","",""
1462,KOLAK AT RAILWAY BRIDGE NO. 313 VAPI VALSAD,CPCB,24,Gujarat,462,Valsad,PARDI,-,-,-,-,-,-,-,-,20.34246100,72.90540300,07-12-2019 08:30,"","","","","",""
1463,KOLAK AT RAILWAY BRIDGE NO. 313 VAPI VALSAD,CPCB,24,Gujarat,462,Valsad,PARDI,-,-,-,-,-,-,-,-,20.34246100,72.90540300,03-01-2020 08:30,34990,"","",32.2,"",38
1464,KOLAK AT RAILWAY BRIDGE NO. 313 VAPI VALSAD,CPCB,24,Gujarat,462,Valsad,PARDI,-,-,-,-,-,-,-,-,20.34246100,72.90540300,03-02-2020 08:30,45790,"","",32.2,"",""
1465,KOLAK AT RAILWAY BRIDGE NO. 313 VAPI VALSAD,CPCB,24,Gujarat,462,Valsad,PARDI,-,-,-,-,-,-,-,-,20.34246100,72.90540300,03-03-2020 08:30,32130,"","",4.2,"",""
1466,KOLAK AT RAILWAY BRIDGE NO. 313 VAPI VALSAD,CPCB,24,Gujarat,462,Valsad,PARDI,-,-,-,-,-,-,-,-,20.34246100,72.90540300,09-04-2020 08:30,5584,"","",4.5,"",""
1467,KOLAK AT RAILWAY BRIDGE NO. 313 VAPI VALSAD,CPCB,24,Gujarat,462,Valsad,PARDI,-,-,-,-,-,-,-,-,20.34246100,72.90540300,05-05-2020 08:30,9154,"","",22.4,"",""
1468,KOLAK AT RAILWAY BRIDGE NO. 313 VAPI VALSAD,CPCB,24,Gujarat,462,Valsad,PARDI,-,-,-,-,-,-,-,-,20.34246100,72.90540300,02-06-2020 08:30,5368,"","",20.4,"",""
1469,KOLAK AT RAILWAY BRIDGE NO. 313 VAPI VALSAD,CPCB,24,Gujarat,462,Valsad,PARDI,-,-,-,-,-,-,-,-,20.34246100,72.90540300,03-07-2020 08:30,12860,"","",227.5,"",""
1470,KOLAK AT RAILWAY BRIDGE NO. 313 VAPI VALSAD,CPCB,24,Gujarat,462,Valsad,PARDI,-,-,-,-,-,-,-,-,20.34246100,72.90540300,04-08-2020 08:30,12410,"","",225.6,"",""
1471,KOLAK AT RAILWAY BRIDGE NO. 313 VAPI VALSAD,CPCB,24,Gujarat,462,Valsad,PARDI,-,-,-,-,-,-,-,-,20.34246100,72.90540300,01-09-2020 08:30,858,"","",103,"",""
1472,KOLAK AT RAILWAY BRIDGE NO. 313 VAPI VALSAD,CPCB,24,Gujarat,462,Valsad,PARDI,-,-,-,-,-,-,-,-,20.34246100,72.90540300,01-10-2020 08:30,1972,"","",46.9,"",""
1473,KOLAK AT RAILWAY BRIDGE NO. 313 VAPI VALSAD,CPCB,24,Gujarat,462,Valsad,PARDI,-,-,-,-,-,-,-,-,20.34246100,72.90540300,02-11-2020 08:30,6402,"","",88.2,"",""
1474,KOLAK AT RAILWAY BRIDGE NO. 313 VAPI VALSAD,CPCB,24,Gujarat,462,Valsad,PARDI,-,-,-,-,-,-,-,-,20.34246100,72.90540300,03-12-2020 08:30,24670,"","",129,"",""
1475,KUWADAVA LAKE VILL. KUWADAVA DIST. RAJKOT.,CPCB,24,Gujarat,457,Rajkot,RAJKOT,-,-,-,-,-,-,-,-,22.35771500,70.93984800,18-01-2018 08:30,1090,"","","","",""
1476,KUWADAVA LAKE VILL. KUWADAVA DIST. RAJKOT.,CPCB,24,Gujarat,457,Rajkot,RAJKOT,-,-,-,-,-,-,-,-,22.35771500,70.93984800,07-02-2018 08:30,1350,"","","","",""
1477,KUWADAVA LAKE VILL. KUWADAVA DIST. RAJKOT.,CPCB,24,Gujarat,457,Rajkot,RAJKOT,-,-,-,-,-,-,-,-,22.35771500,70.93984800,05-03-2018 08:30,1590,"","","","",""
1478,KUWADAVA LAKE VILL. KUWADAVA DIST. RAJKOT.,CPCB,24,Gujarat,457,Rajkot,RAJKOT,-,-,-,-,-,-,-,-,22.35771500,70.93984800,07-04-2018 08:30,2120,"","","","",""
1479,KUWADAVA LAKE VILL. KUWADAVA DIST. RAJKOT.,CPCB,24,Gujarat,457,Rajkot,RAJKOT,-,-,-,-,-,-,-,-,22.35771500,70.93984800,03-05-2018 08:30,3680,"","","","",""
1480,KUWADAVA LAKE VILL. KUWADAVA DIST. RAJKOT.,CPCB,24,Gujarat,457,Rajkot,RAJKOT,-,-,-,-,-,-,-,-,22.35771500,70.93984800,30-07-2018 08:30,1453,"","","","",""
1481,KUWADAVA LAKE VILL. KUWADAVA DIST. RAJKOT.,CPCB,24,Gujarat,457,Rajkot,RAJKOT,-,-,-,-,-,-,-,-,22.35771500,70.93984800,09-08-2018 08:30,1676,"","","","",""
1482,KUWADAVA LAKE VILL. KUWADAVA DIST. RAJKOT.,CPCB,24,Gujarat,457,Rajkot,RAJKOT,-,-,-,-,-,-,-,-,22.35771500,70.93984800,01-09-2018 08:30,2483,"","","","",""
1483,KUWADAVA LAKE VILL. KUWADAVA DIST. RAJKOT.,CPCB,24,Gujarat,457,Rajkot,RAJKOT,-,-,-,-,-,-,-,-,22.35771500,70.93984800,25-10-2018 08:30,2076,"","","","",""
1484,KUWADAVA LAKE VILL. KUWADAVA DIST. RAJKOT.,CPCB,24,Gujarat,457,Rajkot,RAJKOT,-,-,-,-,-,-,-,-,22.35771500,70.93984800,06-08-2019 08:30,415,"","","","",""
1485,KUWADAVA LAKE VILL. KUWADAVA DIST. RAJKOT.,CPCB,24,Gujarat,457,Rajkot,RAJKOT,-,-,-,-,-,-,-,-,22.35771500,70.93984800,04-09-2019 08:30,1004,"","","","",""
1486,KUWADAVA LAKE VILL. KUWADAVA DIST. RAJKOT.,CPCB,24,Gujarat,457,Rajkot,RAJKOT,-,-,-,-,-,-,-,-,22.35771500,70.93984800,05-10-2019 08:30,812,"","","","",""
1487,KUWADAVA LAKE VILL. KUWADAVA DIST. RAJKOT.,CPCB,24,Gujarat,457,Rajkot,RAJKOT,-,-,-,-,-,-,-,-,22.35771500,70.93984800,06-11-2019 08:30,1253,"","","","",""
1488,KUWADAVA LAKE VILL. KUWADAVA DIST. RAJKOT.,CPCB,24,Gujarat,457,Rajkot,RAJKOT,-,-,-,-,-,-,-,-,22.35771500,70.93984800,04-12-2019 08:30,1182,"","","","",""
1489,KUWADAVA LAKE VILL. KUWADAVA DIST. RAJKOT.,CPCB,24,Gujarat,457,Rajkot,RAJKOT,-,-,-,-,-,-,-,-,22.35771500,70.93984800,28-01-2020 08:30,1116,"","",70,"",54
1490,KUWADAVA LAKE VILL. KUWADAVA DIST. RAJKOT.,CPCB,24,Gujarat,457,Rajkot,RAJKOT,-,-,-,-,-,-,-,-,22.35771500,70.93984800,05-02-2020 08:30,1349,"","",57,"",""
1491,KUWADAVA LAKE VILL. KUWADAVA DIST. RAJKOT.,CPCB,24,Gujarat,457,Rajkot,RAJKOT,-,-,-,-,-,-,-,-,22.35771500,70.93984800,02-03-2020 08:30,1278,"","",47,"",""
1492,KUWADAVA LAKE VILL. KUWADAVA DIST. RAJKOT.,CPCB,24,Gujarat,457,Rajkot,RAJKOT,-,-,-,-,-,-,-,-,22.35771500,70.93984800,07-04-2020 08:30,1633,"","",33,"",""
1493,KUWADAVA LAKE VILL. KUWADAVA DIST. RAJKOT.,CPCB,24,Gujarat,457,Rajkot,RAJKOT,-,-,-,-,-,-,-,-,22.35771500,70.93984800,11-05-2020 08:30,1974,"","",32,"",""
1494,KUWADAVA LAKE VILL. KUWADAVA DIST. RAJKOT.,CPCB,24,Gujarat,457,Rajkot,RAJKOT,-,-,-,-,-,-,-,-,22.35771500,70.93984800,09-06-2020 08:30,2132,"","",20,"",""
1495,KUWADAVA LAKE VILL. KUWADAVA DIST. RAJKOT.,CPCB,24,Gujarat,457,Rajkot,RAJKOT,-,-,-,-,-,-,-,-,22.35771500,70.93984800,01-07-2020 08:30,2350,"","",20,"",""
1496,KUWADAVA LAKE VILL. KUWADAVA DIST. RAJKOT.,CPCB,24,Gujarat,457,Rajkot,RAJKOT,-,-,-,-,-,-,-,-,22.35771500,70.93984800,11-08-2020 08:30,1032,"","",2,"",""
1497,KUWADAVA LAKE VILL. KUWADAVA DIST. RAJKOT.,CPCB,24,Gujarat,457,Rajkot,RAJKOT,-,-,-,-,-,-,-,-,22.35771500,70.93984800,05-09-2020 08:30,922,"","",8,"",""
1498,KUWADAVA LAKE VILL. KUWADAVA DIST. RAJKOT.,CPCB,24,Gujarat,457,Rajkot,RAJKOT,-,-,-,-,-,-,-,-,22.35771500,70.93984800,04-11-2020 08:30,1338,"","",22,"",""
1499,LAKHOTA TALAV JAMNAGAR,CPCB,24,Gujarat,447,Jamnagar,JAMNAGAR,-,-,-,-,-,-,-,-,22.46511900,70.06823100,04-01-2018 08:30,340,"","","","",""
1500,LAKHOTA TALAV JAMNAGAR,CPCB,24,Gujarat,447,Jamnagar,JAMNAGAR,-,-,-,-,-,-,-,-,22.46511900,70.06823100,01-02-2018 08:30,380,"","","","",""
1501,LAKHOTA TALAV JAMNAGAR,CPCB,24,Gujarat,447,Jamnagar,JAMNAGAR,-,-,-,-,-,-,-,-,22.46511900,70.06823100,03-03-2018 08:30,422,"","","","",""
1502,LAKHOTA TALAV JAMNAGAR,CPCB,24,Gujarat,447,Jamnagar,JAMNAGAR,-,-,-,-,-,-,-,-,22.46511900,70.06823100,02-04-2018 08:30,580,"","","","",""
1503,LAKHOTA TALAV JAMNAGAR,CPCB,24,Gujarat,447,Jamnagar,JAMNAGAR,-,-,-,-,-,-,-,-,22.46511900,70.06823100,04-05-2018 08:30,620,"","","","",""
1504,LAKHOTA TALAV JAMNAGAR,CPCB,24,Gujarat,447,Jamnagar,JAMNAGAR,-,-,-,-,-,-,-,-,22.46511900,70.06823100,04-06-2018 08:30,580,"","","","",""
1505,LAKHOTA TALAV JAMNAGAR,CPCB,24,Gujarat,447,Jamnagar,JAMNAGAR,-,-,-,-,-,-,-,-,22.46511900,70.06823100,02-07-2018 08:30,610,"","","","",""
1506,LAKHOTA TALAV JAMNAGAR,CPCB,24,Gujarat,447,Jamnagar,JAMNAGAR,-,-,-,-,-,-,-,-,22.46511900,70.06823100,01-08-2018 08:30,460,"","","","",""
1507,LAKHOTA TALAV JAMNAGAR,CPCB,24,Gujarat,447,Jamnagar,JAMNAGAR,-,-,-,-,-,-,-,-,22.46511900,70.06823100,01-09-2018 08:30,470,"","","","",""
1508,LAKHOTA TALAV JAMNAGAR,CPCB,24,Gujarat,447,Jamnagar,JAMNAGAR,-,-,-,-,-,-,-,-,22.46511900,70.06823100,12-10-2018 08:30,450,"","","","",""
1509,LAKHOTA TALAV JAMNAGAR,CPCB,24,Gujarat,447,Jamnagar,JAMNAGAR,-,-,-,-,-,-,-,-,22.46511900,70.06823100,01-11-2018 08:30,430,"","","","",""
1510,LAKHOTA TALAV JAMNAGAR,CPCB,24,Gujarat,447,Jamnagar,JAMNAGAR,-,-,-,-,-,-,-,-,22.46511900,70.06823100,04-12-2018 08:30,510,"","","","",""
1511,LAKHOTA TALAV JAMNAGAR,CPCB,24,Gujarat,447,Jamnagar,JAMNAGAR,-,-,-,-,-,-,-,-,22.46511900,70.06823100,01-01-2019 08:30,520,"","","","",""
1512,LAKHOTA TALAV JAMNAGAR,CPCB,24,Gujarat,447,Jamnagar,JAMNAGAR,-,-,-,-,-,-,-,-,22.46511900,70.06823100,01-02-2019 08:30,440,"","","","",""
1513,LAKHOTA TALAV JAMNAGAR,CPCB,24,Gujarat,447,Jamnagar,JAMNAGAR,-,-,-,-,-,-,-,-,22.46511900,70.06823100,05-03-2019 08:30,460,"","","","",""
1514,LAKHOTA TALAV JAMNAGAR,CPCB,24,Gujarat,447,Jamnagar,JAMNAGAR,-,-,-,-,-,-,-,-,22.46511900,70.06823100,08-04-2019 08:30,480,"","","","",""
1515,LAKHOTA TALAV JAMNAGAR,CPCB,24,Gujarat,447,Jamnagar,JAMNAGAR,-,-,-,-,-,-,-,-,22.46511900,70.06823100,03-06-2019 08:30,510,"","","","",""
1516,LAKHOTA TALAV JAMNAGAR,CPCB,24,Gujarat,447,Jamnagar,JAMNAGAR,-,-,-,-,-,-,-,-,22.46511900,70.06823100,05-08-2019 08:30,450,"","","","",""
1517,LAKHOTA TALAV JAMNAGAR,CPCB,24,Gujarat,447,Jamnagar,JAMNAGAR,-,-,-,-,-,-,-,-,22.46511900,70.06823100,04-10-2019 08:30,510,"","","","",""
1518,LAKHOTA TALAV JAMNAGAR,CPCB,24,Gujarat,447,Jamnagar,JAMNAGAR,-,-,-,-,-,-,-,-,22.46511900,70.06823100,05-12-2019 08:30,532,"","","","",""
1519,LAKHOTA TALAV JAMNAGAR,CPCB,24,Gujarat,447,Jamnagar,JAMNAGAR,-,-,-,-,-,-,-,-,22.46511900,70.06823100,03-02-2020 08:30,450,"","",Clear,"",""
1520,LAKHOTA TALAV JAMNAGAR,CPCB,24,Gujarat,447,Jamnagar,JAMNAGAR,-,-,-,-,-,-,-,-,22.46511900,70.06823100,06-04-2020 08:30,503,"","",Clear,"",""
1521,LAKHOTA TALAV JAMNAGAR,CPCB,24,Gujarat,447,Jamnagar,JAMNAGAR,-,-,-,-,-,-,-,-,22.46511900,70.06823100,01-06-2020 08:30,612,"","",Clear,"",""
1522,LAKHOTA TALAV JAMNAGAR,CPCB,24,Gujarat,447,Jamnagar,JAMNAGAR,-,-,-,-,-,-,-,-,22.46511900,70.06823100,11-08-2020 08:30,1360,"","",3,"",""
1523,LAKHOTA TALAV JAMNAGAR,CPCB,24,Gujarat,447,Jamnagar,JAMNAGAR,-,-,-,-,-,-,-,-,22.46511900,70.06823100,06-10-2020 08:30,660,"","",7,"",""
1524,LAKHOTA TALAV JAMNAGAR,CPCB,24,Gujarat,447,Jamnagar,JAMNAGAR,-,-,-,-,-,-,-,-,22.46511900,70.06823100,01-12-2020 08:30,1310,"","",8,"",""
1525,MACHHU-II DAM RAFLESHWAR MORBI RAJKOT,CPCB,24,Gujarat,457,Rajkot,MORVI,-,-,-,-,-,-,-,-,22.76251700,70.86483700,02-01-2018 08:30,702,"","","","",""
1526,MACHHU-II DAM RAFLESHWAR MORBI RAJKOT,CPCB,24,Gujarat,457,Rajkot,MORVI,-,-,-,-,-,-,-,-,22.76251700,70.86483700,03-02-2018 08:30,702,"","","","",""
1527,MACHHU-II DAM RAFLESHWAR MORBI RAJKOT,CPCB,24,Gujarat,457,Rajkot,MORVI,-,-,-,-,-,-,-,-,22.76251700,70.86483700,08-03-2018 08:30,769,"","","","",""
1528,MACHHU-II DAM RAFLESHWAR MORBI RAJKOT,CPCB,24,Gujarat,457,Rajkot,MORVI,-,-,-,-,-,-,-,-,22.76251700,70.86483700,03-04-2018 08:30,940,"","","","",""
1529,MACHHU-II DAM RAFLESHWAR MORBI RAJKOT,CPCB,24,Gujarat,457,Rajkot,MORVI,-,-,-,-,-,-,-,-,22.76251700,70.86483700,22-05-2018 08:30,840,"","","","",""
1530,MACHHU-II DAM RAFLESHWAR MORBI RAJKOT,CPCB,24,Gujarat,457,Rajkot,MORVI,-,-,-,-,-,-,-,-,22.76251700,70.86483700,04-06-2018 08:30,"","","","","",""
1531,MACHHU-II DAM RAFLESHWAR MORBI RAJKOT,CPCB,24,Gujarat,457,Rajkot,MORVI,-,-,-,-,-,-,-,-,22.76251700,70.86483700,02-07-2018 08:30,"","","","","",""
1532,MACHHU-II DAM RAFLESHWAR MORBI RAJKOT,CPCB,24,Gujarat,457,Rajkot,MORVI,-,-,-,-,-,-,-,-,22.76251700,70.86483700,02-08-2018 08:30,1080,"","","","",""
1533,MACHHU-II DAM RAFLESHWAR MORBI RAJKOT,CPCB,24,Gujarat,457,Rajkot,MORVI,-,-,-,-,-,-,-,-,22.76251700,70.86483700,06-09-2018 08:30,1040,"","","","",""
1534,MACHHU-II DAM RAFLESHWAR MORBI RAJKOT,CPCB,24,Gujarat,457,Rajkot,MORVI,-,-,-,-,-,-,-,-,22.76251700,70.86483700,24-10-2018 08:30,466,"","","","",""
1535,MACHHU-II DAM RAFLESHWAR MORBI RAJKOT,CPCB,24,Gujarat,457,Rajkot,MORVI,-,-,-,-,-,-,-,-,22.76251700,70.86483700,01-11-2018 08:30,2682,"","","","",""
1536,MACHHU-II DAM RAFLESHWAR MORBI RAJKOT,CPCB,24,Gujarat,457,Rajkot,MORVI,-,-,-,-,-,-,-,-,22.76251700,70.86483700,04-12-2018 08:30,2244,"","","","",""
1537,MACHHU-II DAM RAFLESHWAR MORBI RAJKOT,CPCB,24,Gujarat,457,Rajkot,MORVI,-,-,-,-,-,-,-,-,22.76251700,70.86483700,01-01-2019 08:30,399,"","","","",""
1538,MACHHU-II DAM RAFLESHWAR MORBI RAJKOT,CPCB,24,Gujarat,457,Rajkot,MORVI,-,-,-,-,-,-,-,-,22.76251700,70.86483700,08-02-2019 08:30,470,"","","","",""
1539,MACHHU-II DAM RAFLESHWAR MORBI RAJKOT,CPCB,24,Gujarat,457,Rajkot,MORVI,-,-,-,-,-,-,-,-,22.76251700,70.86483700,01-03-2019 08:30,2382,"","","","",""
1540,MACHHU-II DAM RAFLESHWAR MORBI RAJKOT,CPCB,24,Gujarat,457,Rajkot,MORVI,-,-,-,-,-,-,-,-,22.76251700,70.86483700,04-04-2019 08:30,375,"","","","",""
1541,MACHHU-II DAM RAFLESHWAR MORBI RAJKOT,CPCB,24,Gujarat,457,Rajkot,MORVI,-,-,-,-,-,-,-,-,22.76251700,70.86483700,03-05-2019 08:30,2761,"","","","",""
1542,MACHHU-II DAM RAFLESHWAR MORBI RAJKOT,CPCB,24,Gujarat,457,Rajkot,MORVI,-,-,-,-,-,-,-,-,22.76251700,70.86483700,01-06-2019 08:30,571,"","","","",""
1543,MACHHU-II DAM RAFLESHWAR MORBI RAJKOT,CPCB,24,Gujarat,457,Rajkot,MORVI,-,-,-,-,-,-,-,-,22.76251700,70.86483700,02-07-2019 08:30,2749,"","","","",""
1544,MACHHU-II DAM RAFLESHWAR MORBI RAJKOT,CPCB,24,Gujarat,457,Rajkot,MORVI,-,-,-,-,-,-,-,-,22.76251700,70.86483700,03-08-2019 08:30,420,"","","","",""
1545,MACHHU-II DAM RAFLESHWAR MORBI RAJKOT,CPCB,24,Gujarat,457,Rajkot,MORVI,-,-,-,-,-,-,-,-,22.76251700,70.86483700,04-09-2019 08:30,442,"","","","",""
1546,MACHHU-II DAM RAFLESHWAR MORBI RAJKOT,CPCB,24,Gujarat,457,Rajkot,MORVI,-,-,-,-,-,-,-,-,22.76251700,70.86483700,03-10-2019 08:30,853,"","","","",""
1547,MACHHU-II DAM RAFLESHWAR MORBI RAJKOT,CPCB,24,Gujarat,457,Rajkot,MORVI,-,-,-,-,-,-,-,-,22.76251700,70.86483700,06-11-2019 08:30,589,"","","","",""
1548,MACHHU-II DAM RAFLESHWAR MORBI RAJKOT,CPCB,24,Gujarat,457,Rajkot,MORVI,-,-,-,-,-,-,-,-,22.76251700,70.86483700,03-12-2019 08:30,808,"","","","",""
1549,MACHHU-II DAM RAFLESHWAR MORBI RAJKOT,CPCB,24,Gujarat,457,Rajkot,MORVI,-,-,-,-,-,-,-,-,22.76251700,70.86483700,02-01-2020 08:30,912,"","","","",""
1550,MACHHU-II DAM RAFLESHWAR MORBI RAJKOT,CPCB,24,Gujarat,457,Rajkot,MORVI,-,-,-,-,-,-,-,-,22.76251700,70.86483700,03-02-2020 08:30,817,"","",Clear,"",""
1551,MACHHU-II DAM RAFLESHWAR MORBI RAJKOT,CPCB,24,Gujarat,457,Rajkot,MORVI,-,-,-,-,-,-,-,-,22.76251700,70.86483700,02-03-2020 08:30,1461,"","",Clear,"",""
1552,MACHHU-II DAM RAFLESHWAR MORBI RAJKOT,CPCB,24,Gujarat,457,Rajkot,MORVI,-,-,-,-,-,-,-,-,22.76251700,70.86483700,07-04-2020 08:30,1832,"","",20,"",""
1553,MACHHU-II DAM RAFLESHWAR MORBI RAJKOT,CPCB,24,Gujarat,457,Rajkot,MORVI,-,-,-,-,-,-,-,-,22.76251700,70.86483700,02-05-2020 08:30,959,"","",8,"",""
1554,MACHHU-II DAM RAFLESHWAR MORBI RAJKOT,CPCB,24,Gujarat,457,Rajkot,MORVI,-,-,-,-,-,-,-,-,22.76251700,70.86483700,01-06-2020 08:30,1045,"","",12,"",""
1555,MACHHU-II DAM RAFLESHWAR MORBI RAJKOT,CPCB,24,Gujarat,457,Rajkot,MORVI,-,-,-,-,-,-,-,-,22.76251700,70.86483700,01-07-2020 08:30,743,"","",8,"",""
1556,MACHHU-II DAM RAFLESHWAR MORBI RAJKOT,CPCB,24,Gujarat,457,Rajkot,MORVI,-,-,-,-,-,-,-,-,22.76251700,70.86483700,10-08-2020 08:30,869,"","",4,"",""
1557,MACHHU-II DAM RAFLESHWAR MORBI RAJKOT,CPCB,24,Gujarat,457,Rajkot,MORVI,-,-,-,-,-,-,-,-,22.76251700,70.86483700,05-09-2020 08:30,970,"","",4,"",""
1558,MACHHU-II DAM RAFLESHWAR MORBI RAJKOT,CPCB,24,Gujarat,457,Rajkot,MORVI,-,-,-,-,-,-,-,-,22.76251700,70.86483700,06-10-2020 08:30,610,"","",2,"",""
1559,MACHHU-II DAM RAFLESHWAR MORBI RAJKOT,CPCB,24,Gujarat,457,Rajkot,MORVI,-,-,-,-,-,-,-,-,22.76251700,70.86483700,05-11-2020 08:30,502,"","",18,"",""
1560,MACHHU-II DAM RAFLESHWAR MORBI RAJKOT,CPCB,24,Gujarat,457,Rajkot,MORVI,-,-,-,-,-,-,-,-,22.76251700,70.86483700,03-12-2020 08:30,646,"","",4,"",""
1561,MAHI AT MUJPUR,CPCB,24,Gujarat,440,Anand,ANKLAV,-,-,-,-,-,-,-,-,22.25474400,72.98261800,05-01-2018 08:30,"","","","","",""
1562,MAHI AT MUJPUR,CPCB,24,Gujarat,440,Anand,ANKLAV,-,-,-,-,-,-,-,-,22.25474400,72.98261800,02-02-2018 08:30,"","","","","",""
1563,MAHI AT MUJPUR,CPCB,24,Gujarat,440,Anand,ANKLAV,-,-,-,-,-,-,-,-,22.25474400,72.98261800,07-03-2018 08:30,"","","","","",""
1564,MAHI AT MUJPUR,CPCB,24,Gujarat,440,Anand,ANKLAV,-,-,-,-,-,-,-,-,22.25474400,72.98261800,07-04-2018 08:30,"","","","","",""
1565,MAHI AT MUJPUR,CPCB,24,Gujarat,440,Anand,ANKLAV,-,-,-,-,-,-,-,-,22.25474400,72.98261800,07-05-2018 08:30,"","","","","",""
1566,MAHI AT MUJPUR,CPCB,24,Gujarat,440,Anand,ANKLAV,-,-,-,-,-,-,-,-,22.25474400,72.98261800,07-06-2018 08:30,"","","","","",""
1567,MAHI AT MUJPUR,CPCB,24,Gujarat,440,Anand,ANKLAV,-,-,-,-,-,-,-,-,22.25474400,72.98261800,07-07-2018 08:30,"","","","","",""
1568,MAHI AT MUJPUR,CPCB,24,Gujarat,440,Anand,ANKLAV,-,-,-,-,-,-,-,-,22.25474400,72.98261800,08-08-2018 08:30,"","","","","",""
1569,MAHI AT MUJPUR,CPCB,24,Gujarat,440,Anand,ANKLAV,-,-,-,-,-,-,-,-,22.25474400,72.98261800,05-09-2018 08:30,"","","","","",""
1570,MAHI AT MUJPUR,CPCB,24,Gujarat,440,Anand,ANKLAV,-,-,-,-,-,-,-,-,22.25474400,72.98261800,03-10-2018 08:30,"","","","","",""
1571,MAHI AT MUJPUR,CPCB,24,Gujarat,440,Anand,ANKLAV,-,-,-,-,-,-,-,-,22.25474400,72.98261800,01-11-2018 08:30,"","","","","",""
1572,MAHI AT MUJPUR,CPCB,24,Gujarat,440,Anand,ANKLAV,-,-,-,-,-,-,-,-,22.25474400,72.98261800,06-12-2018 08:30,"","","","","",""
1573,MAHI AT MUJPUR,CPCB,24,Gujarat,440,Anand,ANKLAV,-,-,-,-,-,-,-,-,22.25474400,72.98261800,03-01-2019 08:30,"","","","","",""
1574,MAHI AT MUJPUR,CPCB,24,Gujarat,440,Anand,ANKLAV,-,-,-,-,-,-,-,-,22.25474400,72.98261800,06-02-2019 08:30,"","","","","",""
1575,MAHI AT MUJPUR,CPCB,24,Gujarat,440,Anand,ANKLAV,-,-,-,-,-,-,-,-,22.25474400,72.98261800,07-03-2019 08:30,"","","","","",""
1576,MAHI AT MUJPUR,CPCB,24,Gujarat,440,Anand,ANKLAV,-,-,-,-,-,-,-,-,22.25474400,72.98261800,04-04-2019 08:30,"","","","","",""
1577,MAHI AT MUJPUR,CPCB,24,Gujarat,440,Anand,ANKLAV,-,-,-,-,-,-,-,-,22.25474400,72.98261800,04-05-2019 08:30,"","","","","",""
1578,MAHI AT MUJPUR,CPCB,24,Gujarat,440,Anand,ANKLAV,-,-,-,-,-,-,-,-,22.25474400,72.98261800,03-06-2019 08:30,"","","","","",""
1579,MAHI AT MUJPUR,CPCB,24,Gujarat,440,Anand,ANKLAV,-,-,-,-,-,-,-,-,22.25474400,72.98261800,04-07-2019 08:30,"","","","","",""
1580,MAHI AT MUJPUR,CPCB,24,Gujarat,440,Anand,ANKLAV,-,-,-,-,-,-,-,-,22.25474400,72.98261800,16-08-2019 08:30,"","","","","",""
1581,MAHI AT MUJPUR,CPCB,24,Gujarat,440,Anand,ANKLAV,-,-,-,-,-,-,-,-,22.25474400,72.98261800,06-09-2019 08:30,"","","","","",""
1582,MAHI AT MUJPUR,CPCB,24,Gujarat,440,Anand,ANKLAV,-,-,-,-,-,-,-,-,22.25474400,72.98261800,04-10-2019 08:30,"","","","","",""
1583,MAHI AT MUJPUR,CPCB,24,Gujarat,440,Anand,ANKLAV,-,-,-,-,-,-,-,-,22.25474400,72.98261800,05-11-2019 08:30,"","","","","",""
1584,MAHI AT MUJPUR,CPCB,24,Gujarat,440,Anand,ANKLAV,-,-,-,-,-,-,-,-,22.25474400,72.98261800,07-12-2019 08:30,"","","","","",""
1585,MAHI AT MUJPUR,CPCB,24,Gujarat,440,Anand,ANKLAV,-,-,-,-,-,-,-,-,22.25474400,72.98261800,03-01-2020 08:30,2860,"","",18.9,"",62
1586,MAHI AT MUJPUR,CPCB,24,Gujarat,440,Anand,ANKLAV,-,-,-,-,-,-,-,-,22.25474400,72.98261800,04-02-2020 08:30,610,"","",97.5,"",""
1587,MAHI AT MUJPUR,CPCB,24,Gujarat,440,Anand,ANKLAV,-,-,-,-,-,-,-,-,22.25474400,72.98261800,03-03-2020 08:30,596,"","",123.1,"",""
1588,MAHI AT MUJPUR,CPCB,24,Gujarat,440,Anand,ANKLAV,-,-,-,-,-,-,-,-,22.25474400,72.98261800,07-04-2020 08:30,619,"","",48.2,"",""
1589,MAHI AT MUJPUR,CPCB,24,Gujarat,440,Anand,ANKLAV,-,-,-,-,-,-,-,-,22.25474400,72.98261800,04-05-2020 08:30,625,"","",7.9,"",""
1590,MAHI AT MUJPUR,CPCB,24,Gujarat,440,Anand,ANKLAV,-,-,-,-,-,-,-,-,22.25474400,72.98261800,02-06-2020 08:30,581,"","",250,"",""
1591,MAHI AT MUJPUR,CPCB,24,Gujarat,440,Anand,ANKLAV,-,-,-,-,-,-,-,-,22.25474400,72.98261800,03-07-2020 08:30,553,"","",3640,"",""
1592,MAHI AT MUJPUR,CPCB,24,Gujarat,440,Anand,ANKLAV,-,-,-,-,-,-,-,-,22.25474400,72.98261800,06-08-2020 08:30,1281,"","",390,"",""
1593,MAHI AT MUJPUR,CPCB,24,Gujarat,440,Anand,ANKLAV,-,-,-,-,-,-,-,-,22.25474400,72.98261800,05-09-2020 08:30,385,"","",112,"",""
1594,MAHI AT MUJPUR,CPCB,24,Gujarat,440,Anand,ANKLAV,-,-,-,-,-,-,-,-,22.25474400,72.98261800,05-10-2020 08:30,393,"","",0.5,"",""
1595,MAHI AT MUJPUR,CPCB,24,Gujarat,440,Anand,ANKLAV,-,-,-,-,-,-,-,-,22.25474400,72.98261800,04-11-2020 08:30,521,"","",0.2,"",""
1596,MAHI AT MUJPUR,CPCB,24,Gujarat,440,Anand,ANKLAV,-,-,-,-,-,-,-,-,22.25474400,72.98261800,03-12-2020 08:30,1545,"","",Clear,"",""
1597,MAHI AT SEVALIA,CPCB,24,Gujarat,450,Kheda,THASRA,-,-,-,-,-,-,-,-,22.81225000,73.35977800,02-01-2018 08:30,"","","","","",""
1598,MAHI AT SEVALIA,CPCB,24,Gujarat,450,Kheda,THASRA,-,-,-,-,-,-,-,-,22.81225000,73.35977800,06-02-2018 08:30,"","","","","",""
1599,MAHI AT SEVALIA,CPCB,24,Gujarat,450,Kheda,THASRA,-,-,-,-,-,-,-,-,22.81225000,73.35977800,05-03-2018 08:30,"","","","","",""
1600,MAHI AT SEVALIA,CPCB,24,Gujarat,450,Kheda,THASRA,-,-,-,-,-,-,-,-,22.81225000,73.35977800,04-04-2018 08:30,"","","","","",""
1601,MAHI AT SEVALIA,CPCB,24,Gujarat,450,Kheda,THASRA,-,-,-,-,-,-,-,-,22.81225000,73.35977800,01-05-2018 08:30,"","","","","",""
1602,MAHI AT SEVALIA,CPCB,24,Gujarat,450,Kheda,THASRA,-,-,-,-,-,-,-,-,22.81225000,73.35977800,02-06-2018 08:30,"","","","","",""
1603,MAHI AT SEVALIA,CPCB,24,Gujarat,450,Kheda,THASRA,-,-,-,-,-,-,-,-,22.81225000,73.35977800,02-07-2018 08:30,"","","","","",""
1604,MAHI AT SEVALIA,CPCB,24,Gujarat,450,Kheda,THASRA,-,-,-,-,-,-,-,-,22.81225000,73.35977800,01-08-2018 08:30,"","","","","",""
1605,MAHI AT SEVALIA,CPCB,24,Gujarat,450,Kheda,THASRA,-,-,-,-,-,-,-,-,22.81225000,73.35977800,06-09-2018 08:30,"","","","","",""
1606,MAHI AT SEVALIA,CPCB,24,Gujarat,450,Kheda,THASRA,-,-,-,-,-,-,-,-,22.81225000,73.35977800,05-10-2018 08:30,"","","","","",""
1607,MAHI AT SEVALIA,CPCB,24,Gujarat,450,Kheda,THASRA,-,-,-,-,-,-,-,-,22.81225000,73.35977800,01-11-2018 08:30,"","","","","",""
1608,MAHI AT SEVALIA,CPCB,24,Gujarat,450,Kheda,THASRA,-,-,-,-,-,-,-,-,22.81225000,73.35977800,03-12-2018 08:30,"","","","","",""
1609,MAHI AT SEVALIA,CPCB,24,Gujarat,450,Kheda,THASRA,-,-,-,-,-,-,-,-,22.81225000,73.35977800,01-01-2019 08:30,"","","","","",""
1610,MAHI AT SEVALIA,CPCB,24,Gujarat,450,Kheda,THASRA,-,-,-,-,-,-,-,-,22.81225000,73.35977800,05-02-2019 08:30,"","","","","",""
1611,MAHI AT SEVALIA,CPCB,24,Gujarat,450,Kheda,THASRA,-,-,-,-,-,-,-,-,22.81225000,73.35977800,05-03-2019 08:30,"","","","","",""
1612,MAHI AT SEVALIA,CPCB,24,Gujarat,450,Kheda,THASRA,-,-,-,-,-,-,-,-,22.81225000,73.35977800,02-04-2019 08:30,"","","","","",""
1613,MAHI AT SEVALIA,CPCB,24,Gujarat,450,Kheda,THASRA,-,-,-,-,-,-,-,-,22.81225000,73.35977800,01-05-2019 08:30,"","","","","",""
1614,MAHI AT SEVALIA,CPCB,24,Gujarat,450,Kheda,THASRA,-,-,-,-,-,-,-,-,22.81225000,73.35977800,01-06-2019 08:30,"","","","","",""
1615,MAHI AT SEVALIA,CPCB,24,Gujarat,450,Kheda,THASRA,-,-,-,-,-,-,-,-,22.81225000,73.35977800,05-07-2019 08:30,"","","","","",""
1616,MAHI AT SEVALIA,CPCB,24,Gujarat,450,Kheda,THASRA,-,-,-,-,-,-,-,-,22.81225000,73.35977800,02-08-2019 08:30,"","","","","",""
1617,MAHI AT SEVALIA,CPCB,24,Gujarat,450,Kheda,THASRA,-,-,-,-,-,-,-,-,22.81225000,73.35977800,04-09-2019 08:30,"","","","","",""
1618,MAHI AT SEVALIA,CPCB,24,Gujarat,450,Kheda,THASRA,-,-,-,-,-,-,-,-,22.81225000,73.35977800,04-10-2019 08:30,"","","","","",""
1619,MAHI AT SEVALIA,CPCB,24,Gujarat,450,Kheda,THASRA,-,-,-,-,-,-,-,-,22.81225000,73.35977800,02-11-2019 08:30,"","","","","",""
1620,MAHI AT SEVALIA,CPCB,24,Gujarat,450,Kheda,THASRA,-,-,-,-,-,-,-,-,22.81225000,73.35977800,04-12-2019 08:30,"","","","","",""
1621,MAHI AT SEVALIA,CPCB,24,Gujarat,450,Kheda,THASRA,-,-,-,-,-,-,-,-,22.81225000,73.35977800,03-01-2020 08:30,467,"","",1.2,"",4
1622,MAHI AT SEVALIA,CPCB,24,Gujarat,450,Kheda,THASRA,-,-,-,-,-,-,-,-,22.81225000,73.35977800,03-02-2020 08:30,460,"","",1.1,"",""
1623,MAHI AT SEVALIA,CPCB,24,Gujarat,450,Kheda,THASRA,-,-,-,-,-,-,-,-,22.81225000,73.35977800,06-03-2020 08:30,445,"","",0.2,"",""
1624,MAHI AT SEVALIA,CPCB,24,Gujarat,450,Kheda,THASRA,-,-,-,-,-,-,-,-,22.81225000,73.35977800,07-04-2020 08:30,435,"","",0.9,"",""
1625,MAHI AT SEVALIA,CPCB,24,Gujarat,450,Kheda,THASRA,-,-,-,-,-,-,-,-,22.81225000,73.35977800,06-05-2020 08:30,439,"","",2.8,"",""
1626,MAHI AT SEVALIA,CPCB,24,Gujarat,450,Kheda,THASRA,-,-,-,-,-,-,-,-,22.81225000,73.35977800,04-06-2020 08:30,461,"","",2.1,"",""
1627,MAHI AT SEVALIA,CPCB,24,Gujarat,450,Kheda,THASRA,-,-,-,-,-,-,-,-,22.81225000,73.35977800,03-07-2020 08:30,437,"","",1.3,"",""
1628,MAHI AT SEVALIA,CPCB,24,Gujarat,450,Kheda,THASRA,-,-,-,-,-,-,-,-,22.81225000,73.35977800,06-08-2020 08:30,508,"","",0.9,"",""
1629,MAHI AT SEVALIA,CPCB,24,Gujarat,450,Kheda,THASRA,-,-,-,-,-,-,-,-,22.81225000,73.35977800,01-09-2020 08:30,308,"","",109,"",""
1630,MAHI AT SEVALIA,CPCB,24,Gujarat,450,Kheda,THASRA,-,-,-,-,-,-,-,-,22.81225000,73.35977800,06-10-2020 08:30,435,"","",Clear,"",""
1631,MAHI AT SEVALIA,CPCB,24,Gujarat,450,Kheda,THASRA,-,-,-,-,-,-,-,-,22.81225000,73.35977800,02-11-2020 08:30,419,"","",5,"",""
1632,MAHI AT SEVALIA,CPCB,24,Gujarat,450,Kheda,THASRA,-,-,-,-,-,-,-,-,22.81225000,73.35977800,03-12-2020 08:30,394,"","",2.8,"",""
1633,MAHI AT SHERKHI BRIDGE,CPCB,24,Gujarat,440,Anand,ANKLAV,-,-,-,-,-,-,-,-,22.34233900,73.05418500,05-01-2018 08:30,"","","","","",""
1634,MAHI AT SHERKHI BRIDGE,CPCB,24,Gujarat,440,Anand,ANKLAV,-,-,-,-,-,-,-,-,22.34233900,73.05418500,02-02-2018 08:30,"","","","","",""
1635,MAHI AT SHERKHI BRIDGE,CPCB,24,Gujarat,440,Anand,ANKLAV,-,-,-,-,-,-,-,-,22.34233900,73.05418500,07-03-2018 08:30,"","","","","",""
1636,MAHI AT SHERKHI BRIDGE,CPCB,24,Gujarat,440,Anand,ANKLAV,-,-,-,-,-,-,-,-,22.34233900,73.05418500,07-04-2018 08:30,"","","","","",""
1637,MAHI AT SHERKHI BRIDGE,CPCB,24,Gujarat,440,Anand,ANKLAV,-,-,-,-,-,-,-,-,22.34233900,73.05418500,07-05-2018 08:30,"","","","","",""
1638,MAHI AT SHERKHI BRIDGE,CPCB,24,Gujarat,440,Anand,ANKLAV,-,-,-,-,-,-,-,-,22.34233900,73.05418500,07-06-2018 08:30,"","","","","",""
1639,MAHI AT SHERKHI BRIDGE,CPCB,24,Gujarat,440,Anand,ANKLAV,-,-,-,-,-,-,-,-,22.34233900,73.05418500,07-07-2018 08:30,"","","","","",""
1640,MAHI AT SHERKHI BRIDGE,CPCB,24,Gujarat,440,Anand,ANKLAV,-,-,-,-,-,-,-,-,22.34233900,73.05418500,07-08-2018 08:30,"","","","","",""
1641,MAHI AT SHERKHI BRIDGE,CPCB,24,Gujarat,440,Anand,ANKLAV,-,-,-,-,-,-,-,-,22.34233900,73.05418500,05-09-2018 08:30,"","","","","",""
1642,MAHI AT SHERKHI BRIDGE,CPCB,24,Gujarat,440,Anand,ANKLAV,-,-,-,-,-,-,-,-,22.34233900,73.05418500,03-10-2018 08:30,"","","","","",""
1643,MAHI AT SHERKHI BRIDGE,CPCB,24,Gujarat,440,Anand,ANKLAV,-,-,-,-,-,-,-,-,22.34233900,73.05418500,01-11-2018 08:30,"","","","","",""
1644,MAHI AT SHERKHI BRIDGE,CPCB,24,Gujarat,440,Anand,ANKLAV,-,-,-,-,-,-,-,-,22.34233900,73.05418500,07-12-2018 08:30,"","","","","",""
1645,MAHI AT SHERKHI BRIDGE,CPCB,24,Gujarat,440,Anand,ANKLAV,-,-,-,-,-,-,-,-,22.34233900,73.05418500,03-01-2019 08:30,"","","","","",""
1646,MAHI AT SHERKHI BRIDGE,CPCB,24,Gujarat,440,Anand,ANKLAV,-,-,-,-,-,-,-,-,22.34233900,73.05418500,06-02-2019 08:30,"","","","","",""
1647,MAHI AT SHERKHI BRIDGE,CPCB,24,Gujarat,440,Anand,ANKLAV,-,-,-,-,-,-,-,-,22.34233900,73.05418500,07-03-2019 08:30,"","","","","",""
1648,MAHI AT SHERKHI BRIDGE,CPCB,24,Gujarat,440,Anand,ANKLAV,-,-,-,-,-,-,-,-,22.34233900,73.05418500,04-04-2019 08:30,"","","","","",""
1649,MAHI AT SHERKHI BRIDGE,CPCB,24,Gujarat,440,Anand,ANKLAV,-,-,-,-,-,-,-,-,22.34233900,73.05418500,04-05-2019 08:30,"","","","","",""
1650,MAHI AT SHERKHI BRIDGE,CPCB,24,Gujarat,440,Anand,ANKLAV,-,-,-,-,-,-,-,-,22.34233900,73.05418500,03-06-2019 08:30,"","","","","",""
1651,MAHI AT SHERKHI BRIDGE,CPCB,24,Gujarat,440,Anand,ANKLAV,-,-,-,-,-,-,-,-,22.34233900,73.05418500,04-07-2019 08:30,"","","","","",""
1652,MAHI AT SHERKHI BRIDGE,CPCB,24,Gujarat,440,Anand,ANKLAV,-,-,-,-,-,-,-,-,22.34233900,73.05418500,16-08-2019 08:30,"","","","","",""
1653,MAHI AT SHERKHI BRIDGE,CPCB,24,Gujarat,440,Anand,ANKLAV,-,-,-,-,-,-,-,-,22.34233900,73.05418500,06-09-2019 08:30,"","","","","",""
1654,MAHI AT SHERKHI BRIDGE,CPCB,24,Gujarat,440,Anand,ANKLAV,-,-,-,-,-,-,-,-,22.34233900,73.05418500,04-10-2019 08:30,"","","","","",""
1655,MAHI AT SHERKHI BRIDGE,CPCB,24,Gujarat,440,Anand,ANKLAV,-,-,-,-,-,-,-,-,22.34233900,73.05418500,05-11-2019 08:30,"","","","","",""
1656,MAHI AT SHERKHI BRIDGE,CPCB,24,Gujarat,440,Anand,ANKLAV,-,-,-,-,-,-,-,-,22.34233900,73.05418500,07-12-2019 08:30,"","","","","",""
1657,MAHI AT SHERKHI BRIDGE,CPCB,24,Gujarat,440,Anand,ANKLAV,-,-,-,-,-,-,-,-,22.34233900,73.05418500,03-01-2020 08:30,491,"","",3.9,"",6
1658,MAHI AT SHERKHI BRIDGE,CPCB,24,Gujarat,440,Anand,ANKLAV,-,-,-,-,-,-,-,-,22.34233900,73.05418500,04-02-2020 08:30,510,"","",4.7,"",""
1659,MAHI AT SHERKHI BRIDGE,CPCB,24,Gujarat,440,Anand,ANKLAV,-,-,-,-,-,-,-,-,22.34233900,73.05418500,03-03-2020 08:30,470,"","",7.2,"",""
1660,MAHI AT SHERKHI BRIDGE,CPCB,24,Gujarat,440,Anand,ANKLAV,-,-,-,-,-,-,-,-,22.34233900,73.05418500,07-04-2020 08:30,469,"","",1.2,"",""
1661,MAHI AT SHERKHI BRIDGE,CPCB,24,Gujarat,440,Anand,ANKLAV,-,-,-,-,-,-,-,-,22.34233900,73.05418500,04-05-2020 08:30,457,"","",1.7,"",""
1662,MAHI AT SHERKHI BRIDGE,CPCB,24,Gujarat,440,Anand,ANKLAV,-,-,-,-,-,-,-,-,22.34233900,73.05418500,02-06-2020 08:30,484,"","",1.6,"",""
1663,MAHI AT SHERKHI BRIDGE,CPCB,24,Gujarat,440,Anand,ANKLAV,-,-,-,-,-,-,-,-,22.34233900,73.05418500,03-07-2020 08:30,1663,"","",11.5,"",""
1664,MAHI AT SHERKHI BRIDGE,CPCB,24,Gujarat,440,Anand,ANKLAV,-,-,-,-,-,-,-,-,22.34233900,73.05418500,06-08-2020 08:30,500,"","",7,"",""
1665,MAHI AT SHERKHI BRIDGE,CPCB,24,Gujarat,440,Anand,ANKLAV,-,-,-,-,-,-,-,-,22.34233900,73.05418500,05-09-2020 08:30,320,"","",83,"",""
1666,MAHI AT SHERKHI BRIDGE,CPCB,24,Gujarat,440,Anand,ANKLAV,-,-,-,-,-,-,-,-,22.34233900,73.05418500,05-10-2020 08:30,503,"","",7.4,"",""
1667,MAHI AT SHERKHI BRIDGE,CPCB,24,Gujarat,440,Anand,ANKLAV,-,-,-,-,-,-,-,-,22.34233900,73.05418500,04-11-2020 08:30,444,"","",8,"",""
1668,MAHI AT SHERKHI BRIDGE,CPCB,24,Gujarat,440,Anand,ANKLAV,-,-,-,-,-,-,-,-,22.34233900,73.05418500,03-12-2020 08:30,396,"","",10,"",""
1669,MAHI AT UMETA BRIDGE,CPCB,24,Gujarat,440,Anand,ANKLAV,-,-,-,-,-,-,-,-,22.34229800,73.05257500,02-01-2018 08:30,"","","","","",""
1670,MAHI AT UMETA BRIDGE,CPCB,24,Gujarat,440,Anand,ANKLAV,-,-,-,-,-,-,-,-,22.34229800,73.05257500,06-02-2018 08:30,"","","","","",""
1671,MAHI AT UMETA BRIDGE,CPCB,24,Gujarat,440,Anand,ANKLAV,-,-,-,-,-,-,-,-,22.34229800,73.05257500,01-03-2018 08:30,"","","","","",""
1672,MAHI AT UMETA BRIDGE,CPCB,24,Gujarat,440,Anand,ANKLAV,-,-,-,-,-,-,-,-,22.34229800,73.05257500,03-04-2018 08:30,"","","","","",""
1673,MAHI AT UMETA BRIDGE,CPCB,24,Gujarat,440,Anand,ANKLAV,-,-,-,-,-,-,-,-,22.34229800,73.05257500,04-05-2018 08:30,"","","","","",""
1674,MAHI AT UMETA BRIDGE,CPCB,24,Gujarat,440,Anand,ANKLAV,-,-,-,-,-,-,-,-,22.34229800,73.05257500,07-06-2018 08:30,"","","","","",""
1675,MAHI AT UMETA BRIDGE,CPCB,24,Gujarat,440,Anand,ANKLAV,-,-,-,-,-,-,-,-,22.34229800,73.05257500,06-07-2018 08:30,"","","","","",""
1676,MAHI AT UMETA BRIDGE,CPCB,24,Gujarat,440,Anand,ANKLAV,-,-,-,-,-,-,-,-,22.34229800,73.05257500,01-08-2018 08:30,"","","","","",""
1677,MAHI AT UMETA BRIDGE,CPCB,24,Gujarat,440,Anand,ANKLAV,-,-,-,-,-,-,-,-,22.34229800,73.05257500,04-09-2018 08:30,"","","","","",""
1678,MAHI AT UMETA BRIDGE,CPCB,24,Gujarat,440,Anand,ANKLAV,-,-,-,-,-,-,-,-,22.34229800,73.05257500,01-10-2018 08:30,"","","","","",""
1679,MAHI AT UMETA BRIDGE,CPCB,24,Gujarat,440,Anand,ANKLAV,-,-,-,-,-,-,-,-,22.34229800,73.05257500,02-11-2018 08:30,"","","","","",""
1680,MAHI AT UMETA BRIDGE,CPCB,24,Gujarat,440,Anand,ANKLAV,-,-,-,-,-,-,-,-,22.34229800,73.05257500,07-12-2018 08:30,"","","","","",""
1681,MAHI AT UMETA BRIDGE,CPCB,24,Gujarat,440,Anand,ANKLAV,-,-,-,-,-,-,-,-,22.34229800,73.05257500,04-01-2019 08:30,"","","","","",""
1682,MAHI AT UMETA BRIDGE,CPCB,24,Gujarat,440,Anand,ANKLAV,-,-,-,-,-,-,-,-,22.34229800,73.05257500,02-02-2019 08:30,"","","","","",""
1683,MAHI AT UMETA BRIDGE,CPCB,24,Gujarat,440,Anand,ANKLAV,-,-,-,-,-,-,-,-,22.34229800,73.05257500,01-03-2019 08:30,"","","","","",""
1684,MAHI AT UMETA BRIDGE,CPCB,24,Gujarat,440,Anand,ANKLAV,-,-,-,-,-,-,-,-,22.34229800,73.05257500,02-04-2019 08:30,"","","","","",""
1685,MAHI AT UMETA BRIDGE,CPCB,24,Gujarat,440,Anand,ANKLAV,-,-,-,-,-,-,-,-,22.34229800,73.05257500,04-05-2019 08:30,"","","","","",""
1686,MAHI AT UMETA BRIDGE,CPCB,24,Gujarat,440,Anand,ANKLAV,-,-,-,-,-,-,-,-,22.34229800,73.05257500,01-06-2019 08:30,"","","","","",""
1687,MAHI AT UMETA BRIDGE,CPCB,24,Gujarat,440,Anand,ANKLAV,-,-,-,-,-,-,-,-,22.34229800,73.05257500,02-07-2019 08:30,"","","","","",""
1688,MAHI AT UMETA BRIDGE,CPCB,24,Gujarat,440,Anand,ANKLAV,-,-,-,-,-,-,-,-,22.34229800,73.05257500,06-08-2019 08:30,"","","","","",""
1689,MAHI AT UMETA BRIDGE,CPCB,24,Gujarat,440,Anand,ANKLAV,-,-,-,-,-,-,-,-,22.34229800,73.05257500,06-09-2019 08:30,"","","","","",""
1690,MAHI AT UMETA BRIDGE,CPCB,24,Gujarat,440,Anand,ANKLAV,-,-,-,-,-,-,-,-,22.34229800,73.05257500,04-10-2019 08:30,"","","","","",""
1691,MAHI AT UMETA BRIDGE,CPCB,24,Gujarat,440,Anand,ANKLAV,-,-,-,-,-,-,-,-,22.34229800,73.05257500,02-11-2019 08:30,"","","","","",""
1692,MAHI AT UMETA BRIDGE,CPCB,24,Gujarat,440,Anand,ANKLAV,-,-,-,-,-,-,-,-,22.34229800,73.05257500,04-12-2019 08:30,"","","","","",""
1693,MAHI AT UMETA BRIDGE,CPCB,24,Gujarat,440,Anand,ANKLAV,-,-,-,-,-,-,-,-,22.34229800,73.05257500,04-01-2020 08:30,483,"","",3.5,"",14
1694,MAHI AT UMETA BRIDGE,CPCB,24,Gujarat,440,Anand,ANKLAV,-,-,-,-,-,-,-,-,22.34229800,73.05257500,03-02-2020 08:30,490,"","",4.3,"",""
1695,MAHI AT UMETA BRIDGE,CPCB,24,Gujarat,440,Anand,ANKLAV,-,-,-,-,-,-,-,-,22.34229800,73.05257500,03-03-2020 08:30,506,"","",11.7,"",""
1696,MAHI AT UMETA BRIDGE,CPCB,24,Gujarat,440,Anand,ANKLAV,-,-,-,-,-,-,-,-,22.34229800,73.05257500,07-04-2020 08:30,459,"","",1.1,"",""
1697,MAHI AT UMETA BRIDGE,CPCB,24,Gujarat,440,Anand,ANKLAV,-,-,-,-,-,-,-,-,22.34229800,73.05257500,05-05-2020 08:30,456,"","",4,"",""
1698,MAHI AT UMETA BRIDGE,CPCB,24,Gujarat,440,Anand,ANKLAV,-,-,-,-,-,-,-,-,22.34229800,73.05257500,02-06-2020 08:30,494,"","",3,"",""
1699,MAHI AT UMETA BRIDGE,CPCB,24,Gujarat,440,Anand,ANKLAV,-,-,-,-,-,-,-,-,22.34229800,73.05257500,07-07-2020 08:30,452,"","",10.6,"",""
1700,MAHI AT UMETA BRIDGE,CPCB,24,Gujarat,440,Anand,ANKLAV,-,-,-,-,-,-,-,-,22.34229800,73.05257500,04-08-2020 08:30,527,"","",8.3,"",""
1701,MAHI AT UMETA BRIDGE,CPCB,24,Gujarat,440,Anand,ANKLAV,-,-,-,-,-,-,-,-,22.34229800,73.05257500,05-09-2020 08:30,599,"","",49,"",""
1702,MAHI AT UMETA BRIDGE,CPCB,24,Gujarat,440,Anand,ANKLAV,-,-,-,-,-,-,-,-,22.34229800,73.05257500,05-11-2020 08:30,439,"","",5.4,"",""
1703,MAHI AT UMETA BRIDGE,CPCB,24,Gujarat,440,Anand,ANKLAV,-,-,-,-,-,-,-,-,22.34229800,73.05257500,03-12-2020 08:30,387,"","",2.5,"",""
1704,MAHI AT VASAD,CPCB,24,Gujarat,440,Anand,ANAND,-,-,-,-,-,-,-,-,22.44050000,73.07336100,02-01-2018 08:30,"","","","","",""
1705,MAHI AT VASAD,CPCB,24,Gujarat,440,Anand,ANAND,-,-,-,-,-,-,-,-,22.44050000,73.07336100,06-02-2018 08:30,"","","","","",""
1706,MAHI AT VASAD,CPCB,24,Gujarat,440,Anand,ANAND,-,-,-,-,-,-,-,-,22.44050000,73.07336100,01-03-2018 08:30,"","","","","",""
1707,MAHI AT VASAD,CPCB,24,Gujarat,440,Anand,ANAND,-,-,-,-,-,-,-,-,22.44050000,73.07336100,03-04-2018 08:30,"","","","","",""
1708,MAHI AT VASAD,CPCB,24,Gujarat,440,Anand,ANAND,-,-,-,-,-,-,-,-,22.44050000,73.07336100,04-05-2018 08:30,"","","","","",""
1709,MAHI AT VASAD,CPCB,24,Gujarat,440,Anand,ANAND,-,-,-,-,-,-,-,-,22.44050000,73.07336100,07-06-2018 08:30,"","","","","",""
1710,MAHI AT VASAD,CPCB,24,Gujarat,440,Anand,ANAND,-,-,-,-,-,-,-,-,22.44050000,73.07336100,06-07-2018 08:30,"","","","","",""
1711,MAHI AT VASAD,CPCB,24,Gujarat,440,Anand,ANAND,-,-,-,-,-,-,-,-,22.44050000,73.07336100,01-08-2018 08:30,"","","","","",""
1712,MAHI AT VASAD,CPCB,24,Gujarat,440,Anand,ANAND,-,-,-,-,-,-,-,-,22.44050000,73.07336100,04-09-2018 08:30,"","","","","",""
1713,MAHI AT VASAD,CPCB,24,Gujarat,440,Anand,ANAND,-,-,-,-,-,-,-,-,22.44050000,73.07336100,01-10-2018 08:30,"","","","","",""
1714,MAHI AT VASAD,CPCB,24,Gujarat,440,Anand,ANAND,-,-,-,-,-,-,-,-,22.44050000,73.07336100,02-11-2018 08:30,"","","","","",""
1715,MAHI AT VASAD,CPCB,24,Gujarat,440,Anand,ANAND,-,-,-,-,-,-,-,-,22.44050000,73.07336100,07-12-2018 08:30,"","","","","",""
1716,MAHI AT VASAD,CPCB,24,Gujarat,440,Anand,ANAND,-,-,-,-,-,-,-,-,22.44050000,73.07336100,04-01-2019 08:30,"","","","","",""
1717,MAHI AT VASAD,CPCB,24,Gujarat,440,Anand,ANAND,-,-,-,-,-,-,-,-,22.44050000,73.07336100,02-02-2019 08:30,"","","","","",""
1718,MAHI AT VASAD,CPCB,24,Gujarat,440,Anand,ANAND,-,-,-,-,-,-,-,-,22.44050000,73.07336100,01-03-2019 08:30,"","","","","",""
1719,MAHI AT VASAD,CPCB,24,Gujarat,440,Anand,ANAND,-,-,-,-,-,-,-,-,22.44050000,73.07336100,02-04-2019 08:30,"","","","","",""
1720,MAHI AT VASAD,CPCB,24,Gujarat,440,Anand,ANAND,-,-,-,-,-,-,-,-,22.44050000,73.07336100,04-05-2019 08:30,"","","","","",""
1721,MAHI AT VASAD,CPCB,24,Gujarat,440,Anand,ANAND,-,-,-,-,-,-,-,-,22.44050000,73.07336100,01-06-2019 08:30,"","","","","",""
1722,MAHI AT VASAD,CPCB,24,Gujarat,440,Anand,ANAND,-,-,-,-,-,-,-,-,22.44050000,73.07336100,02-07-2019 08:30,"","","","","",""
1723,MAHI AT VASAD,CPCB,24,Gujarat,440,Anand,ANAND,-,-,-,-,-,-,-,-,22.44050000,73.07336100,06-08-2019 08:30,"","","","","",""
1724,MAHI AT VASAD,CPCB,24,Gujarat,440,Anand,ANAND,-,-,-,-,-,-,-,-,22.44050000,73.07336100,06-09-2019 08:30,"","","","","",""
1725,MAHI AT VASAD,CPCB,24,Gujarat,440,Anand,ANAND,-,-,-,-,-,-,-,-,22.44050000,73.07336100,05-10-2019 08:30,"","","","","",""
1726,MAHI AT VASAD,CPCB,24,Gujarat,440,Anand,ANAND,-,-,-,-,-,-,-,-,22.44050000,73.07336100,02-11-2019 08:30,"","","","","",""
1727,MAHI AT VASAD,CPCB,24,Gujarat,440,Anand,ANAND,-,-,-,-,-,-,-,-,22.44050000,73.07336100,04-12-2019 08:30,"","","","","",""
1728,MAHI AT VASAD,CPCB,24,Gujarat,440,Anand,ANAND,-,-,-,-,-,-,-,-,22.44050000,73.07336100,04-01-2020 08:30,490,"","",3.5,"",10
1729,MAHI AT VASAD,CPCB,24,Gujarat,440,Anand,ANAND,-,-,-,-,-,-,-,-,22.44050000,73.07336100,03-02-2020 08:30,500,"","",2.9,"",""
1730,MAHI AT VASAD,CPCB,24,Gujarat,440,Anand,ANAND,-,-,-,-,-,-,-,-,22.44050000,73.07336100,03-03-2020 08:30,533,"","",8,"",""
1731,MAHI AT VASAD,CPCB,24,Gujarat,440,Anand,ANAND,-,-,-,-,-,-,-,-,22.44050000,73.07336100,07-04-2020 08:30,477,"","",1,"",""
1732,MAHI AT VASAD,CPCB,24,Gujarat,440,Anand,ANAND,-,-,-,-,-,-,-,-,22.44050000,73.07336100,05-05-2020 08:30,482,"","",4.2,"",""
1733,MAHI AT VASAD,CPCB,24,Gujarat,440,Anand,ANAND,-,-,-,-,-,-,-,-,22.44050000,73.07336100,02-06-2020 08:30,495,"","",7.9,"",""
1734,MAHI AT VASAD,CPCB,24,Gujarat,440,Anand,ANAND,-,-,-,-,-,-,-,-,22.44050000,73.07336100,07-07-2020 08:30,434,"","",5.4,"",""
1735,MAHI AT VASAD,CPCB,24,Gujarat,440,Anand,ANAND,-,-,-,-,-,-,-,-,22.44050000,73.07336100,04-08-2020 08:30,445,"","",3.4,"",""
1736,MAHI AT VASAD,CPCB,24,Gujarat,440,Anand,ANAND,-,-,-,-,-,-,-,-,22.44050000,73.07336100,05-09-2020 08:30,312,"","",47,"",""
1737,MAHI AT VASAD,CPCB,24,Gujarat,440,Anand,ANAND,-,-,-,-,-,-,-,-,22.44050000,73.07336100,05-11-2020 08:30,422,"","",8,"",""
1738,MAHI AT VASAD,CPCB,24,Gujarat,440,Anand,ANAND,-,-,-,-,-,-,-,-,22.44050000,73.07336100,03-12-2020 08:30,447,"","",3.2,"",""
1739,MALAV TALAV DHOLKA,CPCB,24,Gujarat,438,Ahmedabad,DHOLKA,-,-,-,-,-,-,-,-,22.72682200,72.43523900,02-01-2018 08:30,2259,"","","","",""
1740,MALAV TALAV DHOLKA,CPCB,24,Gujarat,438,Ahmedabad,DHOLKA,-,-,-,-,-,-,-,-,22.72682200,72.43523900,01-02-2018 08:30,2602,"","","","",""
1741,MALAV TALAV DHOLKA,CPCB,24,Gujarat,438,Ahmedabad,DHOLKA,-,-,-,-,-,-,-,-,22.72682200,72.43523900,03-03-2018 08:30,2849,"","","","",""
1742,MALAV TALAV DHOLKA,CPCB,24,Gujarat,438,Ahmedabad,DHOLKA,-,-,-,-,-,-,-,-,22.72682200,72.43523900,04-04-2018 08:30,2841,"","","","",""
1743,MALAV TALAV DHOLKA,CPCB,24,Gujarat,438,Ahmedabad,DHOLKA,-,-,-,-,-,-,-,-,22.72682200,72.43523900,01-05-2018 08:30,3124,"","","","",""
1744,MALAV TALAV DHOLKA,CPCB,24,Gujarat,438,Ahmedabad,DHOLKA,-,-,-,-,-,-,-,-,22.72682200,72.43523900,04-06-2018 08:30,3951,"","","","",""
1745,MALAV TALAV DHOLKA,CPCB,24,Gujarat,438,Ahmedabad,DHOLKA,-,-,-,-,-,-,-,-,22.72682200,72.43523900,03-07-2018 08:30,3768,"","","","",""
1746,MALAV TALAV DHOLKA,CPCB,24,Gujarat,438,Ahmedabad,DHOLKA,-,-,-,-,-,-,-,-,22.72682200,72.43523900,04-08-2018 08:30,3410,"","","","",""
1747,MALAV TALAV DHOLKA,CPCB,24,Gujarat,438,Ahmedabad,DHOLKA,-,-,-,-,-,-,-,-,22.72682200,72.43523900,05-09-2018 08:30,9400,"","","","",""
1748,MALAV TALAV DHOLKA,CPCB,24,Gujarat,438,Ahmedabad,DHOLKA,-,-,-,-,-,-,-,-,22.72682200,72.43523900,04-10-2018 08:30,3246,"","","","",""
1749,MALAV TALAV DHOLKA,CPCB,24,Gujarat,438,Ahmedabad,DHOLKA,-,-,-,-,-,-,-,-,22.72682200,72.43523900,05-11-2018 08:30,2774,"","","","",""
1750,MALAV TALAV DHOLKA,CPCB,24,Gujarat,438,Ahmedabad,DHOLKA,-,-,-,-,-,-,-,-,22.72682200,72.43523900,03-12-2018 08:30,2966,"","","","",""
1751,MALAV TALAV DHOLKA,CPCB,24,Gujarat,438,Ahmedabad,DHOLKA,-,-,-,-,-,-,-,-,22.72682200,72.43523900,02-01-2019 08:30,2892,"","","","",""
1752,MALAV TALAV DHOLKA,CPCB,24,Gujarat,438,Ahmedabad,DHOLKA,-,-,-,-,-,-,-,-,22.72682200,72.43523900,05-02-2019 08:30,3092,"","","","",""
1753,MALAV TALAV DHOLKA,CPCB,24,Gujarat,438,Ahmedabad,DHOLKA,-,-,-,-,-,-,-,-,22.72682200,72.43523900,05-03-2019 08:30,3120,"","","","",""
1754,MALAV TALAV DHOLKA,CPCB,24,Gujarat,438,Ahmedabad,DHOLKA,-,-,-,-,-,-,-,-,22.72682200,72.43523900,03-04-2019 08:30,4242,"","","","",""
1755,MALAV TALAV DHOLKA,CPCB,24,Gujarat,438,Ahmedabad,DHOLKA,-,-,-,-,-,-,-,-,22.72682200,72.43523900,04-05-2019 08:30,4202,"","","","",""
1756,MALAV TALAV DHOLKA,CPCB,24,Gujarat,438,Ahmedabad,DHOLKA,-,-,-,-,-,-,-,-,22.72682200,72.43523900,04-06-2019 08:30,4788,"","","","",""
1757,MALAV TALAV DHOLKA,CPCB,24,Gujarat,438,Ahmedabad,DHOLKA,-,-,-,-,-,-,-,-,22.72682200,72.43523900,02-07-2019 08:30,4509,"","","","",""
1758,MALAV TALAV DHOLKA,CPCB,24,Gujarat,438,Ahmedabad,DHOLKA,-,-,-,-,-,-,-,-,22.72682200,72.43523900,02-08-2019 08:30,3778,"","","","",""
1759,MALAV TALAV DHOLKA,CPCB,24,Gujarat,438,Ahmedabad,DHOLKA,-,-,-,-,-,-,-,-,22.72682200,72.43523900,01-09-2019 08:30,3727,"","","","",""
1760,MALAV TALAV DHOLKA,CPCB,24,Gujarat,438,Ahmedabad,DHOLKA,-,-,-,-,-,-,-,-,22.72682200,72.43523900,01-10-2019 08:30,3462,"","","","",""
1761,MALAV TALAV DHOLKA,CPCB,24,Gujarat,438,Ahmedabad,DHOLKA,-,-,-,-,-,-,-,-,22.72682200,72.43523900,07-11-2019 08:30,3406,"","","","",""
1762,MALAV TALAV DHOLKA,CPCB,24,Gujarat,438,Ahmedabad,DHOLKA,-,-,-,-,-,-,-,-,22.72682200,72.43523900,10-12-2019 08:30,3172,"","","","",""
1763,MALAV TALAV DHOLKA,CPCB,24,Gujarat,438,Ahmedabad,DHOLKA,-,-,-,-,-,-,-,-,22.72682200,72.43523900,04-01-2020 08:30,3174,"","",0.9,"",34
1764,MALAV TALAV DHOLKA,CPCB,24,Gujarat,438,Ahmedabad,DHOLKA,-,-,-,-,-,-,-,-,22.72682200,72.43523900,04-02-2020 08:30,3486,"","",1.9,"",""
1765,MALAV TALAV DHOLKA,CPCB,24,Gujarat,438,Ahmedabad,DHOLKA,-,-,-,-,-,-,-,-,22.72682200,72.43523900,03-03-2020 08:30,3377,"","",0.8,"",""
1766,MALAV TALAV DHOLKA,CPCB,24,Gujarat,438,Ahmedabad,DHOLKA,-,-,-,-,-,-,-,-,22.72682200,72.43523900,08-04-2020 08:30,3777,"","",1.6,"",""
1767,MALAV TALAV DHOLKA,CPCB,24,Gujarat,438,Ahmedabad,DHOLKA,-,-,-,-,-,-,-,-,22.72682200,72.43523900,01-05-2020 08:30,4408,"","",0.4,"",""
1768,MALAV TALAV DHOLKA,CPCB,24,Gujarat,438,Ahmedabad,DHOLKA,-,-,-,-,-,-,-,-,22.72682200,72.43523900,02-06-2020 08:30,4213,"","",Light Green,"",""
1769,MALAV TALAV DHOLKA,CPCB,24,Gujarat,438,Ahmedabad,DHOLKA,-,-,-,-,-,-,-,-,22.72682200,72.43523900,07-07-2020 08:30,3935,"","",Clear,"",""
1770,MALAV TALAV DHOLKA,CPCB,24,Gujarat,438,Ahmedabad,DHOLKA,-,-,-,-,-,-,-,-,22.72682200,72.43523900,04-08-2020 08:30,3422,"","",6,"",""
1771,MALAV TALAV DHOLKA,CPCB,24,Gujarat,438,Ahmedabad,DHOLKA,-,-,-,-,-,-,-,-,22.72682200,72.43523900,01-09-2020 08:30,2585,"","",18,"",""
1772,MALAV TALAV DHOLKA,CPCB,24,Gujarat,438,Ahmedabad,DHOLKA,-,-,-,-,-,-,-,-,22.72682200,72.43523900,06-10-2020 08:30,2748,"","",4,"",""
1773,MALAV TALAV DHOLKA,CPCB,24,Gujarat,438,Ahmedabad,DHOLKA,-,-,-,-,-,-,-,-,22.72682200,72.43523900,03-11-2020 08:30,3241,"","",16,"",""
1774,MALAV TALAV DHOLKA,CPCB,24,Gujarat,438,Ahmedabad,DHOLKA,-,-,-,-,-,-,-,-,22.72682200,72.43523900,01-12-2020 08:30,2451,"","",51,"",""
1775,MASMA KHADI- OLPAD- SARAS ROAD,CPCB,24,Gujarat,459,Surat,OLPAD,-,-,-,-,-,-,-,-,21.29633300,72.76003300,04-01-2018 08:30,"","",None,"","",""
1776,MASMA KHADI- OLPAD- SARAS ROAD,CPCB,24,Gujarat,459,Surat,OLPAD,-,-,-,-,-,-,-,-,21.29633300,72.76003300,03-02-2018 08:30,"","",None,"","",""
1777,MASMA KHADI- OLPAD- SARAS ROAD,CPCB,24,Gujarat,459,Surat,OLPAD,-,-,-,-,-,-,-,-,21.29633300,72.76003300,01-03-2018 08:30,"","",None,"","",""
1778,MASMA KHADI- OLPAD- SARAS ROAD,CPCB,24,Gujarat,459,Surat,OLPAD,-,-,-,-,-,-,-,-,21.29633300,72.76003300,02-04-2018 08:30,"","",None,"","",""
1779,MASMA KHADI- OLPAD- SARAS ROAD,CPCB,24,Gujarat,459,Surat,OLPAD,-,-,-,-,-,-,-,-,21.29633300,72.76003300,01-05-2018 08:30,"","",None,"","",""
1780,MASMA KHADI- OLPAD- SARAS ROAD,CPCB,24,Gujarat,459,Surat,OLPAD,-,-,-,-,-,-,-,-,21.29633300,72.76003300,01-06-2018 08:30,"","",None,"","",""
1781,MASMA KHADI- OLPAD- SARAS ROAD,CPCB,24,Gujarat,459,Surat,OLPAD,-,-,-,-,-,-,-,-,21.29633300,72.76003300,05-07-2018 08:30,"","","","","",""
1782,MASMA KHADI- OLPAD- SARAS ROAD,CPCB,24,Gujarat,459,Surat,OLPAD,-,-,-,-,-,-,-,-,21.29633300,72.76003300,05-08-2018 08:30,"","","","","",""
1783,MASMA KHADI- OLPAD- SARAS ROAD,CPCB,24,Gujarat,459,Surat,OLPAD,-,-,-,-,-,-,-,-,21.29633300,72.76003300,01-09-2018 08:30,"","","","","",""
1784,MASMA KHADI- OLPAD- SARAS ROAD,CPCB,24,Gujarat,459,Surat,OLPAD,-,-,-,-,-,-,-,-,21.29633300,72.76003300,01-10-2018 08:30,"",Clear,"","","",""
1785,MASMA KHADI- OLPAD- SARAS ROAD,CPCB,24,Gujarat,459,Surat,OLPAD,-,-,-,-,-,-,-,-,21.29633300,72.76003300,01-11-2018 08:30,"","",None,"","",""
1786,MASMA KHADI- OLPAD- SARAS ROAD,CPCB,24,Gujarat,459,Surat,OLPAD,-,-,-,-,-,-,-,-,21.29633300,72.76003300,03-12-2018 08:30,"",Clear,"","","",""
1787,MASMA KHADI- OLPAD- SARAS ROAD,CPCB,24,Gujarat,459,Surat,OLPAD,-,-,-,-,-,-,-,-,21.29633300,72.76003300,07-01-2019 08:30,"","","","","",""
1788,MASMA KHADI- OLPAD- SARAS ROAD,CPCB,24,Gujarat,459,Surat,OLPAD,-,-,-,-,-,-,-,-,21.29633300,72.76003300,02-02-2019 08:30,"",Clear,None,"","",""
1789,MASMA KHADI- OLPAD- SARAS ROAD,CPCB,24,Gujarat,459,Surat,OLPAD,-,-,-,-,-,-,-,-,21.29633300,72.76003300,06-03-2019 08:30,"",Other,None,"","",""
1790,MASMA KHADI- OLPAD- SARAS ROAD,CPCB,24,Gujarat,459,Surat,OLPAD,-,-,-,-,-,-,-,-,21.29633300,72.76003300,04-04-2019 08:30,"",Other,None,"","",""
1791,MASMA KHADI- OLPAD- SARAS ROAD,CPCB,24,Gujarat,459,Surat,OLPAD,-,-,-,-,-,-,-,-,21.29633300,72.76003300,01-05-2019 08:30,"",Clear,None,"","",""
1792,MASMA KHADI- OLPAD- SARAS ROAD,CPCB,24,Gujarat,459,Surat,OLPAD,-,-,-,-,-,-,-,-,21.29633300,72.76003300,03-06-2019 08:30,"","",None,"","",""
1793,MASMA KHADI- OLPAD- SARAS ROAD,CPCB,24,Gujarat,459,Surat,OLPAD,-,-,-,-,-,-,-,-,21.29633300,72.76003300,04-07-2019 08:30,"",Clear,None,"","",""
1794,MASMA KHADI- OLPAD- SARAS ROAD,CPCB,24,Gujarat,459,Surat,OLPAD,-,-,-,-,-,-,-,-,21.29633300,72.76003300,03-08-2019 08:30,"",Turbid Green,None,"","",""
1795,MASMA KHADI- OLPAD- SARAS ROAD,CPCB,24,Gujarat,459,Surat,OLPAD,-,-,-,-,-,-,-,-,21.29633300,72.76003300,03-09-2019 08:30,"",Clear,None,"","",""
1796,MASMA KHADI- OLPAD- SARAS ROAD,CPCB,24,Gujarat,459,Surat,OLPAD,-,-,-,-,-,-,-,-,21.29633300,72.76003300,01-10-2019 08:30,"",Clear,None,"","",""
1797,MASMA KHADI- OLPAD- SARAS ROAD,CPCB,24,Gujarat,459,Surat,OLPAD,-,-,-,-,-,-,-,-,21.29633300,72.76003300,07-11-2019 08:30,"",Clear,None,"","",""
1798,MASMA KHADI- OLPAD- SARAS ROAD,CPCB,24,Gujarat,459,Surat,OLPAD,-,-,-,-,-,-,-,-,21.29633300,72.76003300,04-12-2019 08:30,"",Other,None,"","",""
1799,MASMA KHADI- OLPAD- SARAS ROAD,CPCB,24,Gujarat,459,Surat,OLPAD,-,-,-,-,-,-,-,-,21.29633300,72.76003300,02-01-2020 08:30,1722,"","",23,"",34
1800,MASMA KHADI- OLPAD- SARAS ROAD,CPCB,24,Gujarat,459,Surat,OLPAD,-,-,-,-,-,-,-,-,21.29633300,72.76003300,03-02-2020 08:30,2487,"","",6,"",""
1801,MASMA KHADI- OLPAD- SARAS ROAD,CPCB,24,Gujarat,459,Surat,OLPAD,-,-,-,-,-,-,-,-,21.29633300,72.76003300,04-03-2020 08:30,2238,"","",3,"",""
1802,MASMA KHADI- OLPAD- SARAS ROAD,CPCB,24,Gujarat,459,Surat,OLPAD,-,-,-,-,-,-,-,-,21.29633300,72.76003300,07-04-2020 08:30,2418,"","",25,"",""
1803,MASMA KHADI- OLPAD- SARAS ROAD,CPCB,24,Gujarat,459,Surat,OLPAD,-,-,-,-,-,-,-,-,21.29633300,72.76003300,06-05-2020 08:30,2442,"","",11,"",""
1804,MASMA KHADI- OLPAD- SARAS ROAD,CPCB,24,Gujarat,459,Surat,OLPAD,-,-,-,-,-,-,-,-,21.29633300,72.76003300,04-06-2020 08:30,2798,"","",15,"",""
1805,MASMA KHADI- OLPAD- SARAS ROAD,CPCB,24,Gujarat,459,Surat,OLPAD,-,-,-,-,-,-,-,-,21.29633300,72.76003300,07-07-2020 08:30,1137,"","",14,"",""
1806,MASMA KHADI- OLPAD- SARAS ROAD,CPCB,24,Gujarat,459,Surat,OLPAD,-,-,-,-,-,-,-,-,21.29633300,72.76003300,06-08-2020 08:30,1244,"","",4,"",""
1807,MASMA KHADI- OLPAD- SARAS ROAD,CPCB,24,Gujarat,459,Surat,OLPAD,-,-,-,-,-,-,-,-,21.29633300,72.76003300,01-09-2020 08:30,1405,"","",5,"",""
1808,MASMA KHADI- OLPAD- SARAS ROAD,CPCB,24,Gujarat,459,Surat,OLPAD,-,-,-,-,-,-,-,-,21.29633300,72.76003300,01-10-2020 08:30,2680,"","",3,"",""
1809,MASMA KHADI- OLPAD- SARAS ROAD,CPCB,24,Gujarat,459,Surat,OLPAD,-,-,-,-,-,-,-,-,21.29633300,72.76003300,02-11-2020 08:30,1980,"","",1,"",""
1810,MASMA KHADI- OLPAD- SARAS ROAD,CPCB,24,Gujarat,459,Surat,OLPAD,-,-,-,-,-,-,-,-,21.29633300,72.76003300,01-12-2020 08:30,2065,"","",2,"",""
1811,MESHWA NEAR RAJASTHAN BORDER AT SAMLAJI,CPCB,24,Gujarat,458,Sabarkantha,BAYAD,-,-,-,-,-,-,-,-,23.68197500,73.39195600,12-01-2018 08:30,"","","","","",""
1812,MESHWA NEAR RAJASTHAN BORDER AT SAMLAJI,CPCB,24,Gujarat,458,Sabarkantha,BAYAD,-,-,-,-,-,-,-,-,23.68197500,73.39195600,06-02-2018 08:30,"","","","","",""
1813,MESHWA NEAR RAJASTHAN BORDER AT SAMLAJI,CPCB,24,Gujarat,458,Sabarkantha,BAYAD,-,-,-,-,-,-,-,-,23.68197500,73.39195600,11-08-2018 08:30,"","","","","",""
1814,MESHWA NEAR RAJASTHAN BORDER AT SAMLAJI,CPCB,24,Gujarat,458,Sabarkantha,BAYAD,-,-,-,-,-,-,-,-,23.68197500,73.39195600,09-10-2018 08:30,"","","","","",""
1815,MESHWA NEAR RAJASTHAN BORDER AT SAMLAJI,CPCB,24,Gujarat,458,Sabarkantha,BAYAD,-,-,-,-,-,-,-,-,23.68197500,73.39195600,02-09-2019 08:30,"","","","","",""
1816,MESHWA NEAR RAJASTHAN BORDER AT SAMLAJI,CPCB,24,Gujarat,458,Sabarkantha,BAYAD,-,-,-,-,-,-,-,-,23.68197500,73.39195600,07-10-2019 08:30,"","","","","",""
1817,MESHWA NEAR RAJASTHAN BORDER AT SAMLAJI,CPCB,24,Gujarat,458,Sabarkantha,BAYAD,-,-,-,-,-,-,-,-,23.68197500,73.39195600,02-11-2019 08:30,"","","","","",""
1818,MESHWA NEAR RAJASTHAN BORDER AT SAMLAJI,CPCB,24,Gujarat,458,Sabarkantha,BAYAD,-,-,-,-,-,-,-,-,23.68197500,73.39195600,02-12-2019 08:30,"","","","","",""
1819,MESHWA NEAR RAJASTHAN BORDER AT SAMLAJI,CPCB,24,Gujarat,458,Sabarkantha,BAYAD,-,-,-,-,-,-,-,-,23.68197500,73.39195600,03-01-2020 08:30,835,"","",0.3,"",8
1820,MESHWA NEAR RAJASTHAN BORDER AT SAMLAJI,CPCB,24,Gujarat,458,Sabarkantha,BAYAD,-,-,-,-,-,-,-,-,23.68197500,73.39195600,10-02-2020 08:30,1460,"","",0.5,"",""
1821,MESHWA NEAR RAJASTHAN BORDER AT SAMLAJI,CPCB,24,Gujarat,458,Sabarkantha,BAYAD,-,-,-,-,-,-,-,-,23.68197500,73.39195600,04-03-2020 08:30,Clear,"","",Clear,"",""
1822,MESHWA NEAR RAJASTHAN BORDER AT SAMLAJI,CPCB,24,Gujarat,458,Sabarkantha,BAYAD,-,-,-,-,-,-,-,-,23.68197500,73.39195600,09-04-2020 08:30,Clear,"","",Clear,"",""
1823,MESHWA NEAR RAJASTHAN BORDER AT SAMLAJI,CPCB,24,Gujarat,458,Sabarkantha,BAYAD,-,-,-,-,-,-,-,-,23.68197500,73.39195600,01-05-2020 08:30,"","","","","",""
1824,MESHWA NEAR RAJASTHAN BORDER AT SAMLAJI,CPCB,24,Gujarat,458,Sabarkantha,BAYAD,-,-,-,-,-,-,-,-,23.68197500,73.39195600,04-06-2020 08:30,"","","","","",""
1825,MESHWA NEAR RAJASTHAN BORDER AT SAMLAJI,CPCB,24,Gujarat,458,Sabarkantha,BAYAD,-,-,-,-,-,-,-,-,23.68197500,73.39195600,06-07-2020 08:30,"","","","","",""
1826,MESHWA NEAR RAJASTHAN BORDER AT SAMLAJI,CPCB,24,Gujarat,458,Sabarkantha,BAYAD,-,-,-,-,-,-,-,-,23.68197500,73.39195600,04-08-2020 08:30,"","","","","",""
1827,MESHWA NEAR RAJASTHAN BORDER AT SAMLAJI,CPCB,24,Gujarat,458,Sabarkantha,BAYAD,-,-,-,-,-,-,-,-,23.68197500,73.39195600,03-09-2020 08:30,374,"","",4.3,"",""
1828,MESHWA NEAR RAJASTHAN BORDER AT SAMLAJI,CPCB,24,Gujarat,458,Sabarkantha,BAYAD,-,-,-,-,-,-,-,-,23.68197500,73.39195600,03-10-2020 08:30,275,"","",10,"",""
1829,MESHWA NEAR RAJASTHAN BORDER AT SAMLAJI,CPCB,24,Gujarat,458,Sabarkantha,BAYAD,-,-,-,-,-,-,-,-,23.68197500,73.39195600,02-11-2020 08:30,628,"","",4,"",""
1830,MESHWA NEAR RAJASTHAN BORDER AT SAMLAJI,CPCB,24,Gujarat,458,Sabarkantha,BAYAD,-,-,-,-,-,-,-,-,23.68197500,73.39195600,01-12-2020 08:30,468,"","",1,"",""
1831,MINDHOLA AT STATE HIGHWAY BRIDGE SACHIN,CPCB,24,Gujarat,459,Surat,BARDOLI,-,-,-,-,-,-,-,-,21.11154900,73.11160100,03-01-2018 08:30,"","","","","",""
1832,MINDHOLA AT STATE HIGHWAY BRIDGE SACHIN,CPCB,24,Gujarat,459,Surat,BARDOLI,-,-,-,-,-,-,-,-,21.11154900,73.11160100,01-02-2018 08:30,"","","","","",""
1833,MINDHOLA AT STATE HIGHWAY BRIDGE SACHIN,CPCB,24,Gujarat,459,Surat,BARDOLI,-,-,-,-,-,-,-,-,21.11154900,73.11160100,05-03-2018 08:30,"","","","","",""
1834,MINDHOLA AT STATE HIGHWAY BRIDGE SACHIN,CPCB,24,Gujarat,459,Surat,BARDOLI,-,-,-,-,-,-,-,-,21.11154900,73.11160100,03-04-2018 08:30,"","","","","",""
1835,MINDHOLA AT STATE HIGHWAY BRIDGE SACHIN,CPCB,24,Gujarat,459,Surat,BARDOLI,-,-,-,-,-,-,-,-,21.11154900,73.11160100,02-05-2018 08:30,"","","","","",""
1836,MINDHOLA AT STATE HIGHWAY BRIDGE SACHIN,CPCB,24,Gujarat,459,Surat,BARDOLI,-,-,-,-,-,-,-,-,21.11154900,73.11160100,02-06-2018 08:30,"","","","","",""
1837,MINDHOLA AT STATE HIGHWAY BRIDGE SACHIN,CPCB,24,Gujarat,459,Surat,BARDOLI,-,-,-,-,-,-,-,-,21.11154900,73.11160100,04-07-2018 08:30,"","","","","",""
1838,MINDHOLA AT STATE HIGHWAY BRIDGE SACHIN,CPCB,24,Gujarat,459,Surat,BARDOLI,-,-,-,-,-,-,-,-,21.11154900,73.11160100,01-08-2018 08:30,"","","","","",""
1839,MINDHOLA AT STATE HIGHWAY BRIDGE SACHIN,CPCB,24,Gujarat,459,Surat,BARDOLI,-,-,-,-,-,-,-,-,21.11154900,73.11160100,06-09-2018 08:30,"","","","","",""
1840,MINDHOLA AT STATE HIGHWAY BRIDGE SACHIN,CPCB,24,Gujarat,459,Surat,BARDOLI,-,-,-,-,-,-,-,-,21.11154900,73.11160100,03-10-2018 08:30,"","","","","",""
1841,MINDHOLA AT STATE HIGHWAY BRIDGE SACHIN,CPCB,24,Gujarat,459,Surat,BARDOLI,-,-,-,-,-,-,-,-,21.11154900,73.11160100,02-11-2018 08:30,"","","","","",""
1842,MINDHOLA AT STATE HIGHWAY BRIDGE SACHIN,CPCB,24,Gujarat,459,Surat,BARDOLI,-,-,-,-,-,-,-,-,21.11154900,73.11160100,04-12-2018 08:30,"","","","","",""
1843,MINDHOLA AT STATE HIGHWAY BRIDGE SACHIN,CPCB,24,Gujarat,459,Surat,BARDOLI,-,-,-,-,-,-,-,-,21.11154900,73.11160100,02-01-2019 08:30,"","","","","",""
1844,MINDHOLA AT STATE HIGHWAY BRIDGE SACHIN,CPCB,24,Gujarat,459,Surat,BARDOLI,-,-,-,-,-,-,-,-,21.11154900,73.11160100,04-02-2019 08:30,"","","","","",""
1845,MINDHOLA AT STATE HIGHWAY BRIDGE SACHIN,CPCB,24,Gujarat,459,Surat,BARDOLI,-,-,-,-,-,-,-,-,21.11154900,73.11160100,02-03-2019 08:30,"","","","","",""
1846,MINDHOLA AT STATE HIGHWAY BRIDGE SACHIN,CPCB,24,Gujarat,459,Surat,BARDOLI,-,-,-,-,-,-,-,-,21.11154900,73.11160100,02-04-2019 08:30,"","","","","",""
1847,MINDHOLA AT STATE HIGHWAY BRIDGE SACHIN,CPCB,24,Gujarat,459,Surat,BARDOLI,-,-,-,-,-,-,-,-,21.11154900,73.11160100,02-05-2019 08:30,"","","","","",""
1848,MINDHOLA AT STATE HIGHWAY BRIDGE SACHIN,CPCB,24,Gujarat,459,Surat,BARDOLI,-,-,-,-,-,-,-,-,21.11154900,73.11160100,04-06-2019 08:30,"","","","","",""
1849,MINDHOLA AT STATE HIGHWAY BRIDGE SACHIN,CPCB,24,Gujarat,459,Surat,BARDOLI,-,-,-,-,-,-,-,-,21.11154900,73.11160100,03-07-2019 08:30,"","","","","",""
1850,MINDHOLA AT STATE HIGHWAY BRIDGE SACHIN,CPCB,24,Gujarat,459,Surat,BARDOLI,-,-,-,-,-,-,-,-,21.11154900,73.11160100,01-08-2019 08:30,"","","","","",""
1851,MINDHOLA AT STATE HIGHWAY BRIDGE SACHIN,CPCB,24,Gujarat,459,Surat,BARDOLI,-,-,-,-,-,-,-,-,21.11154900,73.11160100,04-09-2019 08:30,"","","","","",""
1852,MINDHOLA AT STATE HIGHWAY BRIDGE SACHIN,CPCB,24,Gujarat,459,Surat,BARDOLI,-,-,-,-,-,-,-,-,21.11154900,73.11160100,03-10-2019 08:30,"","","","","",""
1853,MINDHOLA AT STATE HIGHWAY BRIDGE SACHIN,CPCB,24,Gujarat,459,Surat,BARDOLI,-,-,-,-,-,-,-,-,21.11154900,73.11160100,06-11-2019 08:30,"","","","","",""
1854,MINDHOLA AT STATE HIGHWAY BRIDGE SACHIN,CPCB,24,Gujarat,459,Surat,BARDOLI,-,-,-,-,-,-,-,-,21.11154900,73.11160100,03-12-2019 08:30,"","","","","",""
1855,MINDHOLA AT STATE HIGHWAY BRIDGE SACHIN,CPCB,24,Gujarat,459,Surat,BARDOLI,-,-,-,-,-,-,-,-,21.11154900,73.11160100,01-01-2020 08:30,2296,"","",69,"",62
1856,MINDHOLA AT STATE HIGHWAY BRIDGE SACHIN,CPCB,24,Gujarat,459,Surat,BARDOLI,-,-,-,-,-,-,-,-,21.11154900,73.11160100,06-02-2020 08:30,1031,"","",6,"",""
1857,MINDHOLA AT STATE HIGHWAY BRIDGE SACHIN,CPCB,24,Gujarat,459,Surat,BARDOLI,-,-,-,-,-,-,-,-,21.11154900,73.11160100,03-03-2020 08:30,1436,"","",4,"",""
1858,MINDHOLA AT STATE HIGHWAY BRIDGE SACHIN,CPCB,24,Gujarat,459,Surat,BARDOLI,-,-,-,-,-,-,-,-,21.11154900,73.11160100,06-04-2020 08:30,760,"","",29,"",""
1859,MINDHOLA AT STATE HIGHWAY BRIDGE SACHIN,CPCB,24,Gujarat,459,Surat,BARDOLI,-,-,-,-,-,-,-,-,21.11154900,73.11160100,11-05-2020 08:30,784,"","",23,"",""
1860,MINDHOLA AT STATE HIGHWAY BRIDGE SACHIN,CPCB,24,Gujarat,459,Surat,BARDOLI,-,-,-,-,-,-,-,-,21.11154900,73.11160100,03-06-2020 08:30,698,"","",9,"",""
1861,MINDHOLA AT STATE HIGHWAY BRIDGE SACHIN,CPCB,24,Gujarat,459,Surat,BARDOLI,-,-,-,-,-,-,-,-,21.11154900,73.11160100,03-07-2020 08:30,768,"","",32,"",""
1862,MINDHOLA AT STATE HIGHWAY BRIDGE SACHIN,CPCB,24,Gujarat,459,Surat,BARDOLI,-,-,-,-,-,-,-,-,21.11154900,73.11160100,04-08-2020 08:30,658,"","",1,"",""
1863,MINDHOLA AT STATE HIGHWAY BRIDGE SACHIN,CPCB,24,Gujarat,459,Surat,BARDOLI,-,-,-,-,-,-,-,-,21.11154900,73.11160100,02-09-2020 08:30,236,"","",2,"",""
1864,MINDHOLA AT STATE HIGHWAY BRIDGE SACHIN,CPCB,24,Gujarat,459,Surat,BARDOLI,-,-,-,-,-,-,-,-,21.11154900,73.11160100,01-10-2020 08:30,1091,"","",10,"",""
1865,MINDHOLA AT STATE HIGHWAY BRIDGE SACHIN,CPCB,24,Gujarat,459,Surat,BARDOLI,-,-,-,-,-,-,-,-,21.11154900,73.11160100,02-11-2020 08:30,2,"","",2,"",""
1866,MINDHOLA AT STATE HIGHWAY BRIDGE SACHIN,CPCB,24,Gujarat,459,Surat,BARDOLI,-,-,-,-,-,-,-,-,21.11154900,73.11160100,01-12-2020 08:30,1448,"","",2,"",""
1867,MOONSAR LAKE OF VIRAMGAM,CPCB,24,Gujarat,438,Ahmedabad,VIRAMGAM,-,-,-,-,-,-,-,-,23.12140800,72.04102200,02-01-2018 08:30,3137,"","","","",""
1868,MOONSAR LAKE OF VIRAMGAM,CPCB,24,Gujarat,438,Ahmedabad,VIRAMGAM,-,-,-,-,-,-,-,-,23.12140800,72.04102200,05-02-2018 08:30,3450,"","","","",""
1869,MOONSAR LAKE OF VIRAMGAM,CPCB,24,Gujarat,438,Ahmedabad,VIRAMGAM,-,-,-,-,-,-,-,-,23.12140800,72.04102200,03-03-2018 08:30,3885,"","","","",""
1870,MOONSAR LAKE OF VIRAMGAM,CPCB,24,Gujarat,438,Ahmedabad,VIRAMGAM,-,-,-,-,-,-,-,-,23.12140800,72.04102200,04-04-2018 08:30,4001,"","","","",""
1871,MOONSAR LAKE OF VIRAMGAM,CPCB,24,Gujarat,438,Ahmedabad,VIRAMGAM,-,-,-,-,-,-,-,-,23.12140800,72.04102200,02-05-2018 08:30,4673,"","","","",""
1872,MOONSAR LAKE OF VIRAMGAM,CPCB,24,Gujarat,438,Ahmedabad,VIRAMGAM,-,-,-,-,-,-,-,-,23.12140800,72.04102200,04-06-2018 08:30,5924,"","","","",""
1873,MOONSAR LAKE OF VIRAMGAM,CPCB,24,Gujarat,438,Ahmedabad,VIRAMGAM,-,-,-,-,-,-,-,-,23.12140800,72.04102200,03-07-2018 08:30,5745,"","","","",""
1874,MOONSAR LAKE OF VIRAMGAM,CPCB,24,Gujarat,438,Ahmedabad,VIRAMGAM,-,-,-,-,-,-,-,-,23.12140800,72.04102200,04-08-2018 08:30,6226,"","","","",""
1875,MOONSAR LAKE OF VIRAMGAM,CPCB,24,Gujarat,438,Ahmedabad,VIRAMGAM,-,-,-,-,-,-,-,-,23.12140800,72.04102200,05-09-2018 08:30,5620,"","","","",""
1876,MOONSAR LAKE OF VIRAMGAM,CPCB,24,Gujarat,438,Ahmedabad,VIRAMGAM,-,-,-,-,-,-,-,-,23.12140800,72.04102200,04-10-2018 08:30,6205,"","","","",""
1877,MOONSAR LAKE OF VIRAMGAM,CPCB,24,Gujarat,438,Ahmedabad,VIRAMGAM,-,-,-,-,-,-,-,-,23.12140800,72.04102200,02-11-2018 08:30,6057,"","","","",""
1878,MOONSAR LAKE OF VIRAMGAM,CPCB,24,Gujarat,438,Ahmedabad,VIRAMGAM,-,-,-,-,-,-,-,-,23.12140800,72.04102200,03-12-2018 08:30,6632,"","","","",""
1879,MOONSAR LAKE OF VIRAMGAM,CPCB,24,Gujarat,438,Ahmedabad,VIRAMGAM,-,-,-,-,-,-,-,-,23.12140800,72.04102200,02-01-2019 08:30,6419,"","","","",""
1880,MOONSAR LAKE OF VIRAMGAM,CPCB,24,Gujarat,438,Ahmedabad,VIRAMGAM,-,-,-,-,-,-,-,-,23.12140800,72.04102200,05-02-2019 08:30,7268,"","","","",""
1881,MOONSAR LAKE OF VIRAMGAM,CPCB,24,Gujarat,438,Ahmedabad,VIRAMGAM,-,-,-,-,-,-,-,-,23.12140800,72.04102200,05-03-2019 08:30,7172,"","","","",""
1882,MOONSAR LAKE OF VIRAMGAM,CPCB,24,Gujarat,438,Ahmedabad,VIRAMGAM,-,-,-,-,-,-,-,-,23.12140800,72.04102200,05-04-2019 08:30,9212,"","","","",""
1883,MOONSAR LAKE OF VIRAMGAM,CPCB,24,Gujarat,438,Ahmedabad,VIRAMGAM,-,-,-,-,-,-,-,-,23.12140800,72.04102200,04-05-2019 08:30,12050,"","","","",""
1884,MOONSAR LAKE OF VIRAMGAM,CPCB,24,Gujarat,438,Ahmedabad,VIRAMGAM,-,-,-,-,-,-,-,-,23.12140800,72.04102200,04-06-2019 08:30,11570,"","","","",""
1885,MOONSAR LAKE OF VIRAMGAM,CPCB,24,Gujarat,438,Ahmedabad,VIRAMGAM,-,-,-,-,-,-,-,-,23.12140800,72.04102200,01-10-2019 08:30,10160,"","","","",""
1886,MOONSAR LAKE OF VIRAMGAM,CPCB,24,Gujarat,438,Ahmedabad,VIRAMGAM,-,-,-,-,-,-,-,-,23.12140800,72.04102200,07-11-2019 08:30,11100,"","","","",""
1887,MOONSAR LAKE OF VIRAMGAM,CPCB,24,Gujarat,438,Ahmedabad,VIRAMGAM,-,-,-,-,-,-,-,-,23.12140800,72.04102200,10-12-2019 08:30,11260,"","","","",""
1888,MOONSAR LAKE OF VIRAMGAM,CPCB,24,Gujarat,438,Ahmedabad,VIRAMGAM,-,-,-,-,-,-,-,-,23.12140800,72.04102200,04-01-2020 08:30,11610,"","",2.2,"",100
1889,MOONSAR LAKE OF VIRAMGAM,CPCB,24,Gujarat,438,Ahmedabad,VIRAMGAM,-,-,-,-,-,-,-,-,23.12140800,72.04102200,04-02-2020 08:30,13860,"","",2.3,"",""
1890,MOONSAR LAKE OF VIRAMGAM,CPCB,24,Gujarat,438,Ahmedabad,VIRAMGAM,-,-,-,-,-,-,-,-,23.12140800,72.04102200,03-03-2020 08:30,18330,"","",0.8,"",""
1891,MOONSAR LAKE OF VIRAMGAM,CPCB,24,Gujarat,438,Ahmedabad,VIRAMGAM,-,-,-,-,-,-,-,-,23.12140800,72.04102200,08-04-2020 08:30,Light Green,"","",Light Green,"",""
1892,MOONSAR LAKE OF VIRAMGAM,CPCB,24,Gujarat,438,Ahmedabad,VIRAMGAM,-,-,-,-,-,-,-,-,23.12140800,72.04102200,01-05-2020 08:30,"","","","","",""
1893,MOONSAR LAKE OF VIRAMGAM,CPCB,24,Gujarat,438,Ahmedabad,VIRAMGAM,-,-,-,-,-,-,-,-,23.12140800,72.04102200,01-09-2020 08:30,2300,"","",5,"",""
1894,MOONSAR LAKE OF VIRAMGAM,CPCB,24,Gujarat,438,Ahmedabad,VIRAMGAM,-,-,-,-,-,-,-,-,23.12140800,72.04102200,06-10-2020 08:30,704,"","",9,"",""
1895,MOONSAR LAKE OF VIRAMGAM,CPCB,24,Gujarat,438,Ahmedabad,VIRAMGAM,-,-,-,-,-,-,-,-,23.12140800,72.04102200,03-11-2020 08:30,3363,"","",39,"",""
1896,MOONSAR LAKE OF VIRAMGAM,CPCB,24,Gujarat,438,Ahmedabad,VIRAMGAM,-,-,-,-,-,-,-,-,23.12140800,72.04102200,01-12-2020 08:30,3412,"","",77,"",""
1897,MORA-HAJIRA (INDUSTRIAL) HAJIRA,CPCB,24,Gujarat,459,Surat,CHORASI,-,-,-,-,-,-,-,-,21.16997400,72.67390500,04-04-2018 08:30,2328,"","",1.4,"",""
1898,MORA-HAJIRA (INDUSTRIAL) HAJIRA,CPCB,24,Gujarat,459,Surat,CHORASI,-,-,-,-,-,-,-,-,21.16997400,72.67390500,08-10-2018 08:30,1377,"","",5,"",""
1899,MORA-HAJIRA (INDUSTRIAL) HAJIRA,CPCB,24,Gujarat,459,Surat,CHORASI,-,-,-,-,-,-,-,-,21.16997400,72.67390500,03-04-2019 08:30,1252,Clear,"",5,"",""
1900,MORA-HAJIRA (INDUSTRIAL) HAJIRA,CPCB,24,Gujarat,459,Surat,CHORASI,-,-,-,-,-,-,-,-,21.16997400,72.67390500,04-10-2019 08:30,1227,Clear,"",2,"",""
1901,MORA-HAJIRA (INDUSTRIAL) HAJIRA,CPCB,24,Gujarat,459,Surat,CHORASI,-,-,-,-,-,-,-,-,21.16997400,72.67390500,05-04-2020 08:30,1335,"","",3,"",""
1902,MORA-HAJIRA (INDUSTRIAL) HAJIRA,CPCB,24,Gujarat,459,Surat,CHORASI,-,-,-,-,-,-,-,-,21.16997400,72.67390500,03-10-2020 08:30,6973,"","",1,"",""
1903,MOTICHER LAKE NEAR KAKARPAR ATOMIC POWER STATION DIST. SURAT.,CPCB,24,Gujarat,459,Surat,Mandvi,-,-,-,-,-,-,-,-,21.24481900,73.35550500,03-01-2018 08:30,358,"","","","",""
1904,MOTICHER LAKE NEAR KAKARPAR ATOMIC POWER STATION DIST. SURAT.,CPCB,24,Gujarat,459,Surat,Mandvi,-,-,-,-,-,-,-,-,21.24481900,73.35550500,01-02-2018 08:30,399,"","","","",""
1905,MOTICHER LAKE NEAR KAKARPAR ATOMIC POWER STATION DIST. SURAT.,CPCB,24,Gujarat,459,Surat,Mandvi,-,-,-,-,-,-,-,-,21.24481900,73.35550500,05-03-2018 08:30,334,"","","","",""
1906,MOTICHER LAKE NEAR KAKARPAR ATOMIC POWER STATION DIST. SURAT.,CPCB,24,Gujarat,459,Surat,Mandvi,-,-,-,-,-,-,-,-,21.24481900,73.35550500,03-04-2018 08:30,5,"","","","",""
1907,MOTICHER LAKE NEAR KAKARPAR ATOMIC POWER STATION DIST. SURAT.,CPCB,24,Gujarat,459,Surat,Mandvi,-,-,-,-,-,-,-,-,21.24481900,73.35550500,02-05-2018 08:30,354,"","","","",""
1908,MOTICHER LAKE NEAR KAKARPAR ATOMIC POWER STATION DIST. SURAT.,CPCB,24,Gujarat,459,Surat,Mandvi,-,-,-,-,-,-,-,-,21.24481900,73.35550500,02-06-2018 08:30,296,"","","","",""
1909,MOTICHER LAKE NEAR KAKARPAR ATOMIC POWER STATION DIST. SURAT.,CPCB,24,Gujarat,459,Surat,Mandvi,-,-,-,-,-,-,-,-,21.24481900,73.35550500,04-07-2018 08:30,355,"","","","",""
1910,MOTICHER LAKE NEAR KAKARPAR ATOMIC POWER STATION DIST. SURAT.,CPCB,24,Gujarat,459,Surat,Mandvi,-,-,-,-,-,-,-,-,21.24481900,73.35550500,01-08-2018 08:30,430,"","","","",""
1911,MOTICHER LAKE NEAR KAKARPAR ATOMIC POWER STATION DIST. SURAT.,CPCB,24,Gujarat,459,Surat,Mandvi,-,-,-,-,-,-,-,-,21.24481900,73.35550500,06-09-2018 08:30,498,"","","","",""
1912,MOTICHER LAKE NEAR KAKARPAR ATOMIC POWER STATION DIST. SURAT.,CPCB,24,Gujarat,459,Surat,Mandvi,-,-,-,-,-,-,-,-,21.24481900,73.35550500,03-10-2018 08:30,530,"","","","",""
1913,MOTICHER LAKE NEAR KAKARPAR ATOMIC POWER STATION DIST. SURAT.,CPCB,24,Gujarat,459,Surat,Mandvi,-,-,-,-,-,-,-,-,21.24481900,73.35550500,02-11-2018 08:30,410,"","","","",""
1914,MOTICHER LAKE NEAR KAKARPAR ATOMIC POWER STATION DIST. SURAT.,CPCB,24,Gujarat,459,Surat,Mandvi,-,-,-,-,-,-,-,-,21.24481900,73.35550500,04-12-2018 08:30,378,"","","","",""
1915,MOTICHER LAKE NEAR KAKARPAR ATOMIC POWER STATION DIST. SURAT.,CPCB,24,Gujarat,459,Surat,Mandvi,-,-,-,-,-,-,-,-,21.24481900,73.35550500,02-01-2019 08:30,445,"","","","",""
1916,MOTICHER LAKE NEAR KAKARPAR ATOMIC POWER STATION DIST. SURAT.,CPCB,24,Gujarat,459,Surat,Mandvi,-,-,-,-,-,-,-,-,21.24481900,73.35550500,04-02-2019 08:30,384,"","","","",""
1917,MOTICHER LAKE NEAR KAKARPAR ATOMIC POWER STATION DIST. SURAT.,CPCB,24,Gujarat,459,Surat,Mandvi,-,-,-,-,-,-,-,-,21.24481900,73.35550500,02-03-2019 08:30,359,"","","","",""
1918,MOTICHER LAKE NEAR KAKARPAR ATOMIC POWER STATION DIST. SURAT.,CPCB,24,Gujarat,459,Surat,Mandvi,-,-,-,-,-,-,-,-,21.24481900,73.35550500,02-04-2019 08:30,386,"","","","",""
1919,MOTICHER LAKE NEAR KAKARPAR ATOMIC POWER STATION DIST. SURAT.,CPCB,24,Gujarat,459,Surat,Mandvi,-,-,-,-,-,-,-,-,21.24481900,73.35550500,02-05-2019 08:30,399,"","","","",""
1920,MOTICHER LAKE NEAR KAKARPAR ATOMIC POWER STATION DIST. SURAT.,CPCB,24,Gujarat,459,Surat,Mandvi,-,-,-,-,-,-,-,-,21.24481900,73.35550500,04-06-2019 08:30,367,"","","","",""
1921,MOTICHER LAKE NEAR KAKARPAR ATOMIC POWER STATION DIST. SURAT.,CPCB,24,Gujarat,459,Surat,Mandvi,-,-,-,-,-,-,-,-,21.24481900,73.35550500,03-07-2019 08:30,465,"","","","",""
1922,MOTICHER LAKE NEAR KAKARPAR ATOMIC POWER STATION DIST. SURAT.,CPCB,24,Gujarat,459,Surat,Mandvi,-,-,-,-,-,-,-,-,21.24481900,73.35550500,01-08-2019 08:30,398,"","","","",""
1923,MOTICHER LAKE NEAR KAKARPAR ATOMIC POWER STATION DIST. SURAT.,CPCB,24,Gujarat,459,Surat,Mandvi,-,-,-,-,-,-,-,-,21.24481900,73.35550500,04-09-2019 08:30,318,"","","","",""
1924,MOTICHER LAKE NEAR KAKARPAR ATOMIC POWER STATION DIST. SURAT.,CPCB,24,Gujarat,459,Surat,Mandvi,-,-,-,-,-,-,-,-,21.24481900,73.35550500,01-10-2019 08:30,805,"","","","",""
1925,MOTICHER LAKE NEAR KAKARPAR ATOMIC POWER STATION DIST. SURAT.,CPCB,24,Gujarat,459,Surat,Mandvi,-,-,-,-,-,-,-,-,21.24481900,73.35550500,06-11-2019 08:30,364,"","","","",""
1926,MOTICHER LAKE NEAR KAKARPAR ATOMIC POWER STATION DIST. SURAT.,CPCB,24,Gujarat,459,Surat,Mandvi,-,-,-,-,-,-,-,-,21.24481900,73.35550500,03-12-2019 08:30,459,"","","","",""
1927,MOTICHER LAKE NEAR KAKARPAR ATOMIC POWER STATION DIST. SURAT.,CPCB,24,Gujarat,459,Surat,Mandvi,-,-,-,-,-,-,-,-,21.24481900,73.35550500,01-01-2020 08:30,507,"","",2,"",6
1928,MOTICHER LAKE NEAR KAKARPAR ATOMIC POWER STATION DIST. SURAT.,CPCB,24,Gujarat,459,Surat,Mandvi,-,-,-,-,-,-,-,-,21.24481900,73.35550500,06-02-2020 08:30,529,"","",8,"",""
1929,MOTICHER LAKE NEAR KAKARPAR ATOMIC POWER STATION DIST. SURAT.,CPCB,24,Gujarat,459,Surat,Mandvi,-,-,-,-,-,-,-,-,21.24481900,73.35550500,03-03-2020 08:30,557,"","",2,"",""
1930,MOTICHER LAKE NEAR KAKARPAR ATOMIC POWER STATION DIST. SURAT.,CPCB,24,Gujarat,459,Surat,Mandvi,-,-,-,-,-,-,-,-,21.24481900,73.35550500,06-04-2020 08:30,518,"","",6,"",""
1931,MOTICHER LAKE NEAR KAKARPAR ATOMIC POWER STATION DIST. SURAT.,CPCB,24,Gujarat,459,Surat,Mandvi,-,-,-,-,-,-,-,-,21.24481900,73.35550500,05-05-2020 08:30,501,"","",5,"",""
1932,MOTICHER LAKE NEAR KAKARPAR ATOMIC POWER STATION DIST. SURAT.,CPCB,24,Gujarat,459,Surat,Mandvi,-,-,-,-,-,-,-,-,21.24481900,73.35550500,03-06-2020 08:30,410,"","",3,"",""
1933,MOTICHER LAKE NEAR KAKARPAR ATOMIC POWER STATION DIST. SURAT.,CPCB,24,Gujarat,459,Surat,Mandvi,-,-,-,-,-,-,-,-,21.24481900,73.35550500,07-07-2020 08:30,578,"","",2,"",""
1934,MOTICHER LAKE NEAR KAKARPAR ATOMIC POWER STATION DIST. SURAT.,CPCB,24,Gujarat,459,Surat,Mandvi,-,-,-,-,-,-,-,-,21.24481900,73.35550500,05-08-2020 08:30,387,"","",1,"",""
1935,MOTICHER LAKE NEAR KAKARPAR ATOMIC POWER STATION DIST. SURAT.,CPCB,24,Gujarat,459,Surat,Mandvi,-,-,-,-,-,-,-,-,21.24481900,73.35550500,02-09-2020 08:30,304,"","",2,"",""
1936,MOTICHER LAKE NEAR KAKARPAR ATOMIC POWER STATION DIST. SURAT.,CPCB,24,Gujarat,459,Surat,Mandvi,-,-,-,-,-,-,-,-,21.24481900,73.35550500,01-10-2020 08:30,407,"","",1,"",""
1937,MOTICHER LAKE NEAR KAKARPAR ATOMIC POWER STATION DIST. SURAT.,CPCB,24,Gujarat,459,Surat,Mandvi,-,-,-,-,-,-,-,-,21.24481900,73.35550500,02-11-2020 08:30,414,"","",1,"",""
1938,MOTICHER LAKE NEAR KAKARPAR ATOMIC POWER STATION DIST. SURAT.,CPCB,24,Gujarat,459,Surat,Mandvi,-,-,-,-,-,-,-,-,21.24481900,73.35550500,01-12-2020 08:30,4533,"","",1,"",""
1939,NALSAROVAR LAKE (SANAND) DIST.AHMEDABAD,CPCB,24,Gujarat,438,Ahmedabad,VIRAMGAM,-,-,-,-,-,-,-,-,22.79968100,72.03942200,02-01-2018 08:30,3070,"","","","",""
1940,NALSAROVAR LAKE (SANAND) DIST.AHMEDABAD,CPCB,24,Gujarat,438,Ahmedabad,VIRAMGAM,-,-,-,-,-,-,-,-,22.79968100,72.03942200,05-02-2018 08:30,3900,"","","","",""
1941,NALSAROVAR LAKE (SANAND) DIST.AHMEDABAD,CPCB,24,Gujarat,438,Ahmedabad,VIRAMGAM,-,-,-,-,-,-,-,-,22.79968100,72.03942200,03-03-2018 08:30,4763,"","","","",""
1942,NALSAROVAR LAKE (SANAND) DIST.AHMEDABAD,CPCB,24,Gujarat,438,Ahmedabad,VIRAMGAM,-,-,-,-,-,-,-,-,22.79968100,72.03942200,04-04-2018 08:30,5998,"","","","",""
1943,NALSAROVAR LAKE (SANAND) DIST.AHMEDABAD,CPCB,24,Gujarat,438,Ahmedabad,VIRAMGAM,-,-,-,-,-,-,-,-,22.79968100,72.03942200,02-05-2018 08:30,8294,"","","","",""
1944,NALSAROVAR LAKE (SANAND) DIST.AHMEDABAD,CPCB,24,Gujarat,438,Ahmedabad,VIRAMGAM,-,-,-,-,-,-,-,-,22.79968100,72.03942200,04-06-2018 08:30,2305,"","","","",""
1945,NALSAROVAR LAKE (SANAND) DIST.AHMEDABAD,CPCB,24,Gujarat,438,Ahmedabad,VIRAMGAM,-,-,-,-,-,-,-,-,22.79968100,72.03942200,03-07-2018 08:30,23540,"","","","",""
1946,NALSAROVAR LAKE (SANAND) DIST.AHMEDABAD,CPCB,24,Gujarat,438,Ahmedabad,VIRAMGAM,-,-,-,-,-,-,-,-,22.79968100,72.03942200,04-08-2018 08:30,17080,"","","","",""
1947,NALSAROVAR LAKE (SANAND) DIST.AHMEDABAD,CPCB,24,Gujarat,438,Ahmedabad,VIRAMGAM,-,-,-,-,-,-,-,-,22.79968100,72.03942200,05-09-2018 08:30,3542,"","","","",""
1948,NALSAROVAR LAKE (SANAND) DIST.AHMEDABAD,CPCB,24,Gujarat,438,Ahmedabad,VIRAMGAM,-,-,-,-,-,-,-,-,22.79968100,72.03942200,04-10-2018 08:30,21380,"","","","",""
1949,NALSAROVAR LAKE (SANAND) DIST.AHMEDABAD,CPCB,24,Gujarat,438,Ahmedabad,VIRAMGAM,-,-,-,-,-,-,-,-,22.79968100,72.03942200,05-11-2018 08:30,29310,"","","","",""
1950,NALSAROVAR LAKE (SANAND) DIST.AHMEDABAD,CPCB,24,Gujarat,438,Ahmedabad,VIRAMGAM,-,-,-,-,-,-,-,-,22.79968100,72.03942200,06-08-2019 08:30,1600,"","","","",""
1951,NALSAROVAR LAKE (SANAND) DIST.AHMEDABAD,CPCB,24,Gujarat,438,Ahmedabad,VIRAMGAM,-,-,-,-,-,-,-,-,22.79968100,72.03942200,06-09-2019 08:30,1592,"","","","",""
1952,NALSAROVAR LAKE (SANAND) DIST.AHMEDABAD,CPCB,24,Gujarat,438,Ahmedabad,VIRAMGAM,-,-,-,-,-,-,-,-,22.79968100,72.03942200,01-10-2019 08:30,335,"","","","",""
1953,NALSAROVAR LAKE (SANAND) DIST.AHMEDABAD,CPCB,24,Gujarat,438,Ahmedabad,VIRAMGAM,-,-,-,-,-,-,-,-,22.79968100,72.03942200,06-11-2019 08:30,1261,"","","","",""
1954,NALSAROVAR LAKE (SANAND) DIST.AHMEDABAD,CPCB,24,Gujarat,438,Ahmedabad,VIRAMGAM,-,-,-,-,-,-,-,-,22.79968100,72.03942200,10-12-2019 08:30,2432,"","","","",""
1955,NALSAROVAR LAKE (SANAND) DIST.AHMEDABAD,CPCB,24,Gujarat,438,Ahmedabad,VIRAMGAM,-,-,-,-,-,-,-,-,22.79968100,72.03942200,04-01-2020 08:30,2932,"","",0.8,"",30
1956,NALSAROVAR LAKE (SANAND) DIST.AHMEDABAD,CPCB,24,Gujarat,438,Ahmedabad,VIRAMGAM,-,-,-,-,-,-,-,-,22.79968100,72.03942200,04-02-2020 08:30,3704,"","",1.1,"",""
1957,NALSAROVAR LAKE (SANAND) DIST.AHMEDABAD,CPCB,24,Gujarat,438,Ahmedabad,VIRAMGAM,-,-,-,-,-,-,-,-,22.79968100,72.03942200,03-03-2020 08:30,4485,"","",0.8,"",""
1958,NALSAROVAR LAKE (SANAND) DIST.AHMEDABAD,CPCB,24,Gujarat,438,Ahmedabad,VIRAMGAM,-,-,-,-,-,-,-,-,22.79968100,72.03942200,08-04-2020 08:30,6245,"","",0.6,"",""
1959,NALSAROVAR LAKE (SANAND) DIST.AHMEDABAD,CPCB,24,Gujarat,438,Ahmedabad,VIRAMGAM,-,-,-,-,-,-,-,-,22.79968100,72.03942200,01-05-2020 08:30,7669,"","",0.3,"",""
1960,NALSAROVAR LAKE (SANAND) DIST.AHMEDABAD,CPCB,24,Gujarat,438,Ahmedabad,VIRAMGAM,-,-,-,-,-,-,-,-,22.79968100,72.03942200,06-06-2020 08:30,13220,"","",Clear,"",""
1961,NALSAROVAR LAKE (SANAND) DIST.AHMEDABAD,CPCB,24,Gujarat,438,Ahmedabad,VIRAMGAM,-,-,-,-,-,-,-,-,22.79968100,72.03942200,08-07-2020 08:30,9215,"","",Clear,"",""
1962,NALSAROVAR LAKE (SANAND) DIST.AHMEDABAD,CPCB,24,Gujarat,438,Ahmedabad,VIRAMGAM,-,-,-,-,-,-,-,-,22.79968100,72.03942200,05-08-2020 08:30,10020,"","",Clear,"",""
1963,NALSAROVAR LAKE (SANAND) DIST.AHMEDABAD,CPCB,24,Gujarat,438,Ahmedabad,VIRAMGAM,-,-,-,-,-,-,-,-,22.79968100,72.03942200,01-09-2020 08:30,281,"","",29,"",""
1964,NALSAROVAR LAKE (SANAND) DIST.AHMEDABAD,CPCB,24,Gujarat,438,Ahmedabad,VIRAMGAM,-,-,-,-,-,-,-,-,22.79968100,72.03942200,06-10-2020 08:30,1191,"","",2,"",""
1965,NALSAROVAR LAKE (SANAND) DIST.AHMEDABAD,CPCB,24,Gujarat,438,Ahmedabad,VIRAMGAM,-,-,-,-,-,-,-,-,22.79968100,72.03942200,03-11-2020 08:30,2282,"","",2,"",""
1966,NALSAROVAR LAKE (SANAND) DIST.AHMEDABAD,CPCB,24,Gujarat,438,Ahmedabad,VIRAMGAM,-,-,-,-,-,-,-,-,22.79968100,72.03942200,01-12-2020 08:30,2749,"","",5,"",""
1967,NARMADA AT BHARUCH ZADESHVAR,CPCB,24,Gujarat,442,Bharuch,ANKLESVAR,-,-,-,-,-,-,-,-,21.66590600,72.91668100,01-01-2018 08:30,"","","","","",""
1968,NARMADA AT BHARUCH ZADESHVAR,CPCB,24,Gujarat,442,Bharuch,ANKLESVAR,-,-,-,-,-,-,-,-,21.66590600,72.91668100,05-02-2018 08:30,"","","","","",""
1969,NARMADA AT BHARUCH ZADESHVAR,CPCB,24,Gujarat,442,Bharuch,ANKLESVAR,-,-,-,-,-,-,-,-,21.66590600,72.91668100,01-03-2018 08:30,"","","","","",""
1970,NARMADA AT BHARUCH ZADESHVAR,CPCB,24,Gujarat,442,Bharuch,ANKLESVAR,-,-,-,-,-,-,-,-,21.66590600,72.91668100,04-04-2018 08:30,"","","","","",""
1971,NARMADA AT BHARUCH ZADESHVAR,CPCB,24,Gujarat,442,Bharuch,ANKLESVAR,-,-,-,-,-,-,-,-,21.66590600,72.91668100,02-05-2018 08:30,"","","","","",""
1972,NARMADA AT BHARUCH ZADESHVAR,CPCB,24,Gujarat,442,Bharuch,ANKLESVAR,-,-,-,-,-,-,-,-,21.66590600,72.91668100,08-06-2018 08:30,"","","","","",""
1973,NARMADA AT BHARUCH ZADESHVAR,CPCB,24,Gujarat,442,Bharuch,ANKLESVAR,-,-,-,-,-,-,-,-,21.66590600,72.91668100,02-07-2018 08:30,"","","","","",""
1974,NARMADA AT BHARUCH ZADESHVAR,CPCB,24,Gujarat,442,Bharuch,ANKLESVAR,-,-,-,-,-,-,-,-,21.66590600,72.91668100,04-08-2018 08:30,"","","","","",""
1975,NARMADA AT BHARUCH ZADESHVAR,CPCB,24,Gujarat,442,Bharuch,ANKLESVAR,-,-,-,-,-,-,-,-,21.66590600,72.91668100,04-09-2018 08:30,"","","","","",""
1976,NARMADA AT BHARUCH ZADESHVAR,CPCB,24,Gujarat,442,Bharuch,ANKLESVAR,-,-,-,-,-,-,-,-,21.66590600,72.91668100,06-10-2018 08:30,"","","","","",""
1977,NARMADA AT BHARUCH ZADESHVAR,CPCB,24,Gujarat,442,Bharuch,ANKLESVAR,-,-,-,-,-,-,-,-,21.66590600,72.91668100,02-11-2018 08:30,"","","","","",""
1978,NARMADA AT BHARUCH ZADESHVAR,CPCB,24,Gujarat,442,Bharuch,ANKLESVAR,-,-,-,-,-,-,-,-,21.66590600,72.91668100,05-12-2018 08:30,"","","","","",""
1979,NARMADA AT BHARUCH ZADESHVAR,CPCB,24,Gujarat,442,Bharuch,ANKLESVAR,-,-,-,-,-,-,-,-,21.66590600,72.91668100,03-01-2019 08:30,"","","","","",""
1980,NARMADA AT BHARUCH ZADESHVAR,CPCB,24,Gujarat,442,Bharuch,ANKLESVAR,-,-,-,-,-,-,-,-,21.66590600,72.91668100,05-02-2019 08:30,"","","","","",""
1981,NARMADA AT BHARUCH ZADESHVAR,CPCB,24,Gujarat,442,Bharuch,ANKLESVAR,-,-,-,-,-,-,-,-,21.66590600,72.91668100,02-03-2019 08:30,"","","","","",""
1982,NARMADA AT BHARUCH ZADESHVAR,CPCB,24,Gujarat,442,Bharuch,ANKLESVAR,-,-,-,-,-,-,-,-,21.66590600,72.91668100,03-04-2019 08:30,"","","","","",""
1983,NARMADA AT BHARUCH ZADESHVAR,CPCB,24,Gujarat,442,Bharuch,ANKLESVAR,-,-,-,-,-,-,-,-,21.66590600,72.91668100,01-05-2019 08:30,"","","","","",""
1984,NARMADA AT BHARUCH ZADESHVAR,CPCB,24,Gujarat,442,Bharuch,ANKLESVAR,-,-,-,-,-,-,-,-,21.66590600,72.91668100,01-06-2019 08:30,"","","","","",""
1985,NARMADA AT BHARUCH ZADESHVAR,CPCB,24,Gujarat,442,Bharuch,ANKLESVAR,-,-,-,-,-,-,-,-,21.66590600,72.91668100,01-07-2019 08:30,"","","","","",""
1986,NARMADA AT BHARUCH ZADESHVAR,CPCB,24,Gujarat,442,Bharuch,ANKLESVAR,-,-,-,-,-,-,-,-,21.66590600,72.91668100,01-08-2019 08:30,"","","","","",""
1987,NARMADA AT BHARUCH ZADESHVAR,CPCB,24,Gujarat,442,Bharuch,ANKLESVAR,-,-,-,-,-,-,-,-,21.66590600,72.91668100,03-09-2019 08:30,"","","","","",""
1988,NARMADA AT BHARUCH ZADESHVAR,CPCB,24,Gujarat,442,Bharuch,ANKLESVAR,-,-,-,-,-,-,-,-,21.66590600,72.91668100,01-10-2019 08:30,"","","","","",""
1989,NARMADA AT BHARUCH ZADESHVAR,CPCB,24,Gujarat,442,Bharuch,ANKLESVAR,-,-,-,-,-,-,-,-,21.66590600,72.91668100,02-11-2019 08:30,"","","","","",""
1990,NARMADA AT BHARUCH ZADESHVAR,CPCB,24,Gujarat,442,Bharuch,ANKLESVAR,-,-,-,-,-,-,-,-,21.66590600,72.91668100,03-12-2019 08:30,"","","","","",""
1991,NARMADA AT BHARUCH ZADESHVAR,CPCB,24,Gujarat,442,Bharuch,ANKLESVAR,-,-,-,-,-,-,-,-,21.66590600,72.91668100,01-01-2020 08:30,440,"","",2.2,"",8
1992,NARMADA AT BHARUCH ZADESHVAR,CPCB,24,Gujarat,442,Bharuch,ANKLESVAR,-,-,-,-,-,-,-,-,21.66590600,72.91668100,01-02-2020 08:30,331,"","",6.1,"",""
1993,NARMADA AT BHARUCH ZADESHVAR,CPCB,24,Gujarat,442,Bharuch,ANKLESVAR,-,-,-,-,-,-,-,-,21.66590600,72.91668100,02-03-2020 08:30,402,"","",3,"",""
1994,NARMADA AT BHARUCH ZADESHVAR,CPCB,24,Gujarat,442,Bharuch,ANKLESVAR,-,-,-,-,-,-,-,-,21.66590600,72.91668100,07-04-2020 08:30,395,"","",2.1,"",""
1995,NARMADA AT BHARUCH ZADESHVAR,CPCB,24,Gujarat,442,Bharuch,ANKLESVAR,-,-,-,-,-,-,-,-,21.66590600,72.91668100,01-05-2020 08:30,393,"","",1.9,"",""
1996,NARMADA AT BHARUCH ZADESHVAR,CPCB,24,Gujarat,442,Bharuch,ANKLESVAR,-,-,-,-,-,-,-,-,21.66590600,72.91668100,02-06-2020 08:30,466,"","",30.9,"",""
1997,NARMADA AT BHARUCH ZADESHVAR,CPCB,24,Gujarat,442,Bharuch,ANKLESVAR,-,-,-,-,-,-,-,-,21.66590600,72.91668100,30-07-2020 08:30,321,"","",15,"",""
1998,NARMADA AT BHARUCH ZADESHVAR,CPCB,24,Gujarat,442,Bharuch,ANKLESVAR,-,-,-,-,-,-,-,-,21.66590600,72.91668100,07-08-2020 08:30,451,"","",159,"",""
1999,NARMADA AT BHARUCH ZADESHVAR,CPCB,24,Gujarat,442,Bharuch,ANKLESVAR,-,-,-,-,-,-,-,-,21.66590600,72.91668100,04-09-2020 08:30,244,"","",21,"",""
2000,NARMADA AT BHARUCH ZADESHVAR,CPCB,24,Gujarat,442,Bharuch,ANKLESVAR,-,-,-,-,-,-,-,-,21.66590600,72.91668100,02-11-2020 08:30,397,"","",3,"",""
2001,NARMADA AT BHARUCH ZADESHVAR,CPCB,24,Gujarat,442,Bharuch,ANKLESVAR,-,-,-,-,-,-,-,-,21.66590600,72.91668100,04-12-2020 08:30,972,"","",4,"",""
2002,NARMADA AT CHANDOD,CPCB,24,Gujarat,461,Vadodara,DABHOI,-,-,-,-,-,-,-,-,21.98372200,73.45633100,06-01-2018 08:30,"","","","","",""
2003,NARMADA AT CHANDOD,CPCB,24,Gujarat,461,Vadodara,DABHOI,-,-,-,-,-,-,-,-,21.98372200,73.45633100,01-02-2018 08:30,"","","","","",""
2004,NARMADA AT CHANDOD,CPCB,24,Gujarat,461,Vadodara,DABHOI,-,-,-,-,-,-,-,-,21.98372200,73.45633100,06-03-2018 08:30,"","","","","",""
2005,NARMADA AT CHANDOD,CPCB,24,Gujarat,461,Vadodara,DABHOI,-,-,-,-,-,-,-,-,21.98372200,73.45633100,05-04-2018 08:30,"","","","","",""
2006,NARMADA AT CHANDOD,CPCB,24,Gujarat,461,Vadodara,DABHOI,-,-,-,-,-,-,-,-,21.98372200,73.45633100,05-05-2018 08:30,"","","","","",""
2007,NARMADA AT CHANDOD,CPCB,24,Gujarat,461,Vadodara,DABHOI,-,-,-,-,-,-,-,-,21.98372200,73.45633100,01-06-2018 08:30,"","","","","",""
2008,NARMADA AT CHANDOD,CPCB,24,Gujarat,461,Vadodara,DABHOI,-,-,-,-,-,-,-,-,21.98372200,73.45633100,03-07-2018 08:30,"","","","","",""
2009,NARMADA AT CHANDOD,CPCB,24,Gujarat,461,Vadodara,DABHOI,-,-,-,-,-,-,-,-,21.98372200,73.45633100,06-08-2018 08:30,"","","","","",""
2010,NARMADA AT CHANDOD,CPCB,24,Gujarat,461,Vadodara,DABHOI,-,-,-,-,-,-,-,-,21.98372200,73.45633100,06-09-2018 08:30,"","","","","",""
2011,NARMADA AT CHANDOD,CPCB,24,Gujarat,461,Vadodara,DABHOI,-,-,-,-,-,-,-,-,21.98372200,73.45633100,05-10-2018 08:30,"","","","","",""
2012,NARMADA AT CHANDOD,CPCB,24,Gujarat,461,Vadodara,DABHOI,-,-,-,-,-,-,-,-,21.98372200,73.45633100,03-11-2018 08:30,"","","","","",""
2013,NARMADA AT CHANDOD,CPCB,24,Gujarat,461,Vadodara,DABHOI,-,-,-,-,-,-,-,-,21.98372200,73.45633100,05-12-2018 08:30,"","","","","",""
2014,NARMADA AT CHANDOD,CPCB,24,Gujarat,461,Vadodara,DABHOI,-,-,-,-,-,-,-,-,21.98372200,73.45633100,02-01-2019 08:30,"","","","","",""
2015,NARMADA AT CHANDOD,CPCB,24,Gujarat,461,Vadodara,DABHOI,-,-,-,-,-,-,-,-,21.98372200,73.45633100,04-02-2019 08:30,"","","","","",""
2016,NARMADA AT CHANDOD,CPCB,24,Gujarat,461,Vadodara,DABHOI,-,-,-,-,-,-,-,-,21.98372200,73.45633100,06-03-2019 08:30,"","","","","",""
2017,NARMADA AT CHANDOD,CPCB,24,Gujarat,461,Vadodara,DABHOI,-,-,-,-,-,-,-,-,21.98372200,73.45633100,03-04-2019 08:30,"","","","","",""
2018,NARMADA AT CHANDOD,CPCB,24,Gujarat,461,Vadodara,DABHOI,-,-,-,-,-,-,-,-,21.98372200,73.45633100,03-05-2019 08:30,"","","","","",""
2019,NARMADA AT CHANDOD,CPCB,24,Gujarat,461,Vadodara,DABHOI,-,-,-,-,-,-,-,-,21.98372200,73.45633100,06-06-2019 08:30,"","","","","",""
2020,NARMADA AT CHANDOD,CPCB,24,Gujarat,461,Vadodara,DABHOI,-,-,-,-,-,-,-,-,21.98372200,73.45633100,05-07-2019 08:30,"","","","","",""
2021,NARMADA AT CHANDOD,CPCB,24,Gujarat,461,Vadodara,DABHOI,-,-,-,-,-,-,-,-,21.98372200,73.45633100,13-08-2019 08:30,"","","","","",""
2022,NARMADA AT CHANDOD,CPCB,24,Gujarat,461,Vadodara,DABHOI,-,-,-,-,-,-,-,-,21.98372200,73.45633100,10-09-2019 08:30,"","","","","",""
2023,NARMADA AT CHANDOD,CPCB,24,Gujarat,461,Vadodara,DABHOI,-,-,-,-,-,-,-,-,21.98372200,73.45633100,03-10-2019 08:30,"","","","","",""
2024,NARMADA AT CHANDOD,CPCB,24,Gujarat,461,Vadodara,DABHOI,-,-,-,-,-,-,-,-,21.98372200,73.45633100,06-11-2019 08:30,"","","","","",""
2025,NARMADA AT CHANDOD,CPCB,24,Gujarat,461,Vadodara,DABHOI,-,-,-,-,-,-,-,-,21.98372200,73.45633100,02-12-2019 08:30,"","","","","",""
2026,NARMADA AT CHANDOD,CPCB,24,Gujarat,461,Vadodara,DABHOI,-,-,-,-,-,-,-,-,21.98372200,73.45633100,02-01-2020 08:30,308,"","",1.5,"",2
2027,NARMADA AT CHANDOD,CPCB,24,Gujarat,461,Vadodara,DABHOI,-,-,-,-,-,-,-,-,21.98372200,73.45633100,03-02-2020 08:30,310,"","",1,"",""
2028,NARMADA AT CHANDOD,CPCB,24,Gujarat,461,Vadodara,DABHOI,-,-,-,-,-,-,-,-,21.98372200,73.45633100,02-03-2020 08:30,332,"","",25,"",""
2029,NARMADA AT CHANDOD,CPCB,24,Gujarat,461,Vadodara,DABHOI,-,-,-,-,-,-,-,-,21.98372200,73.45633100,04-04-2020 08:30,316,"","",1.2,"",""
2030,NARMADA AT CHANDOD,CPCB,24,Gujarat,461,Vadodara,DABHOI,-,-,-,-,-,-,-,-,21.98372200,73.45633100,05-05-2020 08:30,302,"","",0.5,"",""
2031,NARMADA AT CHANDOD,CPCB,24,Gujarat,461,Vadodara,DABHOI,-,-,-,-,-,-,-,-,21.98372200,73.45633100,01-06-2020 08:30,345,"","",6.7,"",""
2032,NARMADA AT CHANDOD,CPCB,24,Gujarat,461,Vadodara,DABHOI,-,-,-,-,-,-,-,-,21.98372200,73.45633100,02-07-2020 08:30,288,"","",0.9,"",""
2033,NARMADA AT CHANDOD,CPCB,24,Gujarat,461,Vadodara,DABHOI,-,-,-,-,-,-,-,-,21.98372200,73.45633100,05-08-2020 08:30,434,"","",7.6,"",""
2034,NARMADA AT CHANDOD,CPCB,24,Gujarat,461,Vadodara,DABHOI,-,-,-,-,-,-,-,-,21.98372200,73.45633100,04-09-2020 08:30,321,"","",150,"",""
2035,NARMADA AT CHANDOD,CPCB,24,Gujarat,461,Vadodara,DABHOI,-,-,-,-,-,-,-,-,21.98372200,73.45633100,03-10-2020 08:30,400,"","",58,"",""
2036,NARMADA AT CHANDOD,CPCB,24,Gujarat,461,Vadodara,DABHOI,-,-,-,-,-,-,-,-,21.98372200,73.45633100,03-11-2020 08:30,510,"","",3.5,"",""
2037,NARMADA AT CHANDOD,CPCB,24,Gujarat,461,Vadodara,DABHOI,-,-,-,-,-,-,-,-,21.98372200,73.45633100,02-12-2020 08:30,485,"","",2,"",""
2038,NARMADA AT GARUDESHWAR,CPCB,24,Gujarat,452,Narmada,NANDOD,-,-,-,-,-,-,-,-,21.88783300,73.64544400,03-01-2018 08:30,"","","","","",""
2039,NARMADA AT GARUDESHWAR,CPCB,24,Gujarat,452,Narmada,NANDOD,-,-,-,-,-,-,-,-,21.88783300,73.64544400,01-02-2018 08:30,"","","","","",""
2040,NARMADA AT GARUDESHWAR,CPCB,24,Gujarat,452,Narmada,NANDOD,-,-,-,-,-,-,-,-,21.88783300,73.64544400,05-03-2018 08:30,"","","","","",""
2041,NARMADA AT GARUDESHWAR,CPCB,24,Gujarat,452,Narmada,NANDOD,-,-,-,-,-,-,-,-,21.88783300,73.64544400,04-04-2018 08:30,"","","","","",""
2042,NARMADA AT GARUDESHWAR,CPCB,24,Gujarat,452,Narmada,NANDOD,-,-,-,-,-,-,-,-,21.88783300,73.64544400,04-05-2018 08:30,"","","","","",""
2043,NARMADA AT GARUDESHWAR,CPCB,24,Gujarat,452,Narmada,NANDOD,-,-,-,-,-,-,-,-,21.88783300,73.64544400,01-06-2018 08:30,"","","","","",""
2044,NARMADA AT GARUDESHWAR,CPCB,24,Gujarat,452,Narmada,NANDOD,-,-,-,-,-,-,-,-,21.88783300,73.64544400,02-07-2018 08:30,"","","","","",""
2045,NARMADA AT GARUDESHWAR,CPCB,24,Gujarat,452,Narmada,NANDOD,-,-,-,-,-,-,-,-,21.88783300,73.64544400,01-08-2018 08:30,"","","","","",""
2046,NARMADA AT GARUDESHWAR,CPCB,24,Gujarat,452,Narmada,NANDOD,-,-,-,-,-,-,-,-,21.88783300,73.64544400,04-09-2018 08:30,"","","","","",""
2047,NARMADA AT GARUDESHWAR,CPCB,24,Gujarat,452,Narmada,NANDOD,-,-,-,-,-,-,-,-,21.88783300,73.64544400,01-10-2018 08:30,"","","","","",""
2048,NARMADA AT GARUDESHWAR,CPCB,24,Gujarat,452,Narmada,NANDOD,-,-,-,-,-,-,-,-,21.88783300,73.64544400,02-11-2018 08:30,"","","","","",""
2049,NARMADA AT GARUDESHWAR,CPCB,24,Gujarat,452,Narmada,NANDOD,-,-,-,-,-,-,-,-,21.88783300,73.64544400,03-12-2018 08:30,"","","","","",""
2050,NARMADA AT GARUDESHWAR,CPCB,24,Gujarat,452,Narmada,NANDOD,-,-,-,-,-,-,-,-,21.88783300,73.64544400,02-01-2019 08:30,"","","","","",""
2051,NARMADA AT GARUDESHWAR,CPCB,24,Gujarat,452,Narmada,NANDOD,-,-,-,-,-,-,-,-,21.88783300,73.64544400,06-02-2019 08:30,"","","","","",""
2052,NARMADA AT GARUDESHWAR,CPCB,24,Gujarat,452,Narmada,NANDOD,-,-,-,-,-,-,-,-,21.88783300,73.64544400,01-03-2019 08:30,"","","","","",""
2053,NARMADA AT GARUDESHWAR,CPCB,24,Gujarat,452,Narmada,NANDOD,-,-,-,-,-,-,-,-,21.88783300,73.64544400,03-04-2019 08:30,"","","","","",""
2054,NARMADA AT GARUDESHWAR,CPCB,24,Gujarat,452,Narmada,NANDOD,-,-,-,-,-,-,-,-,21.88783300,73.64544400,02-05-2019 08:30,"","","","","",""
2055,NARMADA AT GARUDESHWAR,CPCB,24,Gujarat,452,Narmada,NANDOD,-,-,-,-,-,-,-,-,21.88783300,73.64544400,04-06-2019 08:30,"","","","","",""
2056,NARMADA AT GARUDESHWAR,CPCB,24,Gujarat,452,Narmada,NANDOD,-,-,-,-,-,-,-,-,21.88783300,73.64544400,03-07-2019 08:30,"","","","","",""
2057,NARMADA AT GARUDESHWAR,CPCB,24,Gujarat,452,Narmada,NANDOD,-,-,-,-,-,-,-,-,21.88783300,73.64544400,05-08-2019 08:30,"","","","","",""
2058,NARMADA AT GARUDESHWAR,CPCB,24,Gujarat,452,Narmada,NANDOD,-,-,-,-,-,-,-,-,21.88783300,73.64544400,01-09-2019 08:30,"","","","","",""
2059,NARMADA AT GARUDESHWAR,CPCB,24,Gujarat,452,Narmada,NANDOD,-,-,-,-,-,-,-,-,21.88783300,73.64544400,03-10-2019 08:30,"","","","","",""
2060,NARMADA AT GARUDESHWAR,CPCB,24,Gujarat,452,Narmada,NANDOD,-,-,-,-,-,-,-,-,21.88783300,73.64544400,02-11-2019 08:30,"","","","","",""
2061,NARMADA AT GARUDESHWAR,CPCB,24,Gujarat,452,Narmada,NANDOD,-,-,-,-,-,-,-,-,21.88783300,73.64544400,04-12-2019 08:30,"","","","","",""
2062,NARMADA AT GARUDESHWAR,CPCB,24,Gujarat,452,Narmada,NANDOD,-,-,-,-,-,-,-,-,21.88783300,73.64544400,06-01-2020 08:30,335,"","",0.9,"",6
2063,NARMADA AT GARUDESHWAR,CPCB,24,Gujarat,452,Narmada,NANDOD,-,-,-,-,-,-,-,-,21.88783300,73.64544400,04-02-2020 08:30,307,"","",1.7,"",""
2064,NARMADA AT GARUDESHWAR,CPCB,24,Gujarat,452,Narmada,NANDOD,-,-,-,-,-,-,-,-,21.88783300,73.64544400,05-03-2020 08:30,318,"","",0.8,"",""
2065,NARMADA AT GARUDESHWAR,CPCB,24,Gujarat,452,Narmada,NANDOD,-,-,-,-,-,-,-,-,21.88783300,73.64544400,09-04-2020 08:30,346,"","",0.5,"",""
2066,NARMADA AT GARUDESHWAR,CPCB,24,Gujarat,452,Narmada,NANDOD,-,-,-,-,-,-,-,-,21.88783300,73.64544400,04-05-2020 08:30,315,"","",0.6,"",""
2067,NARMADA AT GARUDESHWAR,CPCB,24,Gujarat,452,Narmada,NANDOD,-,-,-,-,-,-,-,-,21.88783300,73.64544400,09-06-2020 08:30,284,"","",2.8,"",""
2068,NARMADA AT GARUDESHWAR,CPCB,24,Gujarat,452,Narmada,NANDOD,-,-,-,-,-,-,-,-,21.88783300,73.64544400,02-07-2020 08:30,284,"","",2.9,"",""
2069,NARMADA AT GARUDESHWAR,CPCB,24,Gujarat,452,Narmada,NANDOD,-,-,-,-,-,-,-,-,21.88783300,73.64544400,06-08-2020 08:30,291,"","",7,"",""
2070,NARMADA AT GARUDESHWAR,CPCB,24,Gujarat,452,Narmada,NANDOD,-,-,-,-,-,-,-,-,21.88783300,73.64544400,01-09-2020 08:30,264,"","",Clear,"",""
2071,NARMADA AT GARUDESHWAR,CPCB,24,Gujarat,452,Narmada,NANDOD,-,-,-,-,-,-,-,-,21.88783300,73.64544400,05-10-2020 08:30,308,"","",Clear,"",""
2072,NARMADA AT GARUDESHWAR,CPCB,24,Gujarat,452,Narmada,NANDOD,-,-,-,-,-,-,-,-,21.88783300,73.64544400,05-11-2020 08:30,273,"","",Clear,"",""
2073,NARMADA AT GARUDESHWAR,CPCB,24,Gujarat,452,Narmada,NANDOD,-,-,-,-,-,-,-,-,21.88783300,73.64544400,02-12-2020 08:30,305,"","",2,"",""
2074,NARMADA AT GORA BRIDGE NAVAGAM (GUJARAT),CPCB,24,Gujarat,452,Narmada,NANDOD,-,-,-,-,-,-,-,-,21.86214700,73.69399100,26-12-2018 08:30,"","","","","",""
2075,NARMADA AT PANETHA,CPCB,24,Gujarat,452,Narmada,TILAKWADA,-,-,-,-,-,-,-,-,21.95060800,73.58469700,03-01-2018 08:30,"","","","","",""
2076,NARMADA AT PANETHA,CPCB,24,Gujarat,452,Narmada,TILAKWADA,-,-,-,-,-,-,-,-,21.95060800,73.58469700,01-02-2018 08:30,"","","","","",""
2077,NARMADA AT PANETHA,CPCB,24,Gujarat,452,Narmada,TILAKWADA,-,-,-,-,-,-,-,-,21.95060800,73.58469700,05-03-2018 08:30,"","","","","",""
2078,NARMADA AT PANETHA,CPCB,24,Gujarat,452,Narmada,TILAKWADA,-,-,-,-,-,-,-,-,21.95060800,73.58469700,04-04-2018 08:30,"","","","","",""
2079,NARMADA AT PANETHA,CPCB,24,Gujarat,452,Narmada,TILAKWADA,-,-,-,-,-,-,-,-,21.95060800,73.58469700,04-05-2018 08:30,"","","","","",""
2080,NARMADA AT PANETHA,CPCB,24,Gujarat,452,Narmada,TILAKWADA,-,-,-,-,-,-,-,-,21.95060800,73.58469700,01-06-2018 08:30,"","","","","",""
2081,NARMADA AT PANETHA,CPCB,24,Gujarat,452,Narmada,TILAKWADA,-,-,-,-,-,-,-,-,21.95060800,73.58469700,02-07-2018 08:30,"","","","","",""
2082,NARMADA AT PANETHA,CPCB,24,Gujarat,452,Narmada,TILAKWADA,-,-,-,-,-,-,-,-,21.95060800,73.58469700,01-08-2018 08:30,"","","","","",""
2083,NARMADA AT PANETHA,CPCB,24,Gujarat,452,Narmada,TILAKWADA,-,-,-,-,-,-,-,-,21.95060800,73.58469700,04-09-2018 08:30,"","","","","",""
2084,NARMADA AT PANETHA,CPCB,24,Gujarat,452,Narmada,TILAKWADA,-,-,-,-,-,-,-,-,21.95060800,73.58469700,01-10-2018 08:30,"","","","","",""
2085,NARMADA AT PANETHA,CPCB,24,Gujarat,452,Narmada,TILAKWADA,-,-,-,-,-,-,-,-,21.95060800,73.58469700,02-11-2018 08:30,"","","","","",""
2086,NARMADA AT PANETHA,CPCB,24,Gujarat,452,Narmada,TILAKWADA,-,-,-,-,-,-,-,-,21.95060800,73.58469700,03-12-2018 08:30,"","","","","",""
2087,NARMADA AT PANETHA,CPCB,24,Gujarat,452,Narmada,TILAKWADA,-,-,-,-,-,-,-,-,21.95060800,73.58469700,02-01-2019 08:30,"","","","","",""
2088,NARMADA AT PANETHA,CPCB,24,Gujarat,452,Narmada,TILAKWADA,-,-,-,-,-,-,-,-,21.95060800,73.58469700,04-02-2019 08:30,"","","","","",""
2089,NARMADA AT PANETHA,CPCB,24,Gujarat,452,Narmada,TILAKWADA,-,-,-,-,-,-,-,-,21.95060800,73.58469700,02-03-2019 08:30,"","","","","",""
2090,NARMADA AT PANETHA,CPCB,24,Gujarat,452,Narmada,TILAKWADA,-,-,-,-,-,-,-,-,21.95060800,73.58469700,03-04-2019 08:30,"","","","","",""
2091,NARMADA AT PANETHA,CPCB,24,Gujarat,452,Narmada,TILAKWADA,-,-,-,-,-,-,-,-,21.95060800,73.58469700,02-05-2019 08:30,"","","","","",""
2092,NARMADA AT PANETHA,CPCB,24,Gujarat,452,Narmada,TILAKWADA,-,-,-,-,-,-,-,-,21.95060800,73.58469700,04-06-2019 08:30,"","","","","",""
2093,NARMADA AT PANETHA,CPCB,24,Gujarat,452,Narmada,TILAKWADA,-,-,-,-,-,-,-,-,21.95060800,73.58469700,03-07-2019 08:30,"","","","","",""
2094,NARMADA AT PANETHA,CPCB,24,Gujarat,452,Narmada,TILAKWADA,-,-,-,-,-,-,-,-,21.95060800,73.58469700,05-08-2019 08:30,"","","","","",""
2095,NARMADA AT PANETHA,CPCB,24,Gujarat,452,Narmada,TILAKWADA,-,-,-,-,-,-,-,-,21.95060800,73.58469700,01-09-2019 08:30,"","","","","",""
2096,NARMADA AT PANETHA,CPCB,24,Gujarat,452,Narmada,TILAKWADA,-,-,-,-,-,-,-,-,21.95060800,73.58469700,03-10-2019 08:30,"","","","","",""
2097,NARMADA AT PANETHA,CPCB,24,Gujarat,452,Narmada,TILAKWADA,-,-,-,-,-,-,-,-,21.95060800,73.58469700,02-11-2019 08:30,"","","","","",""
2098,NARMADA AT PANETHA,CPCB,24,Gujarat,452,Narmada,TILAKWADA,-,-,-,-,-,-,-,-,21.95060800,73.58469700,04-12-2019 08:30,"","","","","",""
2099,NARMADA AT PANETHA,CPCB,24,Gujarat,452,Narmada,TILAKWADA,-,-,-,-,-,-,-,-,21.95060800,73.58469700,06-01-2020 08:30,341,"","",0.9,"",8
2100,NARMADA AT PANETHA,CPCB,24,Gujarat,452,Narmada,TILAKWADA,-,-,-,-,-,-,-,-,21.95060800,73.58469700,04-02-2020 08:30,309,"","",1.4,"",""
2101,NARMADA AT PANETHA,CPCB,24,Gujarat,452,Narmada,TILAKWADA,-,-,-,-,-,-,-,-,21.95060800,73.58469700,05-03-2020 08:30,322,"","",0.9,"",""
2102,NARMADA AT PANETHA,CPCB,24,Gujarat,452,Narmada,TILAKWADA,-,-,-,-,-,-,-,-,21.95060800,73.58469700,09-04-2020 08:30,348,"","",0.7,"",""
2103,NARMADA AT PANETHA,CPCB,24,Gujarat,452,Narmada,TILAKWADA,-,-,-,-,-,-,-,-,21.95060800,73.58469700,04-05-2020 08:30,318,"","",0.8,"",""
2104,NARMADA AT PANETHA,CPCB,24,Gujarat,452,Narmada,TILAKWADA,-,-,-,-,-,-,-,-,21.95060800,73.58469700,09-06-2020 08:30,288,"","",3.8,"",""
2105,NARMADA AT PANETHA,CPCB,24,Gujarat,452,Narmada,TILAKWADA,-,-,-,-,-,-,-,-,21.95060800,73.58469700,02-07-2020 08:30,314,"","",3.4,"",""
2106,NARMADA AT PANETHA,CPCB,24,Gujarat,452,Narmada,TILAKWADA,-,-,-,-,-,-,-,-,21.95060800,73.58469700,06-08-2020 08:30,280,"","",7,"",""
2107,NARMADA AT PANETHA,CPCB,24,Gujarat,452,Narmada,TILAKWADA,-,-,-,-,-,-,-,-,21.95060800,73.58469700,01-09-2020 08:30,248,"","",Clear,"",""
2108,NARMADA AT PANETHA,CPCB,24,Gujarat,452,Narmada,TILAKWADA,-,-,-,-,-,-,-,-,21.95060800,73.58469700,05-10-2020 08:30,2656,"","",2,"",""
2109,NARMADA AT PANETHA,CPCB,24,Gujarat,452,Narmada,TILAKWADA,-,-,-,-,-,-,-,-,21.95060800,73.58469700,05-11-2020 08:30,276,"","",Clear,"",""
2110,NARMADA AT PANETHA,CPCB,24,Gujarat,452,Narmada,TILAKWADA,-,-,-,-,-,-,-,-,21.95060800,73.58469700,02-12-2020 08:30,295,"","",3,"",""
2111,NARMADA AT ZANOR (NTPC) BHARUCH,CPCB,24,Gujarat,442,Bharuch,BHARUCH,-,-,-,-,-,-,-,-,21.71499700,73.04289100,01-01-2018 08:30,"","","","","",""
2112,NARMADA AT ZANOR (NTPC) BHARUCH,CPCB,24,Gujarat,442,Bharuch,BHARUCH,-,-,-,-,-,-,-,-,21.71499700,73.04289100,05-02-2018 08:30,"","","","","",""
2113,NARMADA AT ZANOR (NTPC) BHARUCH,CPCB,24,Gujarat,442,Bharuch,BHARUCH,-,-,-,-,-,-,-,-,21.71499700,73.04289100,01-03-2018 08:30,"","","","","",""
2114,NARMADA AT ZANOR (NTPC) BHARUCH,CPCB,24,Gujarat,442,Bharuch,BHARUCH,-,-,-,-,-,-,-,-,21.71499700,73.04289100,04-04-2018 08:30,"","","","","",""
2115,NARMADA AT ZANOR (NTPC) BHARUCH,CPCB,24,Gujarat,442,Bharuch,BHARUCH,-,-,-,-,-,-,-,-,21.71499700,73.04289100,02-05-2018 08:30,"","","","","",""
2116,NARMADA AT ZANOR (NTPC) BHARUCH,CPCB,24,Gujarat,442,Bharuch,BHARUCH,-,-,-,-,-,-,-,-,21.71499700,73.04289100,08-06-2018 08:30,"","","","","",""
2117,NARMADA AT ZANOR (NTPC) BHARUCH,CPCB,24,Gujarat,442,Bharuch,BHARUCH,-,-,-,-,-,-,-,-,21.71499700,73.04289100,02-07-2018 08:30,"","","","","",""
2118,NARMADA AT ZANOR (NTPC) BHARUCH,CPCB,24,Gujarat,442,Bharuch,BHARUCH,-,-,-,-,-,-,-,-,21.71499700,73.04289100,04-08-2018 08:30,"","","","","",""
2119,NARMADA AT ZANOR (NTPC) BHARUCH,CPCB,24,Gujarat,442,Bharuch,BHARUCH,-,-,-,-,-,-,-,-,21.71499700,73.04289100,04-09-2018 08:30,"","","","","",""
2120,NARMADA AT ZANOR (NTPC) BHARUCH,CPCB,24,Gujarat,442,Bharuch,BHARUCH,-,-,-,-,-,-,-,-,21.71499700,73.04289100,06-10-2018 08:30,"","","","","",""
2121,NARMADA AT ZANOR (NTPC) BHARUCH,CPCB,24,Gujarat,442,Bharuch,BHARUCH,-,-,-,-,-,-,-,-,21.71499700,73.04289100,02-11-2018 08:30,"","","","","",""
2122,NARMADA AT ZANOR (NTPC) BHARUCH,CPCB,24,Gujarat,442,Bharuch,BHARUCH,-,-,-,-,-,-,-,-,21.71499700,73.04289100,05-12-2018 08:30,"","","","","",""
2123,NARMADA AT ZANOR (NTPC) BHARUCH,CPCB,24,Gujarat,442,Bharuch,BHARUCH,-,-,-,-,-,-,-,-,21.71499700,73.04289100,03-01-2019 08:30,"","","","","",""
2124,NARMADA AT ZANOR (NTPC) BHARUCH,CPCB,24,Gujarat,442,Bharuch,BHARUCH,-,-,-,-,-,-,-,-,21.71499700,73.04289100,05-02-2019 08:30,"","","","","",""
2125,NARMADA AT ZANOR (NTPC) BHARUCH,CPCB,24,Gujarat,442,Bharuch,BHARUCH,-,-,-,-,-,-,-,-,21.71499700,73.04289100,02-03-2019 08:30,"","","","","",""
2126,NARMADA AT ZANOR (NTPC) BHARUCH,CPCB,24,Gujarat,442,Bharuch,BHARUCH,-,-,-,-,-,-,-,-,21.71499700,73.04289100,03-04-2019 08:30,"","","","","",""
2127,NARMADA AT ZANOR (NTPC) BHARUCH,CPCB,24,Gujarat,442,Bharuch,BHARUCH,-,-,-,-,-,-,-,-,21.71499700,73.04289100,01-05-2019 08:30,"","","","","",""
2128,NARMADA AT ZANOR (NTPC) BHARUCH,CPCB,24,Gujarat,442,Bharuch,BHARUCH,-,-,-,-,-,-,-,-,21.71499700,73.04289100,01-06-2019 08:30,"","","","","",""
2129,NARMADA AT ZANOR (NTPC) BHARUCH,CPCB,24,Gujarat,442,Bharuch,BHARUCH,-,-,-,-,-,-,-,-,21.71499700,73.04289100,01-07-2019 08:30,"","","","","",""
2130,NARMADA AT ZANOR (NTPC) BHARUCH,CPCB,24,Gujarat,442,Bharuch,BHARUCH,-,-,-,-,-,-,-,-,21.71499700,73.04289100,01-08-2019 08:30,"","","","","",""
2131,NARMADA AT ZANOR (NTPC) BHARUCH,CPCB,24,Gujarat,442,Bharuch,BHARUCH,-,-,-,-,-,-,-,-,21.71499700,73.04289100,03-09-2019 08:30,"","","","","",""
2132,NARMADA AT ZANOR (NTPC) BHARUCH,CPCB,24,Gujarat,442,Bharuch,BHARUCH,-,-,-,-,-,-,-,-,21.71499700,73.04289100,01-10-2019 08:30,"","","","","",""
2133,NARMADA AT ZANOR (NTPC) BHARUCH,CPCB,24,Gujarat,442,Bharuch,BHARUCH,-,-,-,-,-,-,-,-,21.71499700,73.04289100,02-11-2019 08:30,"","","","","",""
2134,NARMADA AT ZANOR (NTPC) BHARUCH,CPCB,24,Gujarat,442,Bharuch,BHARUCH,-,-,-,-,-,-,-,-,21.71499700,73.04289100,03-12-2019 08:30,"","","","","",""
2135,NARMADA AT ZANOR (NTPC) BHARUCH,CPCB,24,Gujarat,442,Bharuch,BHARUCH,-,-,-,-,-,-,-,-,21.71499700,73.04289100,01-01-2020 08:30,340,"","",1.2,"",12
2136,NARMADA AT ZANOR (NTPC) BHARUCH,CPCB,24,Gujarat,442,Bharuch,BHARUCH,-,-,-,-,-,-,-,-,21.71499700,73.04289100,01-02-2020 08:30,321,"","",2,"",""
2137,NARMADA AT ZANOR (NTPC) BHARUCH,CPCB,24,Gujarat,442,Bharuch,BHARUCH,-,-,-,-,-,-,-,-,21.71499700,73.04289100,02-03-2020 08:30,397,"","",5.1,"",""
2138,NARMADA AT ZANOR (NTPC) BHARUCH,CPCB,24,Gujarat,442,Bharuch,BHARUCH,-,-,-,-,-,-,-,-,21.71499700,73.04289100,07-04-2020 08:30,363,"","",1.2,"",""
2139,NARMADA AT ZANOR (NTPC) BHARUCH,CPCB,24,Gujarat,442,Bharuch,BHARUCH,-,-,-,-,-,-,-,-,21.71499700,73.04289100,01-05-2020 08:30,349,"","",1.6,"",""
2140,NARMADA AT ZANOR (NTPC) BHARUCH,CPCB,24,Gujarat,442,Bharuch,BHARUCH,-,-,-,-,-,-,-,-,21.71499700,73.04289100,01-07-2020 08:30,338,"","",3,"",""
2141,NARMADA AT ZANOR (NTPC) BHARUCH,CPCB,24,Gujarat,442,Bharuch,BHARUCH,-,-,-,-,-,-,-,-,21.71499700,73.04289100,07-08-2020 08:30,342,"","",6,"",""
2142,NARMADA AT ZANOR (NTPC) BHARUCH,CPCB,24,Gujarat,442,Bharuch,BHARUCH,-,-,-,-,-,-,-,-,21.71499700,73.04289100,04-09-2020 08:30,331,"","",2,"",""
2143,NARMADA AT ZANOR (NTPC) BHARUCH,CPCB,24,Gujarat,442,Bharuch,BHARUCH,-,-,-,-,-,-,-,-,21.71499700,73.04289100,02-11-2020 08:30,369,"","",3,"",""
2144,NARMADA AT ZANOR (NTPC) BHARUCH,CPCB,24,Gujarat,442,Bharuch,BHARUCH,-,-,-,-,-,-,-,-,21.71499700,73.04289100,04-12-2020 08:30,481,"","",1,"",""
2145,NARMADA MAIN CANAL NR. VILLAGE. LIMBADIA DIST. GANDHINAGAR.,CPCB,24,Gujarat,446,Gandhinagar,GANDHINAGAR,-,-,-,-,-,-,-,-,23.13493600,72.61152500,04-01-2018 08:30,276,"","","","",""
2146,NARMADA MAIN CANAL NR. VILLAGE. LIMBADIA DIST. GANDHINAGAR.,CPCB,24,Gujarat,446,Gandhinagar,GANDHINAGAR,-,-,-,-,-,-,-,-,23.13493600,72.61152500,02-02-2018 08:30,297,"","","","",""
2147,NARMADA MAIN CANAL NR. VILLAGE. LIMBADIA DIST. GANDHINAGAR.,CPCB,24,Gujarat,446,Gandhinagar,GANDHINAGAR,-,-,-,-,-,-,-,-,23.13493600,72.61152500,05-04-2018 08:30,280,"","","","",""
2148,NARMADA MAIN CANAL NR. VILLAGE. LIMBADIA DIST. GANDHINAGAR.,CPCB,24,Gujarat,446,Gandhinagar,GANDHINAGAR,-,-,-,-,-,-,-,-,23.13493600,72.61152500,08-05-2018 08:30,290,"","","","",""
2149,NARMADA MAIN CANAL NR. VILLAGE. LIMBADIA DIST. GANDHINAGAR.,CPCB,24,Gujarat,446,Gandhinagar,GANDHINAGAR,-,-,-,-,-,-,-,-,23.13493600,72.61152500,07-06-2018 08:30,376,"","","","",""
2150,NARMADA MAIN CANAL NR. VILLAGE. LIMBADIA DIST. GANDHINAGAR.,CPCB,24,Gujarat,446,Gandhinagar,GANDHINAGAR,-,-,-,-,-,-,-,-,23.13493600,72.61152500,07-07-2018 08:30,369,"","","","",""
2151,NARMADA MAIN CANAL NR. VILLAGE. LIMBADIA DIST. GANDHINAGAR.,CPCB,24,Gujarat,446,Gandhinagar,GANDHINAGAR,-,-,-,-,-,-,-,-,23.13493600,72.61152500,02-08-2018 08:30,370,"","","","",""
2152,NARMADA MAIN CANAL NR. VILLAGE. LIMBADIA DIST. GANDHINAGAR.,CPCB,24,Gujarat,446,Gandhinagar,GANDHINAGAR,-,-,-,-,-,-,-,-,23.13493600,72.61152500,04-09-2018 08:30,307,"","","","",""
2153,NARMADA MAIN CANAL NR. VILLAGE. LIMBADIA DIST. GANDHINAGAR.,CPCB,24,Gujarat,446,Gandhinagar,GANDHINAGAR,-,-,-,-,-,-,-,-,23.13493600,72.61152500,09-10-2018 08:30,383,"","","","",""
2154,NARMADA MAIN CANAL NR. VILLAGE. LIMBADIA DIST. GANDHINAGAR.,CPCB,24,Gujarat,446,Gandhinagar,GANDHINAGAR,-,-,-,-,-,-,-,-,23.13493600,72.61152500,02-11-2018 08:30,261,"","","","",""
2155,NARMADA MAIN CANAL NR. VILLAGE. LIMBADIA DIST. GANDHINAGAR.,CPCB,24,Gujarat,446,Gandhinagar,GANDHINAGAR,-,-,-,-,-,-,-,-,23.13493600,72.61152500,06-12-2018 08:30,314,"","","","",""
2156,NARMADA MAIN CANAL NR. VILLAGE. LIMBADIA DIST. GANDHINAGAR.,CPCB,24,Gujarat,446,Gandhinagar,GANDHINAGAR,-,-,-,-,-,-,-,-,23.13493600,72.61152500,03-01-2019 08:30,267,"","","","",""
2157,NARMADA MAIN CANAL NR. VILLAGE. LIMBADIA DIST. GANDHINAGAR.,CPCB,24,Gujarat,446,Gandhinagar,GANDHINAGAR,-,-,-,-,-,-,-,-,23.13493600,72.61152500,06-02-2019 08:30,246,"","","","",""
2158,NARMADA MAIN CANAL NR. VILLAGE. LIMBADIA DIST. GANDHINAGAR.,CPCB,24,Gujarat,446,Gandhinagar,GANDHINAGAR,-,-,-,-,-,-,-,-,23.13493600,72.61152500,02-03-2019 08:30,332,"","","","",""
2159,NARMADA MAIN CANAL NR. VILLAGE. LIMBADIA DIST. GANDHINAGAR.,CPCB,24,Gujarat,446,Gandhinagar,GANDHINAGAR,-,-,-,-,-,-,-,-,23.13493600,72.61152500,01-04-2019 08:30,281,"","","","",""
2160,NARMADA MAIN CANAL NR. VILLAGE. LIMBADIA DIST. GANDHINAGAR.,CPCB,24,Gujarat,446,Gandhinagar,GANDHINAGAR,-,-,-,-,-,-,-,-,23.13493600,72.61152500,01-05-2019 08:30,284,"","","","",""
2161,NARMADA MAIN CANAL NR. VILLAGE. LIMBADIA DIST. GANDHINAGAR.,CPCB,24,Gujarat,446,Gandhinagar,GANDHINAGAR,-,-,-,-,-,-,-,-,23.13493600,72.61152500,03-06-2019 08:30,293,"","","","",""
2162,NARMADA MAIN CANAL NR. VILLAGE. LIMBADIA DIST. GANDHINAGAR.,CPCB,24,Gujarat,446,Gandhinagar,GANDHINAGAR,-,-,-,-,-,-,-,-,23.13493600,72.61152500,05-07-2019 08:30,273,"","","","",""
2163,NARMADA MAIN CANAL NR. VILLAGE. LIMBADIA DIST. GANDHINAGAR.,CPCB,24,Gujarat,446,Gandhinagar,GANDHINAGAR,-,-,-,-,-,-,-,-,23.13493600,72.61152500,07-08-2019 08:30,360,"","","","",""
2164,NARMADA MAIN CANAL NR. VILLAGE. LIMBADIA DIST. GANDHINAGAR.,CPCB,24,Gujarat,446,Gandhinagar,GANDHINAGAR,-,-,-,-,-,-,-,-,23.13493600,72.61152500,03-09-2019 08:30,258,"","","","",""
2165,NARMADA MAIN CANAL NR. VILLAGE. LIMBADIA DIST. GANDHINAGAR.,CPCB,24,Gujarat,446,Gandhinagar,GANDHINAGAR,-,-,-,-,-,-,-,-,23.13493600,72.61152500,07-10-2019 08:30,239,"","","","",""
2166,NARMADA MAIN CANAL NR. VILLAGE. LIMBADIA DIST. GANDHINAGAR.,CPCB,24,Gujarat,446,Gandhinagar,GANDHINAGAR,-,-,-,-,-,-,-,-,23.13493600,72.61152500,07-11-2019 08:30,268,"","","","",""
2167,NARMADA MAIN CANAL NR. VILLAGE. LIMBADIA DIST. GANDHINAGAR.,CPCB,24,Gujarat,446,Gandhinagar,GANDHINAGAR,-,-,-,-,-,-,-,-,23.13493600,72.61152500,05-12-2019 08:30,239,"","","","",""
2168,NARMADA MAIN CANAL NR. VILLAGE. LIMBADIA DIST. GANDHINAGAR.,CPCB,24,Gujarat,446,Gandhinagar,GANDHINAGAR,-,-,-,-,-,-,-,-,23.13493600,72.61152500,01-01-2020 08:30,241,"","",0.2,"",4
2169,NARMADA MAIN CANAL NR. VILLAGE. LIMBADIA DIST. GANDHINAGAR.,CPCB,24,Gujarat,446,Gandhinagar,GANDHINAGAR,-,-,-,-,-,-,-,-,23.13493600,72.61152500,13-02-2020 08:30,363,"","",0.2,"",""
2170,NARMADA MAIN CANAL NR. VILLAGE. LIMBADIA DIST. GANDHINAGAR.,CPCB,24,Gujarat,446,Gandhinagar,GANDHINAGAR,-,-,-,-,-,-,-,-,23.13493600,72.61152500,06-03-2020 08:30,340,"","",0.4,"",""
2171,NARMADA MAIN CANAL NR. VILLAGE. LIMBADIA DIST. GANDHINAGAR.,CPCB,24,Gujarat,446,Gandhinagar,GANDHINAGAR,-,-,-,-,-,-,-,-,23.13493600,72.61152500,07-04-2020 08:30,301,"","",0.6,"",""
2172,NARMADA MAIN CANAL NR. VILLAGE. LIMBADIA DIST. GANDHINAGAR.,CPCB,24,Gujarat,446,Gandhinagar,GANDHINAGAR,-,-,-,-,-,-,-,-,23.13493600,72.61152500,12-05-2020 08:30,324,"","",0.4,"",""
2173,NARMADA MAIN CANAL NR. VILLAGE. LIMBADIA DIST. GANDHINAGAR.,CPCB,24,Gujarat,446,Gandhinagar,GANDHINAGAR,-,-,-,-,-,-,-,-,23.13493600,72.61152500,01-06-2020 08:30,451,"","",0.3,"",""
2174,NARMADA MAIN CANAL NR. VILLAGE. LIMBADIA DIST. GANDHINAGAR.,CPCB,24,Gujarat,446,Gandhinagar,GANDHINAGAR,-,-,-,-,-,-,-,-,23.13493600,72.61152500,03-07-2020 08:30,292,"","",0.3,"",""
2175,NARMADA MAIN CANAL NR. VILLAGE. LIMBADIA DIST. GANDHINAGAR.,CPCB,24,Gujarat,446,Gandhinagar,GANDHINAGAR,-,-,-,-,-,-,-,-,23.13493600,72.61152500,04-08-2020 08:30,271,"","",0.8,"",""
2176,NARMADA MAIN CANAL NR. VILLAGE. LIMBADIA DIST. GANDHINAGAR.,CPCB,24,Gujarat,446,Gandhinagar,GANDHINAGAR,-,-,-,-,-,-,-,-,23.13493600,72.61152500,05-09-2020 08:30,263,"","",56.8,"",""
2177,NARMADA MAIN CANAL NR. VILLAGE. LIMBADIA DIST. GANDHINAGAR.,CPCB,24,Gujarat,446,Gandhinagar,GANDHINAGAR,-,-,-,-,-,-,-,-,23.13493600,72.61152500,05-10-2020 08:30,208,"","",4,"",""
2178,NARMADA MAIN CANAL NR. VILLAGE. LIMBADIA DIST. GANDHINAGAR.,CPCB,24,Gujarat,446,Gandhinagar,GANDHINAGAR,-,-,-,-,-,-,-,-,23.13493600,72.61152500,05-11-2020 08:30,216,"","",2,"",""
2179,NARMADA MAIN CANAL NR. VILLAGE. LIMBADIA DIST. GANDHINAGAR.,CPCB,24,Gujarat,446,Gandhinagar,GANDHINAGAR,-,-,-,-,-,-,-,-,23.13493600,72.61152500,01-12-2020 08:30,232,"","",2,"",""
2180,NARSIMEHTA TALAV- JUNAGADH,CPCB,24,Gujarat,448,Junagadh,JUNAGADH,-,-,-,-,-,-,-,-,21.51885800,70.45479400,12-01-2018 08:30,1000,"","","","",""
2181,NARSIMEHTA TALAV- JUNAGADH,CPCB,24,Gujarat,448,Junagadh,JUNAGADH,-,-,-,-,-,-,-,-,21.51885800,70.45479400,09-02-2018 08:30,1100,"","","","",""
2182,NARSIMEHTA TALAV- JUNAGADH,CPCB,24,Gujarat,448,Junagadh,JUNAGADH,-,-,-,-,-,-,-,-,21.51885800,70.45479400,13-03-2018 08:30,1280,"","","","",""
2183,NARSIMEHTA TALAV- JUNAGADH,CPCB,24,Gujarat,448,Junagadh,JUNAGADH,-,-,-,-,-,-,-,-,21.51885800,70.45479400,02-04-2018 08:30,1140,"","","","",""
2184,NARSIMEHTA TALAV- JUNAGADH,CPCB,24,Gujarat,448,Junagadh,JUNAGADH,-,-,-,-,-,-,-,-,21.51885800,70.45479400,15-05-2018 08:30,1260,"","","","",""
2185,NARSIMEHTA TALAV- JUNAGADH,CPCB,24,Gujarat,448,Junagadh,JUNAGADH,-,-,-,-,-,-,-,-,21.51885800,70.45479400,04-06-2018 08:30,"","","","","",""
2186,NARSIMEHTA TALAV- JUNAGADH,CPCB,24,Gujarat,448,Junagadh,JUNAGADH,-,-,-,-,-,-,-,-,21.51885800,70.45479400,24-07-2018 08:30,303,"","","","",""
2187,NARSIMEHTA TALAV- JUNAGADH,CPCB,24,Gujarat,448,Junagadh,JUNAGADH,-,-,-,-,-,-,-,-,21.51885800,70.45479400,10-08-2018 08:30,491,"","","","",""
2188,NARSIMEHTA TALAV- JUNAGADH,CPCB,24,Gujarat,448,Junagadh,JUNAGADH,-,-,-,-,-,-,-,-,21.51885800,70.45479400,06-09-2018 08:30,1052,"","","","",""
2189,NARSIMEHTA TALAV- JUNAGADH,CPCB,24,Gujarat,448,Junagadh,JUNAGADH,-,-,-,-,-,-,-,-,21.51885800,70.45479400,09-10-2018 08:30,901,"","","","",""
2190,NARSIMEHTA TALAV- JUNAGADH,CPCB,24,Gujarat,448,Junagadh,JUNAGADH,-,-,-,-,-,-,-,-,21.51885800,70.45479400,13-11-2018 08:30,1126,"","","","",""
2191,NARSIMEHTA TALAV- JUNAGADH,CPCB,24,Gujarat,448,Junagadh,JUNAGADH,-,-,-,-,-,-,-,-,21.51885800,70.45479400,06-12-2018 08:30,1108,"","","","",""
2192,NARSIMEHTA TALAV- JUNAGADH,CPCB,24,Gujarat,448,Junagadh,JUNAGADH,-,-,-,-,-,-,-,-,21.51885800,70.45479400,11-01-2019 08:30,1170,"","","","",""
2193,NARSIMEHTA TALAV- JUNAGADH,CPCB,24,Gujarat,448,Junagadh,JUNAGADH,-,-,-,-,-,-,-,-,21.51885800,70.45479400,12-02-2019 08:30,1398,"","","","",""
2194,NARSIMEHTA TALAV- JUNAGADH,CPCB,24,Gujarat,448,Junagadh,JUNAGADH,-,-,-,-,-,-,-,-,21.51885800,70.45479400,02-03-2019 08:30,1736,"","","","",""
2195,NARSIMEHTA TALAV- JUNAGADH,CPCB,24,Gujarat,448,Junagadh,JUNAGADH,-,-,-,-,-,-,-,-,21.51885800,70.45479400,05-08-2019 08:30,1315,"","","","",""
2196,NARSIMEHTA TALAV- JUNAGADH,CPCB,24,Gujarat,448,Junagadh,JUNAGADH,-,-,-,-,-,-,-,-,21.51885800,70.45479400,16-10-2019 08:30,401,"","","","",""
2197,NARSIMEHTA TALAV- JUNAGADH,CPCB,24,Gujarat,448,Junagadh,JUNAGADH,-,-,-,-,-,-,-,-,21.51885800,70.45479400,08-11-2019 08:30,580,"","","","",""
2198,NARSIMEHTA TALAV- JUNAGADH,CPCB,24,Gujarat,448,Junagadh,JUNAGADH,-,-,-,-,-,-,-,-,21.51885800,70.45479400,21-01-2020 08:30,808,"","",12,"",10
2199,NARSIMEHTA TALAV- JUNAGADH,CPCB,24,Gujarat,448,Junagadh,JUNAGADH,-,-,-,-,-,-,-,-,21.51885800,70.45479400,29-02-2020 08:30,857,"","",15,"",""
2200,NARSIMEHTA TALAV- JUNAGADH,CPCB,24,Gujarat,448,Junagadh,JUNAGADH,-,-,-,-,-,-,-,-,21.51885800,70.45479400,13-03-2020 08:30,964,"","",53,"",""
2201,NARSIMEHTA TALAV- JUNAGADH,CPCB,24,Gujarat,448,Junagadh,JUNAGADH,-,-,-,-,-,-,-,-,21.51885800,70.45479400,09-04-2020 08:30,1135,"","",16,"",""
2202,NARSIMEHTA TALAV- JUNAGADH,CPCB,24,Gujarat,448,Junagadh,JUNAGADH,-,-,-,-,-,-,-,-,21.51885800,70.45479400,06-05-2020 08:30,815,"","",7,"",""
2203,NARSIMEHTA TALAV- JUNAGADH,CPCB,24,Gujarat,448,Junagadh,JUNAGADH,-,-,-,-,-,-,-,-,21.51885800,70.45479400,04-06-2020 08:30,1241,"","",18,"",""
2204,NARSIMEHTA TALAV- JUNAGADH,CPCB,24,Gujarat,448,Junagadh,JUNAGADH,-,-,-,-,-,-,-,-,21.51885800,70.45479400,02-07-2020 08:30,1056,"","",82,"",""
2205,NARSIMEHTA TALAV- JUNAGADH,CPCB,24,Gujarat,448,Junagadh,JUNAGADH,-,-,-,-,-,-,-,-,21.51885800,70.45479400,07-08-2020 08:30,477,"","",8,"",""
2206,NARSIMEHTA TALAV- JUNAGADH,CPCB,24,Gujarat,448,Junagadh,JUNAGADH,-,-,-,-,-,-,-,-,21.51885800,70.45479400,04-09-2020 08:30,530,"","",10,"",""
2207,NARSIMEHTA TALAV- JUNAGADH,CPCB,24,Gujarat,448,Junagadh,JUNAGADH,-,-,-,-,-,-,-,-,21.51885800,70.45479400,03-10-2020 08:30,355,"","",2,"",""
2208,NARSIMEHTA TALAV- JUNAGADH,CPCB,24,Gujarat,448,Junagadh,JUNAGADH,-,-,-,-,-,-,-,-,21.51885800,70.45479400,03-11-2020 08:30,610,"","",24,"",""
2209,NARSIMEHTA TALAV- JUNAGADH,CPCB,24,Gujarat,448,Junagadh,JUNAGADH,-,-,-,-,-,-,-,-,21.51885800,70.45479400,02-12-2020 08:30,1234,"","",16,"",""
2210,OLPAD VILLAGE POND:OLPAD SURAT,CPCB,24,Gujarat,459,Surat,OLPAD,-,-,-,-,-,-,-,-,21.33757400,72.75380900,04-01-2018 08:30,772,"","","","",""
2211,OLPAD VILLAGE POND:OLPAD SURAT,CPCB,24,Gujarat,459,Surat,OLPAD,-,-,-,-,-,-,-,-,21.33757400,72.75380900,03-02-2018 08:30,1055,"","","","",""
2212,OLPAD VILLAGE POND:OLPAD SURAT,CPCB,24,Gujarat,459,Surat,OLPAD,-,-,-,-,-,-,-,-,21.33757400,72.75380900,01-03-2018 08:30,936,"","","","",""
2213,OLPAD VILLAGE POND:OLPAD SURAT,CPCB,24,Gujarat,459,Surat,OLPAD,-,-,-,-,-,-,-,-,21.33757400,72.75380900,02-04-2018 08:30,871,"","","","",""
2214,OLPAD VILLAGE POND:OLPAD SURAT,CPCB,24,Gujarat,459,Surat,OLPAD,-,-,-,-,-,-,-,-,21.33757400,72.75380900,01-05-2018 08:30,880,"","","","",""
2215,OLPAD VILLAGE POND:OLPAD SURAT,CPCB,24,Gujarat,459,Surat,OLPAD,-,-,-,-,-,-,-,-,21.33757400,72.75380900,01-06-2018 08:30,923,"","","","",""
2216,OLPAD VILLAGE POND:OLPAD SURAT,CPCB,24,Gujarat,459,Surat,OLPAD,-,-,-,-,-,-,-,-,21.33757400,72.75380900,05-07-2018 08:30,920,"","","","",""
2217,OLPAD VILLAGE POND:OLPAD SURAT,CPCB,24,Gujarat,459,Surat,OLPAD,-,-,-,-,-,-,-,-,21.33757400,72.75380900,03-08-2018 08:30,405,"","","","",""
2218,OLPAD VILLAGE POND:OLPAD SURAT,CPCB,24,Gujarat,459,Surat,OLPAD,-,-,-,-,-,-,-,-,21.33757400,72.75380900,01-09-2018 08:30,539,"","","","",""
2219,OLPAD VILLAGE POND:OLPAD SURAT,CPCB,24,Gujarat,459,Surat,OLPAD,-,-,-,-,-,-,-,-,21.33757400,72.75380900,01-10-2018 08:30,621,"","","","",""
2220,OLPAD VILLAGE POND:OLPAD SURAT,CPCB,24,Gujarat,459,Surat,OLPAD,-,-,-,-,-,-,-,-,21.33757400,72.75380900,01-11-2018 08:30,2528,"","","","",""
2221,OLPAD VILLAGE POND:OLPAD SURAT,CPCB,24,Gujarat,459,Surat,OLPAD,-,-,-,-,-,-,-,-,21.33757400,72.75380900,03-12-2018 08:30,803,"","","","",""
2222,OLPAD VILLAGE POND:OLPAD SURAT,CPCB,24,Gujarat,459,Surat,OLPAD,-,-,-,-,-,-,-,-,21.33757400,72.75380900,07-01-2019 08:30,775,"","","","",""
2223,OLPAD VILLAGE POND:OLPAD SURAT,CPCB,24,Gujarat,459,Surat,OLPAD,-,-,-,-,-,-,-,-,21.33757400,72.75380900,02-02-2019 08:30,764,"","","","",""
2224,OLPAD VILLAGE POND:OLPAD SURAT,CPCB,24,Gujarat,459,Surat,OLPAD,-,-,-,-,-,-,-,-,21.33757400,72.75380900,06-03-2019 08:30,980,"","","","",""
2225,OLPAD VILLAGE POND:OLPAD SURAT,CPCB,24,Gujarat,459,Surat,OLPAD,-,-,-,-,-,-,-,-,21.33757400,72.75380900,04-04-2019 08:30,853,"","","","",""
2226,OLPAD VILLAGE POND:OLPAD SURAT,CPCB,24,Gujarat,459,Surat,OLPAD,-,-,-,-,-,-,-,-,21.33757400,72.75380900,01-05-2019 08:30,1126,"","","","",""
2227,OLPAD VILLAGE POND:OLPAD SURAT,CPCB,24,Gujarat,459,Surat,OLPAD,-,-,-,-,-,-,-,-,21.33757400,72.75380900,03-06-2019 08:30,685,"","","","",""
2228,OLPAD VILLAGE POND:OLPAD SURAT,CPCB,24,Gujarat,459,Surat,OLPAD,-,-,-,-,-,-,-,-,21.33757400,72.75380900,04-07-2019 08:30,966,"","","","",""
2229,OLPAD VILLAGE POND:OLPAD SURAT,CPCB,24,Gujarat,459,Surat,OLPAD,-,-,-,-,-,-,-,-,21.33757400,72.75380900,03-08-2019 08:30,663,"","","","",""
2230,OLPAD VILLAGE POND:OLPAD SURAT,CPCB,24,Gujarat,459,Surat,OLPAD,-,-,-,-,-,-,-,-,21.33757400,72.75380900,03-09-2019 08:30,521,"","","","",""
2231,OLPAD VILLAGE POND:OLPAD SURAT,CPCB,24,Gujarat,459,Surat,OLPAD,-,-,-,-,-,-,-,-,21.33757400,72.75380900,01-10-2019 08:30,549,"","","","",""
2232,OLPAD VILLAGE POND:OLPAD SURAT,CPCB,24,Gujarat,459,Surat,OLPAD,-,-,-,-,-,-,-,-,21.33757400,72.75380900,07-11-2019 08:30,662,"","","","",""
2233,OLPAD VILLAGE POND:OLPAD SURAT,CPCB,24,Gujarat,459,Surat,OLPAD,-,-,-,-,-,-,-,-,21.33757400,72.75380900,04-12-2019 08:30,638,"","","","",""
2234,OLPAD VILLAGE POND:OLPAD SURAT,CPCB,24,Gujarat,459,Surat,OLPAD,-,-,-,-,-,-,-,-,21.33757400,72.75380900,02-01-2020 08:30,1421,"","",18,"",12
2235,OLPAD VILLAGE POND:OLPAD SURAT,CPCB,24,Gujarat,459,Surat,OLPAD,-,-,-,-,-,-,-,-,21.33757400,72.75380900,03-02-2020 08:30,863,"","",14,"",""
2236,OLPAD VILLAGE POND:OLPAD SURAT,CPCB,24,Gujarat,459,Surat,OLPAD,-,-,-,-,-,-,-,-,21.33757400,72.75380900,04-03-2020 08:30,946,"","",5,"",""
2237,OLPAD VILLAGE POND:OLPAD SURAT,CPCB,24,Gujarat,459,Surat,OLPAD,-,-,-,-,-,-,-,-,21.33757400,72.75380900,07-04-2020 08:30,817,"","",12,"",""
2238,OLPAD VILLAGE POND:OLPAD SURAT,CPCB,24,Gujarat,459,Surat,OLPAD,-,-,-,-,-,-,-,-,21.33757400,72.75380900,11-05-2020 08:30,1208,"","",20,"",""
2239,OLPAD VILLAGE POND:OLPAD SURAT,CPCB,24,Gujarat,459,Surat,OLPAD,-,-,-,-,-,-,-,-,21.33757400,72.75380900,04-06-2020 08:30,1130,"","",6,"",""
2240,OLPAD VILLAGE POND:OLPAD SURAT,CPCB,24,Gujarat,459,Surat,OLPAD,-,-,-,-,-,-,-,-,21.33757400,72.75380900,07-07-2020 08:30,750,"","",7,"",""
2241,OLPAD VILLAGE POND:OLPAD SURAT,CPCB,24,Gujarat,459,Surat,OLPAD,-,-,-,-,-,-,-,-,21.33757400,72.75380900,06-08-2020 08:30,532,"","",3,"",""
2242,OLPAD VILLAGE POND:OLPAD SURAT,CPCB,24,Gujarat,459,Surat,OLPAD,-,-,-,-,-,-,-,-,21.33757400,72.75380900,01-09-2020 08:30,595,"","",10,"",""
2243,OLPAD VILLAGE POND:OLPAD SURAT,CPCB,24,Gujarat,459,Surat,OLPAD,-,-,-,-,-,-,-,-,21.33757400,72.75380900,01-10-2020 08:30,649,"","",2,"",""
2244,OLPAD VILLAGE POND:OLPAD SURAT,CPCB,24,Gujarat,459,Surat,OLPAD,-,-,-,-,-,-,-,-,21.33757400,72.75380900,02-11-2020 08:30,699,"","",1,"",""
2245,OLPAD VILLAGE POND:OLPAD SURAT,CPCB,24,Gujarat,459,Surat,OLPAD,-,-,-,-,-,-,-,-,21.33757400,72.75380900,01-12-2020 08:30,7359,"","",2,"",""
2246,PANDESARA (INDSTRIAL) SURAT,CPCB,24,Gujarat,459,Surat,SURAT CITY,-,-,-,-,-,-,-,-,21.14066700,72.84272700,05-04-2020 08:30,2374,"","",2,"",""
2247,PANDESARA (INDSTRIAL) SURAT,CPCB,24,Gujarat,459,Surat,SURAT CITY,-,-,-,-,-,-,-,-,21.14066700,72.84272700,01-10-2020 08:30,5201,"","",3,"",""
2248,PATAN BOREWELL,CPCB,24,Gujarat,455,Patan,PATAN,-,-,-,-,-,-,-,-,23.84929200,72.12675300,02-04-2018 08:30,1628,"","","","",""
2249,PATAN BOREWELL,CPCB,24,Gujarat,455,Patan,PATAN,-,-,-,-,-,-,-,-,23.84929200,72.12675300,01-10-2018 08:30,1882,"","","","",""
2250,PATAN BOREWELL,CPCB,24,Gujarat,455,Patan,PATAN,-,-,-,-,-,-,-,-,23.84929200,72.12675300,01-04-2019 08:30,1701,Clear,"","","",""
2251,PATAN BOREWELL,CPCB,24,Gujarat,455,Patan,PATAN,-,-,-,-,-,-,-,-,23.84929200,72.12675300,01-10-2019 08:30,1988,Clear,"","","",""
2252,PATAN BOREWELL,CPCB,24,Gujarat,455,Patan,PATAN,-,-,-,-,-,-,-,-,23.84929200,72.12675300,11-04-2020 08:30,2190,"","",0.6,"",""
2253,PURNA RIVER ON BRIDGE AT SURAT-NAVSARI HIGHWAY,CPCB,24,Gujarat,453,Navsari,NAVSARI,-,-,-,-,-,-,-,-,20.98046400,73.01675700,08-02-2018 08:30,"","","","","",""
2254,PURNA RIVER ON BRIDGE AT SURAT-NAVSARI HIGHWAY,CPCB,24,Gujarat,453,Navsari,NAVSARI,-,-,-,-,-,-,-,-,20.98046400,73.01675700,01-03-2018 08:30,"","","","","",""
2255,PURNA RIVER ON BRIDGE AT SURAT-NAVSARI HIGHWAY,CPCB,24,Gujarat,453,Navsari,NAVSARI,-,-,-,-,-,-,-,-,20.98046400,73.01675700,05-04-2018 08:30,"","","","","",""
2256,PURNA RIVER ON BRIDGE AT SURAT-NAVSARI HIGHWAY,CPCB,24,Gujarat,453,Navsari,NAVSARI,-,-,-,-,-,-,-,-,20.98046400,73.01675700,05-05-2018 08:30,"","","","","",""
2257,PURNA RIVER ON BRIDGE AT SURAT-NAVSARI HIGHWAY,CPCB,24,Gujarat,453,Navsari,NAVSARI,-,-,-,-,-,-,-,-,20.98046400,73.01675700,06-06-2018 08:30,"","","","","",""
2258,PURNA RIVER ON BRIDGE AT SURAT-NAVSARI HIGHWAY,CPCB,24,Gujarat,453,Navsari,NAVSARI,-,-,-,-,-,-,-,-,20.98046400,73.01675700,05-07-2018 08:30,"","","","","",""
2259,PURNA RIVER ON BRIDGE AT SURAT-NAVSARI HIGHWAY,CPCB,24,Gujarat,453,Navsari,NAVSARI,-,-,-,-,-,-,-,-,20.98046400,73.01675700,01-08-2018 08:30,"","","","","",""
2260,PURNA RIVER ON BRIDGE AT SURAT-NAVSARI HIGHWAY,CPCB,24,Gujarat,453,Navsari,NAVSARI,-,-,-,-,-,-,-,-,20.98046400,73.01675700,14-09-2018 08:30,"","","","","",""
2261,PURNA RIVER ON BRIDGE AT SURAT-NAVSARI HIGHWAY,CPCB,24,Gujarat,453,Navsari,NAVSARI,-,-,-,-,-,-,-,-,20.98046400,73.01675700,03-10-2018 08:30,"","","","","",""
2262,PURNA RIVER ON BRIDGE AT SURAT-NAVSARI HIGHWAY,CPCB,24,Gujarat,453,Navsari,NAVSARI,-,-,-,-,-,-,-,-,20.98046400,73.01675700,03-11-2018 08:30,"","","","","",""
2263,PURNA RIVER ON BRIDGE AT SURAT-NAVSARI HIGHWAY,CPCB,24,Gujarat,453,Navsari,NAVSARI,-,-,-,-,-,-,-,-,20.98046400,73.01675700,01-12-2018 08:30,"","","","","",""
2264,PURNA RIVER ON BRIDGE AT SURAT-NAVSARI HIGHWAY,CPCB,24,Gujarat,453,Navsari,NAVSARI,-,-,-,-,-,-,-,-,20.98046400,73.01675700,03-01-2019 08:30,"","","","","",""
2265,PURNA RIVER ON BRIDGE AT SURAT-NAVSARI HIGHWAY,CPCB,24,Gujarat,453,Navsari,NAVSARI,-,-,-,-,-,-,-,-,20.98046400,73.01675700,11-02-2019 08:30,"","","","","",""
2266,PURNA RIVER ON BRIDGE AT SURAT-NAVSARI HIGHWAY,CPCB,24,Gujarat,453,Navsari,NAVSARI,-,-,-,-,-,-,-,-,20.98046400,73.01675700,22-03-2019 08:30,"","","","","",""
2267,PURNA RIVER ON BRIDGE AT SURAT-NAVSARI HIGHWAY,CPCB,24,Gujarat,453,Navsari,NAVSARI,-,-,-,-,-,-,-,-,20.98046400,73.01675700,01-04-2019 08:30,"","","","","",""
2268,PURNA RIVER ON BRIDGE AT SURAT-NAVSARI HIGHWAY,CPCB,24,Gujarat,453,Navsari,NAVSARI,-,-,-,-,-,-,-,-,20.98046400,73.01675700,02-05-2019 08:30,"","","","","",""
2269,PURNA RIVER ON BRIDGE AT SURAT-NAVSARI HIGHWAY,CPCB,24,Gujarat,453,Navsari,NAVSARI,-,-,-,-,-,-,-,-,20.98046400,73.01675700,06-06-2019 08:30,"","","","","",""
2270,PURNA RIVER ON BRIDGE AT SURAT-NAVSARI HIGHWAY,CPCB,24,Gujarat,453,Navsari,NAVSARI,-,-,-,-,-,-,-,-,20.98046400,73.01675700,04-07-2019 08:30,"","","","","",""
2271,PURNA RIVER ON BRIDGE AT SURAT-NAVSARI HIGHWAY,CPCB,24,Gujarat,453,Navsari,NAVSARI,-,-,-,-,-,-,-,-,20.98046400,73.01675700,03-08-2019 08:30,"","","","","",""
2272,PURNA RIVER ON BRIDGE AT SURAT-NAVSARI HIGHWAY,CPCB,24,Gujarat,453,Navsari,NAVSARI,-,-,-,-,-,-,-,-,20.98046400,73.01675700,03-09-2019 08:30,"","","","","",""
2273,PURNA RIVER ON BRIDGE AT SURAT-NAVSARI HIGHWAY,CPCB,24,Gujarat,453,Navsari,NAVSARI,-,-,-,-,-,-,-,-,20.98046400,73.01675700,01-10-2019 08:30,"","","","","",""
2274,PURNA RIVER ON BRIDGE AT SURAT-NAVSARI HIGHWAY,CPCB,24,Gujarat,453,Navsari,NAVSARI,-,-,-,-,-,-,-,-,20.98046400,73.01675700,02-11-2019 08:30,"","","","","",""
2275,PURNA RIVER ON BRIDGE AT SURAT-NAVSARI HIGHWAY,CPCB,24,Gujarat,453,Navsari,NAVSARI,-,-,-,-,-,-,-,-,20.98046400,73.01675700,04-12-2019 08:30,"","","","","",""
2276,PURNA RIVER ON BRIDGE AT SURAT-NAVSARI HIGHWAY,CPCB,24,Gujarat,453,Navsari,NAVSARI,-,-,-,-,-,-,-,-,20.98046400,73.01675700,08-01-2020 08:30,1498,"","",3,"",8
2277,PURNA RIVER ON BRIDGE AT SURAT-NAVSARI HIGHWAY,CPCB,24,Gujarat,453,Navsari,NAVSARI,-,-,-,-,-,-,-,-,20.98046400,73.01675700,04-02-2020 08:30,28630,"","",4,"",""
2278,PURNA RIVER ON BRIDGE AT SURAT-NAVSARI HIGHWAY,CPCB,24,Gujarat,453,Navsari,NAVSARI,-,-,-,-,-,-,-,-,20.98046400,73.01675700,04-03-2020 08:30,1042,"","",6,"",""
2279,PURNA RIVER ON BRIDGE AT SURAT-NAVSARI HIGHWAY,CPCB,24,Gujarat,453,Navsari,NAVSARI,-,-,-,-,-,-,-,-,20.98046400,73.01675700,09-04-2020 08:30,921,"","",17,"",""
2280,PURNA RIVER ON BRIDGE AT SURAT-NAVSARI HIGHWAY,CPCB,24,Gujarat,453,Navsari,NAVSARI,-,-,-,-,-,-,-,-,20.98046400,73.01675700,02-05-2020 08:30,1278,"","",10,"",""
2281,PURNA RIVER ON BRIDGE AT SURAT-NAVSARI HIGHWAY,CPCB,24,Gujarat,453,Navsari,NAVSARI,-,-,-,-,-,-,-,-,20.98046400,73.01675700,04-06-2020 08:30,4840,"","",8,"",""
2282,PURNA RIVER ON BRIDGE AT SURAT-NAVSARI HIGHWAY,CPCB,24,Gujarat,453,Navsari,NAVSARI,-,-,-,-,-,-,-,-,20.98046400,73.01675700,01-07-2020 08:30,678,"","",54,"",""
2283,PURNA RIVER ON BRIDGE AT SURAT-NAVSARI HIGHWAY,CPCB,24,Gujarat,453,Navsari,NAVSARI,-,-,-,-,-,-,-,-,20.98046400,73.01675700,04-08-2020 08:30,387,"","",25,"",""
2284,PURNA RIVER ON BRIDGE AT SURAT-NAVSARI HIGHWAY,CPCB,24,Gujarat,453,Navsari,NAVSARI,-,-,-,-,-,-,-,-,20.98046400,73.01675700,04-09-2020 08:30,1908,"","",1,"",""
2285,PURNA RIVER ON BRIDGE AT SURAT-NAVSARI HIGHWAY,CPCB,24,Gujarat,453,Navsari,NAVSARI,-,-,-,-,-,-,-,-,20.98046400,73.01675700,02-10-2020 08:30,722,"","",2,"",""
2286,PURNA RIVER ON BRIDGE AT SURAT-NAVSARI HIGHWAY,CPCB,24,Gujarat,453,Navsari,NAVSARI,-,-,-,-,-,-,-,-,20.98046400,73.01675700,03-11-2020 08:30,8542,"","",2,"",""
2287,PURNA RIVER ON BRIDGE AT SURAT-NAVSARI HIGHWAY,CPCB,24,Gujarat,453,Navsari,NAVSARI,-,-,-,-,-,-,-,-,20.98046400,73.01675700,02-12-2020 08:30,1064,"","",2,"",""
2288,RIVER MAHI AT DODKA,CPCB,24,Gujarat,461,Vadodara,VADODARA,-,-,-,-,-,-,-,-,22.46027800,73.09388900,04-06-2019 08:30,"","","","","",""
2289,RIVER MAHI AT DODKA,CPCB,24,Gujarat,461,Vadodara,VADODARA,-,-,-,-,-,-,-,-,22.46027800,73.09388900,06-07-2019 08:30,"","","","","",""
2290,RIVER MAHI AT DODKA,CPCB,24,Gujarat,461,Vadodara,VADODARA,-,-,-,-,-,-,-,-,22.46027800,73.09388900,05-10-2019 08:30,"","","","","",""
2291,RIVER MAHI AT DODKA,CPCB,24,Gujarat,461,Vadodara,VADODARA,-,-,-,-,-,-,-,-,22.46027800,73.09388900,04-11-2019 08:30,"","","","","",""
2292,RIVER MAHI AT DODKA,CPCB,24,Gujarat,461,Vadodara,VADODARA,-,-,-,-,-,-,-,-,22.46027800,73.09388900,07-12-2019 08:30,"","","","","",""
2293,RIVER MAHI AT DODKA,CPCB,24,Gujarat,461,Vadodara,VADODARA,-,-,-,-,-,-,-,-,22.46027800,73.09388900,01-01-2020 08:30,492,"","",6.2,"",14
2294,RIVER MAHI AT DODKA,CPCB,24,Gujarat,461,Vadodara,VADODARA,-,-,-,-,-,-,-,-,22.46027800,73.09388900,05-02-2020 08:30,500,"","",3.2,"",""
2295,RIVER MAHI AT DODKA,CPCB,24,Gujarat,461,Vadodara,VADODARA,-,-,-,-,-,-,-,-,22.46027800,73.09388900,04-03-2020 08:30,505,"","",1.6,"",""
2296,RIVER MAHI AT DODKA,CPCB,24,Gujarat,461,Vadodara,VADODARA,-,-,-,-,-,-,-,-,22.46027800,73.09388900,03-04-2020 08:30,473,"","",1.8,"",""
2297,RIVER MAHI AT DODKA,CPCB,24,Gujarat,461,Vadodara,VADODARA,-,-,-,-,-,-,-,-,22.46027800,73.09388900,01-05-2020 08:30,480,"","",1,"",""
2298,RIVER MAHI AT DODKA,CPCB,24,Gujarat,461,Vadodara,VADODARA,-,-,-,-,-,-,-,-,22.46027800,73.09388900,03-06-2020 08:30,476,"","",7.1,"",""
2299,RIVER MAHI AT DODKA,CPCB,24,Gujarat,461,Vadodara,VADODARA,-,-,-,-,-,-,-,-,22.46027800,73.09388900,04-07-2020 08:30,420,"","",7.9,"",""
2300,RIVER MAHI AT DODKA,CPCB,24,Gujarat,461,Vadodara,VADODARA,-,-,-,-,-,-,-,-,22.46027800,73.09388900,04-08-2020 08:30,428,"","",1.5,"",""
2301,RIVER MAHI AT DODKA,CPCB,24,Gujarat,461,Vadodara,VADODARA,-,-,-,-,-,-,-,-,22.46027800,73.09388900,01-09-2020 08:30,332,"","",90,"",""
2302,RIVER MAHI AT DODKA,CPCB,24,Gujarat,461,Vadodara,VADODARA,-,-,-,-,-,-,-,-,22.46027800,73.09388900,01-10-2020 08:30,339,"","",Clear,"",""
2303,RIVER MAHI AT DODKA,CPCB,24,Gujarat,461,Vadodara,VADODARA,-,-,-,-,-,-,-,-,22.46027800,73.09388900,02-11-2020 08:30,377,"","",2,"",""
2304,RIVER MAHI AT DODKA,CPCB,24,Gujarat,461,Vadodara,VADODARA,-,-,-,-,-,-,-,-,22.46027800,73.09388900,01-12-2020 08:30,416,"","",22,"",""
2305,RIVER SABARMATI AT AHMEDABAD D/S,CPCB,24,Gujarat,438,Ahmedabad,DASKROI,-,-,-,-,-,-,-,-,22.91532600,72.51582800,04-02-2018 08:30,"","","","","",""
2306,RIVER SABARMATI AT AHMEDABAD D/S,CPCB,24,Gujarat,438,Ahmedabad,DASKROI,-,-,-,-,-,-,-,-,22.91532600,72.51582800,03-03-2018 08:30,"","","","","",""
2307,RIVER SABARMATI AT AHMEDABAD D/S,CPCB,24,Gujarat,438,Ahmedabad,DASKROI,-,-,-,-,-,-,-,-,22.91532600,72.51582800,05-04-2018 08:30,"","","","","",""
2308,RIVER SABARMATI AT AHMEDABAD D/S,CPCB,24,Gujarat,438,Ahmedabad,DASKROI,-,-,-,-,-,-,-,-,22.91532600,72.51582800,02-05-2018 08:30,"","","","","",""
2309,RIVER SABARMATI AT AHMEDABAD D/S,CPCB,24,Gujarat,438,Ahmedabad,DASKROI,-,-,-,-,-,-,-,-,22.91532600,72.51582800,03-06-2018 08:30,"","","","","",""
2310,RIVER SABARMATI AT AHMEDABAD D/S,CPCB,24,Gujarat,438,Ahmedabad,DASKROI,-,-,-,-,-,-,-,-,22.91532600,72.51582800,04-07-2018 08:30,"","","","","",""
2311,RIVER SABARMATI AT AHMEDABAD D/S,CPCB,24,Gujarat,438,Ahmedabad,DASKROI,-,-,-,-,-,-,-,-,22.91532600,72.51582800,04-08-2018 08:30,"","","","","",""
2312,RIVER SABARMATI AT AHMEDABAD D/S,CPCB,24,Gujarat,438,Ahmedabad,DASKROI,-,-,-,-,-,-,-,-,22.91532600,72.51582800,05-09-2018 08:30,"","","","","",""
2313,RIVER SABARMATI AT AHMEDABAD D/S,CPCB,24,Gujarat,438,Ahmedabad,DASKROI,-,-,-,-,-,-,-,-,22.91532600,72.51582800,04-10-2018 08:30,"","","","","",""
2314,RIVER SABARMATI AT AHMEDABAD D/S,CPCB,24,Gujarat,438,Ahmedabad,DASKROI,-,-,-,-,-,-,-,-,22.91532600,72.51582800,03-11-2018 08:30,"","","","","",""
2315,RIVER SABARMATI AT AHMEDABAD D/S,CPCB,24,Gujarat,438,Ahmedabad,DASKROI,-,-,-,-,-,-,-,-,22.91532600,72.51582800,04-12-2018 08:30,"","","","","",""
2316,RIVER SABARMATI AT AHMEDABAD D/S,CPCB,24,Gujarat,438,Ahmedabad,DASKROI,-,-,-,-,-,-,-,-,22.91532600,72.51582800,03-01-2019 08:30,"","","","","",""
2317,RIVER SABARMATI AT AHMEDABAD D/S,CPCB,24,Gujarat,438,Ahmedabad,DASKROI,-,-,-,-,-,-,-,-,22.91532600,72.51582800,02-02-2019 08:30,"","","","","",""
2318,RIVER SABARMATI AT AHMEDABAD D/S,CPCB,24,Gujarat,438,Ahmedabad,DASKROI,-,-,-,-,-,-,-,-,22.91532600,72.51582800,02-03-2019 08:30,"","","","","",""
2319,RIVER SABARMATI AT AHMEDABAD D/S,CPCB,24,Gujarat,438,Ahmedabad,DASKROI,-,-,-,-,-,-,-,-,22.91532600,72.51582800,02-04-2019 08:30,"","","","","",""
2320,RIVER SABARMATI AT AHMEDABAD D/S,CPCB,24,Gujarat,438,Ahmedabad,DASKROI,-,-,-,-,-,-,-,-,22.91532600,72.51582800,02-05-2019 08:30,"","","","","",""
2321,RIVER SABARMATI AT AHMEDABAD D/S,CPCB,24,Gujarat,438,Ahmedabad,DASKROI,-,-,-,-,-,-,-,-,22.91532600,72.51582800,03-06-2019 08:30,"","","","","",""
2322,RIVER SABARMATI AT AHMEDABAD D/S,CPCB,24,Gujarat,438,Ahmedabad,DASKROI,-,-,-,-,-,-,-,-,22.91532600,72.51582800,05-07-2019 08:30,"","","","","",""
2323,RIVER SABARMATI AT AHMEDABAD D/S,CPCB,24,Gujarat,438,Ahmedabad,DASKROI,-,-,-,-,-,-,-,-,22.91532600,72.51582800,05-08-2019 08:30,"","","","","",""
2324,RIVER SABARMATI AT AHMEDABAD D/S,CPCB,24,Gujarat,438,Ahmedabad,DASKROI,-,-,-,-,-,-,-,-,22.91532600,72.51582800,06-09-2019 08:30,"","","","","",""
2325,RIVER SABARMATI AT AHMEDABAD D/S,CPCB,24,Gujarat,438,Ahmedabad,DASKROI,-,-,-,-,-,-,-,-,22.91532600,72.51582800,04-10-2019 08:30,"","","","","",""
2326,RIVER SABARMATI AT AHMEDABAD D/S,CPCB,24,Gujarat,438,Ahmedabad,DASKROI,-,-,-,-,-,-,-,-,22.91532600,72.51582800,05-11-2019 08:30,"","","","","",""
2327,RIVER SABARMATI AT AHMEDABAD D/S,CPCB,24,Gujarat,438,Ahmedabad,DASKROI,-,-,-,-,-,-,-,-,22.91532600,72.51582800,05-12-2019 08:30,"","","","","",""
2328,RIVER SABARMATI AT AHMEDABAD D/S,CPCB,24,Gujarat,438,Ahmedabad,DASKROI,-,-,-,-,-,-,-,-,22.91532600,72.51582800,04-01-2020 08:30,2505,"","",4.5,"",38
2329,RIVER SABARMATI AT AHMEDABAD D/S,CPCB,24,Gujarat,438,Ahmedabad,DASKROI,-,-,-,-,-,-,-,-,22.91532600,72.51582800,05-02-2020 08:30,2573,"","",4.6,"",""
2330,RIVER SABARMATI AT AHMEDABAD D/S,CPCB,24,Gujarat,438,Ahmedabad,DASKROI,-,-,-,-,-,-,-,-,22.91532600,72.51582800,04-03-2020 08:30,2830,"","",1.8,"",""
2331,RIVER SABARMATI AT AHMEDABAD D/S,CPCB,24,Gujarat,438,Ahmedabad,DASKROI,-,-,-,-,-,-,-,-,22.91532600,72.51582800,08-04-2020 08:30,1701,"","",1.6,"",""
2332,RIVER SABARMATI AT AHMEDABAD D/S,CPCB,24,Gujarat,438,Ahmedabad,DASKROI,-,-,-,-,-,-,-,-,22.91532600,72.51582800,02-05-2020 08:30,1882,"","",0.4,"",""
2333,RIVER SABARMATI AT AHMEDABAD D/S,CPCB,24,Gujarat,438,Ahmedabad,DASKROI,-,-,-,-,-,-,-,-,22.91532600,72.51582800,03-06-2020 08:30,1934,"","",1.4,"",""
2334,RIVER SABARMATI AT AHMEDABAD D/S,CPCB,24,Gujarat,438,Ahmedabad,DASKROI,-,-,-,-,-,-,-,-,22.91532600,72.51582800,07-07-2020 08:30,2010,"","",0.8,"",""
2335,RIVER SABARMATI AT AHMEDABAD D/S,CPCB,24,Gujarat,438,Ahmedabad,DASKROI,-,-,-,-,-,-,-,-,22.91532600,72.51582800,06-08-2020 08:30,2051,"","",4.1,"",""
2336,RIVER SABARMATI AT AHMEDABAD D/S,CPCB,24,Gujarat,438,Ahmedabad,DASKROI,-,-,-,-,-,-,-,-,22.91532600,72.51582800,03-09-2020 08:30,664,"","",32.3,"",""
2337,RIVER SABARMATI AT AHMEDABAD D/S,CPCB,24,Gujarat,438,Ahmedabad,DASKROI,-,-,-,-,-,-,-,-,22.91532600,72.51582800,05-10-2020 08:30,965,"","",20,"",""
2338,RIVER SABARMATI AT AHMEDABAD D/S,CPCB,24,Gujarat,438,Ahmedabad,DASKROI,-,-,-,-,-,-,-,-,22.91532600,72.51582800,03-11-2020 08:30,2466,"","",86,"",""
2339,RIVER SABARMATI AT AHMEDABAD D/S,CPCB,24,Gujarat,438,Ahmedabad,DASKROI,-,-,-,-,-,-,-,-,22.91532600,72.51582800,03-12-2020 08:30,2427,"","",17,"",""
2340,RIVER SABARMATI AT AHMEDABAD U/S,CPCB,24,Gujarat,446,Gandhinagar,GANDHINAGAR,-,-,-,-,-,-,-,-,23.15828600,72.67341300,02-01-2018 08:30,"","","","","",""
2341,RIVER SABARMATI AT AHMEDABAD U/S,CPCB,24,Gujarat,446,Gandhinagar,GANDHINAGAR,-,-,-,-,-,-,-,-,23.15828600,72.67341300,01-02-2018 08:30,"","","","","",""
2342,RIVER SABARMATI AT AHMEDABAD U/S,CPCB,24,Gujarat,446,Gandhinagar,GANDHINAGAR,-,-,-,-,-,-,-,-,23.15828600,72.67341300,01-03-2018 08:30,"","","","","",""
2343,RIVER SABARMATI AT AHMEDABAD U/S,CPCB,24,Gujarat,446,Gandhinagar,GANDHINAGAR,-,-,-,-,-,-,-,-,23.15828600,72.67341300,02-04-2018 08:30,"","","","","",""
2344,RIVER SABARMATI AT AHMEDABAD U/S,CPCB,24,Gujarat,446,Gandhinagar,GANDHINAGAR,-,-,-,-,-,-,-,-,23.15828600,72.67341300,02-08-2018 08:30,"","","","","",""
2345,RIVER SABARMATI AT AHMEDABAD U/S,CPCB,24,Gujarat,446,Gandhinagar,GANDHINAGAR,-,-,-,-,-,-,-,-,23.15828600,72.67341300,01-10-2018 08:30,"","","","","",""
2346,RIVER SABARMATI AT AHMEDABAD U/S,CPCB,24,Gujarat,446,Gandhinagar,GANDHINAGAR,-,-,-,-,-,-,-,-,23.15828600,72.67341300,01-11-2018 08:30,"","","","","",""
2347,RIVER SABARMATI AT AHMEDABAD U/S,CPCB,24,Gujarat,446,Gandhinagar,GANDHINAGAR,-,-,-,-,-,-,-,-,23.15828600,72.67341300,01-12-2018 08:30,"","","","","",""
2348,RIVER SABARMATI AT AHMEDABAD U/S,CPCB,24,Gujarat,446,Gandhinagar,GANDHINAGAR,-,-,-,-,-,-,-,-,23.15828600,72.67341300,02-01-2019 08:30,"","","","","",""
2349,RIVER SABARMATI AT AHMEDABAD U/S,CPCB,24,Gujarat,446,Gandhinagar,GANDHINAGAR,-,-,-,-,-,-,-,-,23.15828600,72.67341300,02-03-2019 08:30,"","","","","",""
2350,RIVER SABARMATI AT AHMEDABAD U/S,CPCB,24,Gujarat,446,Gandhinagar,GANDHINAGAR,-,-,-,-,-,-,-,-,23.15828600,72.67341300,02-08-2019 08:30,"","","","","",""
2351,RIVER SABARMATI AT AHMEDABAD U/S,CPCB,24,Gujarat,446,Gandhinagar,GANDHINAGAR,-,-,-,-,-,-,-,-,23.15828600,72.67341300,01-09-2019 08:30,"","","","","",""
2352,RIVER SABARMATI AT AHMEDABAD U/S,CPCB,24,Gujarat,446,Gandhinagar,GANDHINAGAR,-,-,-,-,-,-,-,-,23.15828600,72.67341300,01-10-2019 08:30,"","","","","",""
2353,RIVER SABARMATI AT AHMEDABAD U/S,CPCB,24,Gujarat,446,Gandhinagar,GANDHINAGAR,-,-,-,-,-,-,-,-,23.15828600,72.67341300,04-11-2019 08:30,"","","","","",""
2354,RIVER SABARMATI AT AHMEDABAD U/S,CPCB,24,Gujarat,446,Gandhinagar,GANDHINAGAR,-,-,-,-,-,-,-,-,23.15828600,72.67341300,03-12-2019 08:30,"","","","","",""
2355,RIVER SABARMATI AT AHMEDABAD U/S,CPCB,24,Gujarat,446,Gandhinagar,GANDHINAGAR,-,-,-,-,-,-,-,-,23.15828600,72.67341300,02-01-2020 08:30,322,"","",1.9,"",10
2356,RIVER SABARMATI AT AHMEDABAD U/S,CPCB,24,Gujarat,446,Gandhinagar,GANDHINAGAR,-,-,-,-,-,-,-,-,23.15828600,72.67341300,01-02-2020 08:30,339,"","",2.1,"",""
2357,RIVER SABARMATI AT AHMEDABAD U/S,CPCB,24,Gujarat,446,Gandhinagar,GANDHINAGAR,-,-,-,-,-,-,-,-,23.15828600,72.67341300,04-03-2020 08:30,403,"","",0.6,"",""
2358,RIVER SABARMATI AT AHMEDABAD U/S,CPCB,24,Gujarat,446,Gandhinagar,GANDHINAGAR,-,-,-,-,-,-,-,-,23.15828600,72.67341300,03-04-2020 08:30,337,"","",0.4,"",""
2359,RIVER SABARMATI AT AHMEDABAD U/S,CPCB,24,Gujarat,446,Gandhinagar,GANDHINAGAR,-,-,-,-,-,-,-,-,23.15828600,72.67341300,01-05-2020 08:30,"","","","","",""
2360,RIVER SABARMATI AT AHMEDABAD U/S,CPCB,24,Gujarat,446,Gandhinagar,GANDHINAGAR,-,-,-,-,-,-,-,-,23.15828600,72.67341300,01-06-2020 08:30,"","","","","",""
2361,RIVER SABARMATI AT AHMEDABAD U/S,CPCB,24,Gujarat,446,Gandhinagar,GANDHINAGAR,-,-,-,-,-,-,-,-,23.15828600,72.67341300,05-08-2020 08:30,Other,"","",Other,"",""
2362,RIVER SABARMATI AT AHMEDABAD U/S,CPCB,24,Gujarat,446,Gandhinagar,GANDHINAGAR,-,-,-,-,-,-,-,-,23.15828600,72.67341300,01-09-2020 08:30,260,"","",2.3,"",""
2363,RIVER SABARMATI AT AHMEDABAD U/S,CPCB,24,Gujarat,446,Gandhinagar,GANDHINAGAR,-,-,-,-,-,-,-,-,23.15828600,72.67341300,03-10-2020 08:30,223,"","",5,"",""
2364,RIVER SABARMATI AT AHMEDABAD U/S,CPCB,24,Gujarat,446,Gandhinagar,GANDHINAGAR,-,-,-,-,-,-,-,-,23.15828600,72.67341300,02-11-2020 08:30,241,"","",2,"",""
2365,RIVER SABARMATI AT AHMEDABAD U/S,CPCB,24,Gujarat,446,Gandhinagar,GANDHINAGAR,-,-,-,-,-,-,-,-,23.15828600,72.67341300,01-12-2020 08:30,240,"","",4,"",""
2366,SABARMATI AFTER CONF. WITH MESHWA AT VAUTHA (NEAR DHOKLA),CPCB,24,Gujarat,438,Ahmedabad,DHOLKA,-,-,-,-,-,-,-,-,22.72154700,72.53010300,02-01-2018 08:30,"","","","","",""
2367,SABARMATI AFTER CONF. WITH MESHWA AT VAUTHA (NEAR DHOKLA),CPCB,24,Gujarat,438,Ahmedabad,DHOLKA,-,-,-,-,-,-,-,-,22.72154700,72.53010300,01-02-2018 08:30,"","","","","",""
2368,SABARMATI AFTER CONF. WITH MESHWA AT VAUTHA (NEAR DHOKLA),CPCB,24,Gujarat,438,Ahmedabad,DHOLKA,-,-,-,-,-,-,-,-,22.72154700,72.53010300,03-03-2018 08:30,"","","","","",""
2369,SABARMATI AFTER CONF. WITH MESHWA AT VAUTHA (NEAR DHOKLA),CPCB,24,Gujarat,438,Ahmedabad,DHOLKA,-,-,-,-,-,-,-,-,22.72154700,72.53010300,04-04-2018 08:30,"","","","","",""
2370,SABARMATI AFTER CONF. WITH MESHWA AT VAUTHA (NEAR DHOKLA),CPCB,24,Gujarat,438,Ahmedabad,DHOLKA,-,-,-,-,-,-,-,-,22.72154700,72.53010300,01-05-2018 08:30,"","","","","",""
2371,SABARMATI AFTER CONF. WITH MESHWA AT VAUTHA (NEAR DHOKLA),CPCB,24,Gujarat,438,Ahmedabad,DHOLKA,-,-,-,-,-,-,-,-,22.72154700,72.53010300,04-06-2018 08:30,"","","","","",""
2372,SABARMATI AFTER CONF. WITH MESHWA AT VAUTHA (NEAR DHOKLA),CPCB,24,Gujarat,438,Ahmedabad,DHOLKA,-,-,-,-,-,-,-,-,22.72154700,72.53010300,03-07-2018 08:30,"","","","","",""
2373,SABARMATI AFTER CONF. WITH MESHWA AT VAUTHA (NEAR DHOKLA),CPCB,24,Gujarat,438,Ahmedabad,DHOLKA,-,-,-,-,-,-,-,-,22.72154700,72.53010300,04-08-2018 08:30,"","","","","",""
2374,SABARMATI AFTER CONF. WITH MESHWA AT VAUTHA (NEAR DHOKLA),CPCB,24,Gujarat,438,Ahmedabad,DHOLKA,-,-,-,-,-,-,-,-,22.72154700,72.53010300,05-09-2018 08:30,"","","","","",""
2375,SABARMATI AFTER CONF. WITH MESHWA AT VAUTHA (NEAR DHOKLA),CPCB,24,Gujarat,438,Ahmedabad,DHOLKA,-,-,-,-,-,-,-,-,22.72154700,72.53010300,04-10-2018 08:30,"","","","","",""
2376,SABARMATI AFTER CONF. WITH MESHWA AT VAUTHA (NEAR DHOKLA),CPCB,24,Gujarat,438,Ahmedabad,DHOLKA,-,-,-,-,-,-,-,-,22.72154700,72.53010300,05-11-2018 08:30,"","","","","",""
2377,SABARMATI AFTER CONF. WITH MESHWA AT VAUTHA (NEAR DHOKLA),CPCB,24,Gujarat,438,Ahmedabad,DHOLKA,-,-,-,-,-,-,-,-,22.72154700,72.53010300,03-12-2018 08:30,"","","","","",""
2378,SABARMATI AFTER CONF. WITH MESHWA AT VAUTHA (NEAR DHOKLA),CPCB,24,Gujarat,438,Ahmedabad,DHOLKA,-,-,-,-,-,-,-,-,22.72154700,72.53010300,02-01-2019 08:30,"","","","","",""
2379,SABARMATI AFTER CONF. WITH MESHWA AT VAUTHA (NEAR DHOKLA),CPCB,24,Gujarat,438,Ahmedabad,DHOLKA,-,-,-,-,-,-,-,-,22.72154700,72.53010300,05-02-2019 08:30,"","","","","",""
2380,SABARMATI AFTER CONF. WITH MESHWA AT VAUTHA (NEAR DHOKLA),CPCB,24,Gujarat,438,Ahmedabad,DHOLKA,-,-,-,-,-,-,-,-,22.72154700,72.53010300,05-03-2019 08:30,"","","","","",""
2381,SABARMATI AFTER CONF. WITH MESHWA AT VAUTHA (NEAR DHOKLA),CPCB,24,Gujarat,438,Ahmedabad,DHOLKA,-,-,-,-,-,-,-,-,22.72154700,72.53010300,03-04-2019 08:30,"","","","","",""
2382,SABARMATI AFTER CONF. WITH MESHWA AT VAUTHA (NEAR DHOKLA),CPCB,24,Gujarat,438,Ahmedabad,DHOLKA,-,-,-,-,-,-,-,-,22.72154700,72.53010300,04-05-2019 08:30,"","","","","",""
2383,SABARMATI AFTER CONF. WITH MESHWA AT VAUTHA (NEAR DHOKLA),CPCB,24,Gujarat,438,Ahmedabad,DHOLKA,-,-,-,-,-,-,-,-,22.72154700,72.53010300,04-06-2019 08:30,"","","","","",""
2384,SABARMATI AFTER CONF. WITH MESHWA AT VAUTHA (NEAR DHOKLA),CPCB,24,Gujarat,438,Ahmedabad,DHOLKA,-,-,-,-,-,-,-,-,22.72154700,72.53010300,02-07-2019 08:30,"","","","","",""
2385,SABARMATI AFTER CONF. WITH MESHWA AT VAUTHA (NEAR DHOKLA),CPCB,24,Gujarat,438,Ahmedabad,DHOLKA,-,-,-,-,-,-,-,-,22.72154700,72.53010300,02-08-2019 08:30,"","","","","",""
2386,SABARMATI AFTER CONF. WITH MESHWA AT VAUTHA (NEAR DHOKLA),CPCB,24,Gujarat,438,Ahmedabad,DHOLKA,-,-,-,-,-,-,-,-,22.72154700,72.53010300,01-09-2019 08:30,"","","","","",""
2387,SABARMATI AFTER CONF. WITH MESHWA AT VAUTHA (NEAR DHOKLA),CPCB,24,Gujarat,438,Ahmedabad,DHOLKA,-,-,-,-,-,-,-,-,22.72154700,72.53010300,01-10-2019 08:30,"","","","","",""
2388,SABARMATI AFTER CONF. WITH MESHWA AT VAUTHA (NEAR DHOKLA),CPCB,24,Gujarat,438,Ahmedabad,DHOLKA,-,-,-,-,-,-,-,-,22.72154700,72.53010300,07-11-2019 08:30,"","","","","",""
2389,SABARMATI AFTER CONF. WITH MESHWA AT VAUTHA (NEAR DHOKLA),CPCB,24,Gujarat,438,Ahmedabad,DHOLKA,-,-,-,-,-,-,-,-,22.72154700,72.53010300,10-12-2019 08:30,"","","","","",""
2390,SABARMATI AFTER CONF. WITH MESHWA AT VAUTHA (NEAR DHOKLA),CPCB,24,Gujarat,438,Ahmedabad,DHOLKA,-,-,-,-,-,-,-,-,22.72154700,72.53010300,04-01-2020 08:30,2330,"","",1,"",50
2391,SABARMATI AFTER CONF. WITH MESHWA AT VAUTHA (NEAR DHOKLA),CPCB,24,Gujarat,438,Ahmedabad,DHOLKA,-,-,-,-,-,-,-,-,22.72154700,72.53010300,04-02-2020 08:30,2488,"","",1.2,"",""
2392,SABARMATI AFTER CONF. WITH MESHWA AT VAUTHA (NEAR DHOKLA),CPCB,24,Gujarat,438,Ahmedabad,DHOLKA,-,-,-,-,-,-,-,-,22.72154700,72.53010300,03-03-2020 08:30,2661,"","",1.6,"",""
2393,SABARMATI AFTER CONF. WITH MESHWA AT VAUTHA (NEAR DHOKLA),CPCB,24,Gujarat,438,Ahmedabad,DHOLKA,-,-,-,-,-,-,-,-,22.72154700,72.53010300,08-04-2020 08:30,1664,"","",1.8,"",""
2394,SABARMATI AFTER CONF. WITH MESHWA AT VAUTHA (NEAR DHOKLA),CPCB,24,Gujarat,438,Ahmedabad,DHOLKA,-,-,-,-,-,-,-,-,22.72154700,72.53010300,01-05-2020 08:30,2054,"","",1.4,"",""
2395,SABARMATI AFTER CONF. WITH MESHWA AT VAUTHA (NEAR DHOKLA),CPCB,24,Gujarat,438,Ahmedabad,DHOLKA,-,-,-,-,-,-,-,-,22.72154700,72.53010300,02-06-2020 08:30,2115,"","",Other,"",""
2396,SABARMATI AFTER CONF. WITH MESHWA AT VAUTHA (NEAR DHOKLA),CPCB,24,Gujarat,438,Ahmedabad,DHOLKA,-,-,-,-,-,-,-,-,22.72154700,72.53010300,07-07-2020 08:30,2221,"","",Other,"",""
2397,SABARMATI AFTER CONF. WITH MESHWA AT VAUTHA (NEAR DHOKLA),CPCB,24,Gujarat,438,Ahmedabad,DHOLKA,-,-,-,-,-,-,-,-,22.72154700,72.53010300,04-08-2020 08:30,2291,"","",3,"",""
2398,SABARMATI AFTER CONF. WITH MESHWA AT VAUTHA (NEAR DHOKLA),CPCB,24,Gujarat,438,Ahmedabad,DHOLKA,-,-,-,-,-,-,-,-,22.72154700,72.53010300,01-09-2020 08:30,510,"","",76,"",""
2399,SABARMATI AFTER CONF. WITH MESHWA AT VAUTHA (NEAR DHOKLA),CPCB,24,Gujarat,438,Ahmedabad,DHOLKA,-,-,-,-,-,-,-,-,22.72154700,72.53010300,07-10-2020 08:30,696,"","",2,"",""
2400,SABARMATI AFTER CONF. WITH MESHWA AT VAUTHA (NEAR DHOKLA),CPCB,24,Gujarat,438,Ahmedabad,DHOLKA,-,-,-,-,-,-,-,-,22.72154700,72.53010300,03-11-2020 08:30,1865,"","",18,"",""
2401,SABARMATI AFTER CONF. WITH MESHWA AT VAUTHA (NEAR DHOKLA),CPCB,24,Gujarat,438,Ahmedabad,DHOLKA,-,-,-,-,-,-,-,-,22.72154700,72.53010300,01-12-2020 08:30,2357,"","",21,"",""
2402,SABARMATI AT AHMEDABAD AT V.N. BRIDGE,CPCB,24,Gujarat,438,Ahmedabad,AHMADABAD CITY,-,-,-,-,-,-,-,-,22.98261100,72.54313900,01-01-2018 08:30,"","","","","",""
2403,SABARMATI AT AHMEDABAD AT V.N. BRIDGE,CPCB,24,Gujarat,438,Ahmedabad,AHMADABAD CITY,-,-,-,-,-,-,-,-,22.98261100,72.54313900,02-02-2018 08:30,"","","","","",""
2404,SABARMATI AT AHMEDABAD AT V.N. BRIDGE,CPCB,24,Gujarat,438,Ahmedabad,AHMADABAD CITY,-,-,-,-,-,-,-,-,22.98261100,72.54313900,05-03-2018 08:30,"","","","","",""
2405,SABARMATI AT AHMEDABAD AT V.N. BRIDGE,CPCB,24,Gujarat,438,Ahmedabad,AHMADABAD CITY,-,-,-,-,-,-,-,-,22.98261100,72.54313900,03-04-2018 08:30,"","","","","",""
2406,SABARMATI AT AHMEDABAD AT V.N. BRIDGE,CPCB,24,Gujarat,438,Ahmedabad,AHMADABAD CITY,-,-,-,-,-,-,-,-,22.98261100,72.54313900,01-05-2018 08:30,"","","","","",""
2407,SABARMATI AT AHMEDABAD AT V.N. BRIDGE,CPCB,24,Gujarat,438,Ahmedabad,AHMADABAD CITY,-,-,-,-,-,-,-,-,22.98261100,72.54313900,02-06-2018 08:30,"","","","","",""
2408,SABARMATI AT AHMEDABAD AT V.N. BRIDGE,CPCB,24,Gujarat,438,Ahmedabad,AHMADABAD CITY,-,-,-,-,-,-,-,-,22.98261100,72.54313900,03-07-2018 08:30,"","","","","",""
2409,SABARMATI AT AHMEDABAD AT V.N. BRIDGE,CPCB,24,Gujarat,438,Ahmedabad,AHMADABAD CITY,-,-,-,-,-,-,-,-,22.98261100,72.54313900,01-08-2018 08:30,"","","","","",""
2410,SABARMATI AT AHMEDABAD AT V.N. BRIDGE,CPCB,24,Gujarat,438,Ahmedabad,AHMADABAD CITY,-,-,-,-,-,-,-,-,22.98261100,72.54313900,06-09-2018 08:30,"","","","","",""
2411,SABARMATI AT AHMEDABAD AT V.N. BRIDGE,CPCB,24,Gujarat,438,Ahmedabad,AHMADABAD CITY,-,-,-,-,-,-,-,-,22.98261100,72.54313900,03-10-2018 08:30,"","","","","",""
2412,SABARMATI AT AHMEDABAD AT V.N. BRIDGE,CPCB,24,Gujarat,438,Ahmedabad,AHMADABAD CITY,-,-,-,-,-,-,-,-,22.98261100,72.54313900,03-11-2018 08:30,"","","","","",""
2413,SABARMATI AT AHMEDABAD AT V.N. BRIDGE,CPCB,24,Gujarat,438,Ahmedabad,AHMADABAD CITY,-,-,-,-,-,-,-,-,22.98261100,72.54313900,01-12-2018 08:30,"","","","","",""
2414,SABARMATI AT AHMEDABAD AT V.N. BRIDGE,CPCB,24,Gujarat,438,Ahmedabad,AHMADABAD CITY,-,-,-,-,-,-,-,-,22.98261100,72.54313900,02-01-2019 08:30,"","","","","",""
2415,SABARMATI AT AHMEDABAD AT V.N. BRIDGE,CPCB,24,Gujarat,438,Ahmedabad,AHMADABAD CITY,-,-,-,-,-,-,-,-,22.98261100,72.54313900,05-02-2019 08:30,"","","","","",""
2416,SABARMATI AT AHMEDABAD AT V.N. BRIDGE,CPCB,24,Gujarat,438,Ahmedabad,AHMADABAD CITY,-,-,-,-,-,-,-,-,22.98261100,72.54313900,02-03-2019 08:30,"","","","","",""
2417,SABARMATI AT AHMEDABAD AT V.N. BRIDGE,CPCB,24,Gujarat,438,Ahmedabad,AHMADABAD CITY,-,-,-,-,-,-,-,-,22.98261100,72.54313900,02-04-2019 08:30,"","","","","",""
2418,SABARMATI AT AHMEDABAD AT V.N. BRIDGE,CPCB,24,Gujarat,438,Ahmedabad,AHMADABAD CITY,-,-,-,-,-,-,-,-,22.98261100,72.54313900,02-05-2019 08:30,"","","","","",""
2419,SABARMATI AT AHMEDABAD AT V.N. BRIDGE,CPCB,24,Gujarat,438,Ahmedabad,AHMADABAD CITY,-,-,-,-,-,-,-,-,22.98261100,72.54313900,01-06-2019 08:30,"","","","","",""
2420,SABARMATI AT AHMEDABAD AT V.N. BRIDGE,CPCB,24,Gujarat,438,Ahmedabad,AHMADABAD CITY,-,-,-,-,-,-,-,-,22.98261100,72.54313900,01-07-2019 08:30,"","","","","",""
2421,SABARMATI AT AHMEDABAD AT V.N. BRIDGE,CPCB,24,Gujarat,438,Ahmedabad,AHMADABAD CITY,-,-,-,-,-,-,-,-,22.98261100,72.54313900,02-08-2019 08:30,"","","","","",""
2422,SABARMATI AT AHMEDABAD AT V.N. BRIDGE,CPCB,24,Gujarat,438,Ahmedabad,AHMADABAD CITY,-,-,-,-,-,-,-,-,22.98261100,72.54313900,01-09-2019 08:30,"","","","","",""
2423,SABARMATI AT AHMEDABAD AT V.N. BRIDGE,CPCB,24,Gujarat,438,Ahmedabad,AHMADABAD CITY,-,-,-,-,-,-,-,-,22.98261100,72.54313900,03-10-2019 08:30,"","","","","",""
2424,SABARMATI AT AHMEDABAD AT V.N. BRIDGE,CPCB,24,Gujarat,438,Ahmedabad,AHMADABAD CITY,-,-,-,-,-,-,-,-,22.98261100,72.54313900,04-11-2019 08:30,"","","","","",""
2425,SABARMATI AT AHMEDABAD AT V.N. BRIDGE,CPCB,24,Gujarat,438,Ahmedabad,AHMADABAD CITY,-,-,-,-,-,-,-,-,22.98261100,72.54313900,02-12-2019 08:30,"","","","","",""
2426,SABARMATI AT AHMEDABAD AT V.N. BRIDGE,CPCB,24,Gujarat,438,Ahmedabad,AHMADABAD CITY,-,-,-,-,-,-,-,-,22.98261100,72.54313900,02-01-2020 08:30,1683,"","",2.3,"",104
2427,SABARMATI AT AHMEDABAD AT V.N. BRIDGE,CPCB,24,Gujarat,438,Ahmedabad,AHMADABAD CITY,-,-,-,-,-,-,-,-,22.98261100,72.54313900,01-02-2020 08:30,2150,"","",2.8,"",""
2428,SABARMATI AT AHMEDABAD AT V.N. BRIDGE,CPCB,24,Gujarat,438,Ahmedabad,AHMADABAD CITY,-,-,-,-,-,-,-,-,22.98261100,72.54313900,04-03-2020 08:30,3047,"","",1.6,"",""
2429,SABARMATI AT AHMEDABAD AT V.N. BRIDGE,CPCB,24,Gujarat,438,Ahmedabad,AHMADABAD CITY,-,-,-,-,-,-,-,-,22.98261100,72.54313900,04-04-2020 08:30,1071,"","",1.8,"",""
2430,SABARMATI AT AHMEDABAD AT V.N. BRIDGE,CPCB,24,Gujarat,438,Ahmedabad,AHMADABAD CITY,-,-,-,-,-,-,-,-,22.98261100,72.54313900,01-05-2020 08:30,1227,"","",1.5,"",""
2431,SABARMATI AT AHMEDABAD AT V.N. BRIDGE,CPCB,24,Gujarat,438,Ahmedabad,AHMADABAD CITY,-,-,-,-,-,-,-,-,22.98261100,72.54313900,02-06-2020 08:30,1152,"","",1.3,"",""
2432,SABARMATI AT AHMEDABAD AT V.N. BRIDGE,CPCB,24,Gujarat,438,Ahmedabad,AHMADABAD CITY,-,-,-,-,-,-,-,-,22.98261100,72.54313900,05-08-2020 08:30,1735,"","",5.7,"",""
2433,SABARMATI AT AHMEDABAD AT V.N. BRIDGE,CPCB,24,Gujarat,438,Ahmedabad,AHMADABAD CITY,-,-,-,-,-,-,-,-,22.98261100,72.54313900,02-09-2020 08:30,274,"","",21.4,"",""
2434,SABARMATI AT AHMEDABAD AT V.N. BRIDGE,CPCB,24,Gujarat,438,Ahmedabad,AHMADABAD CITY,-,-,-,-,-,-,-,-,22.98261100,72.54313900,05-10-2020 08:30,247,"","",7,"",""
2435,SABARMATI AT AHMEDABAD AT V.N. BRIDGE,CPCB,24,Gujarat,438,Ahmedabad,AHMADABAD CITY,-,-,-,-,-,-,-,-,22.98261100,72.54313900,03-11-2020 08:30,1607,"","",7,"",""
2436,SABARMATI AT AHMEDABAD AT V.N. BRIDGE,CPCB,24,Gujarat,438,Ahmedabad,AHMADABAD CITY,-,-,-,-,-,-,-,-,22.98261100,72.54313900,02-12-2020 08:30,2044,"","",80,"",""
2437,SABARMATI AT DHAROI DAM,CPCB,24,Gujarat,451,Mahesana,SATLASANA,-,-,-,-,-,-,-,-,24.00452800,72.85327800,01-01-2018 08:30,"","","","","",""
2438,SABARMATI AT DHAROI DAM,CPCB,24,Gujarat,451,Mahesana,SATLASANA,-,-,-,-,-,-,-,-,24.00452800,72.85327800,01-02-2018 08:30,"","","","","",""
2439,SABARMATI AT DHAROI DAM,CPCB,24,Gujarat,451,Mahesana,SATLASANA,-,-,-,-,-,-,-,-,24.00452800,72.85327800,01-03-2018 08:30,"","","","","",""
2440,SABARMATI AT DHAROI DAM,CPCB,24,Gujarat,451,Mahesana,SATLASANA,-,-,-,-,-,-,-,-,24.00452800,72.85327800,02-04-2018 08:30,"","","","","",""
2441,SABARMATI AT DHAROI DAM,CPCB,24,Gujarat,451,Mahesana,SATLASANA,-,-,-,-,-,-,-,-,24.00452800,72.85327800,01-05-2018 08:30,"","","","","",""
2442,SABARMATI AT DHAROI DAM,CPCB,24,Gujarat,451,Mahesana,SATLASANA,-,-,-,-,-,-,-,-,24.00452800,72.85327800,01-06-2018 08:30,"","","","","",""
2443,SABARMATI AT DHAROI DAM,CPCB,24,Gujarat,451,Mahesana,SATLASANA,-,-,-,-,-,-,-,-,24.00452800,72.85327800,02-07-2018 08:30,"","","","","",""
2444,SABARMATI AT DHAROI DAM,CPCB,24,Gujarat,451,Mahesana,SATLASANA,-,-,-,-,-,-,-,-,24.00452800,72.85327800,01-08-2018 08:30,"","","","","",""
2445,SABARMATI AT DHAROI DAM,CPCB,24,Gujarat,451,Mahesana,SATLASANA,-,-,-,-,-,-,-,-,24.00452800,72.85327800,01-09-2018 08:30,"","","","","",""
2446,SABARMATI AT DHAROI DAM,CPCB,24,Gujarat,451,Mahesana,SATLASANA,-,-,-,-,-,-,-,-,24.00452800,72.85327800,01-10-2018 08:30,"","","","","",""
2447,SABARMATI AT DHAROI DAM,CPCB,24,Gujarat,451,Mahesana,SATLASANA,-,-,-,-,-,-,-,-,24.00452800,72.85327800,01-11-2018 08:30,"","","","","",""
2448,SABARMATI AT DHAROI DAM,CPCB,24,Gujarat,451,Mahesana,SATLASANA,-,-,-,-,-,-,-,-,24.00452800,72.85327800,01-12-2018 08:30,"","","","","",""
2449,SABARMATI AT DHAROI DAM,CPCB,24,Gujarat,451,Mahesana,SATLASANA,-,-,-,-,-,-,-,-,24.00452800,72.85327800,01-01-2019 08:30,"","","","","",""
2450,SABARMATI AT DHAROI DAM,CPCB,24,Gujarat,451,Mahesana,SATLASANA,-,-,-,-,-,-,-,-,24.00452800,72.85327800,01-02-2019 08:30,"","","","","",""
2451,SABARMATI AT DHAROI DAM,CPCB,24,Gujarat,451,Mahesana,SATLASANA,-,-,-,-,-,-,-,-,24.00452800,72.85327800,05-03-2019 08:30,"","","","","",""
2452,SABARMATI AT DHAROI DAM,CPCB,24,Gujarat,451,Mahesana,SATLASANA,-,-,-,-,-,-,-,-,24.00452800,72.85327800,04-04-2019 08:30,"","","","","",""
2453,SABARMATI AT DHAROI DAM,CPCB,24,Gujarat,451,Mahesana,SATLASANA,-,-,-,-,-,-,-,-,24.00452800,72.85327800,01-05-2019 08:30,"","","","","",""
2454,SABARMATI AT DHAROI DAM,CPCB,24,Gujarat,451,Mahesana,SATLASANA,-,-,-,-,-,-,-,-,24.00452800,72.85327800,03-06-2019 08:30,"","","","","",""
2455,SABARMATI AT DHAROI DAM,CPCB,24,Gujarat,451,Mahesana,SATLASANA,-,-,-,-,-,-,-,-,24.00452800,72.85327800,01-07-2019 08:30,"","","","","",""
2456,SABARMATI AT DHAROI DAM,CPCB,24,Gujarat,451,Mahesana,SATLASANA,-,-,-,-,-,-,-,-,24.00452800,72.85327800,01-08-2019 08:30,"","","","","",""
2457,SABARMATI AT DHAROI DAM,CPCB,24,Gujarat,451,Mahesana,SATLASANA,-,-,-,-,-,-,-,-,24.00452800,72.85327800,04-09-2019 08:30,"","","","","",""
2458,SABARMATI AT DHAROI DAM,CPCB,24,Gujarat,451,Mahesana,SATLASANA,-,-,-,-,-,-,-,-,24.00452800,72.85327800,03-10-2019 08:30,"","","","","",""
2459,SABARMATI AT DHAROI DAM,CPCB,24,Gujarat,451,Mahesana,SATLASANA,-,-,-,-,-,-,-,-,24.00452800,72.85327800,02-11-2019 08:30,"","","","","",""
2460,SABARMATI AT DHAROI DAM,CPCB,24,Gujarat,451,Mahesana,SATLASANA,-,-,-,-,-,-,-,-,24.00452800,72.85327800,03-12-2019 08:30,"","","","","",""
2461,SABARMATI AT DHAROI DAM,CPCB,24,Gujarat,451,Mahesana,SATLASANA,-,-,-,-,-,-,-,-,24.00452800,72.85327800,02-01-2020 08:30,340,"","",0.2,"",4
2462,SABARMATI AT DHAROI DAM,CPCB,24,Gujarat,451,Mahesana,SATLASANA,-,-,-,-,-,-,-,-,24.00452800,72.85327800,03-02-2020 08:30,384,"","",0.2,"",""
2463,SABARMATI AT DHAROI DAM,CPCB,24,Gujarat,451,Mahesana,SATLASANA,-,-,-,-,-,-,-,-,24.00452800,72.85327800,02-03-2020 08:30,415,"","",0.4,"",""
2464,SABARMATI AT DHAROI DAM,CPCB,24,Gujarat,451,Mahesana,SATLASANA,-,-,-,-,-,-,-,-,24.00452800,72.85327800,03-04-2020 08:30,437,"","",0.6,"",""
2465,SABARMATI AT DHAROI DAM,CPCB,24,Gujarat,451,Mahesana,SATLASANA,-,-,-,-,-,-,-,-,24.00452800,72.85327800,01-05-2020 08:30,454,"","",0.6,"",""
2466,SABARMATI AT DHAROI DAM,CPCB,24,Gujarat,451,Mahesana,SATLASANA,-,-,-,-,-,-,-,-,24.00452800,72.85327800,01-06-2020 08:30,470,"","",0.2,"",""
2467,SABARMATI AT DHAROI DAM,CPCB,24,Gujarat,451,Mahesana,SATLASANA,-,-,-,-,-,-,-,-,24.00452800,72.85327800,01-07-2020 08:30,512,"","",0.4,"",""
2468,SABARMATI AT DHAROI DAM,CPCB,24,Gujarat,451,Mahesana,SATLASANA,-,-,-,-,-,-,-,-,24.00452800,72.85327800,01-09-2020 08:30,356,"","",5.8,"",""
2469,SABARMATI AT DHAROI DAM,CPCB,24,Gujarat,451,Mahesana,SATLASANA,-,-,-,-,-,-,-,-,24.00452800,72.85327800,02-11-2020 08:30,357,"","",2,"",""
2470,SABARMATI AT DHAROI DAM,CPCB,24,Gujarat,451,Mahesana,SATLASANA,-,-,-,-,-,-,-,-,24.00452800,72.85327800,01-12-2020 08:30,364,"","",5,"",""
2471,SABARMATI AT GANDHI NAGAR CHILODA BRIDGE LEKAWADA,CPCB,24,Gujarat,446,Gandhinagar,GANDHINAGAR,-,-,-,-,-,-,-,-,23.24590600,72.68218000,02-02-2018 08:30,"","","","","",""
2472,SABARMATI AT GANDHI NAGAR CHILODA BRIDGE LEKAWADA,CPCB,24,Gujarat,446,Gandhinagar,GANDHINAGAR,-,-,-,-,-,-,-,-,23.24590600,72.68218000,03-04-2018 08:30,"","","","","",""
2473,SABARMATI AT GANDHI NAGAR CHILODA BRIDGE LEKAWADA,CPCB,24,Gujarat,446,Gandhinagar,GANDHINAGAR,-,-,-,-,-,-,-,-,23.24590600,72.68218000,07-05-2018 08:30,"","","","","",""
2474,SABARMATI AT GANDHI NAGAR CHILODA BRIDGE LEKAWADA,CPCB,24,Gujarat,446,Gandhinagar,GANDHINAGAR,-,-,-,-,-,-,-,-,23.24590600,72.68218000,04-06-2018 08:30,"","","","","",""
2475,SABARMATI AT GANDHI NAGAR CHILODA BRIDGE LEKAWADA,CPCB,24,Gujarat,446,Gandhinagar,GANDHINAGAR,-,-,-,-,-,-,-,-,23.24590600,72.68218000,07-08-2018 08:30,"","","","","",""
2476,SABARMATI AT GANDHI NAGAR CHILODA BRIDGE LEKAWADA,CPCB,24,Gujarat,446,Gandhinagar,GANDHINAGAR,-,-,-,-,-,-,-,-,23.24590600,72.68218000,04-09-2018 08:30,"","","","","",""
2477,SABARMATI AT GANDHI NAGAR CHILODA BRIDGE LEKAWADA,CPCB,24,Gujarat,446,Gandhinagar,GANDHINAGAR,-,-,-,-,-,-,-,-,23.24590600,72.68218000,06-10-2018 08:30,"","","","","",""
2478,SABARMATI AT GANDHI NAGAR CHILODA BRIDGE LEKAWADA,CPCB,24,Gujarat,446,Gandhinagar,GANDHINAGAR,-,-,-,-,-,-,-,-,23.24590600,72.68218000,03-09-2019 08:30,"","","","","",""
2479,SABARMATI AT GANDHI NAGAR CHILODA BRIDGE LEKAWADA,CPCB,24,Gujarat,446,Gandhinagar,GANDHINAGAR,-,-,-,-,-,-,-,-,23.24590600,72.68218000,07-10-2019 08:30,"","","","","",""
2480,SABARMATI AT GANDHI NAGAR CHILODA BRIDGE LEKAWADA,CPCB,24,Gujarat,446,Gandhinagar,GANDHINAGAR,-,-,-,-,-,-,-,-,23.24590600,72.68218000,06-11-2019 08:30,"","","","","",""
2481,SABARMATI AT GANDHI NAGAR CHILODA BRIDGE LEKAWADA,CPCB,24,Gujarat,446,Gandhinagar,GANDHINAGAR,-,-,-,-,-,-,-,-,23.24590600,72.68218000,10-12-2019 08:30,"","","","","",""
2482,SABARMATI AT GANDHI NAGAR CHILODA BRIDGE LEKAWADA,CPCB,24,Gujarat,446,Gandhinagar,GANDHINAGAR,-,-,-,-,-,-,-,-,23.24590600,72.68218000,01-01-2020 08:30,"","","","","",""
2483,SABARMATI AT GANDHI NAGAR CHILODA BRIDGE LEKAWADA,CPCB,24,Gujarat,446,Gandhinagar,GANDHINAGAR,-,-,-,-,-,-,-,-,23.24590600,72.68218000,05-02-2020 08:30,Clear,"","",Clear,"",""
2484,SABARMATI AT GANDHI NAGAR CHILODA BRIDGE LEKAWADA,CPCB,24,Gujarat,446,Gandhinagar,GANDHINAGAR,-,-,-,-,-,-,-,-,23.24590600,72.68218000,02-03-2020 08:30,Clear,"","",Clear,"",""
2485,SABARMATI AT GANDHI NAGAR CHILODA BRIDGE LEKAWADA,CPCB,24,Gujarat,446,Gandhinagar,GANDHINAGAR,-,-,-,-,-,-,-,-,23.24590600,72.68218000,07-04-2020 08:30,Clear,"","",Clear,"",""
2486,SABARMATI AT GANDHI NAGAR CHILODA BRIDGE LEKAWADA,CPCB,24,Gujarat,446,Gandhinagar,GANDHINAGAR,-,-,-,-,-,-,-,-,23.24590600,72.68218000,12-05-2020 08:30,Clear,"","",Clear,"",""
2487,SABARMATI AT GANDHI NAGAR CHILODA BRIDGE LEKAWADA,CPCB,24,Gujarat,446,Gandhinagar,GANDHINAGAR,-,-,-,-,-,-,-,-,23.24590600,72.68218000,01-06-2020 08:30,"","","","","",""
2488,SABARMATI AT GANDHI NAGAR CHILODA BRIDGE LEKAWADA,CPCB,24,Gujarat,446,Gandhinagar,GANDHINAGAR,-,-,-,-,-,-,-,-,23.24590600,72.68218000,01-07-2020 08:30,"","","","","",""
2489,SABARMATI AT GANDHI NAGAR CHILODA BRIDGE LEKAWADA,CPCB,24,Gujarat,446,Gandhinagar,GANDHINAGAR,-,-,-,-,-,-,-,-,23.24590600,72.68218000,01-08-2020 08:30,"","","","","",""
2490,SABARMATI AT GANDHI NAGAR CHILODA BRIDGE LEKAWADA,CPCB,24,Gujarat,446,Gandhinagar,GANDHINAGAR,-,-,-,-,-,-,-,-,23.24590600,72.68218000,01-09-2020 08:30,322,"","",16.7,"",""
2491,SABARMATI AT GANDHI NAGAR CHILODA BRIDGE LEKAWADA,CPCB,24,Gujarat,446,Gandhinagar,GANDHINAGAR,-,-,-,-,-,-,-,-,23.24590600,72.68218000,05-10-2020 08:30,356,"","",30,"",""
2492,SABARMATI AT GANDHI NAGAR CHILODA BRIDGE LEKAWADA,CPCB,24,Gujarat,446,Gandhinagar,GANDHINAGAR,-,-,-,-,-,-,-,-,23.24590600,72.68218000,06-11-2020 08:30,362,"","",2,"",""
2493,SABARMATI AT GANDHI NAGAR CHILODA BRIDGE LEKAWADA,CPCB,24,Gujarat,446,Gandhinagar,GANDHINAGAR,-,-,-,-,-,-,-,-,23.24590600,72.68218000,01-12-2020 08:30,356,"","",9,"",""
2494,SABARMATI AT KHEROJ BRIDGE,CPCB,24,Gujarat,441,Banaskantha,BHABHAR,-,-,-,-,-,-,-,-,24.22986000,73.00531700,12-01-2018 08:30,"","","","","",""
2495,SABARMATI AT KHEROJ BRIDGE,CPCB,24,Gujarat,441,Banaskantha,BHABHAR,-,-,-,-,-,-,-,-,24.22986000,73.00531700,09-02-2018 08:30,"","","","","",""
2496,SABARMATI AT KHEROJ BRIDGE,CPCB,24,Gujarat,441,Banaskantha,BHABHAR,-,-,-,-,-,-,-,-,24.22986000,73.00531700,11-08-2018 08:30,"","","","","",""
2497,SABARMATI AT KHEROJ BRIDGE,CPCB,24,Gujarat,441,Banaskantha,BHABHAR,-,-,-,-,-,-,-,-,24.22986000,73.00531700,12-09-2018 08:30,"","","","","",""
2498,SABARMATI AT KHEROJ BRIDGE,CPCB,24,Gujarat,441,Banaskantha,BHABHAR,-,-,-,-,-,-,-,-,24.22986000,73.00531700,09-10-2018 08:30,"","","","","",""
2499,SABARMATI AT KHEROJ BRIDGE,CPCB,24,Gujarat,441,Banaskantha,BHABHAR,-,-,-,-,-,-,-,-,24.22986000,73.00531700,12-11-2018 08:30,"","","","","",""
2500,SABARMATI AT KHEROJ BRIDGE,CPCB,24,Gujarat,441,Banaskantha,BHABHAR,-,-,-,-,-,-,-,-,24.22986000,73.00531700,02-09-2019 08:30,"","","","","",""
2501,SABARMATI AT KHEROJ BRIDGE,CPCB,24,Gujarat,441,Banaskantha,BHABHAR,-,-,-,-,-,-,-,-,24.22986000,73.00531700,07-10-2019 08:30,"","","","","",""
2502,SABARMATI AT KHEROJ BRIDGE,CPCB,24,Gujarat,441,Banaskantha,BHABHAR,-,-,-,-,-,-,-,-,24.22986000,73.00531700,02-11-2019 08:30,"","","","","",""
2503,SABARMATI AT KHEROJ BRIDGE,CPCB,24,Gujarat,441,Banaskantha,BHABHAR,-,-,-,-,-,-,-,-,24.22986000,73.00531700,02-12-2019 08:30,"","","","","",""
2504,SABARMATI AT KHEROJ BRIDGE,CPCB,24,Gujarat,441,Banaskantha,BHABHAR,-,-,-,-,-,-,-,-,24.22986000,73.00531700,03-01-2020 08:30,782,"","",0.5,"",8
2505,SABARMATI AT KHEROJ BRIDGE,CPCB,24,Gujarat,441,Banaskantha,BHABHAR,-,-,-,-,-,-,-,-,24.22986000,73.00531700,10-02-2020 08:30,1248,"","",0.5,"",""
2506,SABARMATI AT KHEROJ BRIDGE,CPCB,24,Gujarat,441,Banaskantha,BHABHAR,-,-,-,-,-,-,-,-,24.22986000,73.00531700,04-03-2020 08:30,Clear,"","",Clear,"",""
2507,SABARMATI AT KHEROJ BRIDGE,CPCB,24,Gujarat,441,Banaskantha,BHABHAR,-,-,-,-,-,-,-,-,24.22986000,73.00531700,09-04-2020 08:30,Clear,"","",Clear,"",""
2508,SABARMATI AT KHEROJ BRIDGE,CPCB,24,Gujarat,441,Banaskantha,BHABHAR,-,-,-,-,-,-,-,-,24.22986000,73.00531700,01-05-2020 08:30,"","","","","",""
2509,SABARMATI AT KHEROJ BRIDGE,CPCB,24,Gujarat,441,Banaskantha,BHABHAR,-,-,-,-,-,-,-,-,24.22986000,73.00531700,04-06-2020 08:30,"","","","","",""
2510,SABARMATI AT KHEROJ BRIDGE,CPCB,24,Gujarat,441,Banaskantha,BHABHAR,-,-,-,-,-,-,-,-,24.22986000,73.00531700,06-07-2020 08:30,"","","","","",""
2511,SABARMATI AT KHEROJ BRIDGE,CPCB,24,Gujarat,441,Banaskantha,BHABHAR,-,-,-,-,-,-,-,-,24.22986000,73.00531700,04-08-2020 08:30,"","","","","",""
2512,SABARMATI AT KHEROJ BRIDGE,CPCB,24,Gujarat,441,Banaskantha,BHABHAR,-,-,-,-,-,-,-,-,24.22986000,73.00531700,02-09-2020 08:30,420,"","",27.7,"",""
2513,SABARMATI AT KHEROJ BRIDGE,CPCB,24,Gujarat,441,Banaskantha,BHABHAR,-,-,-,-,-,-,-,-,24.22986000,73.00531700,05-10-2020 08:30,559,"","",1,"",""
2514,SABARMATI AT KHEROJ BRIDGE,CPCB,24,Gujarat,441,Banaskantha,BHABHAR,-,-,-,-,-,-,-,-,24.22986000,73.00531700,03-11-2020 08:30,639,"","",2,"",""
2515,SABARMATI AT KHEROJ BRIDGE,CPCB,24,Gujarat,441,Banaskantha,BHABHAR,-,-,-,-,-,-,-,-,24.22986000,73.00531700,01-12-2020 08:30,720,"","",3,"",""
2516,SABARMATI AT MAHUDI JAIN TEMPLE 150 KM. FORM ORIGIN,CPCB,24,Gujarat,446,Gandhinagar,GANDHINAGAR,-,-,-,-,-,-,-,-,23.49690300,72.79626500,05-01-2018 08:30,"","","","","",""
2517,SABARMATI AT MAHUDI JAIN TEMPLE 150 KM. FORM ORIGIN,CPCB,24,Gujarat,446,Gandhinagar,GANDHINAGAR,-,-,-,-,-,-,-,-,23.49690300,72.79626500,12-02-2018 08:30,"","","","","",""
2518,SABARMATI AT MAHUDI JAIN TEMPLE 150 KM. FORM ORIGIN,CPCB,24,Gujarat,446,Gandhinagar,GANDHINAGAR,-,-,-,-,-,-,-,-,23.49690300,72.79626500,03-04-2018 08:30,"","","","","",""
2519,SABARMATI AT MAHUDI JAIN TEMPLE 150 KM. FORM ORIGIN,CPCB,24,Gujarat,446,Gandhinagar,GANDHINAGAR,-,-,-,-,-,-,-,-,23.49690300,72.79626500,08-05-2018 08:30,"","","","","",""
2520,SABARMATI AT MAHUDI JAIN TEMPLE 150 KM. FORM ORIGIN,CPCB,24,Gujarat,446,Gandhinagar,GANDHINAGAR,-,-,-,-,-,-,-,-,23.49690300,72.79626500,08-06-2018 08:30,"","","","","",""
2521,SABARMATI AT MAHUDI JAIN TEMPLE 150 KM. FORM ORIGIN,CPCB,24,Gujarat,446,Gandhinagar,GANDHINAGAR,-,-,-,-,-,-,-,-,23.49690300,72.79626500,04-07-2018 08:30,"","","","","",""
2522,SABARMATI AT MAHUDI JAIN TEMPLE 150 KM. FORM ORIGIN,CPCB,24,Gujarat,446,Gandhinagar,GANDHINAGAR,-,-,-,-,-,-,-,-,23.49690300,72.79626500,06-08-2018 08:30,"","","","","",""
2523,SABARMATI AT MAHUDI JAIN TEMPLE 150 KM. FORM ORIGIN,CPCB,24,Gujarat,446,Gandhinagar,GANDHINAGAR,-,-,-,-,-,-,-,-,23.49690300,72.79626500,07-09-2018 08:30,"","","","","",""
2524,SABARMATI AT MAHUDI JAIN TEMPLE 150 KM. FORM ORIGIN,CPCB,24,Gujarat,446,Gandhinagar,GANDHINAGAR,-,-,-,-,-,-,-,-,23.49690300,72.79626500,09-10-2018 08:30,"","","","","",""
2525,SABARMATI AT MAHUDI JAIN TEMPLE 150 KM. FORM ORIGIN,CPCB,24,Gujarat,446,Gandhinagar,GANDHINAGAR,-,-,-,-,-,-,-,-,23.49690300,72.79626500,07-09-2019 08:30,"","","","","",""
2526,SABARMATI AT MAHUDI JAIN TEMPLE 150 KM. FORM ORIGIN,CPCB,24,Gujarat,446,Gandhinagar,GANDHINAGAR,-,-,-,-,-,-,-,-,23.49690300,72.79626500,05-10-2019 08:30,"","","","","",""
2527,SABARMATI AT MAHUDI JAIN TEMPLE 150 KM. FORM ORIGIN,CPCB,24,Gujarat,446,Gandhinagar,GANDHINAGAR,-,-,-,-,-,-,-,-,23.49690300,72.79626500,06-11-2019 08:30,"","","","","",""
2528,SABARMATI AT MAHUDI JAIN TEMPLE 150 KM. FORM ORIGIN,CPCB,24,Gujarat,446,Gandhinagar,GANDHINAGAR,-,-,-,-,-,-,-,-,23.49690300,72.79626500,05-01-2020 08:30,"","","","","",""
2529,SABARMATI AT MAHUDI JAIN TEMPLE 150 KM. FORM ORIGIN,CPCB,24,Gujarat,446,Gandhinagar,GANDHINAGAR,-,-,-,-,-,-,-,-,23.49690300,72.79626500,07-02-2020 08:30,Clear,"","",Clear,"",""
2530,SABARMATI AT MAHUDI JAIN TEMPLE 150 KM. FORM ORIGIN,CPCB,24,Gujarat,446,Gandhinagar,GANDHINAGAR,-,-,-,-,-,-,-,-,23.49690300,72.79626500,02-03-2020 08:30,Clear,"","",Clear,"",""
2531,SABARMATI AT MAHUDI JAIN TEMPLE 150 KM. FORM ORIGIN,CPCB,24,Gujarat,446,Gandhinagar,GANDHINAGAR,-,-,-,-,-,-,-,-,23.49690300,72.79626500,12-04-2020 08:30,Clear,"","",Clear,"",""
2532,SABARMATI AT MAHUDI JAIN TEMPLE 150 KM. FORM ORIGIN,CPCB,24,Gujarat,446,Gandhinagar,GANDHINAGAR,-,-,-,-,-,-,-,-,23.49690300,72.79626500,29-05-2020 08:30,Clear,"","",Clear,"",""
2533,SABARMATI AT MAHUDI JAIN TEMPLE 150 KM. FORM ORIGIN,CPCB,24,Gujarat,446,Gandhinagar,GANDHINAGAR,-,-,-,-,-,-,-,-,23.49690300,72.79626500,02-06-2020 08:30,"","","","","",""
2534,SABARMATI AT MAHUDI JAIN TEMPLE 150 KM. FORM ORIGIN,CPCB,24,Gujarat,446,Gandhinagar,GANDHINAGAR,-,-,-,-,-,-,-,-,23.49690300,72.79626500,01-07-2020 08:30,"","","","","",""
2535,SABARMATI AT MAHUDI JAIN TEMPLE 150 KM. FORM ORIGIN,CPCB,24,Gujarat,446,Gandhinagar,GANDHINAGAR,-,-,-,-,-,-,-,-,23.49690300,72.79626500,01-08-2020 08:30,"","","","","",""
2536,SABARMATI AT MAHUDI JAIN TEMPLE 150 KM. FORM ORIGIN,CPCB,24,Gujarat,446,Gandhinagar,GANDHINAGAR,-,-,-,-,-,-,-,-,23.49690300,72.79626500,02-09-2020 08:30,415,"","",54.7,"",""
2537,SABARMATI AT MAHUDI JAIN TEMPLE 150 KM. FORM ORIGIN,CPCB,24,Gujarat,446,Gandhinagar,GANDHINAGAR,-,-,-,-,-,-,-,-,23.49690300,72.79626500,07-10-2020 08:30,452,"","",5,"",""
2538,SABARMATI AT MAHUDI JAIN TEMPLE 150 KM. FORM ORIGIN,CPCB,24,Gujarat,446,Gandhinagar,GANDHINAGAR,-,-,-,-,-,-,-,-,23.49690300,72.79626500,05-11-2020 08:30,427,"","",3,"",""
2539,SABARMATI AT MAHUDI JAIN TEMPLE 150 KM. FORM ORIGIN,CPCB,24,Gujarat,446,Gandhinagar,GANDHINAGAR,-,-,-,-,-,-,-,-,23.49690300,72.79626500,01-12-2020 08:30,"","","","","",""
2540,SABARMATI AT RAILWAY BRIDGE AHMEDABAD,CPCB,24,Gujarat,438,Ahmedabad,AHMADABAD CITY,-,-,-,-,-,-,-,-,23.06353000,72.58906400,02-01-2018 08:30,"","","","","",""
2541,SABARMATI AT RAILWAY BRIDGE AHMEDABAD,CPCB,24,Gujarat,438,Ahmedabad,AHMADABAD CITY,-,-,-,-,-,-,-,-,23.06353000,72.58906400,01-02-2018 08:30,"","","","","",""
2542,SABARMATI AT RAILWAY BRIDGE AHMEDABAD,CPCB,24,Gujarat,438,Ahmedabad,AHMADABAD CITY,-,-,-,-,-,-,-,-,23.06353000,72.58906400,01-03-2018 08:30,"","","","","",""
2543,SABARMATI AT RAILWAY BRIDGE AHMEDABAD,CPCB,24,Gujarat,438,Ahmedabad,AHMADABAD CITY,-,-,-,-,-,-,-,-,23.06353000,72.58906400,02-04-2018 08:30,"","","","","",""
2544,SABARMATI AT RAILWAY BRIDGE AHMEDABAD,CPCB,24,Gujarat,438,Ahmedabad,AHMADABAD CITY,-,-,-,-,-,-,-,-,23.06353000,72.58906400,02-05-2018 08:30,"","","","","",""
2545,SABARMATI AT RAILWAY BRIDGE AHMEDABAD,CPCB,24,Gujarat,438,Ahmedabad,AHMADABAD CITY,-,-,-,-,-,-,-,-,23.06353000,72.58906400,01-06-2018 08:30,"","","","","",""
2546,SABARMATI AT RAILWAY BRIDGE AHMEDABAD,CPCB,24,Gujarat,438,Ahmedabad,AHMADABAD CITY,-,-,-,-,-,-,-,-,23.06353000,72.58906400,02-07-2018 08:30,"","","","","",""
2547,SABARMATI AT RAILWAY BRIDGE AHMEDABAD,CPCB,24,Gujarat,438,Ahmedabad,AHMADABAD CITY,-,-,-,-,-,-,-,-,23.06353000,72.58906400,02-08-2018 08:30,"","","","","",""
2548,SABARMATI AT RAILWAY BRIDGE AHMEDABAD,CPCB,24,Gujarat,438,Ahmedabad,AHMADABAD CITY,-,-,-,-,-,-,-,-,23.06353000,72.58906400,04-09-2018 08:30,"","","","","",""
2549,SABARMATI AT RAILWAY BRIDGE AHMEDABAD,CPCB,24,Gujarat,438,Ahmedabad,AHMADABAD CITY,-,-,-,-,-,-,-,-,23.06353000,72.58906400,01-10-2018 08:30,"","","","","",""
2550,SABARMATI AT RAILWAY BRIDGE AHMEDABAD,CPCB,24,Gujarat,438,Ahmedabad,AHMADABAD CITY,-,-,-,-,-,-,-,-,23.06353000,72.58906400,01-11-2018 08:30,"","","","","",""
2551,SABARMATI AT RAILWAY BRIDGE AHMEDABAD,CPCB,24,Gujarat,438,Ahmedabad,AHMADABAD CITY,-,-,-,-,-,-,-,-,23.06353000,72.58906400,01-12-2018 08:30,"","","","","",""
2552,SABARMATI AT RAILWAY BRIDGE AHMEDABAD,CPCB,24,Gujarat,438,Ahmedabad,AHMADABAD CITY,-,-,-,-,-,-,-,-,23.06353000,72.58906400,02-01-2019 08:30,"","","","","",""
2553,SABARMATI AT RAILWAY BRIDGE AHMEDABAD,CPCB,24,Gujarat,438,Ahmedabad,AHMADABAD CITY,-,-,-,-,-,-,-,-,23.06353000,72.58906400,05-02-2019 08:30,"","","","","",""
2554,SABARMATI AT RAILWAY BRIDGE AHMEDABAD,CPCB,24,Gujarat,438,Ahmedabad,AHMADABAD CITY,-,-,-,-,-,-,-,-,23.06353000,72.58906400,02-03-2019 08:30,"","","","","",""
2555,SABARMATI AT RAILWAY BRIDGE AHMEDABAD,CPCB,24,Gujarat,438,Ahmedabad,AHMADABAD CITY,-,-,-,-,-,-,-,-,23.06353000,72.58906400,02-08-2019 08:30,"","","","","",""
2556,SABARMATI AT RAILWAY BRIDGE AHMEDABAD,CPCB,24,Gujarat,438,Ahmedabad,AHMADABAD CITY,-,-,-,-,-,-,-,-,23.06353000,72.58906400,01-09-2019 08:30,"","","","","",""
2557,SABARMATI AT RAILWAY BRIDGE AHMEDABAD,CPCB,24,Gujarat,438,Ahmedabad,AHMADABAD CITY,-,-,-,-,-,-,-,-,23.06353000,72.58906400,01-10-2019 08:30,"","","","","",""
2558,SABARMATI AT RAILWAY BRIDGE AHMEDABAD,CPCB,24,Gujarat,438,Ahmedabad,AHMADABAD CITY,-,-,-,-,-,-,-,-,23.06353000,72.58906400,04-11-2019 08:30,"","","","","",""
2559,SABARMATI AT RAILWAY BRIDGE AHMEDABAD,CPCB,24,Gujarat,438,Ahmedabad,AHMADABAD CITY,-,-,-,-,-,-,-,-,23.06353000,72.58906400,04-12-2019 08:30,"","","","","",""
2560,SABARMATI AT RAILWAY BRIDGE AHMEDABAD,CPCB,24,Gujarat,438,Ahmedabad,AHMADABAD CITY,-,-,-,-,-,-,-,-,23.06353000,72.58906400,02-01-2020 08:30,267,"","",2.1,"",8
2561,SABARMATI AT RAILWAY BRIDGE AHMEDABAD,CPCB,24,Gujarat,438,Ahmedabad,AHMADABAD CITY,-,-,-,-,-,-,-,-,23.06353000,72.58906400,01-02-2020 08:30,301,"","",2.5,"",""
2562,SABARMATI AT RAILWAY BRIDGE AHMEDABAD,CPCB,24,Gujarat,438,Ahmedabad,AHMADABAD CITY,-,-,-,-,-,-,-,-,23.06353000,72.58906400,03-03-2020 08:30,324,"","",0.3,"",""
2563,SABARMATI AT RAILWAY BRIDGE AHMEDABAD,CPCB,24,Gujarat,438,Ahmedabad,AHMADABAD CITY,-,-,-,-,-,-,-,-,23.06353000,72.58906400,03-04-2020 08:30,340,"","",0.6,"",""
2564,SABARMATI AT RAILWAY BRIDGE AHMEDABAD,CPCB,24,Gujarat,438,Ahmedabad,AHMADABAD CITY,-,-,-,-,-,-,-,-,23.06353000,72.58906400,01-05-2020 08:30,None,"","",None,"",""
2565,SABARMATI AT RAILWAY BRIDGE AHMEDABAD,CPCB,24,Gujarat,438,Ahmedabad,AHMADABAD CITY,-,-,-,-,-,-,-,-,23.06353000,72.58906400,01-06-2020 08:30,"","","","","",""
2566,SABARMATI AT RAILWAY BRIDGE AHMEDABAD,CPCB,24,Gujarat,438,Ahmedabad,AHMADABAD CITY,-,-,-,-,-,-,-,-,23.06353000,72.58906400,04-08-2020 08:30,292,"","",2.2,"",""
2567,SABARMATI AT RAILWAY BRIDGE AHMEDABAD,CPCB,24,Gujarat,438,Ahmedabad,AHMADABAD CITY,-,-,-,-,-,-,-,-,23.06353000,72.58906400,01-09-2020 08:30,272,"","",2.2,"",""
2568,SABARMATI AT RAILWAY BRIDGE AHMEDABAD,CPCB,24,Gujarat,438,Ahmedabad,AHMADABAD CITY,-,-,-,-,-,-,-,-,23.06353000,72.58906400,03-10-2020 08:30,220,"","",3,"",""
2569,SABARMATI AT RAILWAY BRIDGE AHMEDABAD,CPCB,24,Gujarat,438,Ahmedabad,AHMADABAD CITY,-,-,-,-,-,-,-,-,23.06353000,72.58906400,02-11-2020 08:30,270,"","",2,"",""
2570,SABARMATI AT RAILWAY BRIDGE AHMEDABAD,CPCB,24,Gujarat,438,Ahmedabad,AHMADABAD CITY,-,-,-,-,-,-,-,-,23.06353000,72.58906400,01-12-2020 08:30,280,"","",8,"",""
2571,SABARMATI AT VILL. MIROLI TALUKA DASCROI AHMEDABAD,CPCB,24,Gujarat,438,Ahmedabad,AHMADABAD CITY,-,-,-,-,-,-,-,-,23.03131400,72.57511400,03-01-2018 08:30,"","","","","",""
2572,SABARMATI AT VILL. MIROLI TALUKA DASCROI AHMEDABAD,CPCB,24,Gujarat,438,Ahmedabad,AHMADABAD CITY,-,-,-,-,-,-,-,-,23.03131400,72.57511400,04-02-2018 08:30,"","","","","",""
2573,SABARMATI AT VILL. MIROLI TALUKA DASCROI AHMEDABAD,CPCB,24,Gujarat,438,Ahmedabad,AHMADABAD CITY,-,-,-,-,-,-,-,-,23.03131400,72.57511400,03-03-2018 08:30,"","","","","",""
2574,SABARMATI AT VILL. MIROLI TALUKA DASCROI AHMEDABAD,CPCB,24,Gujarat,438,Ahmedabad,AHMADABAD CITY,-,-,-,-,-,-,-,-,23.03131400,72.57511400,05-04-2018 08:30,"","","","","",""
2575,SABARMATI AT VILL. MIROLI TALUKA DASCROI AHMEDABAD,CPCB,24,Gujarat,438,Ahmedabad,AHMADABAD CITY,-,-,-,-,-,-,-,-,23.03131400,72.57511400,02-05-2018 08:30,"","","","","",""
2576,SABARMATI AT VILL. MIROLI TALUKA DASCROI AHMEDABAD,CPCB,24,Gujarat,438,Ahmedabad,AHMADABAD CITY,-,-,-,-,-,-,-,-,23.03131400,72.57511400,03-06-2018 08:30,"","","","","",""
2577,SABARMATI AT VILL. MIROLI TALUKA DASCROI AHMEDABAD,CPCB,24,Gujarat,438,Ahmedabad,AHMADABAD CITY,-,-,-,-,-,-,-,-,23.03131400,72.57511400,04-07-2018 08:30,"","","","","",""
2578,SABARMATI AT VILL. MIROLI TALUKA DASCROI AHMEDABAD,CPCB,24,Gujarat,438,Ahmedabad,AHMADABAD CITY,-,-,-,-,-,-,-,-,23.03131400,72.57511400,04-08-2018 08:30,"","","","","",""
2579,SABARMATI AT VILL. MIROLI TALUKA DASCROI AHMEDABAD,CPCB,24,Gujarat,438,Ahmedabad,AHMADABAD CITY,-,-,-,-,-,-,-,-,23.03131400,72.57511400,05-09-2018 08:30,"","","","","",""
2580,SABARMATI AT VILL. MIROLI TALUKA DASCROI AHMEDABAD,CPCB,24,Gujarat,438,Ahmedabad,AHMADABAD CITY,-,-,-,-,-,-,-,-,23.03131400,72.57511400,04-10-2018 08:30,"","","","","",""
2581,SABARMATI AT VILL. MIROLI TALUKA DASCROI AHMEDABAD,CPCB,24,Gujarat,438,Ahmedabad,AHMADABAD CITY,-,-,-,-,-,-,-,-,23.03131400,72.57511400,03-11-2018 08:30,"","","","","",""
2582,SABARMATI AT VILL. MIROLI TALUKA DASCROI AHMEDABAD,CPCB,24,Gujarat,438,Ahmedabad,AHMADABAD CITY,-,-,-,-,-,-,-,-,23.03131400,72.57511400,04-12-2018 08:30,"","","","","",""
2583,SABARMATI AT VILL. MIROLI TALUKA DASCROI AHMEDABAD,CPCB,24,Gujarat,438,Ahmedabad,AHMADABAD CITY,-,-,-,-,-,-,-,-,23.03131400,72.57511400,03-01-2019 08:30,"","","","","",""
2584,SABARMATI AT VILL. MIROLI TALUKA DASCROI AHMEDABAD,CPCB,24,Gujarat,438,Ahmedabad,AHMADABAD CITY,-,-,-,-,-,-,-,-,23.03131400,72.57511400,02-02-2019 08:30,"","","","","",""
2585,SABARMATI AT VILL. MIROLI TALUKA DASCROI AHMEDABAD,CPCB,24,Gujarat,438,Ahmedabad,AHMADABAD CITY,-,-,-,-,-,-,-,-,23.03131400,72.57511400,02-03-2019 08:30,"","","","","",""
2586,SABARMATI AT VILL. MIROLI TALUKA DASCROI AHMEDABAD,CPCB,24,Gujarat,438,Ahmedabad,AHMADABAD CITY,-,-,-,-,-,-,-,-,23.03131400,72.57511400,02-04-2019 08:30,"","","","","",""
2587,SABARMATI AT VILL. MIROLI TALUKA DASCROI AHMEDABAD,CPCB,24,Gujarat,438,Ahmedabad,AHMADABAD CITY,-,-,-,-,-,-,-,-,23.03131400,72.57511400,02-05-2019 08:30,"","","","","",""
2588,SABARMATI AT VILL. MIROLI TALUKA DASCROI AHMEDABAD,CPCB,24,Gujarat,438,Ahmedabad,AHMADABAD CITY,-,-,-,-,-,-,-,-,23.03131400,72.57511400,03-06-2019 08:30,"","","","","",""
2589,SABARMATI AT VILL. MIROLI TALUKA DASCROI AHMEDABAD,CPCB,24,Gujarat,438,Ahmedabad,AHMADABAD CITY,-,-,-,-,-,-,-,-,23.03131400,72.57511400,05-07-2019 08:30,"","","","","",""
2590,SABARMATI AT VILL. MIROLI TALUKA DASCROI AHMEDABAD,CPCB,24,Gujarat,438,Ahmedabad,AHMADABAD CITY,-,-,-,-,-,-,-,-,23.03131400,72.57511400,05-08-2019 08:30,"","","","","",""
2591,SABARMATI AT VILL. MIROLI TALUKA DASCROI AHMEDABAD,CPCB,24,Gujarat,438,Ahmedabad,AHMADABAD CITY,-,-,-,-,-,-,-,-,23.03131400,72.57511400,06-09-2019 08:30,"","","","","",""
2592,SABARMATI AT VILL. MIROLI TALUKA DASCROI AHMEDABAD,CPCB,24,Gujarat,438,Ahmedabad,AHMADABAD CITY,-,-,-,-,-,-,-,-,23.03131400,72.57511400,04-10-2019 08:30,"","","","","",""
2593,SABARMATI AT VILL. MIROLI TALUKA DASCROI AHMEDABAD,CPCB,24,Gujarat,438,Ahmedabad,AHMADABAD CITY,-,-,-,-,-,-,-,-,23.03131400,72.57511400,05-11-2019 08:30,"","","","","",""
2594,SABARMATI AT VILL. MIROLI TALUKA DASCROI AHMEDABAD,CPCB,24,Gujarat,438,Ahmedabad,AHMADABAD CITY,-,-,-,-,-,-,-,-,23.03131400,72.57511400,05-12-2019 08:30,"","","","","",""
2595,SABARMATI AT VILL. MIROLI TALUKA DASCROI AHMEDABAD,CPCB,24,Gujarat,438,Ahmedabad,AHMADABAD CITY,-,-,-,-,-,-,-,-,23.03131400,72.57511400,04-01-2020 08:30,2505,"","",4.5,"",38
2596,SABARMATI AT VILL. MIROLI TALUKA DASCROI AHMEDABAD,CPCB,24,Gujarat,438,Ahmedabad,AHMADABAD CITY,-,-,-,-,-,-,-,-,23.03131400,72.57511400,05-02-2020 08:30,2573,"","",4.6,"",""
2597,SABARMATI AT VILL. MIROLI TALUKA DASCROI AHMEDABAD,CPCB,24,Gujarat,438,Ahmedabad,AHMADABAD CITY,-,-,-,-,-,-,-,-,23.03131400,72.57511400,04-03-2020 08:30,2630,"","",1.8,"",""
2598,SABARMATI AT VILL. MIROLI TALUKA DASCROI AHMEDABAD,CPCB,24,Gujarat,438,Ahmedabad,AHMADABAD CITY,-,-,-,-,-,-,-,-,23.03131400,72.57511400,08-04-2020 08:30,1701,"","",1.6,"",""
2599,SABARMATI AT VILL. MIROLI TALUKA DASCROI AHMEDABAD,CPCB,24,Gujarat,438,Ahmedabad,AHMADABAD CITY,-,-,-,-,-,-,-,-,23.03131400,72.57511400,02-05-2020 08:30,1882,"","",0.4,"",""
2600,SABARMATI AT VILL. MIROLI TALUKA DASCROI AHMEDABAD,CPCB,24,Gujarat,438,Ahmedabad,AHMADABAD CITY,-,-,-,-,-,-,-,-,23.03131400,72.57511400,03-06-2020 08:30,1934,"","",1.4,"",""
2601,SABARMATI AT VILL. MIROLI TALUKA DASCROI AHMEDABAD,CPCB,24,Gujarat,438,Ahmedabad,AHMADABAD CITY,-,-,-,-,-,-,-,-,23.03131400,72.57511400,06-07-2020 08:30,2010,"","",0.8,"",""
2602,SABARMATI AT VILL. MIROLI TALUKA DASCROI AHMEDABAD,CPCB,24,Gujarat,438,Ahmedabad,AHMADABAD CITY,-,-,-,-,-,-,-,-,23.03131400,72.57511400,06-08-2020 08:30,2051,"","",4.1,"",""
2603,SABARMATI AT VILL. MIROLI TALUKA DASCROI AHMEDABAD,CPCB,24,Gujarat,438,Ahmedabad,AHMADABAD CITY,-,-,-,-,-,-,-,-,23.03131400,72.57511400,03-09-2020 08:30,664,"","",32.3,"",""
2604,SABARMATI AT VILL. MIROLI TALUKA DASCROI AHMEDABAD,CPCB,24,Gujarat,438,Ahmedabad,AHMADABAD CITY,-,-,-,-,-,-,-,-,23.03131400,72.57511400,05-10-2020 08:30,965,"","",20,"",""
2605,SABARMATI AT VILL. MIROLI TALUKA DASCROI AHMEDABAD,CPCB,24,Gujarat,438,Ahmedabad,AHMADABAD CITY,-,-,-,-,-,-,-,-,23.03131400,72.57511400,03-11-2020 08:30,2466,"","",86,"",""
2606,SABARMATI AT VILL. MIROLI TALUKA DASCROI AHMEDABAD,CPCB,24,Gujarat,438,Ahmedabad,AHMADABAD CITY,-,-,-,-,-,-,-,-,23.03131400,72.57511400,03-12-2020 08:30,2423,"","",17,"",""
2607,SABARMATI RIVER AT HANSAOL BRIDGE,CPCB,24,Gujarat,446,Gandhinagar,GANDHINAGAR,-,-,-,-,-,-,-,-,23.09092600,72.62923900,02-01-2018 08:30,"","","","","",""
2608,SABARMATI RIVER AT HANSAOL BRIDGE,CPCB,24,Gujarat,446,Gandhinagar,GANDHINAGAR,-,-,-,-,-,-,-,-,23.09092600,72.62923900,01-02-2018 08:30,"","","","","",""
2609,SABARMATI RIVER AT HANSAOL BRIDGE,CPCB,24,Gujarat,446,Gandhinagar,GANDHINAGAR,-,-,-,-,-,-,-,-,23.09092600,72.62923900,01-03-2018 08:30,"","","","","",""
2610,SABARMATI RIVER AT HANSAOL BRIDGE,CPCB,24,Gujarat,446,Gandhinagar,GANDHINAGAR,-,-,-,-,-,-,-,-,23.09092600,72.62923900,02-04-2018 08:30,"","","","","",""
2611,SABARMATI RIVER AT HANSAOL BRIDGE,CPCB,24,Gujarat,446,Gandhinagar,GANDHINAGAR,-,-,-,-,-,-,-,-,23.09092600,72.62923900,02-08-2018 08:30,"","","","","",""
2612,SABARMATI RIVER AT HANSAOL BRIDGE,CPCB,24,Gujarat,446,Gandhinagar,GANDHINAGAR,-,-,-,-,-,-,-,-,23.09092600,72.62923900,01-10-2018 08:30,"","","","","",""
2613,SABARMATI RIVER AT HANSAOL BRIDGE,CPCB,24,Gujarat,446,Gandhinagar,GANDHINAGAR,-,-,-,-,-,-,-,-,23.09092600,72.62923900,01-11-2018 08:30,"","","","","",""
2614,SABARMATI RIVER AT HANSAOL BRIDGE,CPCB,24,Gujarat,446,Gandhinagar,GANDHINAGAR,-,-,-,-,-,-,-,-,23.09092600,72.62923900,01-12-2018 08:30,"","","","","",""
2615,SABARMATI RIVER AT HANSAOL BRIDGE,CPCB,24,Gujarat,446,Gandhinagar,GANDHINAGAR,-,-,-,-,-,-,-,-,23.09092600,72.62923900,02-01-2019 08:30,"","","","","",""
2616,SABARMATI RIVER AT HANSAOL BRIDGE,CPCB,24,Gujarat,446,Gandhinagar,GANDHINAGAR,-,-,-,-,-,-,-,-,23.09092600,72.62923900,05-02-2019 08:30,"","","","","",""
2617,SABARMATI RIVER AT HANSAOL BRIDGE,CPCB,24,Gujarat,446,Gandhinagar,GANDHINAGAR,-,-,-,-,-,-,-,-,23.09092600,72.62923900,02-03-2019 08:30,"","","","","",""
2618,SABARMATI RIVER AT HANSAOL BRIDGE,CPCB,24,Gujarat,446,Gandhinagar,GANDHINAGAR,-,-,-,-,-,-,-,-,23.09092600,72.62923900,02-08-2019 08:30,"","","","","",""
2619,SABARMATI RIVER AT HANSAOL BRIDGE,CPCB,24,Gujarat,446,Gandhinagar,GANDHINAGAR,-,-,-,-,-,-,-,-,23.09092600,72.62923900,01-09-2019 08:30,"","","","","",""
2620,SABARMATI RIVER AT HANSAOL BRIDGE,CPCB,24,Gujarat,446,Gandhinagar,GANDHINAGAR,-,-,-,-,-,-,-,-,23.09092600,72.62923900,01-10-2019 08:30,"","","","","",""
2621,SABARMATI RIVER AT HANSAOL BRIDGE,CPCB,24,Gujarat,446,Gandhinagar,GANDHINAGAR,-,-,-,-,-,-,-,-,23.09092600,72.62923900,04-11-2019 08:30,"","","","","",""
2622,SABARMATI RIVER AT HANSAOL BRIDGE,CPCB,24,Gujarat,446,Gandhinagar,GANDHINAGAR,-,-,-,-,-,-,-,-,23.09092600,72.62923900,03-12-2019 08:30,"","","","","",""
2623,SABARMATI RIVER AT HANSAOL BRIDGE,CPCB,24,Gujarat,446,Gandhinagar,GANDHINAGAR,-,-,-,-,-,-,-,-,23.09092600,72.62923900,01-01-2020 08:30,322,"","",1.9,"",10
2624,SABARMATI RIVER AT HANSAOL BRIDGE,CPCB,24,Gujarat,446,Gandhinagar,GANDHINAGAR,-,-,-,-,-,-,-,-,23.09092600,72.62923900,01-02-2020 08:30,339,"","",2.1,"",""
2625,SABARMATI RIVER AT HANSAOL BRIDGE,CPCB,24,Gujarat,446,Gandhinagar,GANDHINAGAR,-,-,-,-,-,-,-,-,23.09092600,72.62923900,04-03-2020 08:30,403,"","",0.6,"",""
2626,SABARMATI RIVER AT HANSAOL BRIDGE,CPCB,24,Gujarat,446,Gandhinagar,GANDHINAGAR,-,-,-,-,-,-,-,-,23.09092600,72.62923900,03-04-2020 08:30,337,"","",0.4,"",""
2627,SABARMATI RIVER AT HANSAOL BRIDGE,CPCB,24,Gujarat,446,Gandhinagar,GANDHINAGAR,-,-,-,-,-,-,-,-,23.09092600,72.62923900,01-05-2020 08:30,None,"","",None,"",""
2628,SABARMATI RIVER AT HANSAOL BRIDGE,CPCB,24,Gujarat,446,Gandhinagar,GANDHINAGAR,-,-,-,-,-,-,-,-,23.09092600,72.62923900,01-06-2020 08:30,"","","","","",""
2629,SABARMATI RIVER AT HANSAOL BRIDGE,CPCB,24,Gujarat,446,Gandhinagar,GANDHINAGAR,-,-,-,-,-,-,-,-,23.09092600,72.62923900,04-08-2020 08:30,286,"","",0.3,"",""
2630,SABARMATI RIVER AT HANSAOL BRIDGE,CPCB,24,Gujarat,446,Gandhinagar,GANDHINAGAR,-,-,-,-,-,-,-,-,23.09092600,72.62923900,01-09-2020 08:30,260,"","",2.3,"",""
2631,SABARMATI RIVER AT HANSAOL BRIDGE,CPCB,24,Gujarat,446,Gandhinagar,GANDHINAGAR,-,-,-,-,-,-,-,-,23.09092600,72.62923900,03-10-2020 08:30,223,"","",5,"",""
2632,SABARMATI RIVER AT HANSAOL BRIDGE,CPCB,24,Gujarat,446,Gandhinagar,GANDHINAGAR,-,-,-,-,-,-,-,-,23.09092600,72.62923900,02-11-2020 08:30,241,"","",2,"",""
2633,SABARMATI RIVER AT HANSAOL BRIDGE,CPCB,24,Gujarat,446,Gandhinagar,GANDHINAGAR,-,-,-,-,-,-,-,-,23.09092600,72.62923900,01-12-2020 08:30,240,"","",4,"",""
2634,SAHASTRLING SAROVAR ? PATAN,CPCB,24,Gujarat,455,Patan,PATAN,-,-,-,-,-,-,-,-,23.86250500,72.09838700,05-03-2018 08:30,"","","","","",""
2635,SAHASTRLING SAROVAR ? PATAN,CPCB,24,Gujarat,455,Patan,PATAN,-,-,-,-,-,-,-,-,23.86250500,72.09838700,04-01-2020 08:30,"","","","","",""
2636,SAHASTRLING SAROVAR ? PATAN,CPCB,24,Gujarat,455,Patan,PATAN,-,-,-,-,-,-,-,-,23.86250500,72.09838700,04-02-2020 08:30,Other,"","",Other,"",""
2637,SAHASTRLING SAROVAR ? PATAN,CPCB,24,Gujarat,455,Patan,PATAN,-,-,-,-,-,-,-,-,23.86250500,72.09838700,05-03-2020 08:30,Clear,"","",Clear,"",""
2638,SAHASTRLING SAROVAR ? PATAN,CPCB,24,Gujarat,455,Patan,PATAN,-,-,-,-,-,-,-,-,23.86250500,72.09838700,11-04-2020 08:30,Other,"","",Other,"",""
2639,SAHASTRLING SAROVAR ? PATAN,CPCB,24,Gujarat,455,Patan,PATAN,-,-,-,-,-,-,-,-,23.86250500,72.09838700,01-05-2020 08:30,None,"","",None,"",""
2640,SAHASTRLING SAROVAR ? PATAN,CPCB,24,Gujarat,455,Patan,PATAN,-,-,-,-,-,-,-,-,23.86250500,72.09838700,05-06-2020 08:30,"","","","","",""
2641,SAHASTRLING SAROVAR ? PATAN,CPCB,24,Gujarat,455,Patan,PATAN,-,-,-,-,-,-,-,-,23.86250500,72.09838700,01-07-2020 08:30,"","","","","",""
2642,SAHASTRLING SAROVAR ? PATAN,CPCB,24,Gujarat,455,Patan,PATAN,-,-,-,-,-,-,-,-,23.86250500,72.09838700,04-08-2020 08:30,"","","","","",""
2643,SARIGAM VILLAGE (D/S OF INDUSTRIALAREA) VAPI,CPCB,24,Gujarat,462,Valsad,UMBERGAON,-,-,-,-,-,-,-,-,20.28450700,72.85484300,02-04-2018 08:30,907,"","",10.3,"",""
2644,SARIGAM VILLAGE (D/S OF INDUSTRIALAREA) VAPI,CPCB,24,Gujarat,462,Valsad,UMBERGAON,-,-,-,-,-,-,-,-,20.28450700,72.85484300,01-10-2018 08:30,772,"","",39,"",""
2645,SARIGAM VILLAGE (D/S OF INDUSTRIALAREA) VAPI,CPCB,24,Gujarat,462,Valsad,UMBERGAON,-,-,-,-,-,-,-,-,20.28450700,72.85484300,01-04-2019 08:30,1354,Clear,"",6,"",""
2646,SARIGAM VILLAGE (D/S OF INDUSTRIALAREA) VAPI,CPCB,24,Gujarat,462,Valsad,UMBERGAON,-,-,-,-,-,-,-,-,20.28450700,72.85484300,08-04-2020 08:30,533,"","",Clear,"",""
2647,SHEDHI AT KHEDA,CPCB,24,Gujarat,450,Kheda,MATAR,-,-,-,-,-,-,-,-,22.73932100,72.67905900,01-01-2018 08:30,"","","","","",""
2648,SHEDHI AT KHEDA,CPCB,24,Gujarat,450,Kheda,MATAR,-,-,-,-,-,-,-,-,22.73932100,72.67905900,06-02-2018 08:30,"","","","","",""
2649,SHEDHI AT KHEDA,CPCB,24,Gujarat,450,Kheda,MATAR,-,-,-,-,-,-,-,-,22.73932100,72.67905900,05-03-2018 08:30,"","","","","",""
2650,SHEDHI AT KHEDA,CPCB,24,Gujarat,450,Kheda,MATAR,-,-,-,-,-,-,-,-,22.73932100,72.67905900,04-04-2018 08:30,"","","","","",""
2651,SHEDHI AT KHEDA,CPCB,24,Gujarat,450,Kheda,MATAR,-,-,-,-,-,-,-,-,22.73932100,72.67905900,01-05-2018 08:30,"","","","","",""
2652,SHEDHI AT KHEDA,CPCB,24,Gujarat,450,Kheda,MATAR,-,-,-,-,-,-,-,-,22.73932100,72.67905900,02-06-2018 08:30,"","","","","",""
2653,SHEDHI AT KHEDA,CPCB,24,Gujarat,450,Kheda,MATAR,-,-,-,-,-,-,-,-,22.73932100,72.67905900,02-07-2018 08:30,"","","","","",""
2654,SHEDHI AT KHEDA,CPCB,24,Gujarat,450,Kheda,MATAR,-,-,-,-,-,-,-,-,22.73932100,72.67905900,01-08-2018 08:30,"","","","","",""
2655,SHEDHI AT KHEDA,CPCB,24,Gujarat,450,Kheda,MATAR,-,-,-,-,-,-,-,-,22.73932100,72.67905900,06-09-2018 08:30,"","","","","",""
2656,SHEDHI AT KHEDA,CPCB,24,Gujarat,450,Kheda,MATAR,-,-,-,-,-,-,-,-,22.73932100,72.67905900,05-10-2018 08:30,"","","","","",""
2657,SHEDHI AT KHEDA,CPCB,24,Gujarat,450,Kheda,MATAR,-,-,-,-,-,-,-,-,22.73932100,72.67905900,01-11-2018 08:30,"","","","","",""
2658,SHEDHI AT KHEDA,CPCB,24,Gujarat,450,Kheda,MATAR,-,-,-,-,-,-,-,-,22.73932100,72.67905900,03-12-2018 08:30,"","","","","",""
2659,SHEDHI AT KHEDA,CPCB,24,Gujarat,450,Kheda,MATAR,-,-,-,-,-,-,-,-,22.73932100,72.67905900,01-01-2019 08:30,"","","","","",""
2660,SHEDHI AT KHEDA,CPCB,24,Gujarat,450,Kheda,MATAR,-,-,-,-,-,-,-,-,22.73932100,72.67905900,01-02-2019 08:30,"","","","","",""
2661,SHEDHI AT KHEDA,CPCB,24,Gujarat,450,Kheda,MATAR,-,-,-,-,-,-,-,-,22.73932100,72.67905900,01-03-2019 08:30,"","","","","",""
2662,SHEDHI AT KHEDA,CPCB,24,Gujarat,450,Kheda,MATAR,-,-,-,-,-,-,-,-,22.73932100,72.67905900,02-04-2019 08:30,"","","","","",""
2663,SHEDHI AT KHEDA,CPCB,24,Gujarat,450,Kheda,MATAR,-,-,-,-,-,-,-,-,22.73932100,72.67905900,02-05-2019 08:30,"","","","","",""
2664,SHEDHI AT KHEDA,CPCB,24,Gujarat,450,Kheda,MATAR,-,-,-,-,-,-,-,-,22.73932100,72.67905900,01-06-2019 08:30,"","","","","",""
2665,SHEDHI AT KHEDA,CPCB,24,Gujarat,450,Kheda,MATAR,-,-,-,-,-,-,-,-,22.73932100,72.67905900,05-07-2019 08:30,"","","","","",""
2666,SHEDHI AT KHEDA,CPCB,24,Gujarat,450,Kheda,MATAR,-,-,-,-,-,-,-,-,22.73932100,72.67905900,01-08-2019 08:30,"","","","","",""
2667,SHEDHI AT KHEDA,CPCB,24,Gujarat,450,Kheda,MATAR,-,-,-,-,-,-,-,-,22.73932100,72.67905900,04-09-2019 08:30,"","","","","",""
2668,SHEDHI AT KHEDA,CPCB,24,Gujarat,450,Kheda,MATAR,-,-,-,-,-,-,-,-,22.73932100,72.67905900,04-10-2019 08:30,"","","","","",""
2669,SHEDHI AT KHEDA,CPCB,24,Gujarat,450,Kheda,MATAR,-,-,-,-,-,-,-,-,22.73932100,72.67905900,02-11-2019 08:30,"","","","","",""
2670,SHEDHI AT KHEDA,CPCB,24,Gujarat,450,Kheda,MATAR,-,-,-,-,-,-,-,-,22.73932100,72.67905900,04-12-2019 08:30,"","","","","",""
2671,SHEDHI AT KHEDA,CPCB,24,Gujarat,450,Kheda,MATAR,-,-,-,-,-,-,-,-,22.73932100,72.67905900,03-01-2020 08:30,732,"","",16.3,"",4
2672,SHEDHI AT KHEDA,CPCB,24,Gujarat,450,Kheda,MATAR,-,-,-,-,-,-,-,-,22.73932100,72.67905900,04-02-2020 08:30,1300,"","",6.6,"",""
2673,SHEDHI AT KHEDA,CPCB,24,Gujarat,450,Kheda,MATAR,-,-,-,-,-,-,-,-,22.73932100,72.67905900,06-03-2020 08:30,569,"","",9.8,"",""
2674,SHEDHI AT KHEDA,CPCB,24,Gujarat,450,Kheda,MATAR,-,-,-,-,-,-,-,-,22.73932100,72.67905900,07-04-2020 08:30,1189,"","",5.7,"",""
2675,SHEDHI AT KHEDA,CPCB,24,Gujarat,450,Kheda,MATAR,-,-,-,-,-,-,-,-,22.73932100,72.67905900,06-05-2020 08:30,2530,"","",33.2,"",""
2676,SHEDHI AT KHEDA,CPCB,24,Gujarat,450,Kheda,MATAR,-,-,-,-,-,-,-,-,22.73932100,72.67905900,04-06-2020 08:30,2400,"","",23,"",""
2677,SHEDHI AT KHEDA,CPCB,24,Gujarat,450,Kheda,MATAR,-,-,-,-,-,-,-,-,22.73932100,72.67905900,03-07-2020 08:30,1677,"","",30.6,"",""
2678,SHEDHI AT KHEDA,CPCB,24,Gujarat,450,Kheda,MATAR,-,-,-,-,-,-,-,-,22.73932100,72.67905900,06-08-2020 08:30,1245,"","",13.9,"",""
2679,SHEDHI AT KHEDA,CPCB,24,Gujarat,450,Kheda,MATAR,-,-,-,-,-,-,-,-,22.73932100,72.67905900,01-09-2020 08:30,460,"","",166,"",""
2680,SHEDHI AT KHEDA,CPCB,24,Gujarat,450,Kheda,MATAR,-,-,-,-,-,-,-,-,22.73932100,72.67905900,06-10-2020 08:30,613,"","",2.8,"",""
2681,SHEDHI AT KHEDA,CPCB,24,Gujarat,450,Kheda,MATAR,-,-,-,-,-,-,-,-,22.73932100,72.67905900,02-11-2020 08:30,1021,"","",7,"",""
2682,SHEDHI AT KHEDA,CPCB,24,Gujarat,450,Kheda,MATAR,-,-,-,-,-,-,-,-,22.73932100,72.67905900,03-12-2020 08:30,1245,"","",2.5,"",""
2683,SURSAGAR LAKE AT BARODA,CPCB,24,Gujarat,461,Vadodara,VADODARA,-,-,-,-,-,-,-,-,22.30039200,73.20507800,06-01-2018 08:30,3080,"","","","",""
2684,SURSAGAR LAKE AT BARODA,CPCB,24,Gujarat,461,Vadodara,VADODARA,-,-,-,-,-,-,-,-,22.30039200,73.20507800,01-02-2018 08:30,3070,"","","","",""
2685,SURSAGAR LAKE AT BARODA,CPCB,24,Gujarat,461,Vadodara,VADODARA,-,-,-,-,-,-,-,-,22.30039200,73.20507800,06-03-2018 08:30,3210,"","","","",""
2686,SURSAGAR LAKE AT BARODA,CPCB,24,Gujarat,461,Vadodara,VADODARA,-,-,-,-,-,-,-,-,22.30039200,73.20507800,05-04-2018 08:30,2880,"","","","",""
2687,SURSAGAR LAKE AT BARODA,CPCB,24,Gujarat,461,Vadodara,VADODARA,-,-,-,-,-,-,-,-,22.30039200,73.20507800,05-05-2018 08:30,3660,"","","","",""
2688,SURSAGAR LAKE AT BARODA,CPCB,24,Gujarat,461,Vadodara,VADODARA,-,-,-,-,-,-,-,-,22.30039200,73.20507800,01-06-2018 08:30,4280,"","","","",""
2689,SURSAGAR LAKE AT BARODA,CPCB,24,Gujarat,461,Vadodara,VADODARA,-,-,-,-,-,-,-,-,22.30039200,73.20507800,03-07-2018 08:30,3040,"","","","",""
2690,SURSAGAR LAKE AT BARODA,CPCB,24,Gujarat,461,Vadodara,VADODARA,-,-,-,-,-,-,-,-,22.30039200,73.20507800,04-08-2018 08:30,1577,"","","","",""
2691,SURSAGAR LAKE AT BARODA,CPCB,24,Gujarat,461,Vadodara,VADODARA,-,-,-,-,-,-,-,-,22.30039200,73.20507800,07-09-2018 08:30,1401,"","","","",""
2692,SURSAGAR LAKE AT BARODA,CPCB,24,Gujarat,461,Vadodara,VADODARA,-,-,-,-,-,-,-,-,22.30039200,73.20507800,01-10-2018 08:30,1422,"","","","",""
2693,SURSAGAR LAKE AT BARODA,CPCB,24,Gujarat,461,Vadodara,VADODARA,-,-,-,-,-,-,-,-,22.30039200,73.20507800,05-11-2018 08:30,1861,"","","","",""
2694,SURSAGAR LAKE AT BARODA,CPCB,24,Gujarat,461,Vadodara,VADODARA,-,-,-,-,-,-,-,-,22.30039200,73.20507800,04-12-2018 08:30,1613,"","","","",""
2695,SURSAGAR LAKE AT BARODA,CPCB,24,Gujarat,461,Vadodara,VADODARA,-,-,-,-,-,-,-,-,22.30039200,73.20507800,07-01-2019 08:30,1752,"","","","",""
2696,SURSAGAR LAKE AT BARODA,CPCB,24,Gujarat,461,Vadodara,VADODARA,-,-,-,-,-,-,-,-,22.30039200,73.20507800,14-02-2019 08:30,2340,"","","","",""
2697,SURSAGAR LAKE AT BARODA,CPCB,24,Gujarat,461,Vadodara,VADODARA,-,-,-,-,-,-,-,-,22.30039200,73.20507800,02-03-2019 08:30,1974,"","","","",""
2698,SURSAGAR LAKE AT BARODA,CPCB,24,Gujarat,461,Vadodara,VADODARA,-,-,-,-,-,-,-,-,22.30039200,73.20507800,03-04-2019 08:30,2970,"","","","",""
2699,SURSAGAR LAKE AT BARODA,CPCB,24,Gujarat,461,Vadodara,VADODARA,-,-,-,-,-,-,-,-,22.30039200,73.20507800,06-05-2019 08:30,2870,"","","","",""
2700,SURSAGAR LAKE AT BARODA,CPCB,24,Gujarat,461,Vadodara,VADODARA,-,-,-,-,-,-,-,-,22.30039200,73.20507800,07-06-2019 08:30,3670,"","","","",""
2701,SURSAGAR LAKE AT BARODA,CPCB,24,Gujarat,461,Vadodara,VADODARA,-,-,-,-,-,-,-,-,22.30039200,73.20507800,01-07-2019 08:30,1327,"","","","",""
2702,SURSAGAR LAKE AT BARODA,CPCB,24,Gujarat,461,Vadodara,VADODARA,-,-,-,-,-,-,-,-,22.30039200,73.20507800,06-08-2019 08:30,955,"","","","",""
2703,SURSAGAR LAKE AT BARODA,CPCB,24,Gujarat,461,Vadodara,VADODARA,-,-,-,-,-,-,-,-,22.30039200,73.20507800,04-09-2019 08:30,893,"","","","",""
2704,SURSAGAR LAKE AT BARODA,CPCB,24,Gujarat,461,Vadodara,VADODARA,-,-,-,-,-,-,-,-,22.30039200,73.20507800,01-10-2019 08:30,789,"","","","",""
2705,SURSAGAR LAKE AT BARODA,CPCB,24,Gujarat,461,Vadodara,VADODARA,-,-,-,-,-,-,-,-,22.30039200,73.20507800,01-11-2019 08:30,775,"","","","",""
2706,SURSAGAR LAKE AT BARODA,CPCB,24,Gujarat,461,Vadodara,VADODARA,-,-,-,-,-,-,-,-,22.30039200,73.20507800,03-12-2019 08:30,830,"","","","",""
2707,SURSAGAR LAKE AT BARODA,CPCB,24,Gujarat,461,Vadodara,VADODARA,-,-,-,-,-,-,-,-,22.30039200,73.20507800,04-01-2020 08:30,877,"","",22.1,"",30
2708,SURSAGAR LAKE AT BARODA,CPCB,24,Gujarat,461,Vadodara,VADODARA,-,-,-,-,-,-,-,-,22.30039200,73.20507800,01-02-2020 08:30,960,"","",7.8,"",""
2709,SURSAGAR LAKE AT BARODA,CPCB,24,Gujarat,461,Vadodara,VADODARA,-,-,-,-,-,-,-,-,22.30039200,73.20507800,05-03-2020 08:30,937,"","",23.1,"",""
2710,SURSAGAR LAKE AT BARODA,CPCB,24,Gujarat,461,Vadodara,VADODARA,-,-,-,-,-,-,-,-,22.30039200,73.20507800,03-04-2020 08:30,966,"","",7.2,"",""
2711,SURSAGAR LAKE AT BARODA,CPCB,24,Gujarat,461,Vadodara,VADODARA,-,-,-,-,-,-,-,-,22.30039200,73.20507800,01-05-2020 08:30,997,"","",14.6,"",""
2712,SURSAGAR LAKE AT BARODA,CPCB,24,Gujarat,461,Vadodara,VADODARA,-,-,-,-,-,-,-,-,22.30039200,73.20507800,03-06-2020 08:30,1094,"","",12.5,"",""
2713,SURSAGAR LAKE AT BARODA,CPCB,24,Gujarat,461,Vadodara,VADODARA,-,-,-,-,-,-,-,-,22.30039200,73.20507800,04-07-2020 08:30,1041,"","",23,"",""
2714,SURSAGAR LAKE AT BARODA,CPCB,24,Gujarat,461,Vadodara,VADODARA,-,-,-,-,-,-,-,-,22.30039200,73.20507800,07-08-2020 08:30,1200,"","",0.5,"",""
2715,SURSAGAR LAKE AT BARODA,CPCB,24,Gujarat,461,Vadodara,VADODARA,-,-,-,-,-,-,-,-,22.30039200,73.20507800,02-09-2020 08:30,770,"","",7.2,"",""
2716,SURSAGAR LAKE AT BARODA,CPCB,24,Gujarat,461,Vadodara,VADODARA,-,-,-,-,-,-,-,-,22.30039200,73.20507800,06-10-2020 08:30,896,"","",8,"",""
2717,SURSAGAR LAKE AT BARODA,CPCB,24,Gujarat,461,Vadodara,VADODARA,-,-,-,-,-,-,-,-,22.30039200,73.20507800,05-11-2020 08:30,1299,"","",12,"",""
2718,SURSAGAR LAKE AT BARODA,CPCB,24,Gujarat,461,Vadodara,VADODARA,-,-,-,-,-,-,-,-,22.30039200,73.20507800,04-12-2020 08:30,840,"","",10,"",""
2719,TAPI AT KATHORE (NH-8 BRIDGE),CPCB,24,Gujarat,459,Surat,KAMREJ,-,-,-,-,-,-,-,-,21.28407500,72.95223600,04-01-2018 08:30,"","","","","",""
2720,TAPI AT KATHORE (NH-8 BRIDGE),CPCB,24,Gujarat,459,Surat,KAMREJ,-,-,-,-,-,-,-,-,21.28407500,72.95223600,03-02-2018 08:30,"","","","","",""
2721,TAPI AT KATHORE (NH-8 BRIDGE),CPCB,24,Gujarat,459,Surat,KAMREJ,-,-,-,-,-,-,-,-,21.28407500,72.95223600,01-03-2018 08:30,"","","","","",""
2722,TAPI AT KATHORE (NH-8 BRIDGE),CPCB,24,Gujarat,459,Surat,KAMREJ,-,-,-,-,-,-,-,-,21.28407500,72.95223600,02-04-2018 08:30,"","","","","",""
2723,TAPI AT KATHORE (NH-8 BRIDGE),CPCB,24,Gujarat,459,Surat,KAMREJ,-,-,-,-,-,-,-,-,21.28407500,72.95223600,01-05-2018 08:30,"","","","","",""
2724,TAPI AT KATHORE (NH-8 BRIDGE),CPCB,24,Gujarat,459,Surat,KAMREJ,-,-,-,-,-,-,-,-,21.28407500,72.95223600,01-06-2018 08:30,"","","","","",""
2725,TAPI AT KATHORE (NH-8 BRIDGE),CPCB,24,Gujarat,459,Surat,KAMREJ,-,-,-,-,-,-,-,-,21.28407500,72.95223600,05-07-2018 08:30,"","","","","",""
2726,TAPI AT KATHORE (NH-8 BRIDGE),CPCB,24,Gujarat,459,Surat,KAMREJ,-,-,-,-,-,-,-,-,21.28407500,72.95223600,03-08-2018 08:30,"","","","","",""
2727,TAPI AT KATHORE (NH-8 BRIDGE),CPCB,24,Gujarat,459,Surat,KAMREJ,-,-,-,-,-,-,-,-,21.28407500,72.95223600,01-09-2018 08:30,"","","","","",""
2728,TAPI AT KATHORE (NH-8 BRIDGE),CPCB,24,Gujarat,459,Surat,KAMREJ,-,-,-,-,-,-,-,-,21.28407500,72.95223600,01-10-2018 08:30,"","","","","",""
2729,TAPI AT KATHORE (NH-8 BRIDGE),CPCB,24,Gujarat,459,Surat,KAMREJ,-,-,-,-,-,-,-,-,21.28407500,72.95223600,01-11-2018 08:30,"","","","","",""
2730,TAPI AT KATHORE (NH-8 BRIDGE),CPCB,24,Gujarat,459,Surat,KAMREJ,-,-,-,-,-,-,-,-,21.28407500,72.95223600,03-12-2018 08:30,"","","","","",""
2731,TAPI AT KATHORE (NH-8 BRIDGE),CPCB,24,Gujarat,459,Surat,KAMREJ,-,-,-,-,-,-,-,-,21.28407500,72.95223600,07-01-2019 08:30,"","","","","",""
2732,TAPI AT KATHORE (NH-8 BRIDGE),CPCB,24,Gujarat,459,Surat,KAMREJ,-,-,-,-,-,-,-,-,21.28407500,72.95223600,02-02-2019 08:30,"","","","","",""
2733,TAPI AT KATHORE (NH-8 BRIDGE),CPCB,24,Gujarat,459,Surat,KAMREJ,-,-,-,-,-,-,-,-,21.28407500,72.95223600,06-03-2019 08:30,"","","","","",""
2734,TAPI AT KATHORE (NH-8 BRIDGE),CPCB,24,Gujarat,459,Surat,KAMREJ,-,-,-,-,-,-,-,-,21.28407500,72.95223600,04-04-2019 08:30,"","","","","",""
2735,TAPI AT KATHORE (NH-8 BRIDGE),CPCB,24,Gujarat,459,Surat,KAMREJ,-,-,-,-,-,-,-,-,21.28407500,72.95223600,01-05-2019 08:30,"","","","","",""
2736,TAPI AT KATHORE (NH-8 BRIDGE),CPCB,24,Gujarat,459,Surat,KAMREJ,-,-,-,-,-,-,-,-,21.28407500,72.95223600,04-06-2019 08:30,"","","","","",""
2737,TAPI AT KATHORE (NH-8 BRIDGE),CPCB,24,Gujarat,459,Surat,KAMREJ,-,-,-,-,-,-,-,-,21.28407500,72.95223600,04-07-2019 08:30,"","","","","",""
2738,TAPI AT KATHORE (NH-8 BRIDGE),CPCB,24,Gujarat,459,Surat,KAMREJ,-,-,-,-,-,-,-,-,21.28407500,72.95223600,03-08-2019 08:30,"","","","","",""
2739,TAPI AT KATHORE (NH-8 BRIDGE),CPCB,24,Gujarat,459,Surat,KAMREJ,-,-,-,-,-,-,-,-,21.28407500,72.95223600,03-09-2019 08:30,"","","","","",""
2740,TAPI AT KATHORE (NH-8 BRIDGE),CPCB,24,Gujarat,459,Surat,KAMREJ,-,-,-,-,-,-,-,-,21.28407500,72.95223600,01-10-2019 08:30,"","","","","",""
2741,TAPI AT KATHORE (NH-8 BRIDGE),CPCB,24,Gujarat,459,Surat,KAMREJ,-,-,-,-,-,-,-,-,21.28407500,72.95223600,07-11-2019 08:30,"","","","","",""
2742,TAPI AT KATHORE (NH-8 BRIDGE),CPCB,24,Gujarat,459,Surat,KAMREJ,-,-,-,-,-,-,-,-,21.28407500,72.95223600,04-12-2019 08:30,"","","","","",""
2743,TAPI AT KATHORE (NH-8 BRIDGE),CPCB,24,Gujarat,459,Surat,KAMREJ,-,-,-,-,-,-,-,-,21.28407500,72.95223600,02-01-2020 08:30,754,"","",2,"",4
2744,TAPI AT KATHORE (NH-8 BRIDGE),CPCB,24,Gujarat,459,Surat,KAMREJ,-,-,-,-,-,-,-,-,21.28407500,72.95223600,03-02-2020 08:30,693,"","",4,"",""
2745,TAPI AT KATHORE (NH-8 BRIDGE),CPCB,24,Gujarat,459,Surat,KAMREJ,-,-,-,-,-,-,-,-,21.28407500,72.95223600,04-03-2020 08:30,707,"","",2,"",""
2746,TAPI AT KATHORE (NH-8 BRIDGE),CPCB,24,Gujarat,459,Surat,KAMREJ,-,-,-,-,-,-,-,-,21.28407500,72.95223600,07-04-2020 08:30,680,"","",4,"",""
2747,TAPI AT KATHORE (NH-8 BRIDGE),CPCB,24,Gujarat,459,Surat,KAMREJ,-,-,-,-,-,-,-,-,21.28407500,72.95223600,06-05-2020 08:30,552,"","",3,"",""
2748,TAPI AT KATHORE (NH-8 BRIDGE),CPCB,24,Gujarat,459,Surat,KAMREJ,-,-,-,-,-,-,-,-,21.28407500,72.95223600,04-06-2020 08:30,437,"","",3,"",""
2749,TAPI AT KATHORE (NH-8 BRIDGE),CPCB,24,Gujarat,459,Surat,KAMREJ,-,-,-,-,-,-,-,-,21.28407500,72.95223600,04-07-2020 08:30,560,"","",8,"",""
2750,TAPI AT KATHORE (NH-8 BRIDGE),CPCB,24,Gujarat,459,Surat,KAMREJ,-,-,-,-,-,-,-,-,21.28407500,72.95223600,06-08-2020 08:30,4708,"","",1,"",""
2751,TAPI AT KATHORE (NH-8 BRIDGE),CPCB,24,Gujarat,459,Surat,KAMREJ,-,-,-,-,-,-,-,-,21.28407500,72.95223600,01-09-2020 08:30,232,"","",1,"",""
2752,TAPI AT KATHORE (NH-8 BRIDGE),CPCB,24,Gujarat,459,Surat,KAMREJ,-,-,-,-,-,-,-,-,21.28407500,72.95223600,01-10-2020 08:30,445,"","",1,"",""
2753,TAPI AT KATHORE (NH-8 BRIDGE),CPCB,24,Gujarat,459,Surat,KAMREJ,-,-,-,-,-,-,-,-,21.28407500,72.95223600,02-11-2020 08:30,485,"","",1,"",""
2754,TAPI AT KATHORE (NH-8 BRIDGE),CPCB,24,Gujarat,459,Surat,KAMREJ,-,-,-,-,-,-,-,-,21.28407500,72.95223600,01-12-2020 08:30,522,"","",1,"",""
2755,TAPI AT MANDAVI,CPCB,24,Gujarat,459,Surat,Mandvi,-,-,-,-,-,-,-,-,21.24790800,73.30103300,03-01-2018 08:30,"","","","","",""
2756,TAPI AT MANDAVI,CPCB,24,Gujarat,459,Surat,Mandvi,-,-,-,-,-,-,-,-,21.24790800,73.30103300,01-02-2018 08:30,"","","","","",""
2757,TAPI AT MANDAVI,CPCB,24,Gujarat,459,Surat,Mandvi,-,-,-,-,-,-,-,-,21.24790800,73.30103300,05-03-2018 08:30,"","","","","",""
2758,TAPI AT MANDAVI,CPCB,24,Gujarat,459,Surat,Mandvi,-,-,-,-,-,-,-,-,21.24790800,73.30103300,03-04-2018 08:30,"","","","","",""
2759,TAPI AT MANDAVI,CPCB,24,Gujarat,459,Surat,Mandvi,-,-,-,-,-,-,-,-,21.24790800,73.30103300,02-05-2018 08:30,"","","","","",""
2760,TAPI AT MANDAVI,CPCB,24,Gujarat,459,Surat,Mandvi,-,-,-,-,-,-,-,-,21.24790800,73.30103300,02-06-2018 08:30,"","","","","",""
2761,TAPI AT MANDAVI,CPCB,24,Gujarat,459,Surat,Mandvi,-,-,-,-,-,-,-,-,21.24790800,73.30103300,04-07-2018 08:30,"","","","","",""
2762,TAPI AT MANDAVI,CPCB,24,Gujarat,459,Surat,Mandvi,-,-,-,-,-,-,-,-,21.24790800,73.30103300,01-08-2018 08:30,"","","","","",""
2763,TAPI AT MANDAVI,CPCB,24,Gujarat,459,Surat,Mandvi,-,-,-,-,-,-,-,-,21.24790800,73.30103300,06-09-2018 08:30,"","","","","",""
2764,TAPI AT MANDAVI,CPCB,24,Gujarat,459,Surat,Mandvi,-,-,-,-,-,-,-,-,21.24790800,73.30103300,03-10-2018 08:30,"","","","","",""
2765,TAPI AT MANDAVI,CPCB,24,Gujarat,459,Surat,Mandvi,-,-,-,-,-,-,-,-,21.24790800,73.30103300,02-11-2018 08:30,"","","","","",""
2766,TAPI AT MANDAVI,CPCB,24,Gujarat,459,Surat,Mandvi,-,-,-,-,-,-,-,-,21.24790800,73.30103300,04-12-2018 08:30,"","","","","",""
2767,TAPI AT MANDAVI,CPCB,24,Gujarat,459,Surat,Mandvi,-,-,-,-,-,-,-,-,21.24790800,73.30103300,02-01-2019 08:30,"","","","","",""
2768,TAPI AT MANDAVI,CPCB,24,Gujarat,459,Surat,Mandvi,-,-,-,-,-,-,-,-,21.24790800,73.30103300,04-02-2019 08:30,"","","","","",""
2769,TAPI AT MANDAVI,CPCB,24,Gujarat,459,Surat,Mandvi,-,-,-,-,-,-,-,-,21.24790800,73.30103300,02-03-2019 08:30,"","","","","",""
2770,TAPI AT MANDAVI,CPCB,24,Gujarat,459,Surat,Mandvi,-,-,-,-,-,-,-,-,21.24790800,73.30103300,02-04-2019 08:30,"","","","","",""
2771,TAPI AT MANDAVI,CPCB,24,Gujarat,459,Surat,Mandvi,-,-,-,-,-,-,-,-,21.24790800,73.30103300,02-05-2019 08:30,"","","","","",""
2772,TAPI AT MANDAVI,CPCB,24,Gujarat,459,Surat,Mandvi,-,-,-,-,-,-,-,-,21.24790800,73.30103300,04-06-2019 08:30,"","","","","",""
2773,TAPI AT MANDAVI,CPCB,24,Gujarat,459,Surat,Mandvi,-,-,-,-,-,-,-,-,21.24790800,73.30103300,03-07-2019 08:30,"","","","","",""
2774,TAPI AT MANDAVI,CPCB,24,Gujarat,459,Surat,Mandvi,-,-,-,-,-,-,-,-,21.24790800,73.30103300,01-08-2019 08:30,"","","","","",""
2775,TAPI AT MANDAVI,CPCB,24,Gujarat,459,Surat,Mandvi,-,-,-,-,-,-,-,-,21.24790800,73.30103300,04-09-2019 08:30,"","","","","",""
2776,TAPI AT MANDAVI,CPCB,24,Gujarat,459,Surat,Mandvi,-,-,-,-,-,-,-,-,21.24790800,73.30103300,03-10-2019 08:30,"","","","","",""
2777,TAPI AT MANDAVI,CPCB,24,Gujarat,459,Surat,Mandvi,-,-,-,-,-,-,-,-,21.24790800,73.30103300,06-11-2019 08:30,"","","","","",""
2778,TAPI AT MANDAVI,CPCB,24,Gujarat,459,Surat,Mandvi,-,-,-,-,-,-,-,-,21.24790800,73.30103300,03-12-2019 08:30,"","","","","",""
2779,TAPI AT MANDAVI,CPCB,24,Gujarat,459,Surat,Mandvi,-,-,-,-,-,-,-,-,21.24790800,73.30103300,01-01-2020 08:30,754,"","",2,"",6
2780,TAPI AT MANDAVI,CPCB,24,Gujarat,459,Surat,Mandvi,-,-,-,-,-,-,-,-,21.24790800,73.30103300,06-02-2020 08:30,524,"","",12,"",""
2781,TAPI AT MANDAVI,CPCB,24,Gujarat,459,Surat,Mandvi,-,-,-,-,-,-,-,-,21.24790800,73.30103300,03-03-2020 08:30,570,"","",3,"",""
2782,TAPI AT MANDAVI,CPCB,24,Gujarat,459,Surat,Mandvi,-,-,-,-,-,-,-,-,21.24790800,73.30103300,06-04-2020 08:30,508,"","",6,"",""
2783,TAPI AT MANDAVI,CPCB,24,Gujarat,459,Surat,Mandvi,-,-,-,-,-,-,-,-,21.24790800,73.30103300,05-05-2020 08:30,495,"","",3,"",""
2784,TAPI AT MANDAVI,CPCB,24,Gujarat,459,Surat,Mandvi,-,-,-,-,-,-,-,-,21.24790800,73.30103300,03-06-2020 08:30,375,"","",3,"",""
2785,TAPI AT MANDAVI,CPCB,24,Gujarat,459,Surat,Mandvi,-,-,-,-,-,-,-,-,21.24790800,73.30103300,03-07-2020 08:30,538,"","",2,"",""
2786,TAPI AT MANDAVI,CPCB,24,Gujarat,459,Surat,Mandvi,-,-,-,-,-,-,-,-,21.24790800,73.30103300,05-08-2020 08:30,321,"","",2,"",""
2787,TAPI AT MANDAVI,CPCB,24,Gujarat,459,Surat,Mandvi,-,-,-,-,-,-,-,-,21.24790800,73.30103300,02-09-2020 08:30,356,"","",3,"",""
2788,TAPI AT MANDAVI,CPCB,24,Gujarat,459,Surat,Mandvi,-,-,-,-,-,-,-,-,21.24790800,73.30103300,01-10-2020 08:30,386,"","",1,"",""
2789,TAPI AT MANDAVI,CPCB,24,Gujarat,459,Surat,Mandvi,-,-,-,-,-,-,-,-,21.24790800,73.30103300,02-11-2020 08:30,396,"","",1,"",""
2790,TAPI AT MANDAVI,CPCB,24,Gujarat,459,Surat,Mandvi,-,-,-,-,-,-,-,-,21.24790800,73.30103300,01-12-2020 08:30,4128,"","",1,"",""
2791,TAPI AT RANDER BRIDGE SURAT,CPCB,24,Gujarat,459,Surat,SURAT CITY,-,-,-,-,-,-,-,-,21.19454500,72.81155200,04-01-2018 08:30,"","","","","",""
2792,TAPI AT RANDER BRIDGE SURAT,CPCB,24,Gujarat,459,Surat,SURAT CITY,-,-,-,-,-,-,-,-,21.19454500,72.81155200,03-02-2018 08:30,"","","","","",""
2793,TAPI AT RANDER BRIDGE SURAT,CPCB,24,Gujarat,459,Surat,SURAT CITY,-,-,-,-,-,-,-,-,21.19454500,72.81155200,01-03-2018 08:30,"","","","","",""
2794,TAPI AT RANDER BRIDGE SURAT,CPCB,24,Gujarat,459,Surat,SURAT CITY,-,-,-,-,-,-,-,-,21.19454500,72.81155200,02-04-2018 08:30,"","","","","",""
2795,TAPI AT RANDER BRIDGE SURAT,CPCB,24,Gujarat,459,Surat,SURAT CITY,-,-,-,-,-,-,-,-,21.19454500,72.81155200,01-05-2018 08:30,"","","","","",""
2796,TAPI AT RANDER BRIDGE SURAT,CPCB,24,Gujarat,459,Surat,SURAT CITY,-,-,-,-,-,-,-,-,21.19454500,72.81155200,01-06-2018 08:30,"","","","","",""
2797,TAPI AT RANDER BRIDGE SURAT,CPCB,24,Gujarat,459,Surat,SURAT CITY,-,-,-,-,-,-,-,-,21.19454500,72.81155200,05-07-2018 08:30,"","","","","",""
2798,TAPI AT RANDER BRIDGE SURAT,CPCB,24,Gujarat,459,Surat,SURAT CITY,-,-,-,-,-,-,-,-,21.19454500,72.81155200,03-08-2018 08:30,"","","","","",""
2799,TAPI AT RANDER BRIDGE SURAT,CPCB,24,Gujarat,459,Surat,SURAT CITY,-,-,-,-,-,-,-,-,21.19454500,72.81155200,01-09-2018 08:30,"","","","","",""
2800,TAPI AT RANDER BRIDGE SURAT,CPCB,24,Gujarat,459,Surat,SURAT CITY,-,-,-,-,-,-,-,-,21.19454500,72.81155200,01-10-2018 08:30,"","","","","",""
2801,TAPI AT RANDER BRIDGE SURAT,CPCB,24,Gujarat,459,Surat,SURAT CITY,-,-,-,-,-,-,-,-,21.19454500,72.81155200,01-11-2018 08:30,"","","","","",""
2802,TAPI AT RANDER BRIDGE SURAT,CPCB,24,Gujarat,459,Surat,SURAT CITY,-,-,-,-,-,-,-,-,21.19454500,72.81155200,03-12-2018 08:30,"","","","","",""
2803,TAPI AT RANDER BRIDGE SURAT,CPCB,24,Gujarat,459,Surat,SURAT CITY,-,-,-,-,-,-,-,-,21.19454500,72.81155200,07-01-2019 08:30,"","","","","",""
2804,TAPI AT RANDER BRIDGE SURAT,CPCB,24,Gujarat,459,Surat,SURAT CITY,-,-,-,-,-,-,-,-,21.19454500,72.81155200,02-02-2019 08:30,"","","","","",""
2805,TAPI AT RANDER BRIDGE SURAT,CPCB,24,Gujarat,459,Surat,SURAT CITY,-,-,-,-,-,-,-,-,21.19454500,72.81155200,06-03-2019 08:30,"","","","","",""
2806,TAPI AT RANDER BRIDGE SURAT,CPCB,24,Gujarat,459,Surat,SURAT CITY,-,-,-,-,-,-,-,-,21.19454500,72.81155200,04-04-2019 08:30,"","","","","",""
2807,TAPI AT RANDER BRIDGE SURAT,CPCB,24,Gujarat,459,Surat,SURAT CITY,-,-,-,-,-,-,-,-,21.19454500,72.81155200,01-05-2019 08:30,"","","","","",""
2808,TAPI AT RANDER BRIDGE SURAT,CPCB,24,Gujarat,459,Surat,SURAT CITY,-,-,-,-,-,-,-,-,21.19454500,72.81155200,03-06-2019 08:30,"","","","","",""
2809,TAPI AT RANDER BRIDGE SURAT,CPCB,24,Gujarat,459,Surat,SURAT CITY,-,-,-,-,-,-,-,-,21.19454500,72.81155200,04-07-2019 08:30,"","","","","",""
2810,TAPI AT RANDER BRIDGE SURAT,CPCB,24,Gujarat,459,Surat,SURAT CITY,-,-,-,-,-,-,-,-,21.19454500,72.81155200,03-08-2019 08:30,"","","","","",""
2811,TAPI AT RANDER BRIDGE SURAT,CPCB,24,Gujarat,459,Surat,SURAT CITY,-,-,-,-,-,-,-,-,21.19454500,72.81155200,03-09-2019 08:30,"","","","","",""
2812,TAPI AT RANDER BRIDGE SURAT,CPCB,24,Gujarat,459,Surat,SURAT CITY,-,-,-,-,-,-,-,-,21.19454500,72.81155200,01-10-2019 08:30,"","","","","",""
2813,TAPI AT RANDER BRIDGE SURAT,CPCB,24,Gujarat,459,Surat,SURAT CITY,-,-,-,-,-,-,-,-,21.19454500,72.81155200,07-11-2019 08:30,"","","","","",""
2814,TAPI AT RANDER BRIDGE SURAT,CPCB,24,Gujarat,459,Surat,SURAT CITY,-,-,-,-,-,-,-,-,21.19454500,72.81155200,04-12-2019 08:30,"","","","","",""
2815,TAPI AT RANDER BRIDGE SURAT,CPCB,24,Gujarat,459,Surat,SURAT CITY,-,-,-,-,-,-,-,-,21.19454500,72.81155200,02-01-2020 08:30,522,"","",42,"",8
2816,TAPI AT RANDER BRIDGE SURAT,CPCB,24,Gujarat,459,Surat,SURAT CITY,-,-,-,-,-,-,-,-,21.19454500,72.81155200,03-02-2020 08:30,712,"","",8,"",""
2817,TAPI AT RANDER BRIDGE SURAT,CPCB,24,Gujarat,459,Surat,SURAT CITY,-,-,-,-,-,-,-,-,21.19454500,72.81155200,04-03-2020 08:30,813,"","",2,"",""
2818,TAPI AT RANDER BRIDGE SURAT,CPCB,24,Gujarat,459,Surat,SURAT CITY,-,-,-,-,-,-,-,-,21.19454500,72.81155200,07-04-2020 08:30,685,"","",12,"",""
2819,TAPI AT RANDER BRIDGE SURAT,CPCB,24,Gujarat,459,Surat,SURAT CITY,-,-,-,-,-,-,-,-,21.19454500,72.81155200,11-05-2020 08:30,570,"","",8,"",""
2820,TAPI AT RANDER BRIDGE SURAT,CPCB,24,Gujarat,459,Surat,SURAT CITY,-,-,-,-,-,-,-,-,21.19454500,72.81155200,05-06-2020 08:30,535,"","",5,"",""
2821,TAPI AT RANDER BRIDGE SURAT,CPCB,24,Gujarat,459,Surat,SURAT CITY,-,-,-,-,-,-,-,-,21.19454500,72.81155200,07-07-2020 08:30,587,"","",8,"",""
2822,TAPI AT RANDER BRIDGE SURAT,CPCB,24,Gujarat,459,Surat,SURAT CITY,-,-,-,-,-,-,-,-,21.19454500,72.81155200,06-08-2020 08:30,439,"","",Clear,"",""
2823,TAPI AT RANDER BRIDGE SURAT,CPCB,24,Gujarat,459,Surat,SURAT CITY,-,-,-,-,-,-,-,-,21.19454500,72.81155200,01-09-2020 08:30,216,"","",12.9,"",""
2824,TAPI AT RANDER BRIDGE SURAT,CPCB,24,Gujarat,459,Surat,SURAT CITY,-,-,-,-,-,-,-,-,21.19454500,72.81155200,01-10-2020 08:30,455,"","",1,"",""
2825,TAPI AT RANDER BRIDGE SURAT,CPCB,24,Gujarat,459,Surat,SURAT CITY,-,-,-,-,-,-,-,-,21.19454500,72.81155200,02-11-2020 08:30,478,"","",1,"",""
2826,TAPI AT RANDER BRIDGE SURAT,CPCB,24,Gujarat,459,Surat,SURAT CITY,-,-,-,-,-,-,-,-,21.19454500,72.81155200,01-12-2020 08:30,540,"","",1,"",""
2827,TAPI AT SURAT U/S KATHORE,CPCB,24,Gujarat,459,Surat,KAMREJ,-,-,-,-,-,-,-,-,21.28550000,72.93548300,04-01-2018 08:30,"","","","","",""
2828,TAPI AT SURAT U/S KATHORE,CPCB,24,Gujarat,459,Surat,KAMREJ,-,-,-,-,-,-,-,-,21.28550000,72.93548300,03-02-2018 08:30,"","","","","",""
2829,TAPI AT SURAT U/S KATHORE,CPCB,24,Gujarat,459,Surat,KAMREJ,-,-,-,-,-,-,-,-,21.28550000,72.93548300,01-03-2018 08:30,"","","","","",""
2830,TAPI AT SURAT U/S KATHORE,CPCB,24,Gujarat,459,Surat,KAMREJ,-,-,-,-,-,-,-,-,21.28550000,72.93548300,02-04-2018 08:30,"","","","","",""
2831,TAPI AT SURAT U/S KATHORE,CPCB,24,Gujarat,459,Surat,KAMREJ,-,-,-,-,-,-,-,-,21.28550000,72.93548300,01-05-2018 08:30,"","","","","",""
2832,TAPI AT SURAT U/S KATHORE,CPCB,24,Gujarat,459,Surat,KAMREJ,-,-,-,-,-,-,-,-,21.28550000,72.93548300,01-06-2018 08:30,"","","","","",""
2833,TAPI AT SURAT U/S KATHORE,CPCB,24,Gujarat,459,Surat,KAMREJ,-,-,-,-,-,-,-,-,21.28550000,72.93548300,05-07-2018 08:30,"","","","","",""
2834,TAPI AT SURAT U/S KATHORE,CPCB,24,Gujarat,459,Surat,KAMREJ,-,-,-,-,-,-,-,-,21.28550000,72.93548300,03-08-2018 08:30,"","","","","",""
2835,TAPI AT SURAT U/S KATHORE,CPCB,24,Gujarat,459,Surat,KAMREJ,-,-,-,-,-,-,-,-,21.28550000,72.93548300,01-09-2018 08:30,"","","","","",""
2836,TAPI AT SURAT U/S KATHORE,CPCB,24,Gujarat,459,Surat,KAMREJ,-,-,-,-,-,-,-,-,21.28550000,72.93548300,01-10-2018 08:30,"","","","","",""
2837,TAPI AT SURAT U/S KATHORE,CPCB,24,Gujarat,459,Surat,KAMREJ,-,-,-,-,-,-,-,-,21.28550000,72.93548300,01-11-2018 08:30,"","","","","",""
2838,TAPI AT SURAT U/S KATHORE,CPCB,24,Gujarat,459,Surat,KAMREJ,-,-,-,-,-,-,-,-,21.28550000,72.93548300,03-12-2018 08:30,"","","","","",""
2839,TAPI AT SURAT U/S KATHORE,CPCB,24,Gujarat,459,Surat,KAMREJ,-,-,-,-,-,-,-,-,21.28550000,72.93548300,07-01-2019 08:30,"","","","","",""
2840,TAPI AT SURAT U/S KATHORE,CPCB,24,Gujarat,459,Surat,KAMREJ,-,-,-,-,-,-,-,-,21.28550000,72.93548300,02-02-2019 08:30,"","","","","",""
2841,TAPI AT SURAT U/S KATHORE,CPCB,24,Gujarat,459,Surat,KAMREJ,-,-,-,-,-,-,-,-,21.28550000,72.93548300,06-03-2019 08:30,"","","","","",""
2842,TAPI AT SURAT U/S KATHORE,CPCB,24,Gujarat,459,Surat,KAMREJ,-,-,-,-,-,-,-,-,21.28550000,72.93548300,04-04-2019 08:30,"","","","","",""
2843,TAPI AT SURAT U/S KATHORE,CPCB,24,Gujarat,459,Surat,KAMREJ,-,-,-,-,-,-,-,-,21.28550000,72.93548300,01-05-2019 08:30,"","","","","",""
2844,TAPI AT SURAT U/S KATHORE,CPCB,24,Gujarat,459,Surat,KAMREJ,-,-,-,-,-,-,-,-,21.28550000,72.93548300,03-06-2019 08:30,"","","","","",""
2845,TAPI AT SURAT U/S KATHORE,CPCB,24,Gujarat,459,Surat,KAMREJ,-,-,-,-,-,-,-,-,21.28550000,72.93548300,04-07-2019 08:30,"","","","","",""
2846,TAPI AT SURAT U/S KATHORE,CPCB,24,Gujarat,459,Surat,KAMREJ,-,-,-,-,-,-,-,-,21.28550000,72.93548300,03-08-2019 08:30,"","","","","",""
2847,TAPI AT SURAT U/S KATHORE,CPCB,24,Gujarat,459,Surat,KAMREJ,-,-,-,-,-,-,-,-,21.28550000,72.93548300,03-09-2019 08:30,"","","","","",""
2848,TAPI AT SURAT U/S KATHORE,CPCB,24,Gujarat,459,Surat,KAMREJ,-,-,-,-,-,-,-,-,21.28550000,72.93548300,01-10-2019 08:30,"","","","","",""
2849,TAPI AT SURAT U/S KATHORE,CPCB,24,Gujarat,459,Surat,KAMREJ,-,-,-,-,-,-,-,-,21.28550000,72.93548300,07-11-2019 08:30,"","","","","",""
2850,TAPI AT SURAT U/S KATHORE,CPCB,24,Gujarat,459,Surat,KAMREJ,-,-,-,-,-,-,-,-,21.28550000,72.93548300,04-12-2019 08:30,"","","","","",""
2851,TAPI AT SURAT U/S KATHORE,CPCB,24,Gujarat,459,Surat,KAMREJ,-,-,-,-,-,-,-,-,21.28550000,72.93548300,02-01-2020 08:30,522,"","",42,"",6
2852,TAPI AT SURAT U/S KATHORE,CPCB,24,Gujarat,459,Surat,KAMREJ,-,-,-,-,-,-,-,-,21.28550000,72.93548300,03-02-2020 08:30,569,"","",6,"",""
2853,TAPI AT SURAT U/S KATHORE,CPCB,24,Gujarat,459,Surat,KAMREJ,-,-,-,-,-,-,-,-,21.28550000,72.93548300,01-03-2020 08:30,678,"","",3,"",""
2854,TAPI AT SURAT U/S KATHORE,CPCB,24,Gujarat,459,Surat,KAMREJ,-,-,-,-,-,-,-,-,21.28550000,72.93548300,07-04-2020 08:30,572,"","",6,"",""
2855,TAPI AT SURAT U/S KATHORE,CPCB,24,Gujarat,459,Surat,KAMREJ,-,-,-,-,-,-,-,-,21.28550000,72.93548300,06-05-2020 08:30,543,"","",3,"",""
2856,TAPI AT SURAT U/S KATHORE,CPCB,24,Gujarat,459,Surat,KAMREJ,-,-,-,-,-,-,-,-,21.28550000,72.93548300,04-06-2020 08:30,462,"","",4,"",""
2857,TAPI AT SURAT U/S KATHORE,CPCB,24,Gujarat,459,Surat,KAMREJ,-,-,-,-,-,-,-,-,21.28550000,72.93548300,04-07-2020 08:30,549,"","",22,"",""
2858,TAPI AT SURAT U/S KATHORE,CPCB,24,Gujarat,459,Surat,KAMREJ,-,-,-,-,-,-,-,-,21.28550000,72.93548300,06-08-2020 08:30,463,"","",2,"",""
2859,TAPI AT SURAT U/S KATHORE,CPCB,24,Gujarat,459,Surat,KAMREJ,-,-,-,-,-,-,-,-,21.28550000,72.93548300,01-09-2020 08:30,240,"","",1,"",""
2860,TAPI AT SURAT U/S KATHORE,CPCB,24,Gujarat,459,Surat,KAMREJ,-,-,-,-,-,-,-,-,21.28550000,72.93548300,01-10-2020 08:30,477,"","",2,"",""
2861,TAPI AT SURAT U/S KATHORE,CPCB,24,Gujarat,459,Surat,KAMREJ,-,-,-,-,-,-,-,-,21.28550000,72.93548300,02-11-2020 08:30,500,"","",1,"",""
2862,TAPI AT SURAT U/S KATHORE,CPCB,24,Gujarat,459,Surat,KAMREJ,-,-,-,-,-,-,-,-,21.28550000,72.93548300,01-12-2020 08:30,552,"","",1,"",""
2863,TAPI AT UKAI SHERULA BRIDGE,CPCB,24,Gujarat,459,Surat,SONGADH,-,-,-,-,-,-,-,-,21.25984400,73.56578300,06-01-2018 08:30,"","","","","",""
2864,TAPI AT UKAI SHERULA BRIDGE,CPCB,24,Gujarat,459,Surat,SONGADH,-,-,-,-,-,-,-,-,21.25984400,73.56578300,06-02-2018 08:30,"","","","","",""
2865,TAPI AT UKAI SHERULA BRIDGE,CPCB,24,Gujarat,459,Surat,SONGADH,-,-,-,-,-,-,-,-,21.25984400,73.56578300,08-03-2018 08:30,"","","","","",""
2866,TAPI AT UKAI SHERULA BRIDGE,CPCB,24,Gujarat,459,Surat,SONGADH,-,-,-,-,-,-,-,-,21.25984400,73.56578300,04-04-2018 08:30,"","","","","",""
2867,TAPI AT UKAI SHERULA BRIDGE,CPCB,24,Gujarat,459,Surat,SONGADH,-,-,-,-,-,-,-,-,21.25984400,73.56578300,04-05-2018 08:30,"","","","","",""
2868,TAPI AT UKAI SHERULA BRIDGE,CPCB,24,Gujarat,459,Surat,SONGADH,-,-,-,-,-,-,-,-,21.25984400,73.56578300,06-06-2018 08:30,"","","","","",""
2869,TAPI AT UKAI SHERULA BRIDGE,CPCB,24,Gujarat,459,Surat,SONGADH,-,-,-,-,-,-,-,-,21.25984400,73.56578300,06-07-2018 08:30,"","","","","",""
2870,TAPI AT UKAI SHERULA BRIDGE,CPCB,24,Gujarat,459,Surat,SONGADH,-,-,-,-,-,-,-,-,21.25984400,73.56578300,06-08-2018 08:30,"","","","","",""
2871,TAPI AT UKAI SHERULA BRIDGE,CPCB,24,Gujarat,459,Surat,SONGADH,-,-,-,-,-,-,-,-,21.25984400,73.56578300,06-09-2018 08:30,"","","","","",""
2872,TAPI AT UKAI SHERULA BRIDGE,CPCB,24,Gujarat,459,Surat,SONGADH,-,-,-,-,-,-,-,-,21.25984400,73.56578300,04-10-2018 08:30,"","","","","",""
2873,TAPI AT UKAI SHERULA BRIDGE,CPCB,24,Gujarat,459,Surat,SONGADH,-,-,-,-,-,-,-,-,21.25984400,73.56578300,16-11-2018 08:30,"","","","","",""
2874,TAPI AT UKAI SHERULA BRIDGE,CPCB,24,Gujarat,459,Surat,SONGADH,-,-,-,-,-,-,-,-,21.25984400,73.56578300,04-12-2018 08:30,"","","","","",""
2875,TAPI AT UKAI SHERULA BRIDGE,CPCB,24,Gujarat,459,Surat,SONGADH,-,-,-,-,-,-,-,-,21.25984400,73.56578300,02-01-2019 08:30,"","","","","",""
2876,TAPI AT UKAI SHERULA BRIDGE,CPCB,24,Gujarat,459,Surat,SONGADH,-,-,-,-,-,-,-,-,21.25984400,73.56578300,02-02-2019 08:30,"","","","","",""
2877,TAPI AT UKAI SHERULA BRIDGE,CPCB,24,Gujarat,459,Surat,SONGADH,-,-,-,-,-,-,-,-,21.25984400,73.56578300,19-03-2019 08:30,"","","","","",""
2878,TAPI AT UKAI SHERULA BRIDGE,CPCB,24,Gujarat,459,Surat,SONGADH,-,-,-,-,-,-,-,-,21.25984400,73.56578300,25-04-2019 08:30,"","","","","",""
2879,TAPI AT UKAI SHERULA BRIDGE,CPCB,24,Gujarat,459,Surat,SONGADH,-,-,-,-,-,-,-,-,21.25984400,73.56578300,03-05-2019 08:30,"","","","","",""
2880,TAPI AT UKAI SHERULA BRIDGE,CPCB,24,Gujarat,459,Surat,SONGADH,-,-,-,-,-,-,-,-,21.25984400,73.56578300,01-06-2019 08:30,"","","","","",""
2881,TAPI AT UKAI SHERULA BRIDGE,CPCB,24,Gujarat,459,Surat,SONGADH,-,-,-,-,-,-,-,-,21.25984400,73.56578300,02-07-2019 08:30,"","","","","",""
2882,TAPI AT UKAI SHERULA BRIDGE,CPCB,24,Gujarat,459,Surat,SONGADH,-,-,-,-,-,-,-,-,21.25984400,73.56578300,01-08-2019 08:30,"","","","","",""
2883,TAPI AT UKAI SHERULA BRIDGE,CPCB,24,Gujarat,459,Surat,SONGADH,-,-,-,-,-,-,-,-,21.25984400,73.56578300,05-09-2019 08:30,"","","","","",""
2884,TAPI AT UKAI SHERULA BRIDGE,CPCB,24,Gujarat,459,Surat,SONGADH,-,-,-,-,-,-,-,-,21.25984400,73.56578300,04-10-2019 08:30,"","","","","",""
2885,TAPI AT UKAI SHERULA BRIDGE,CPCB,24,Gujarat,459,Surat,SONGADH,-,-,-,-,-,-,-,-,21.25984400,73.56578300,08-11-2019 08:30,"","","","","",""
2886,TAPI AT UKAI SHERULA BRIDGE,CPCB,24,Gujarat,459,Surat,SONGADH,-,-,-,-,-,-,-,-,21.25984400,73.56578300,02-12-2019 08:30,"","","","","",""
2887,TAPI AT UKAI SHERULA BRIDGE,CPCB,24,Gujarat,459,Surat,SONGADH,-,-,-,-,-,-,-,-,21.25984400,73.56578300,02-01-2020 08:30,556,"","",4,"",6
2888,TAPI AT UKAI SHERULA BRIDGE,CPCB,24,Gujarat,459,Surat,SONGADH,-,-,-,-,-,-,-,-,21.25984400,73.56578300,05-02-2020 08:30,586,"","",6,"",""
2889,TAPI AT UKAI SHERULA BRIDGE,CPCB,24,Gujarat,459,Surat,SONGADH,-,-,-,-,-,-,-,-,21.25984400,73.56578300,13-03-2020 08:30,552,"","",8,"",""
2890,TAPI AT UKAI SHERULA BRIDGE,CPCB,24,Gujarat,459,Surat,SONGADH,-,-,-,-,-,-,-,-,21.25984400,73.56578300,07-04-2020 08:30,523,"","",7,"",""
2891,TAPI AT UKAI SHERULA BRIDGE,CPCB,24,Gujarat,459,Surat,SONGADH,-,-,-,-,-,-,-,-,21.25984400,73.56578300,03-05-2020 08:30,475,"","",4,"",""
2892,TAPI AT UKAI SHERULA BRIDGE,CPCB,24,Gujarat,459,Surat,SONGADH,-,-,-,-,-,-,-,-,21.25984400,73.56578300,06-06-2020 08:30,575,"","",3,"",""
2893,TAPI AT UKAI SHERULA BRIDGE,CPCB,24,Gujarat,459,Surat,SONGADH,-,-,-,-,-,-,-,-,21.25984400,73.56578300,03-07-2020 08:30,4693,"","",4,"",""
2894,TAPI AT UKAI SHERULA BRIDGE,CPCB,24,Gujarat,459,Surat,SONGADH,-,-,-,-,-,-,-,-,21.25984400,73.56578300,05-08-2020 08:30,320,"","",Clear,"",""
2895,TAPI AT UKAI SHERULA BRIDGE,CPCB,24,Gujarat,459,Surat,SONGADH,-,-,-,-,-,-,-,-,21.25984400,73.56578300,04-09-2020 08:30,332,"","",1,"",""
2896,TAPI AT UKAI SHERULA BRIDGE,CPCB,24,Gujarat,459,Surat,SONGADH,-,-,-,-,-,-,-,-,21.25984400,73.56578300,02-10-2020 08:30,4,"","",4,"",""
2897,TAPI AT UKAI SHERULA BRIDGE,CPCB,24,Gujarat,459,Surat,SONGADH,-,-,-,-,-,-,-,-,21.25984400,73.56578300,02-11-2020 08:30,413,"","",1,"",""
2898,TAPI AT UKAI SHERULA BRIDGE,CPCB,24,Gujarat,459,Surat,SONGADH,-,-,-,-,-,-,-,-,21.25984400,73.56578300,03-12-2020 08:30,4848,"","",1,"",""
2899,TAPI CANAL AT VILLAGE UMARWADA NEAR GIDC ESTATE OF PANOLI.,CPCB,24,Gujarat,442,Bharuch,ANKLESVAR,-,-,-,-,-,-,-,-,21.58941900,72.97533300,03-01-2018 08:30,370,"","","","",""
2900,TAPI CANAL AT VILLAGE UMARWADA NEAR GIDC ESTATE OF PANOLI.,CPCB,24,Gujarat,442,Bharuch,ANKLESVAR,-,-,-,-,-,-,-,-,21.58941900,72.97533300,01-02-2018 08:30,1090,"","","","",""
2901,TAPI CANAL AT VILLAGE UMARWADA NEAR GIDC ESTATE OF PANOLI.,CPCB,24,Gujarat,442,Bharuch,ANKLESVAR,-,-,-,-,-,-,-,-,21.58941900,72.97533300,03-04-2018 08:30,1060,"","","","",""
2902,TAPI CANAL AT VILLAGE UMARWADA NEAR GIDC ESTATE OF PANOLI.,CPCB,24,Gujarat,442,Bharuch,ANKLESVAR,-,-,-,-,-,-,-,-,21.58941900,72.97533300,03-05-2018 08:30,368,"","","","",""
2903,TAPI CANAL AT VILLAGE UMARWADA NEAR GIDC ESTATE OF PANOLI.,CPCB,24,Gujarat,442,Bharuch,ANKLESVAR,-,-,-,-,-,-,-,-,21.58941900,72.97533300,02-07-2018 08:30,361,"","","","",""
2904,TAPI CANAL AT VILLAGE UMARWADA NEAR GIDC ESTATE OF PANOLI.,CPCB,24,Gujarat,442,Bharuch,ANKLESVAR,-,-,-,-,-,-,-,-,21.58941900,72.97533300,03-08-2018 08:30,679,"","","","",""
2905,TAPI CANAL AT VILLAGE UMARWADA NEAR GIDC ESTATE OF PANOLI.,CPCB,24,Gujarat,442,Bharuch,ANKLESVAR,-,-,-,-,-,-,-,-,21.58941900,72.97533300,01-09-2018 08:30,642,"","","","",""
2906,TAPI CANAL AT VILLAGE UMARWADA NEAR GIDC ESTATE OF PANOLI.,CPCB,24,Gujarat,442,Bharuch,ANKLESVAR,-,-,-,-,-,-,-,-,21.58941900,72.97533300,01-10-2018 08:30,291,"","","","",""
2907,TAPI CANAL AT VILLAGE UMARWADA NEAR GIDC ESTATE OF PANOLI.,CPCB,24,Gujarat,442,Bharuch,ANKLESVAR,-,-,-,-,-,-,-,-,21.58941900,72.97533300,01-11-2018 08:30,356,"","","","",""
2908,TAPI CANAL AT VILLAGE UMARWADA NEAR GIDC ESTATE OF PANOLI.,CPCB,24,Gujarat,442,Bharuch,ANKLESVAR,-,-,-,-,-,-,-,-,21.58941900,72.97533300,01-12-2018 08:30,404,"","","","",""
2909,TAPI CANAL AT VILLAGE UMARWADA NEAR GIDC ESTATE OF PANOLI.,CPCB,24,Gujarat,442,Bharuch,ANKLESVAR,-,-,-,-,-,-,-,-,21.58941900,72.97533300,01-01-2019 08:30,399,"","","","",""
2910,TAPI CANAL AT VILLAGE UMARWADA NEAR GIDC ESTATE OF PANOLI.,CPCB,24,Gujarat,442,Bharuch,ANKLESVAR,-,-,-,-,-,-,-,-,21.58941900,72.97533300,02-02-2019 08:30,737,"","","","",""
2911,TAPI CANAL AT VILLAGE UMARWADA NEAR GIDC ESTATE OF PANOLI.,CPCB,24,Gujarat,442,Bharuch,ANKLESVAR,-,-,-,-,-,-,-,-,21.58941900,72.97533300,01-05-2019 08:30,336,"","","","",""
2912,TAPI CANAL AT VILLAGE UMARWADA NEAR GIDC ESTATE OF PANOLI.,CPCB,24,Gujarat,442,Bharuch,ANKLESVAR,-,-,-,-,-,-,-,-,21.58941900,72.97533300,02-07-2019 08:30,426,"","","","",""
2913,TAPI CANAL AT VILLAGE UMARWADA NEAR GIDC ESTATE OF PANOLI.,CPCB,24,Gujarat,442,Bharuch,ANKLESVAR,-,-,-,-,-,-,-,-,21.58941900,72.97533300,02-08-2019 08:30,336,"","","","",""
2914,TAPI CANAL AT VILLAGE UMARWADA NEAR GIDC ESTATE OF PANOLI.,CPCB,24,Gujarat,442,Bharuch,ANKLESVAR,-,-,-,-,-,-,-,-,21.58941900,72.97533300,03-09-2019 08:30,272,"","","","",""
2915,TAPI CANAL AT VILLAGE UMARWADA NEAR GIDC ESTATE OF PANOLI.,CPCB,24,Gujarat,442,Bharuch,ANKLESVAR,-,-,-,-,-,-,-,-,21.58941900,72.97533300,03-10-2019 08:30,295,"","","","",""
2916,TAPI CANAL AT VILLAGE UMARWADA NEAR GIDC ESTATE OF PANOLI.,CPCB,24,Gujarat,442,Bharuch,ANKLESVAR,-,-,-,-,-,-,-,-,21.58941900,72.97533300,01-11-2019 08:30,336,"","","","",""
2917,TAPI CANAL AT VILLAGE UMARWADA NEAR GIDC ESTATE OF PANOLI.,CPCB,24,Gujarat,442,Bharuch,ANKLESVAR,-,-,-,-,-,-,-,-,21.58941900,72.97533300,03-12-2019 08:30,340,"","","","",""
2918,TAPI CANAL AT VILLAGE UMARWADA NEAR GIDC ESTATE OF PANOLI.,CPCB,24,Gujarat,442,Bharuch,ANKLESVAR,-,-,-,-,-,-,-,-,21.58941900,72.97533300,01-01-2020 08:30,349,"","",2.2,"",6
2919,TAPI CANAL AT VILLAGE UMARWADA NEAR GIDC ESTATE OF PANOLI.,CPCB,24,Gujarat,442,Bharuch,ANKLESVAR,-,-,-,-,-,-,-,-,21.58941900,72.97533300,01-02-2020 08:30,356,"","",9.5,"",""
2920,TAPI CANAL AT VILLAGE UMARWADA NEAR GIDC ESTATE OF PANOLI.,CPCB,24,Gujarat,442,Bharuch,ANKLESVAR,-,-,-,-,-,-,-,-,21.58941900,72.97533300,03-03-2020 08:30,402,"","",1.5,"",""
2921,TAPI CANAL AT VILLAGE UMARWADA NEAR GIDC ESTATE OF PANOLI.,CPCB,24,Gujarat,442,Bharuch,ANKLESVAR,-,-,-,-,-,-,-,-,21.58941900,72.97533300,08-04-2020 08:30,390,"","",1.3,"",""
2922,TAPI CANAL AT VILLAGE UMARWADA NEAR GIDC ESTATE OF PANOLI.,CPCB,24,Gujarat,442,Bharuch,ANKLESVAR,-,-,-,-,-,-,-,-,21.58941900,72.97533300,01-05-2020 08:30,355,"","",0.6,"",""
2923,TAPI CANAL AT VILLAGE UMARWADA NEAR GIDC ESTATE OF PANOLI.,CPCB,24,Gujarat,442,Bharuch,ANKLESVAR,-,-,-,-,-,-,-,-,21.58941900,72.97533300,01-06-2020 08:30,345,"","",1.2,"",""
2924,TAPI CANAL AT VILLAGE UMARWADA NEAR GIDC ESTATE OF PANOLI.,CPCB,24,Gujarat,442,Bharuch,ANKLESVAR,-,-,-,-,-,-,-,-,21.58941900,72.97533300,01-07-2020 08:30,390,"","",2.1,"",""
2925,TAPI CANAL AT VILLAGE UMARWADA NEAR GIDC ESTATE OF PANOLI.,CPCB,24,Gujarat,442,Bharuch,ANKLESVAR,-,-,-,-,-,-,-,-,21.58941900,72.97533300,07-08-2020 08:30,369,"","",1,"",""
2926,TAPI CANAL AT VILLAGE UMARWADA NEAR GIDC ESTATE OF PANOLI.,CPCB,24,Gujarat,442,Bharuch,ANKLESVAR,-,-,-,-,-,-,-,-,21.58941900,72.97533300,03-09-2020 08:30,356,"","",Clear,"",""
2927,TAPI CANAL AT VILLAGE UMARWADA NEAR GIDC ESTATE OF PANOLI.,CPCB,24,Gujarat,442,Bharuch,ANKLESVAR,-,-,-,-,-,-,-,-,21.58941900,72.97533300,03-10-2020 08:30,532,"","",1,"",""
2928,TAPI CANAL AT VILLAGE UMARWADA NEAR GIDC ESTATE OF PANOLI.,CPCB,24,Gujarat,442,Bharuch,ANKLESVAR,-,-,-,-,-,-,-,-,21.58941900,72.97533300,02-11-2020 08:30,Clear,"","",Clear,"",""
2929,TAPI CANAL AT VILLAGE UMARWADA NEAR GIDC ESTATE OF PANOLI.,CPCB,24,Gujarat,442,Bharuch,ANKLESVAR,-,-,-,-,-,-,-,-,21.58941900,72.97533300,01-12-2020 08:30,Clear,"","",Clear,"",""
2930,TAPI RIVER AT ONGC BRIDGE AT SURAT DIST. SURAT,CPCB,24,Gujarat,459,Surat,SURAT CITY,-,-,-,-,-,-,-,-,21.14891900,72.74368400,05-01-2018 08:30,"","","","","",""
2931,TAPI RIVER AT ONGC BRIDGE AT SURAT DIST. SURAT,CPCB,24,Gujarat,459,Surat,SURAT CITY,-,-,-,-,-,-,-,-,21.14891900,72.74368400,02-02-2018 08:30,"","","","","",""
2932,TAPI RIVER AT ONGC BRIDGE AT SURAT DIST. SURAT,CPCB,24,Gujarat,459,Surat,SURAT CITY,-,-,-,-,-,-,-,-,21.14891900,72.74368400,03-03-2018 08:30,"","","","","",""
2933,TAPI RIVER AT ONGC BRIDGE AT SURAT DIST. SURAT,CPCB,24,Gujarat,459,Surat,SURAT CITY,-,-,-,-,-,-,-,-,21.14891900,72.74368400,04-04-2018 08:30,"","","","","",""
2934,TAPI RIVER AT ONGC BRIDGE AT SURAT DIST. SURAT,CPCB,24,Gujarat,459,Surat,SURAT CITY,-,-,-,-,-,-,-,-,21.14891900,72.74368400,03-05-2018 08:30,"","","","","",""
2935,TAPI RIVER AT ONGC BRIDGE AT SURAT DIST. SURAT,CPCB,24,Gujarat,459,Surat,SURAT CITY,-,-,-,-,-,-,-,-,21.14891900,72.74368400,03-06-2018 08:30,"","","","","",""
2936,TAPI RIVER AT ONGC BRIDGE AT SURAT DIST. SURAT,CPCB,24,Gujarat,459,Surat,SURAT CITY,-,-,-,-,-,-,-,-,21.14891900,72.74368400,05-07-2018 08:30,"","","","","",""
2937,TAPI RIVER AT ONGC BRIDGE AT SURAT DIST. SURAT,CPCB,24,Gujarat,459,Surat,SURAT CITY,-,-,-,-,-,-,-,-,21.14891900,72.74368400,02-08-2018 08:30,"","","","","",""
2938,TAPI RIVER AT ONGC BRIDGE AT SURAT DIST. SURAT,CPCB,24,Gujarat,459,Surat,SURAT CITY,-,-,-,-,-,-,-,-,21.14891900,72.74368400,05-09-2018 08:30,"","","","","",""
2939,TAPI RIVER AT ONGC BRIDGE AT SURAT DIST. SURAT,CPCB,24,Gujarat,459,Surat,SURAT CITY,-,-,-,-,-,-,-,-,21.14891900,72.74368400,08-10-2018 08:30,"","","","","",""
2940,TAPI RIVER AT ONGC BRIDGE AT SURAT DIST. SURAT,CPCB,24,Gujarat,459,Surat,SURAT CITY,-,-,-,-,-,-,-,-,21.14891900,72.74368400,14-11-2018 08:30,"","","","","",""
2941,TAPI RIVER AT ONGC BRIDGE AT SURAT DIST. SURAT,CPCB,24,Gujarat,459,Surat,SURAT CITY,-,-,-,-,-,-,-,-,21.14891900,72.74368400,05-12-2018 08:30,"","","","","",""
2942,TAPI RIVER AT ONGC BRIDGE AT SURAT DIST. SURAT,CPCB,24,Gujarat,459,Surat,SURAT CITY,-,-,-,-,-,-,-,-,21.14891900,72.74368400,04-01-2019 08:30,"","","","","",""
2943,TAPI RIVER AT ONGC BRIDGE AT SURAT DIST. SURAT,CPCB,24,Gujarat,459,Surat,SURAT CITY,-,-,-,-,-,-,-,-,21.14891900,72.74368400,05-02-2019 08:30,"","","","","",""
2944,TAPI RIVER AT ONGC BRIDGE AT SURAT DIST. SURAT,CPCB,24,Gujarat,459,Surat,SURAT CITY,-,-,-,-,-,-,-,-,21.14891900,72.74368400,07-03-2019 08:30,"","","","","",""
2945,TAPI RIVER AT ONGC BRIDGE AT SURAT DIST. SURAT,CPCB,24,Gujarat,459,Surat,SURAT CITY,-,-,-,-,-,-,-,-,21.14891900,72.74368400,03-04-2019 08:30,"","","","","",""
2946,TAPI RIVER AT ONGC BRIDGE AT SURAT DIST. SURAT,CPCB,24,Gujarat,459,Surat,SURAT CITY,-,-,-,-,-,-,-,-,21.14891900,72.74368400,03-05-2019 08:30,"","","","","",""
2947,TAPI RIVER AT ONGC BRIDGE AT SURAT DIST. SURAT,CPCB,24,Gujarat,459,Surat,SURAT CITY,-,-,-,-,-,-,-,-,21.14891900,72.74368400,06-06-2019 08:30,"","","","","",""
2948,TAPI RIVER AT ONGC BRIDGE AT SURAT DIST. SURAT,CPCB,24,Gujarat,459,Surat,SURAT CITY,-,-,-,-,-,-,-,-,21.14891900,72.74368400,01-07-2019 08:30,"","","","","",""
2949,TAPI RIVER AT ONGC BRIDGE AT SURAT DIST. SURAT,CPCB,24,Gujarat,459,Surat,SURAT CITY,-,-,-,-,-,-,-,-,21.14891900,72.74368400,02-08-2019 08:30,"","","","","",""
2950,TAPI RIVER AT ONGC BRIDGE AT SURAT DIST. SURAT,CPCB,24,Gujarat,459,Surat,SURAT CITY,-,-,-,-,-,-,-,-,21.14891900,72.74368400,05-09-2019 08:30,"","","","","",""
2951,TAPI RIVER AT ONGC BRIDGE AT SURAT DIST. SURAT,CPCB,24,Gujarat,459,Surat,SURAT CITY,-,-,-,-,-,-,-,-,21.14891900,72.74368400,04-10-2019 08:30,"","","","","",""
2952,TAPI RIVER AT ONGC BRIDGE AT SURAT DIST. SURAT,CPCB,24,Gujarat,459,Surat,SURAT CITY,-,-,-,-,-,-,-,-,21.14891900,72.74368400,05-11-2019 08:30,"","","","","",""
2953,TAPI RIVER AT ONGC BRIDGE AT SURAT DIST. SURAT,CPCB,24,Gujarat,459,Surat,SURAT CITY,-,-,-,-,-,-,-,-,21.14891900,72.74368400,05-12-2019 08:30,"","","","","",""
2954,TAPI RIVER AT ONGC BRIDGE AT SURAT DIST. SURAT,CPCB,24,Gujarat,459,Surat,SURAT CITY,-,-,-,-,-,-,-,-,21.14891900,72.74368400,03-01-2020 08:30,55410,"","",219,"",314
2955,TAPI RIVER AT ONGC BRIDGE AT SURAT DIST. SURAT,CPCB,24,Gujarat,459,Surat,SURAT CITY,-,-,-,-,-,-,-,-,21.14891900,72.74368400,05-02-2020 08:30,44020,"","",380,"",""
2956,TAPI RIVER AT ONGC BRIDGE AT SURAT DIST. SURAT,CPCB,24,Gujarat,459,Surat,SURAT CITY,-,-,-,-,-,-,-,-,21.14891900,72.74368400,04-03-2020 08:30,36080,"","",115,"",""
2957,TAPI RIVER AT ONGC BRIDGE AT SURAT DIST. SURAT,CPCB,24,Gujarat,459,Surat,SURAT CITY,-,-,-,-,-,-,-,-,21.14891900,72.74368400,05-04-2020 08:30,34740,"","",162,"",""
2958,TAPI RIVER AT ONGC BRIDGE AT SURAT DIST. SURAT,CPCB,24,Gujarat,459,Surat,SURAT CITY,-,-,-,-,-,-,-,-,21.14891900,72.74368400,05-05-2020 08:30,43287,"","",164,"",""
2959,TAPI RIVER AT ONGC BRIDGE AT SURAT DIST. SURAT,CPCB,24,Gujarat,459,Surat,SURAT CITY,-,-,-,-,-,-,-,-,21.14891900,72.74368400,05-06-2020 08:30,61120,"","",172,"",""
2960,TAPI RIVER AT ONGC BRIDGE AT SURAT DIST. SURAT,CPCB,24,Gujarat,459,Surat,SURAT CITY,-,-,-,-,-,-,-,-,21.14891900,72.74368400,04-08-2020 08:30,15062,"","",29,"",""
2961,TAPI RIVER AT ONGC BRIDGE AT SURAT DIST. SURAT,CPCB,24,Gujarat,459,Surat,SURAT CITY,-,-,-,-,-,-,-,-,21.14891900,72.74368400,01-09-2020 08:30,18240,"","",35,"",""
2962,TAPI RIVER AT ONGC BRIDGE AT SURAT DIST. SURAT,CPCB,24,Gujarat,459,Surat,SURAT CITY,-,-,-,-,-,-,-,-,21.14891900,72.74368400,03-10-2020 08:30,2005,"","",44,"",""
2963,TAPI RIVER AT ONGC BRIDGE AT SURAT DIST. SURAT,CPCB,24,Gujarat,459,Surat,SURAT CITY,-,-,-,-,-,-,-,-,21.14891900,72.74368400,03-11-2020 08:30,15170,"","",15,"",""
2964,TAPI RIVER AT ONGC BRIDGE AT SURAT DIST. SURAT,CPCB,24,Gujarat,459,Surat,SURAT CITY,-,-,-,-,-,-,-,-,21.14891900,72.74368400,02-12-2020 08:30,43880,"","",10,"",""
2965,TAPI RIVER NEAR BARDOLI (KAPP BRIDGE) BARDOLI,CPCB,24,Gujarat,459,Surat,BARDOLI,-,-,-,-,-,-,-,-,21.22161800,73.17000700,03-01-2018 08:30,"","","","","",""
2966,TAPI RIVER NEAR BARDOLI (KAPP BRIDGE) BARDOLI,CPCB,24,Gujarat,459,Surat,BARDOLI,-,-,-,-,-,-,-,-,21.22161800,73.17000700,01-02-2018 08:30,"","","","","",""
2967,TAPI RIVER NEAR BARDOLI (KAPP BRIDGE) BARDOLI,CPCB,24,Gujarat,459,Surat,BARDOLI,-,-,-,-,-,-,-,-,21.22161800,73.17000700,05-03-2018 08:30,"","","","","",""
2968,TAPI RIVER NEAR BARDOLI (KAPP BRIDGE) BARDOLI,CPCB,24,Gujarat,459,Surat,BARDOLI,-,-,-,-,-,-,-,-,21.22161800,73.17000700,03-04-2018 08:30,"","","","","",""
2969,TAPI RIVER NEAR BARDOLI (KAPP BRIDGE) BARDOLI,CPCB,24,Gujarat,459,Surat,BARDOLI,-,-,-,-,-,-,-,-,21.22161800,73.17000700,02-05-2018 08:30,"","","","","",""
2970,TAPI RIVER NEAR BARDOLI (KAPP BRIDGE) BARDOLI,CPCB,24,Gujarat,459,Surat,BARDOLI,-,-,-,-,-,-,-,-,21.22161800,73.17000700,02-06-2018 08:30,"","","","","",""
2971,TAPI RIVER NEAR BARDOLI (KAPP BRIDGE) BARDOLI,CPCB,24,Gujarat,459,Surat,BARDOLI,-,-,-,-,-,-,-,-,21.22161800,73.17000700,04-07-2018 08:30,"","","","","",""
2972,TAPI RIVER NEAR BARDOLI (KAPP BRIDGE) BARDOLI,CPCB,24,Gujarat,459,Surat,BARDOLI,-,-,-,-,-,-,-,-,21.22161800,73.17000700,01-08-2018 08:30,"","","","","",""
2973,TAPI RIVER NEAR BARDOLI (KAPP BRIDGE) BARDOLI,CPCB,24,Gujarat,459,Surat,BARDOLI,-,-,-,-,-,-,-,-,21.22161800,73.17000700,06-09-2018 08:30,"","","","","",""
2974,TAPI RIVER NEAR BARDOLI (KAPP BRIDGE) BARDOLI,CPCB,24,Gujarat,459,Surat,BARDOLI,-,-,-,-,-,-,-,-,21.22161800,73.17000700,03-10-2018 08:30,"","","","","",""
2975,TAPI RIVER NEAR BARDOLI (KAPP BRIDGE) BARDOLI,CPCB,24,Gujarat,459,Surat,BARDOLI,-,-,-,-,-,-,-,-,21.22161800,73.17000700,02-11-2018 08:30,"","","","","",""
2976,TAPI RIVER NEAR BARDOLI (KAPP BRIDGE) BARDOLI,CPCB,24,Gujarat,459,Surat,BARDOLI,-,-,-,-,-,-,-,-,21.22161800,73.17000700,04-12-2018 08:30,"","","","","",""
2977,TAPI RIVER NEAR BARDOLI (KAPP BRIDGE) BARDOLI,CPCB,24,Gujarat,459,Surat,BARDOLI,-,-,-,-,-,-,-,-,21.22161800,73.17000700,02-01-2019 08:30,"","","","","",""
2978,TAPI RIVER NEAR BARDOLI (KAPP BRIDGE) BARDOLI,CPCB,24,Gujarat,459,Surat,BARDOLI,-,-,-,-,-,-,-,-,21.22161800,73.17000700,04-02-2019 08:30,"","","","","",""
2979,TAPI RIVER NEAR BARDOLI (KAPP BRIDGE) BARDOLI,CPCB,24,Gujarat,459,Surat,BARDOLI,-,-,-,-,-,-,-,-,21.22161800,73.17000700,02-03-2019 08:30,"","","","","",""
2980,TAPI RIVER NEAR BARDOLI (KAPP BRIDGE) BARDOLI,CPCB,24,Gujarat,459,Surat,BARDOLI,-,-,-,-,-,-,-,-,21.22161800,73.17000700,02-04-2019 08:30,"","","","","",""
2981,TAPI RIVER NEAR BARDOLI (KAPP BRIDGE) BARDOLI,CPCB,24,Gujarat,459,Surat,BARDOLI,-,-,-,-,-,-,-,-,21.22161800,73.17000700,02-05-2019 08:30,"","","","","",""
2982,TAPI RIVER NEAR BARDOLI (KAPP BRIDGE) BARDOLI,CPCB,24,Gujarat,459,Surat,BARDOLI,-,-,-,-,-,-,-,-,21.22161800,73.17000700,04-06-2019 08:30,"","","","","",""
2983,TAPI RIVER NEAR BARDOLI (KAPP BRIDGE) BARDOLI,CPCB,24,Gujarat,459,Surat,BARDOLI,-,-,-,-,-,-,-,-,21.22161800,73.17000700,03-07-2019 08:30,"","","","","",""
2984,TAPI RIVER NEAR BARDOLI (KAPP BRIDGE) BARDOLI,CPCB,24,Gujarat,459,Surat,BARDOLI,-,-,-,-,-,-,-,-,21.22161800,73.17000700,01-08-2019 08:30,"","","","","",""
2985,TAPI RIVER NEAR BARDOLI (KAPP BRIDGE) BARDOLI,CPCB,24,Gujarat,459,Surat,BARDOLI,-,-,-,-,-,-,-,-,21.22161800,73.17000700,04-09-2019 08:30,"","","","","",""
2986,TAPI RIVER NEAR BARDOLI (KAPP BRIDGE) BARDOLI,CPCB,24,Gujarat,459,Surat,BARDOLI,-,-,-,-,-,-,-,-,21.22161800,73.17000700,03-10-2019 08:30,"","","","","",""
2987,TAPI RIVER NEAR BARDOLI (KAPP BRIDGE) BARDOLI,CPCB,24,Gujarat,459,Surat,BARDOLI,-,-,-,-,-,-,-,-,21.22161800,73.17000700,06-11-2019 08:30,"","","","","",""
2988,TAPI RIVER NEAR BARDOLI (KAPP BRIDGE) BARDOLI,CPCB,24,Gujarat,459,Surat,BARDOLI,-,-,-,-,-,-,-,-,21.22161800,73.17000700,03-12-2019 08:30,"","","","","",""
2989,TAPI RIVER NEAR BARDOLI (KAPP BRIDGE) BARDOLI,CPCB,24,Gujarat,459,Surat,BARDOLI,-,-,-,-,-,-,-,-,21.22161800,73.17000700,01-01-2020 08:30,516,"","",2,"",8
2990,TAPI RIVER NEAR BARDOLI (KAPP BRIDGE) BARDOLI,CPCB,24,Gujarat,459,Surat,BARDOLI,-,-,-,-,-,-,-,-,21.22161800,73.17000700,06-02-2020 08:30,425,"","",7,"",""
2991,TAPI RIVER NEAR BARDOLI (KAPP BRIDGE) BARDOLI,CPCB,24,Gujarat,459,Surat,BARDOLI,-,-,-,-,-,-,-,-,21.22161800,73.17000700,03-03-2020 08:30,553,"","",4,"",""
2992,TAPI RIVER NEAR BARDOLI (KAPP BRIDGE) BARDOLI,CPCB,24,Gujarat,459,Surat,BARDOLI,-,-,-,-,-,-,-,-,21.22161800,73.17000700,06-04-2020 08:30,527,"","",3,"",""
2993,TAPI RIVER NEAR BARDOLI (KAPP BRIDGE) BARDOLI,CPCB,24,Gujarat,459,Surat,BARDOLI,-,-,-,-,-,-,-,-,21.22161800,73.17000700,11-05-2020 08:30,498,"","",2,"",""
2994,TAPI RIVER NEAR BARDOLI (KAPP BRIDGE) BARDOLI,CPCB,24,Gujarat,459,Surat,BARDOLI,-,-,-,-,-,-,-,-,21.22161800,73.17000700,03-06-2020 08:30,402,"","",2,"",""
2995,TAPI RIVER NEAR BARDOLI (KAPP BRIDGE) BARDOLI,CPCB,24,Gujarat,459,Surat,BARDOLI,-,-,-,-,-,-,-,-,21.22161800,73.17000700,07-07-2020 08:30,525,"","",3,"",""
2996,TAPI RIVER NEAR BARDOLI (KAPP BRIDGE) BARDOLI,CPCB,24,Gujarat,459,Surat,BARDOLI,-,-,-,-,-,-,-,-,21.22161800,73.17000700,05-08-2020 08:30,335,"","",1,"",""
2997,TAPI RIVER NEAR BARDOLI (KAPP BRIDGE) BARDOLI,CPCB,24,Gujarat,459,Surat,BARDOLI,-,-,-,-,-,-,-,-,21.22161800,73.17000700,02-09-2020 08:30,375,"","",2,"",""
2998,TAPI RIVER NEAR BARDOLI (KAPP BRIDGE) BARDOLI,CPCB,24,Gujarat,459,Surat,BARDOLI,-,-,-,-,-,-,-,-,21.22161800,73.17000700,01-10-2020 08:30,347,"","",1,"",""
2999,TAPI RIVER NEAR BARDOLI (KAPP BRIDGE) BARDOLI,CPCB,24,Gujarat,459,Surat,BARDOLI,-,-,-,-,-,-,-,-,21.22161800,73.17000700,02-11-2020 08:30,379,"","",1,"",""
3000,TAPI RIVER NEAR BARDOLI (KAPP BRIDGE) BARDOLI,CPCB,24,Gujarat,459,Surat,BARDOLI,-,-,-,-,-,-,-,-,21.22161800,73.17000700,01-12-2020 08:30,418,"","",1,"",""
3001,TAPPAR DAM VILLAGE TAPPAR TAL. ANJAR,CPCB,24,Gujarat,449,Kachchh,ANJAR,-,-,-,-,-,-,-,-,23.25066900,70.13427500,20-05-2019 08:30,"","","","","",""
3002,TAPPAR DAM VILLAGE TAPPAR TAL. ANJAR,CPCB,24,Gujarat,449,Kachchh,ANJAR,-,-,-,-,-,-,-,-,23.25066900,70.13427500,08-04-2020 08:30,1558,"","",0.44,"",""
3003,THOL TANK (KALOL) (DIST. MEHASANA),CPCB,24,Gujarat,451,Mahesana,KADI,-,-,-,-,-,-,-,-,23.13990800,72.39315800,01-01-2018 08:30,357,"","","","",""
3004,THOL TANK (KALOL) (DIST. MEHASANA),CPCB,24,Gujarat,451,Mahesana,KADI,-,-,-,-,-,-,-,-,23.13990800,72.39315800,01-02-2018 08:30,442,"","","","",""
3005,THOL TANK (KALOL) (DIST. MEHASANA),CPCB,24,Gujarat,451,Mahesana,KADI,-,-,-,-,-,-,-,-,23.13990800,72.39315800,01-03-2018 08:30,435,"","","","",""
3006,THOL TANK (KALOL) (DIST. MEHASANA),CPCB,24,Gujarat,451,Mahesana,KADI,-,-,-,-,-,-,-,-,23.13990800,72.39315800,02-04-2018 08:30,577,"","","","",""
3007,THOL TANK (KALOL) (DIST. MEHASANA),CPCB,24,Gujarat,451,Mahesana,KADI,-,-,-,-,-,-,-,-,23.13990800,72.39315800,02-05-2018 08:30,745,"","","","",""
3008,THOL TANK (KALOL) (DIST. MEHASANA),CPCB,24,Gujarat,451,Mahesana,KADI,-,-,-,-,-,-,-,-,23.13990800,72.39315800,02-06-2018 08:30,1324,"","","","",""
3009,THOL TANK (KALOL) (DIST. MEHASANA),CPCB,24,Gujarat,451,Mahesana,KADI,-,-,-,-,-,-,-,-,23.13990800,72.39315800,02-07-2018 08:30,2154,"","","","",""
3010,THOL TANK (KALOL) (DIST. MEHASANA),CPCB,24,Gujarat,451,Mahesana,KADI,-,-,-,-,-,-,-,-,23.13990800,72.39315800,01-08-2018 08:30,1723,"","","","",""
3011,THOL TANK (KALOL) (DIST. MEHASANA),CPCB,24,Gujarat,451,Mahesana,KADI,-,-,-,-,-,-,-,-,23.13990800,72.39315800,01-09-2018 08:30,843,"","","","",""
3012,THOL TANK (KALOL) (DIST. MEHASANA),CPCB,24,Gujarat,451,Mahesana,KADI,-,-,-,-,-,-,-,-,23.13990800,72.39315800,01-10-2018 08:30,400,"","","","",""
3013,THOL TANK (KALOL) (DIST. MEHASANA),CPCB,24,Gujarat,451,Mahesana,KADI,-,-,-,-,-,-,-,-,23.13990800,72.39315800,01-11-2018 08:30,341,"","","","",""
3014,THOL TANK (KALOL) (DIST. MEHASANA),CPCB,24,Gujarat,451,Mahesana,KADI,-,-,-,-,-,-,-,-,23.13990800,72.39315800,01-12-2018 08:30,418,"","","","",""
3015,THOL TANK (KALOL) (DIST. MEHASANA),CPCB,24,Gujarat,451,Mahesana,KADI,-,-,-,-,-,-,-,-,23.13990800,72.39315800,01-01-2019 08:30,432,"","","","",""
3016,THOL TANK (KALOL) (DIST. MEHASANA),CPCB,24,Gujarat,451,Mahesana,KADI,-,-,-,-,-,-,-,-,23.13990800,72.39315800,01-02-2019 08:30,505,"","","","",""
3017,THOL TANK (KALOL) (DIST. MEHASANA),CPCB,24,Gujarat,451,Mahesana,KADI,-,-,-,-,-,-,-,-,23.13990800,72.39315800,01-03-2019 08:30,936,"","","","",""
3018,THOL TANK (KALOL) (DIST. MEHASANA),CPCB,24,Gujarat,451,Mahesana,KADI,-,-,-,-,-,-,-,-,23.13990800,72.39315800,01-07-2019 08:30,1992,"","","","",""
3019,THOL TANK (KALOL) (DIST. MEHASANA),CPCB,24,Gujarat,451,Mahesana,KADI,-,-,-,-,-,-,-,-,23.13990800,72.39315800,05-08-2019 08:30,1763,"","","","",""
3020,THOL TANK (KALOL) (DIST. MEHASANA),CPCB,24,Gujarat,451,Mahesana,KADI,-,-,-,-,-,-,-,-,23.13990800,72.39315800,04-09-2019 08:30,462,"","","","",""
3021,THOL TANK (KALOL) (DIST. MEHASANA),CPCB,24,Gujarat,451,Mahesana,KADI,-,-,-,-,-,-,-,-,23.13990800,72.39315800,04-10-2019 08:30,367,"","","","",""
3022,THOL TANK (KALOL) (DIST. MEHASANA),CPCB,24,Gujarat,451,Mahesana,KADI,-,-,-,-,-,-,-,-,23.13990800,72.39315800,01-11-2019 08:30,388,"","","","",""
3023,THOL TANK (KALOL) (DIST. MEHASANA),CPCB,24,Gujarat,451,Mahesana,KADI,-,-,-,-,-,-,-,-,23.13990800,72.39315800,02-12-2019 08:30,396,"","","","",""
3024,THOL TANK (KALOL) (DIST. MEHASANA),CPCB,24,Gujarat,451,Mahesana,KADI,-,-,-,-,-,-,-,-,23.13990800,72.39315800,01-01-2020 08:30,421,"","",2,"",18
3025,THOL TANK (KALOL) (DIST. MEHASANA),CPCB,24,Gujarat,451,Mahesana,KADI,-,-,-,-,-,-,-,-,23.13990800,72.39315800,04-02-2020 08:30,494,"","",0.4,"",""
3026,THOL TANK (KALOL) (DIST. MEHASANA),CPCB,24,Gujarat,451,Mahesana,KADI,-,-,-,-,-,-,-,-,23.13990800,72.39315800,02-03-2020 08:30,546,"","",1.8,"",""
3027,THOL TANK (KALOL) (DIST. MEHASANA),CPCB,24,Gujarat,451,Mahesana,KADI,-,-,-,-,-,-,-,-,23.13990800,72.39315800,01-04-2020 08:30,442,"","",0.8,"",""
3028,THOL TANK (KALOL) (DIST. MEHASANA),CPCB,24,Gujarat,451,Mahesana,KADI,-,-,-,-,-,-,-,-,23.13990800,72.39315800,01-05-2020 08:30,434,"","",0.6,"",""
3029,THOL TANK (KALOL) (DIST. MEHASANA),CPCB,24,Gujarat,451,Mahesana,KADI,-,-,-,-,-,-,-,-,23.13990800,72.39315800,01-06-2020 08:30,670,"","",0.5,"",""
3030,THOL TANK (KALOL) (DIST. MEHASANA),CPCB,24,Gujarat,451,Mahesana,KADI,-,-,-,-,-,-,-,-,23.13990800,72.39315800,01-07-2020 08:30,800,"","",0.5,"",""
3031,THOL TANK (KALOL) (DIST. MEHASANA),CPCB,24,Gujarat,451,Mahesana,KADI,-,-,-,-,-,-,-,-,23.13990800,72.39315800,05-08-2020 08:30,843,"","",23.4,"",""
3032,THOL TANK (KALOL) (DIST. MEHASANA),CPCB,24,Gujarat,451,Mahesana,KADI,-,-,-,-,-,-,-,-,23.13990800,72.39315800,01-09-2020 08:30,530,"","",22.2,"",""
3033,THOL TANK (KALOL) (DIST. MEHASANA),CPCB,24,Gujarat,451,Mahesana,KADI,-,-,-,-,-,-,-,-,23.13990800,72.39315800,02-11-2020 08:30,441,"","",69,"",""
3034,THOL TANK (KALOL) (DIST. MEHASANA),CPCB,24,Gujarat,451,Mahesana,KADI,-,-,-,-,-,-,-,-,23.13990800,72.39315800,01-12-2020 08:30,420,"","",90,"",""
3035,TRIVENI SANGAM NR. SOMNATH TEMPLE VERAVAL DIST. JUNAGADH.,CPCB,24,Gujarat,448,Junagadh,SUTRAPADA,-,-,-,-,-,-,-,-,20.88232400,70.41406600,31-01-2018 08:30,"","","","","",""
3036,TRIVENI SANGAM NR. SOMNATH TEMPLE VERAVAL DIST. JUNAGADH.,CPCB,24,Gujarat,448,Junagadh,SUTRAPADA,-,-,-,-,-,-,-,-,20.88232400,70.41406600,28-02-2018 08:30,"","","","","",""
3037,TRIVENI SANGAM NR. SOMNATH TEMPLE VERAVAL DIST. JUNAGADH.,CPCB,24,Gujarat,448,Junagadh,SUTRAPADA,-,-,-,-,-,-,-,-,20.88232400,70.41406600,09-03-2018 08:30,"","","","","",""
3038,TRIVENI SANGAM NR. SOMNATH TEMPLE VERAVAL DIST. JUNAGADH.,CPCB,24,Gujarat,448,Junagadh,SUTRAPADA,-,-,-,-,-,-,-,-,20.88232400,70.41406600,15-04-2018 08:30,"","","","","",""
3039,TRIVENI SANGAM NR. SOMNATH TEMPLE VERAVAL DIST. JUNAGADH.,CPCB,24,Gujarat,448,Junagadh,SUTRAPADA,-,-,-,-,-,-,-,-,20.88232400,70.41406600,02-05-2018 08:30,"","","","","",""
3040,TRIVENI SANGAM NR. SOMNATH TEMPLE VERAVAL DIST. JUNAGADH.,CPCB,24,Gujarat,448,Junagadh,SUTRAPADA,-,-,-,-,-,-,-,-,20.88232400,70.41406600,08-06-2018 08:30,"","","","","",""
3041,TRIVENI SANGAM NR. SOMNATH TEMPLE VERAVAL DIST. JUNAGADH.,CPCB,24,Gujarat,448,Junagadh,SUTRAPADA,-,-,-,-,-,-,-,-,20.88232400,70.41406600,21-07-2018 08:30,"","","","","",""
3042,TRIVENI SANGAM NR. SOMNATH TEMPLE VERAVAL DIST. JUNAGADH.,CPCB,24,Gujarat,448,Junagadh,SUTRAPADA,-,-,-,-,-,-,-,-,20.88232400,70.41406600,08-08-2018 08:30,"","","","","",""
3043,TRIVENI SANGAM NR. SOMNATH TEMPLE VERAVAL DIST. JUNAGADH.,CPCB,24,Gujarat,448,Junagadh,SUTRAPADA,-,-,-,-,-,-,-,-,20.88232400,70.41406600,12-09-2018 08:30,"","","","","",""
3044,TRIVENI SANGAM NR. SOMNATH TEMPLE VERAVAL DIST. JUNAGADH.,CPCB,24,Gujarat,448,Junagadh,SUTRAPADA,-,-,-,-,-,-,-,-,20.88232400,70.41406600,01-10-2018 08:30,"","","","","",""
3045,TRIVENI SANGAM NR. SOMNATH TEMPLE VERAVAL DIST. JUNAGADH.,CPCB,24,Gujarat,448,Junagadh,SUTRAPADA,-,-,-,-,-,-,-,-,20.88232400,70.41406600,03-11-2018 08:30,"","","","","",""
3046,TRIVENI SANGAM NR. SOMNATH TEMPLE VERAVAL DIST. JUNAGADH.,CPCB,24,Gujarat,448,Junagadh,SUTRAPADA,-,-,-,-,-,-,-,-,20.88232400,70.41406600,28-12-2018 08:30,"","","","","",""
3047,TRIVENI SANGAM NR. SOMNATH TEMPLE VERAVAL DIST. JUNAGADH.,CPCB,24,Gujarat,448,Junagadh,SUTRAPADA,-,-,-,-,-,-,-,-,20.88232400,70.41406600,07-01-2019 08:30,"","","","","",""
3048,TRIVENI SANGAM NR. SOMNATH TEMPLE VERAVAL DIST. JUNAGADH.,CPCB,24,Gujarat,448,Junagadh,SUTRAPADA,-,-,-,-,-,-,-,-,20.88232400,70.41406600,02-02-2019 08:30,"","","","","",""
3049,TRIVENI SANGAM NR. SOMNATH TEMPLE VERAVAL DIST. JUNAGADH.,CPCB,24,Gujarat,448,Junagadh,SUTRAPADA,-,-,-,-,-,-,-,-,20.88232400,70.41406600,05-03-2019 08:30,"","","","","",""
3050,TRIVENI SANGAM NR. SOMNATH TEMPLE VERAVAL DIST. JUNAGADH.,CPCB,24,Gujarat,448,Junagadh,SUTRAPADA,-,-,-,-,-,-,-,-,20.88232400,70.41406600,05-04-2019 08:30,"","","","","",""
3051,TRIVENI SANGAM NR. SOMNATH TEMPLE VERAVAL DIST. JUNAGADH.,CPCB,24,Gujarat,448,Junagadh,SUTRAPADA,-,-,-,-,-,-,-,-,20.88232400,70.41406600,06-05-2019 08:30,"","","","","",""
3052,TRIVENI SANGAM NR. SOMNATH TEMPLE VERAVAL DIST. JUNAGADH.,CPCB,24,Gujarat,448,Junagadh,SUTRAPADA,-,-,-,-,-,-,-,-,20.88232400,70.41406600,04-07-2019 08:30,"","","","","",""
3053,TRIVENI SANGAM NR. SOMNATH TEMPLE VERAVAL DIST. JUNAGADH.,CPCB,24,Gujarat,448,Junagadh,SUTRAPADA,-,-,-,-,-,-,-,-,20.88232400,70.41406600,03-08-2019 08:30,"","","","","",""
3054,TRIVENI SANGAM NR. SOMNATH TEMPLE VERAVAL DIST. JUNAGADH.,CPCB,24,Gujarat,448,Junagadh,SUTRAPADA,-,-,-,-,-,-,-,-,20.88232400,70.41406600,03-09-2019 08:30,"","","","","",""
3055,TRIVENI SANGAM NR. SOMNATH TEMPLE VERAVAL DIST. JUNAGADH.,CPCB,24,Gujarat,448,Junagadh,SUTRAPADA,-,-,-,-,-,-,-,-,20.88232400,70.41406600,05-10-2019 08:30,"","","","","",""
3056,TRIVENI SANGAM NR. SOMNATH TEMPLE VERAVAL DIST. JUNAGADH.,CPCB,24,Gujarat,448,Junagadh,SUTRAPADA,-,-,-,-,-,-,-,-,20.88232400,70.41406600,07-11-2019 08:30,"","","","","",""
3057,TRIVENI SANGAM NR. SOMNATH TEMPLE VERAVAL DIST. JUNAGADH.,CPCB,24,Gujarat,448,Junagadh,SUTRAPADA,-,-,-,-,-,-,-,-,20.88232400,70.41406600,02-12-2019 08:30,"","","","","",""
3058,TRIVENI SANGAM NR. SOMNATH TEMPLE VERAVAL DIST. JUNAGADH.,CPCB,24,Gujarat,448,Junagadh,SUTRAPADA,-,-,-,-,-,-,-,-,20.88232400,70.41406600,18-01-2020 08:30,2376,"","",10,"",6
3059,TRIVENI SANGAM NR. SOMNATH TEMPLE VERAVAL DIST. JUNAGADH.,CPCB,24,Gujarat,448,Junagadh,SUTRAPADA,-,-,-,-,-,-,-,-,20.88232400,70.41406600,10-02-2020 08:30,3658,"","",Clear,"",""
3060,TRIVENI SANGAM NR. SOMNATH TEMPLE VERAVAL DIST. JUNAGADH.,CPCB,24,Gujarat,448,Junagadh,SUTRAPADA,-,-,-,-,-,-,-,-,20.88232400,70.41406600,05-03-2020 08:30,4860,"","",8,"",""
3061,TRIVENI SANGAM NR. SOMNATH TEMPLE VERAVAL DIST. JUNAGADH.,CPCB,24,Gujarat,448,Junagadh,SUTRAPADA,-,-,-,-,-,-,-,-,20.88232400,70.41406600,08-04-2020 08:30,6389,"","",14,"",""
3062,TRIVENI SANGAM NR. SOMNATH TEMPLE VERAVAL DIST. JUNAGADH.,CPCB,24,Gujarat,448,Junagadh,SUTRAPADA,-,-,-,-,-,-,-,-,20.88232400,70.41406600,06-05-2020 08:30,6343,"","",28,"",""
3063,TRIVENI SANGAM NR. SOMNATH TEMPLE VERAVAL DIST. JUNAGADH.,CPCB,24,Gujarat,448,Junagadh,SUTRAPADA,-,-,-,-,-,-,-,-,20.88232400,70.41406600,05-06-2020 08:30,9867,"","",16,"",""
3064,TRIVENI SANGAM NR. SOMNATH TEMPLE VERAVAL DIST. JUNAGADH.,CPCB,24,Gujarat,448,Junagadh,SUTRAPADA,-,-,-,-,-,-,-,-,20.88232400,70.41406600,01-07-2020 08:30,13950,"","",11,"",""
3065,TRIVENI SANGAM NR. SOMNATH TEMPLE VERAVAL DIST. JUNAGADH.,CPCB,24,Gujarat,448,Junagadh,SUTRAPADA,-,-,-,-,-,-,-,-,20.88232400,70.41406600,04-08-2020 08:30,794,"","",6,"",""
3066,TRIVENI SANGAM NR. SOMNATH TEMPLE VERAVAL DIST. JUNAGADH.,CPCB,24,Gujarat,448,Junagadh,SUTRAPADA,-,-,-,-,-,-,-,-,20.88232400,70.41406600,03-09-2020 08:30,706,"","",8,"",""
3067,TRIVENI SANGAM NR. SOMNATH TEMPLE VERAVAL DIST. JUNAGADH.,CPCB,24,Gujarat,448,Junagadh,SUTRAPADA,-,-,-,-,-,-,-,-,20.88232400,70.41406600,07-10-2020 08:30,746,"","",4,"",""
3068,TRIVENI SANGAM NR. SOMNATH TEMPLE VERAVAL DIST. JUNAGADH.,CPCB,24,Gujarat,448,Junagadh,SUTRAPADA,-,-,-,-,-,-,-,-,20.88232400,70.41406600,02-11-2020 08:30,876,"","",126,"",""
3069,TRIVENI SANGAM NR. SOMNATH TEMPLE VERAVAL DIST. JUNAGADH.,CPCB,24,Gujarat,448,Junagadh,SUTRAPADA,-,-,-,-,-,-,-,-,20.88232400,70.41406600,02-12-2020 08:30,1557,"","",32,"",""
3070,VADODARA (INDUSTRIAL-NANDESARI),CPCB,24,Gujarat,461,Vadodara,VADODARA,-,-,-,-,-,-,-,-,22.30715800,73.18121900,07-04-2018 08:30,3520,"","","","",""
3071,VADODARA (INDUSTRIAL-NANDESARI),CPCB,24,Gujarat,461,Vadodara,VADODARA,-,-,-,-,-,-,-,-,22.30715800,73.18121900,05-10-2018 08:30,3760,"","","","",""
3072,VADODARA (INDUSTRIAL-NANDESARI),CPCB,24,Gujarat,461,Vadodara,VADODARA,-,-,-,-,-,-,-,-,22.30715800,73.18121900,03-04-2019 08:30,5400,"","","","",""
3073,VADODARA (INDUSTRIAL-NANDESARI),CPCB,24,Gujarat,461,Vadodara,VADODARA,-,-,-,-,-,-,-,-,22.30715800,73.18121900,07-10-2019 08:30,3220,Other,"",1.5,"",""
3074,VADODARA (INDUSTRIAL-NANDESARI),CPCB,24,Gujarat,461,Vadodara,VADODARA,-,-,-,-,-,-,-,-,22.30715800,73.18121900,03-04-2020 08:30,4070,"","",1.4,"",""
3075,VADODARA (INDUSTRIAL-NANDESARI),CPCB,24,Gujarat,461,Vadodara,VADODARA,-,-,-,-,-,-,-,-,22.30715800,73.18121900,01-10-2020 08:30,5500,"","",1.4,"",""
3076,VANDKHADI AT VILLAGE UMARWADA TA ANKLESHWAR BHARUCH,CPCB,24,Gujarat,442,Bharuch,ANKLESVAR,-,-,-,-,-,-,-,-,21.62825500,73.01671500,03-01-2018 08:30,"","","","","",""
3077,VANDKHADI AT VILLAGE UMARWADA TA ANKLESHWAR BHARUCH,CPCB,24,Gujarat,442,Bharuch,ANKLESVAR,-,-,-,-,-,-,-,-,21.62825500,73.01671500,01-02-2018 08:30,"","","","","",""
3078,VANDKHADI AT VILLAGE UMARWADA TA ANKLESHWAR BHARUCH,CPCB,24,Gujarat,442,Bharuch,ANKLESVAR,-,-,-,-,-,-,-,-,21.62825500,73.01671500,03-03-2018 08:30,"","","","","",""
3079,VANDKHADI AT VILLAGE UMARWADA TA ANKLESHWAR BHARUCH,CPCB,24,Gujarat,442,Bharuch,ANKLESVAR,-,-,-,-,-,-,-,-,21.62825500,73.01671500,03-04-2018 08:30,"","","","","",""
3080,VANDKHADI AT VILLAGE UMARWADA TA ANKLESHWAR BHARUCH,CPCB,24,Gujarat,442,Bharuch,ANKLESVAR,-,-,-,-,-,-,-,-,21.62825500,73.01671500,03-05-2018 08:30,"","","","","",""
3081,VANDKHADI AT VILLAGE UMARWADA TA ANKLESHWAR BHARUCH,CPCB,24,Gujarat,442,Bharuch,ANKLESVAR,-,-,-,-,-,-,-,-,21.62825500,73.01671500,01-06-2018 08:30,"","","","","",""
3082,VANDKHADI AT VILLAGE UMARWADA TA ANKLESHWAR BHARUCH,CPCB,24,Gujarat,442,Bharuch,ANKLESVAR,-,-,-,-,-,-,-,-,21.62825500,73.01671500,02-07-2018 08:30,"","","","","",""
3083,VANDKHADI AT VILLAGE UMARWADA TA ANKLESHWAR BHARUCH,CPCB,24,Gujarat,442,Bharuch,ANKLESVAR,-,-,-,-,-,-,-,-,21.62825500,73.01671500,03-08-2018 08:30,"","","","","",""
3084,VANDKHADI AT VILLAGE UMARWADA TA ANKLESHWAR BHARUCH,CPCB,24,Gujarat,442,Bharuch,ANKLESVAR,-,-,-,-,-,-,-,-,21.62825500,73.01671500,01-09-2018 08:30,"","","","","",""
3085,VANDKHADI AT VILLAGE UMARWADA TA ANKLESHWAR BHARUCH,CPCB,24,Gujarat,442,Bharuch,ANKLESVAR,-,-,-,-,-,-,-,-,21.62825500,73.01671500,01-10-2018 08:30,"","","","","",""
3086,VANDKHADI AT VILLAGE UMARWADA TA ANKLESHWAR BHARUCH,CPCB,24,Gujarat,442,Bharuch,ANKLESVAR,-,-,-,-,-,-,-,-,21.62825500,73.01671500,01-11-2018 08:30,"","","","","",""
3087,VANDKHADI AT VILLAGE UMARWADA TA ANKLESHWAR BHARUCH,CPCB,24,Gujarat,442,Bharuch,ANKLESVAR,-,-,-,-,-,-,-,-,21.62825500,73.01671500,01-12-2018 08:30,"","","","","",""
3088,VANDKHADI AT VILLAGE UMARWADA TA ANKLESHWAR BHARUCH,CPCB,24,Gujarat,442,Bharuch,ANKLESVAR,-,-,-,-,-,-,-,-,21.62825500,73.01671500,01-01-2019 08:30,"","","","","",""
3089,VANDKHADI AT VILLAGE UMARWADA TA ANKLESHWAR BHARUCH,CPCB,24,Gujarat,442,Bharuch,ANKLESVAR,-,-,-,-,-,-,-,-,21.62825500,73.01671500,02-02-2019 08:30,"",Light Brown,"","","",""
3090,VANDKHADI AT VILLAGE UMARWADA TA ANKLESHWAR BHARUCH,CPCB,24,Gujarat,442,Bharuch,ANKLESVAR,-,-,-,-,-,-,-,-,21.62825500,73.01671500,01-03-2019 08:30,"","","","","",""
3091,VANDKHADI AT VILLAGE UMARWADA TA ANKLESHWAR BHARUCH,CPCB,24,Gujarat,442,Bharuch,ANKLESVAR,-,-,-,-,-,-,-,-,21.62825500,73.01671500,01-05-2019 08:30,"",Light Green,None,"","",""
3092,VANDKHADI AT VILLAGE UMARWADA TA ANKLESHWAR BHARUCH,CPCB,24,Gujarat,442,Bharuch,ANKLESVAR,-,-,-,-,-,-,-,-,21.62825500,73.01671500,01-06-2019 08:30,"","","","","",""
3093,VANDKHADI AT VILLAGE UMARWADA TA ANKLESHWAR BHARUCH,CPCB,24,Gujarat,442,Bharuch,ANKLESVAR,-,-,-,-,-,-,-,-,21.62825500,73.01671500,02-07-2019 08:30,"","","","","",""
3094,VANDKHADI AT VILLAGE UMARWADA TA ANKLESHWAR BHARUCH,CPCB,24,Gujarat,442,Bharuch,ANKLESVAR,-,-,-,-,-,-,-,-,21.62825500,73.01671500,02-08-2019 08:30,"","","","","",""
3095,VANDKHADI AT VILLAGE UMARWADA TA ANKLESHWAR BHARUCH,CPCB,24,Gujarat,442,Bharuch,ANKLESVAR,-,-,-,-,-,-,-,-,21.62825500,73.01671500,03-09-2019 08:30,"","","","","",""
3096,VANDKHADI AT VILLAGE UMARWADA TA ANKLESHWAR BHARUCH,CPCB,24,Gujarat,442,Bharuch,ANKLESVAR,-,-,-,-,-,-,-,-,21.62825500,73.01671500,03-10-2019 08:30,"","","","","",""
3097,VANDKHADI AT VILLAGE UMARWADA TA ANKLESHWAR BHARUCH,CPCB,24,Gujarat,442,Bharuch,ANKLESVAR,-,-,-,-,-,-,-,-,21.62825500,73.01671500,01-11-2019 08:30,"","","","","",""
3098,VANDKHADI AT VILLAGE UMARWADA TA ANKLESHWAR BHARUCH,CPCB,24,Gujarat,442,Bharuch,ANKLESVAR,-,-,-,-,-,-,-,-,21.62825500,73.01671500,03-12-2019 08:30,"",Turbid Green,"","","",""
3099,VANDKHADI AT VILLAGE UMARWADA TA ANKLESHWAR BHARUCH,CPCB,24,Gujarat,442,Bharuch,ANKLESVAR,-,-,-,-,-,-,-,-,21.62825500,73.01671500,01-01-2020 08:30,1070,"","",5.8,"",6
3100,VANDKHADI AT VILLAGE UMARWADA TA ANKLESHWAR BHARUCH,CPCB,24,Gujarat,442,Bharuch,ANKLESVAR,-,-,-,-,-,-,-,-,21.62825500,73.01671500,01-02-2020 08:30,3980,"","",6.1,"",""
3101,VANDKHADI AT VILLAGE UMARWADA TA ANKLESHWAR BHARUCH,CPCB,24,Gujarat,442,Bharuch,ANKLESVAR,-,-,-,-,-,-,-,-,21.62825500,73.01671500,03-03-2020 08:30,2670,"","",6.5,"",""
3102,VANDKHADI AT VILLAGE UMARWADA TA ANKLESHWAR BHARUCH,CPCB,24,Gujarat,442,Bharuch,ANKLESVAR,-,-,-,-,-,-,-,-,21.62825500,73.01671500,08-04-2020 08:30,1380,"","",28.2,"",""
3103,VANDKHADI AT VILLAGE UMARWADA TA ANKLESHWAR BHARUCH,CPCB,24,Gujarat,442,Bharuch,ANKLESVAR,-,-,-,-,-,-,-,-,21.62825500,73.01671500,01-05-2020 08:30,806,"","",1.3,"",""
3104,VANDKHADI AT VILLAGE UMARWADA TA ANKLESHWAR BHARUCH,CPCB,24,Gujarat,442,Bharuch,ANKLESVAR,-,-,-,-,-,-,-,-,21.62825500,73.01671500,01-06-2020 08:30,1040,"","",7.9,"",""
3105,VANDKHADI AT VILLAGE UMARWADA TA ANKLESHWAR BHARUCH,CPCB,24,Gujarat,442,Bharuch,ANKLESVAR,-,-,-,-,-,-,-,-,21.62825500,73.01671500,01-07-2020 08:30,2760,"","",6,"",""
3106,VANDKHADI AT VILLAGE UMARWADA TA ANKLESHWAR BHARUCH,CPCB,24,Gujarat,442,Bharuch,ANKLESVAR,-,-,-,-,-,-,-,-,21.62825500,73.01671500,21-08-2020 08:30,2713,"","",37,"",""
3107,VANDKHADI AT VILLAGE UMARWADA TA ANKLESHWAR BHARUCH,CPCB,24,Gujarat,442,Bharuch,ANKLESVAR,-,-,-,-,-,-,-,-,21.62825500,73.01671500,03-09-2020 08:30,2956,"","",46,"",""
3108,VANDKHADI AT VILLAGE UMARWADA TA ANKLESHWAR BHARUCH,CPCB,24,Gujarat,442,Bharuch,ANKLESVAR,-,-,-,-,-,-,-,-,21.62825500,73.01671500,03-10-2020 08:30,2965,"","",10,"",""
3109,VANDKHADI AT VILLAGE UMARWADA TA ANKLESHWAR BHARUCH,CPCB,24,Gujarat,442,Bharuch,ANKLESVAR,-,-,-,-,-,-,-,-,21.62825500,73.01671500,02-11-2020 08:30,Clear,"","",Clear,"",""
3110,VANDKHADI AT VILLAGE UMARWADA TA ANKLESHWAR BHARUCH,CPCB,24,Gujarat,442,Bharuch,ANKLESVAR,-,-,-,-,-,-,-,-,21.62825500,73.01671500,01-12-2020 08:30,Clear,"","",Clear,"",""
3111,VAPI INDUSTRIAL AREA IN D/S VAPI,CPCB,24,Gujarat,462,Valsad,PARDI,-,-,-,-,-,-,-,-,20.36513600,72.92202500,04-04-2018 08:30,671,"","","","",""
3112,VAPI INDUSTRIAL AREA IN D/S VAPI,CPCB,24,Gujarat,462,Valsad,PARDI,-,-,-,-,-,-,-,-,20.36513600,72.92202500,05-10-2018 08:30,1593,"","",14.7,"",""
3113,VAPI INDUSTRIAL AREA IN D/S VAPI,CPCB,24,Gujarat,462,Valsad,PARDI,-,-,-,-,-,-,-,-,20.36513600,72.92202500,04-04-2019 08:30,444,Clear,"",4,"",""
3114,VAPI INDUSTRIAL AREA IN D/S VAPI,CPCB,24,Gujarat,462,Valsad,PARDI,-,-,-,-,-,-,-,-,20.36513600,72.92202500,03-10-2019 08:30,482,Clear,"",9,"",""
3115,VAPI INDUSTRIAL AREA IN D/S VAPI,CPCB,24,Gujarat,462,Valsad,PARDI,-,-,-,-,-,-,-,-,20.36513600,72.92202500,09-04-2020 08:30,369,"","",Clear,"",""
3116,VAPI INDUSTRIAL AREA IN D/S VAPI,CPCB,24,Gujarat,462,Valsad,PARDI,-,-,-,-,-,-,-,-,20.36513600,72.92202500,01-10-2020 08:30,747,"","",0.4,"",""
3117,VAPI WEIR VAPI DAMAN,CPCB,24,Gujarat,462,Valsad,PARDI,-,-,-,-,-,-,-,-,20.34170900,72.91095300,30-01-2018 08:30,"","","","","",""
3118,VAPI WEIR VAPI DAMAN,CPCB,24,Gujarat,462,Valsad,PARDI,-,-,-,-,-,-,-,-,20.34170900,72.91095300,25-02-2018 08:30,"","","","","",""
3119,VAPI WEIR VAPI DAMAN,CPCB,24,Gujarat,462,Valsad,PARDI,-,-,-,-,-,-,-,-,20.34170900,72.91095300,25-03-2018 08:30,"","","","","",""
3120,VAPI WEIR VAPI DAMAN,CPCB,24,Gujarat,462,Valsad,PARDI,-,-,-,-,-,-,-,-,20.34170900,72.91095300,26-04-2018 08:30,"","","","","",""
3121,VAPI WEIR VAPI DAMAN,CPCB,24,Gujarat,462,Valsad,PARDI,-,-,-,-,-,-,-,-,20.34170900,72.91095300,24-05-2018 08:30,"","","","","",""
3122,VAPI WEIR VAPI DAMAN,CPCB,24,Gujarat,462,Valsad,PARDI,-,-,-,-,-,-,-,-,20.34170900,72.91095300,06-06-2018 08:30,"","","","","",""
3123,VAPI WEIR VAPI DAMAN,CPCB,24,Gujarat,462,Valsad,PARDI,-,-,-,-,-,-,-,-,20.34170900,72.91095300,03-07-2018 08:30,"","","","","",""
3124,VAPI WEIR VAPI DAMAN,CPCB,24,Gujarat,462,Valsad,PARDI,-,-,-,-,-,-,-,-,20.34170900,72.91095300,03-08-2018 08:30,"","","","","",""
3125,VAPI WEIR VAPI DAMAN,CPCB,24,Gujarat,462,Valsad,PARDI,-,-,-,-,-,-,-,-,20.34170900,72.91095300,12-09-2018 08:30,"","","","","",""
3126,VAPI WEIR VAPI DAMAN,CPCB,24,Gujarat,462,Valsad,PARDI,-,-,-,-,-,-,-,-,20.34170900,72.91095300,15-10-2018 08:30,"","","","","",""
3127,VAPI WEIR VAPI DAMAN,CPCB,24,Gujarat,462,Valsad,PARDI,-,-,-,-,-,-,-,-,20.34170900,72.91095300,16-11-2018 08:30,"","","","","",""
3128,VAPI WEIR VAPI DAMAN,CPCB,24,Gujarat,462,Valsad,PARDI,-,-,-,-,-,-,-,-,20.34170900,72.91095300,14-12-2018 08:30,"","","","","",""
3129,VAPI WEIR VAPI DAMAN,CPCB,24,Gujarat,462,Valsad,PARDI,-,-,-,-,-,-,-,-,20.34170900,72.91095300,23-01-2019 08:30,"","","","","",""
3130,VAPI WEIR VAPI DAMAN,CPCB,24,Gujarat,462,Valsad,PARDI,-,-,-,-,-,-,-,-,20.34170900,72.91095300,22-02-2019 08:30,"","","","","",""
3131,VAPI WEIR VAPI DAMAN,CPCB,24,Gujarat,462,Valsad,PARDI,-,-,-,-,-,-,-,-,20.34170900,72.91095300,25-03-2019 08:30,"","","","","",""
3132,VAPI WEIR VAPI DAMAN,CPCB,24,Gujarat,462,Valsad,PARDI,-,-,-,-,-,-,-,-,20.34170900,72.91095300,12-04-2019 08:30,"","","","","",""
3133,VAPI WEIR VAPI DAMAN,CPCB,24,Gujarat,462,Valsad,PARDI,-,-,-,-,-,-,-,-,20.34170900,72.91095300,17-05-2019 08:30,"","","","","",""
3134,VAPI WEIR VAPI DAMAN,CPCB,24,Gujarat,462,Valsad,PARDI,-,-,-,-,-,-,-,-,20.34170900,72.91095300,18-07-2019 08:30,"","","","","",""
3135,VAPI WEIR VAPI DAMAN,CPCB,24,Gujarat,462,Valsad,PARDI,-,-,-,-,-,-,-,-,20.34170900,72.91095300,21-08-2019 08:30,"","","","","",""
3136,VAPI WEIR VAPI DAMAN,CPCB,24,Gujarat,462,Valsad,PARDI,-,-,-,-,-,-,-,-,20.34170900,72.91095300,25-09-2019 08:30,"","","","","",""
3137,VAPI WEIR VAPI DAMAN,CPCB,24,Gujarat,462,Valsad,PARDI,-,-,-,-,-,-,-,-,20.34170900,72.91095300,18-10-2019 08:30,"","","","","",""
3138,VAPI WEIR VAPI DAMAN,CPCB,24,Gujarat,462,Valsad,PARDI,-,-,-,-,-,-,-,-,20.34170900,72.91095300,13-11-2019 08:30,"","","","","",""
3139,VAPI WEIR VAPI DAMAN,CPCB,24,Gujarat,462,Valsad,PARDI,-,-,-,-,-,-,-,-,20.34170900,72.91095300,17-12-2019 08:30,"","","","","",""
3140,VAPI WEIR VAPI DAMAN,CPCB,24,Gujarat,462,Valsad,PARDI,-,-,-,-,-,-,-,-,20.34170900,72.91095300,29-01-2020 08:30,363,"","",0.1,"",""
3141,VAPI WEIR VAPI DAMAN,CPCB,24,Gujarat,462,Valsad,PARDI,-,-,-,-,-,-,-,-,20.34170900,72.91095300,12-02-2020 08:30,256,"","",0.1,"",""
3142,VAPI WEIR VAPI DAMAN,CPCB,24,Gujarat,462,Valsad,PARDI,-,-,-,-,-,-,-,-,20.34170900,72.91095300,20-03-2020 08:30,385,"","",0.1,"",""
3143,VAPI WEIR VAPI DAMAN,CPCB,24,Gujarat,462,Valsad,PARDI,-,-,-,-,-,-,-,-,20.34170900,72.91095300,14-04-2020 08:30,232,"","",0.1,"",""
3144,VAPI WEIR VAPI DAMAN,CPCB,24,Gujarat,462,Valsad,PARDI,-,-,-,-,-,-,-,-,20.34170900,72.91095300,07-05-2020 08:30,270,"","",0.1,"",""
3145,VAPI WEIR VAPI DAMAN,CPCB,24,Gujarat,462,Valsad,PARDI,-,-,-,-,-,-,-,-,20.34170900,72.91095300,24-06-2020 08:30,316,"","",0.1,"",""
3146,VAPI WEIR VAPI DAMAN,CPCB,24,Gujarat,462,Valsad,PARDI,-,-,-,-,-,-,-,-,20.34170900,72.91095300,28-07-2020 08:30,257,"","",5,"",""
3147,VAPI WEIR VAPI DAMAN,CPCB,24,Gujarat,462,Valsad,PARDI,-,-,-,-,-,-,-,-,20.34170900,72.91095300,26-08-2020 08:30,228,"","",1,"",""
3148,VAPI WEIR VAPI DAMAN,CPCB,24,Gujarat,462,Valsad,PARDI,-,-,-,-,-,-,-,-,20.34170900,72.91095300,21-09-2020 08:30,329,"","",0.1,"",""
3149,VAPI WEIR VAPI DAMAN,CPCB,24,Gujarat,462,Valsad,PARDI,-,-,-,-,-,-,-,-,20.34170900,72.91095300,13-10-2020 08:30,311,"","",0.1,"",""
3150,VAPI WEIR VAPI DAMAN,CPCB,24,Gujarat,462,Valsad,PARDI,-,-,-,-,-,-,-,-,20.34170900,72.91095300,24-11-2020 08:30,258,"","",0.1,"",""
3151,VHERAIMATA TALAV AT ANAND,CPCB,24,Gujarat,440,Anand,ANAND,-,-,-,-,-,-,-,-,22.55454200,72.95476400,06-07-2018 08:30,222,"","","","",""
3152,VHERAIMATA TALAV AT ANAND,CPCB,24,Gujarat,440,Anand,ANAND,-,-,-,-,-,-,-,-,22.55454200,72.95476400,01-08-2018 08:30,267,"","","","",""
3153,VHERAIMATA TALAV AT ANAND,CPCB,24,Gujarat,440,Anand,ANAND,-,-,-,-,-,-,-,-,22.55454200,72.95476400,04-09-2018 08:30,346,"","","","",""
3154,VHERAIMATA TALAV AT ANAND,CPCB,24,Gujarat,440,Anand,ANAND,-,-,-,-,-,-,-,-,22.55454200,72.95476400,01-10-2018 08:30,534,"","","","",""
3155,VHERAIMATA TALAV AT ANAND,CPCB,24,Gujarat,440,Anand,ANAND,-,-,-,-,-,-,-,-,22.55454200,72.95476400,02-11-2018 08:30,1361,"","","","",""
3156,VHERAIMATA TALAV AT ANAND,CPCB,24,Gujarat,440,Anand,ANAND,-,-,-,-,-,-,-,-,22.55454200,72.95476400,06-08-2019 08:30,158,"","","","",""
3157,VHERAIMATA TALAV AT ANAND,CPCB,24,Gujarat,440,Anand,ANAND,-,-,-,-,-,-,-,-,22.55454200,72.95476400,06-09-2019 08:30,414,"","","","",""
3158,VHERAIMATA TALAV AT ANAND,CPCB,24,Gujarat,440,Anand,ANAND,-,-,-,-,-,-,-,-,22.55454200,72.95476400,05-10-2019 08:30,627,"","","","",""
3159,VHERAIMATA TALAV AT ANAND,CPCB,24,Gujarat,440,Anand,ANAND,-,-,-,-,-,-,-,-,22.55454200,72.95476400,02-11-2019 08:30,497,"","","","",""
3160,VHERAIMATA TALAV AT ANAND,CPCB,24,Gujarat,440,Anand,ANAND,-,-,-,-,-,-,-,-,22.55454200,72.95476400,04-01-2020 08:30,"","","","","",""
3161,VHERAIMATA TALAV AT ANAND,CPCB,24,Gujarat,440,Anand,ANAND,-,-,-,-,-,-,-,-,22.55454200,72.95476400,03-02-2020 08:30,Other,"","",Other,"",""
3162,VHERAIMATA TALAV AT ANAND,CPCB,24,Gujarat,440,Anand,ANAND,-,-,-,-,-,-,-,-,22.55454200,72.95476400,03-03-2020 08:30,Other,"","",Other,"",""
3163,VHERAIMATA TALAV AT ANAND,CPCB,24,Gujarat,440,Anand,ANAND,-,-,-,-,-,-,-,-,22.55454200,72.95476400,07-04-2020 08:30,Other,"","",Other,"",""
3164,VHERAIMATA TALAV AT ANAND,CPCB,24,Gujarat,440,Anand,ANAND,-,-,-,-,-,-,-,-,22.55454200,72.95476400,05-05-2020 08:30,"","","","","",""
3165,VHERAIMATA TALAV AT ANAND,CPCB,24,Gujarat,440,Anand,ANAND,-,-,-,-,-,-,-,-,22.55454200,72.95476400,02-06-2020 08:30,"","","","","",""
3166,VHERAIMATA TALAV AT ANAND,CPCB,24,Gujarat,440,Anand,ANAND,-,-,-,-,-,-,-,-,22.55454200,72.95476400,07-07-2020 08:30,391,"","",5.4,"",""
3167,VHERAIMATA TALAV AT ANAND,CPCB,24,Gujarat,440,Anand,ANAND,-,-,-,-,-,-,-,-,22.55454200,72.95476400,04-08-2020 08:30,"","","","","",""
3168,VHERAIMATA TALAV AT ANAND,CPCB,24,Gujarat,440,Anand,ANAND,-,-,-,-,-,-,-,-,22.55454200,72.95476400,05-09-2020 08:30,250,"","",14,"",""
3169,VHERAIMATA TALAV AT ANAND,CPCB,24,Gujarat,440,Anand,ANAND,-,-,-,-,-,-,-,-,22.55454200,72.95476400,03-10-2020 08:30,540,"","",9,"",""
3170,VHERAIMATA TALAV AT ANAND,CPCB,24,Gujarat,440,Anand,ANAND,-,-,-,-,-,-,-,-,22.55454200,72.95476400,05-11-2020 08:30,802,"","",15,"",""
3171,VHERAIMATA TALAV AT ANAND,CPCB,24,Gujarat,440,Anand,ANAND,-,-,-,-,-,-,-,-,22.55454200,72.95476400,03-12-2020 08:30,"","","","","",""
3172,VIJAPUR (RANASAN) BOREWELL,CPCB,24,Gujarat,451,Mahesana,VIJAPUR,-,-,-,-,-,-,-,-,23.56714000,72.75064800,02-04-2018 08:30,1755,"","","","",""
3173,VIJAPUR (RANASAN) BOREWELL,CPCB,24,Gujarat,451,Mahesana,VIJAPUR,-,-,-,-,-,-,-,-,23.56714000,72.75064800,01-10-2018 08:30,2037,"","",22,"",""
3174,VIJAPUR (RANASAN) BOREWELL,CPCB,24,Gujarat,451,Mahesana,VIJAPUR,-,-,-,-,-,-,-,-,23.56714000,72.75064800,01-04-2019 08:30,2634,Clear,"","","",""
3175,VIJAPUR (RANASAN) BOREWELL,CPCB,24,Gujarat,451,Mahesana,VIJAPUR,-,-,-,-,-,-,-,-,23.56714000,72.75064800,03-10-2019 08:30,1903,Clear,"","","",""
3176,VIJAPUR (RANASAN) BOREWELL,CPCB,24,Gujarat,451,Mahesana,VIJAPUR,-,-,-,-,-,-,-,-,23.56714000,72.75064800,01-04-2020 08:30,1969,"","",0.4,"",""
3177,VISHWAMITRI DOWNSTREAM OF AT KHALIPUR VILLAGE BEFORE MEETING JAMBUVA RIVER,CPCB,24,Gujarat,461,Vadodara,VADODARA,-,-,-,-,-,-,-,-,22.20934200,73.16040600,06-01-2018 08:30,"","","","","",""
3178,VISHWAMITRI DOWNSTREAM OF AT KHALIPUR VILLAGE BEFORE MEETING JAMBUVA RIVER,CPCB,24,Gujarat,461,Vadodara,VADODARA,-,-,-,-,-,-,-,-,22.20934200,73.16040600,02-02-2018 08:30,"","","","","",""
3179,VISHWAMITRI DOWNSTREAM OF AT KHALIPUR VILLAGE BEFORE MEETING JAMBUVA RIVER,CPCB,24,Gujarat,461,Vadodara,VADODARA,-,-,-,-,-,-,-,-,22.20934200,73.16040600,06-03-2018 08:30,"","","","","",""
3180,VISHWAMITRI DOWNSTREAM OF AT KHALIPUR VILLAGE BEFORE MEETING JAMBUVA RIVER,CPCB,24,Gujarat,461,Vadodara,VADODARA,-,-,-,-,-,-,-,-,22.20934200,73.16040600,05-04-2018 08:30,"","","","","",""
3181,VISHWAMITRI DOWNSTREAM OF AT KHALIPUR VILLAGE BEFORE MEETING JAMBUVA RIVER,CPCB,24,Gujarat,461,Vadodara,VADODARA,-,-,-,-,-,-,-,-,22.20934200,73.16040600,05-05-2018 08:30,"","","","","",""
3182,VISHWAMITRI DOWNSTREAM OF AT KHALIPUR VILLAGE BEFORE MEETING JAMBUVA RIVER,CPCB,24,Gujarat,461,Vadodara,VADODARA,-,-,-,-,-,-,-,-,22.20934200,73.16040600,01-06-2018 08:30,"","","","","",""
3183,VISHWAMITRI DOWNSTREAM OF AT KHALIPUR VILLAGE BEFORE MEETING JAMBUVA RIVER,CPCB,24,Gujarat,461,Vadodara,VADODARA,-,-,-,-,-,-,-,-,22.20934200,73.16040600,03-07-2018 08:30,"","","","","",""
3184,VISHWAMITRI DOWNSTREAM OF AT KHALIPUR VILLAGE BEFORE MEETING JAMBUVA RIVER,CPCB,24,Gujarat,461,Vadodara,VADODARA,-,-,-,-,-,-,-,-,22.20934200,73.16040600,04-08-2018 08:30,"","","","","",""
3185,VISHWAMITRI DOWNSTREAM OF AT KHALIPUR VILLAGE BEFORE MEETING JAMBUVA RIVER,CPCB,24,Gujarat,461,Vadodara,VADODARA,-,-,-,-,-,-,-,-,22.20934200,73.16040600,07-09-2018 08:30,"","","","","",""
3186,VISHWAMITRI DOWNSTREAM OF AT KHALIPUR VILLAGE BEFORE MEETING JAMBUVA RIVER,CPCB,24,Gujarat,461,Vadodara,VADODARA,-,-,-,-,-,-,-,-,22.20934200,73.16040600,01-10-2018 08:30,"","","","","",""
3187,VISHWAMITRI DOWNSTREAM OF AT KHALIPUR VILLAGE BEFORE MEETING JAMBUVA RIVER,CPCB,24,Gujarat,461,Vadodara,VADODARA,-,-,-,-,-,-,-,-,22.20934200,73.16040600,05-11-2018 08:30,"","","","","",""
3188,VISHWAMITRI DOWNSTREAM OF AT KHALIPUR VILLAGE BEFORE MEETING JAMBUVA RIVER,CPCB,24,Gujarat,461,Vadodara,VADODARA,-,-,-,-,-,-,-,-,22.20934200,73.16040600,04-12-2018 08:30,"","","","","",""
3189,VISHWAMITRI DOWNSTREAM OF AT KHALIPUR VILLAGE BEFORE MEETING JAMBUVA RIVER,CPCB,24,Gujarat,461,Vadodara,VADODARA,-,-,-,-,-,-,-,-,22.20934200,73.16040600,07-01-2019 08:30,"","","","","",""
3190,VISHWAMITRI DOWNSTREAM OF AT KHALIPUR VILLAGE BEFORE MEETING JAMBUVA RIVER,CPCB,24,Gujarat,461,Vadodara,VADODARA,-,-,-,-,-,-,-,-,22.20934200,73.16040600,12-02-2019 08:30,"","","","","",""
3191,VISHWAMITRI DOWNSTREAM OF AT KHALIPUR VILLAGE BEFORE MEETING JAMBUVA RIVER,CPCB,24,Gujarat,461,Vadodara,VADODARA,-,-,-,-,-,-,-,-,22.20934200,73.16040600,01-03-2019 08:30,"","","","","",""
3192,VISHWAMITRI DOWNSTREAM OF AT KHALIPUR VILLAGE BEFORE MEETING JAMBUVA RIVER,CPCB,24,Gujarat,461,Vadodara,VADODARA,-,-,-,-,-,-,-,-,22.20934200,73.16040600,03-04-2019 08:30,"","","","","",""
3193,VISHWAMITRI DOWNSTREAM OF AT KHALIPUR VILLAGE BEFORE MEETING JAMBUVA RIVER,CPCB,24,Gujarat,461,Vadodara,VADODARA,-,-,-,-,-,-,-,-,22.20934200,73.16040600,06-05-2019 08:30,"","","","","",""
3194,VISHWAMITRI DOWNSTREAM OF AT KHALIPUR VILLAGE BEFORE MEETING JAMBUVA RIVER,CPCB,24,Gujarat,461,Vadodara,VADODARA,-,-,-,-,-,-,-,-,22.20934200,73.16040600,07-06-2019 08:30,"","","","","",""
3195,VISHWAMITRI DOWNSTREAM OF AT KHALIPUR VILLAGE BEFORE MEETING JAMBUVA RIVER,CPCB,24,Gujarat,461,Vadodara,VADODARA,-,-,-,-,-,-,-,-,22.20934200,73.16040600,01-07-2019 08:30,"","","","","",""
3196,VISHWAMITRI DOWNSTREAM OF AT KHALIPUR VILLAGE BEFORE MEETING JAMBUVA RIVER,CPCB,24,Gujarat,461,Vadodara,VADODARA,-,-,-,-,-,-,-,-,22.20934200,73.16040600,06-08-2019 08:30,"","","","","",""
3197,VISHWAMITRI DOWNSTREAM OF AT KHALIPUR VILLAGE BEFORE MEETING JAMBUVA RIVER,CPCB,24,Gujarat,461,Vadodara,VADODARA,-,-,-,-,-,-,-,-,22.20934200,73.16040600,04-09-2019 08:30,"","","","","",""
3198,VISHWAMITRI DOWNSTREAM OF AT KHALIPUR VILLAGE BEFORE MEETING JAMBUVA RIVER,CPCB,24,Gujarat,461,Vadodara,VADODARA,-,-,-,-,-,-,-,-,22.20934200,73.16040600,01-10-2019 08:30,"","","","","",""
3199,VISHWAMITRI DOWNSTREAM OF AT KHALIPUR VILLAGE BEFORE MEETING JAMBUVA RIVER,CPCB,24,Gujarat,461,Vadodara,VADODARA,-,-,-,-,-,-,-,-,22.20934200,73.16040600,01-11-2019 08:30,"","","","","",""
3200,VISHWAMITRI DOWNSTREAM OF AT KHALIPUR VILLAGE BEFORE MEETING JAMBUVA RIVER,CPCB,24,Gujarat,461,Vadodara,VADODARA,-,-,-,-,-,-,-,-,22.20934200,73.16040600,03-12-2019 08:30,"","","","","",""
3201,VISHWAMITRI DOWNSTREAM OF AT KHALIPUR VILLAGE BEFORE MEETING JAMBUVA RIVER,CPCB,24,Gujarat,461,Vadodara,VADODARA,-,-,-,-,-,-,-,-,22.20934200,73.16040600,04-01-2020 08:30,"","","",33.5,"",34
3202,VISHWAMITRI DOWNSTREAM OF AT KHALIPUR VILLAGE BEFORE MEETING JAMBUVA RIVER,CPCB,24,Gujarat,461,Vadodara,VADODARA,-,-,-,-,-,-,-,-,22.20934200,73.16040600,01-02-2020 08:30,Clear,"","",7.2,"",""
3203,VISHWAMITRI DOWNSTREAM OF AT KHALIPUR VILLAGE BEFORE MEETING JAMBUVA RIVER,CPCB,24,Gujarat,461,Vadodara,VADODARA,-,-,-,-,-,-,-,-,22.20934200,73.16040600,05-03-2020 08:30,Other,"","",32.9,"",""
3204,VISHWAMITRI DOWNSTREAM OF AT KHALIPUR VILLAGE BEFORE MEETING JAMBUVA RIVER,CPCB,24,Gujarat,461,Vadodara,VADODARA,-,-,-,-,-,-,-,-,22.20934200,73.16040600,03-04-2020 08:30,1240,"","",15.5,"",""
3205,VISHWAMITRI DOWNSTREAM OF AT KHALIPUR VILLAGE BEFORE MEETING JAMBUVA RIVER,CPCB,24,Gujarat,461,Vadodara,VADODARA,-,-,-,-,-,-,-,-,22.20934200,73.16040600,01-05-2020 08:30,1339,"","",7,"",""
3206,VISHWAMITRI DOWNSTREAM OF AT KHALIPUR VILLAGE BEFORE MEETING JAMBUVA RIVER,CPCB,24,Gujarat,461,Vadodara,VADODARA,-,-,-,-,-,-,-,-,22.20934200,73.16040600,03-06-2020 08:30,1321,"","",11.4,"",""
3207,VISHWAMITRI DOWNSTREAM OF AT KHALIPUR VILLAGE BEFORE MEETING JAMBUVA RIVER,CPCB,24,Gujarat,461,Vadodara,VADODARA,-,-,-,-,-,-,-,-,22.20934200,73.16040600,04-07-2020 08:30,1282,"","",31,"",""
3208,VISHWAMITRI DOWNSTREAM OF AT KHALIPUR VILLAGE BEFORE MEETING JAMBUVA RIVER,CPCB,24,Gujarat,461,Vadodara,VADODARA,-,-,-,-,-,-,-,-,22.20934200,73.16040600,07-08-2020 08:30,635,"","",57.6,"",""
3209,VISHWAMITRI DOWNSTREAM OF AT KHALIPUR VILLAGE BEFORE MEETING JAMBUVA RIVER,CPCB,24,Gujarat,461,Vadodara,VADODARA,-,-,-,-,-,-,-,-,22.20934200,73.16040600,07-09-2020 08:30,997,"","",50,"",""
3210,VISHWAMITRI DOWNSTREAM OF AT KHALIPUR VILLAGE BEFORE MEETING JAMBUVA RIVER,CPCB,24,Gujarat,461,Vadodara,VADODARA,-,-,-,-,-,-,-,-,22.20934200,73.16040600,06-10-2020 08:30,1110,"","",23,"",""
3211,VISHWAMITRI DOWNSTREAM OF AT KHALIPUR VILLAGE BEFORE MEETING JAMBUVA RIVER,CPCB,24,Gujarat,461,Vadodara,VADODARA,-,-,-,-,-,-,-,-,22.20934200,73.16040600,05-11-2020 08:30,1414,"","",9,"",""
3212,VISHWAMITRI DOWNSTREAM OF AT KHALIPUR VILLAGE BEFORE MEETING JAMBUVA RIVER,CPCB,24,Gujarat,461,Vadodara,VADODARA,-,-,-,-,-,-,-,-,22.20934200,73.16040600,04-12-2020 08:30,1843,"","",19,"",""
3213,VISHWAMITRI UPSTREAM AT ASOD BRIDGE AT N.H. 8  NEAR GLDEN CHOKDI ASOD VEMALI ROAD,CPCB,24,Gujarat,461,Vadodara,VADODARA,-,-,-,-,-,-,-,-,22.25522700,73.16575400,06-01-2018 08:30,"","","","","",""
3214,VISHWAMITRI UPSTREAM AT ASOD BRIDGE AT N.H. 8  NEAR GLDEN CHOKDI ASOD VEMALI ROAD,CPCB,24,Gujarat,461,Vadodara,VADODARA,-,-,-,-,-,-,-,-,22.25522700,73.16575400,01-02-2018 08:30,"","","","","",""
3215,VISHWAMITRI UPSTREAM AT ASOD BRIDGE AT N.H. 8  NEAR GLDEN CHOKDI ASOD VEMALI ROAD,CPCB,24,Gujarat,461,Vadodara,VADODARA,-,-,-,-,-,-,-,-,22.25522700,73.16575400,06-03-2018 08:30,"","","","","",""
3216,VISHWAMITRI UPSTREAM AT ASOD BRIDGE AT N.H. 8  NEAR GLDEN CHOKDI ASOD VEMALI ROAD,CPCB,24,Gujarat,461,Vadodara,VADODARA,-,-,-,-,-,-,-,-,22.25522700,73.16575400,03-07-2018 08:30,"","","","","",""
3217,VISHWAMITRI UPSTREAM AT ASOD BRIDGE AT N.H. 8  NEAR GLDEN CHOKDI ASOD VEMALI ROAD,CPCB,24,Gujarat,461,Vadodara,VADODARA,-,-,-,-,-,-,-,-,22.25522700,73.16575400,04-08-2018 08:30,"","","","","",""
3218,VISHWAMITRI UPSTREAM AT ASOD BRIDGE AT N.H. 8  NEAR GLDEN CHOKDI ASOD VEMALI ROAD,CPCB,24,Gujarat,461,Vadodara,VADODARA,-,-,-,-,-,-,-,-,22.25522700,73.16575400,07-09-2018 08:30,"","","","","",""
3219,VISHWAMITRI UPSTREAM AT ASOD BRIDGE AT N.H. 8  NEAR GLDEN CHOKDI ASOD VEMALI ROAD,CPCB,24,Gujarat,461,Vadodara,VADODARA,-,-,-,-,-,-,-,-,22.25522700,73.16575400,01-10-2018 08:30,"","","","","",""
3220,VISHWAMITRI UPSTREAM AT ASOD BRIDGE AT N.H. 8  NEAR GLDEN CHOKDI ASOD VEMALI ROAD,CPCB,24,Gujarat,461,Vadodara,VADODARA,-,-,-,-,-,-,-,-,22.25522700,73.16575400,05-11-2018 08:30,"","","","","",""
3221,VISHWAMITRI UPSTREAM AT ASOD BRIDGE AT N.H. 8  NEAR GLDEN CHOKDI ASOD VEMALI ROAD,CPCB,24,Gujarat,461,Vadodara,VADODARA,-,-,-,-,-,-,-,-,22.25522700,73.16575400,04-12-2018 08:30,"","","","","",""
3222,VISHWAMITRI UPSTREAM AT ASOD BRIDGE AT N.H. 8  NEAR GLDEN CHOKDI ASOD VEMALI ROAD,CPCB,24,Gujarat,461,Vadodara,VADODARA,-,-,-,-,-,-,-,-,22.25522700,73.16575400,07-01-2019 08:30,"","","","","",""
3223,VISHWAMITRI UPSTREAM AT ASOD BRIDGE AT N.H. 8  NEAR GLDEN CHOKDI ASOD VEMALI ROAD,CPCB,24,Gujarat,461,Vadodara,VADODARA,-,-,-,-,-,-,-,-,22.25522700,73.16575400,14-02-2019 08:30,"","","","","",""
3224,VISHWAMITRI UPSTREAM AT ASOD BRIDGE AT N.H. 8  NEAR GLDEN CHOKDI ASOD VEMALI ROAD,CPCB,24,Gujarat,461,Vadodara,VADODARA,-,-,-,-,-,-,-,-,22.25522700,73.16575400,01-03-2019 08:30,"","","","","",""
3225,VISHWAMITRI UPSTREAM AT ASOD BRIDGE AT N.H. 8  NEAR GLDEN CHOKDI ASOD VEMALI ROAD,CPCB,24,Gujarat,461,Vadodara,VADODARA,-,-,-,-,-,-,-,-,22.25522700,73.16575400,01-07-2019 08:30,"","","","","",""
3226,VISHWAMITRI UPSTREAM AT ASOD BRIDGE AT N.H. 8  NEAR GLDEN CHOKDI ASOD VEMALI ROAD,CPCB,24,Gujarat,461,Vadodara,VADODARA,-,-,-,-,-,-,-,-,22.25522700,73.16575400,06-08-2019 08:30,"","","","","",""
3227,VISHWAMITRI UPSTREAM AT ASOD BRIDGE AT N.H. 8  NEAR GLDEN CHOKDI ASOD VEMALI ROAD,CPCB,24,Gujarat,461,Vadodara,VADODARA,-,-,-,-,-,-,-,-,22.25522700,73.16575400,04-09-2019 08:30,"","","","","",""
3228,VISHWAMITRI UPSTREAM AT ASOD BRIDGE AT N.H. 8  NEAR GLDEN CHOKDI ASOD VEMALI ROAD,CPCB,24,Gujarat,461,Vadodara,VADODARA,-,-,-,-,-,-,-,-,22.25522700,73.16575400,01-10-2019 08:30,"","","","","",""
3229,VISHWAMITRI UPSTREAM AT ASOD BRIDGE AT N.H. 8  NEAR GLDEN CHOKDI ASOD VEMALI ROAD,CPCB,24,Gujarat,461,Vadodara,VADODARA,-,-,-,-,-,-,-,-,22.25522700,73.16575400,01-11-2019 08:30,"","","","","",""
3230,VISHWAMITRI UPSTREAM AT ASOD BRIDGE AT N.H. 8  NEAR GLDEN CHOKDI ASOD VEMALI ROAD,CPCB,24,Gujarat,461,Vadodara,VADODARA,-,-,-,-,-,-,-,-,22.25522700,73.16575400,03-12-2019 08:30,"","","","","",""
3231,VISHWAMITRI UPSTREAM AT ASOD BRIDGE AT N.H. 8  NEAR GLDEN CHOKDI ASOD VEMALI ROAD,CPCB,24,Gujarat,461,Vadodara,VADODARA,-,-,-,-,-,-,-,-,22.25522700,73.16575400,04-01-2020 08:30,454,"","",5.5,"",12
3232,VISHWAMITRI UPSTREAM AT ASOD BRIDGE AT N.H. 8  NEAR GLDEN CHOKDI ASOD VEMALI ROAD,CPCB,24,Gujarat,461,Vadodara,VADODARA,-,-,-,-,-,-,-,-,22.25522700,73.16575400,01-02-2020 08:30,430,"","",2.7,"",""
3233,VISHWAMITRI UPSTREAM AT ASOD BRIDGE AT N.H. 8  NEAR GLDEN CHOKDI ASOD VEMALI ROAD,CPCB,24,Gujarat,461,Vadodara,VADODARA,-,-,-,-,-,-,-,-,22.25522700,73.16575400,05-03-2020 08:30,417,"","",9.5,"",""
3234,VISHWAMITRI UPSTREAM AT ASOD BRIDGE AT N.H. 8  NEAR GLDEN CHOKDI ASOD VEMALI ROAD,CPCB,24,Gujarat,461,Vadodara,VADODARA,-,-,-,-,-,-,-,-,22.25522700,73.16575400,03-04-2020 08:30,398,"","",2.5,"",""
3235,VISHWAMITRI UPSTREAM AT ASOD BRIDGE AT N.H. 8  NEAR GLDEN CHOKDI ASOD VEMALI ROAD,CPCB,24,Gujarat,461,Vadodara,VADODARA,-,-,-,-,-,-,-,-,22.25522700,73.16575400,01-05-2020 08:30,400,"","",2.2,"",""
3236,VISHWAMITRI UPSTREAM AT ASOD BRIDGE AT N.H. 8  NEAR GLDEN CHOKDI ASOD VEMALI ROAD,CPCB,24,Gujarat,461,Vadodara,VADODARA,-,-,-,-,-,-,-,-,22.25522700,73.16575400,03-06-2020 08:30,415,"","",23.4,"",""
3237,VISHWAMITRI UPSTREAM AT ASOD BRIDGE AT N.H. 8  NEAR GLDEN CHOKDI ASOD VEMALI ROAD,CPCB,24,Gujarat,461,Vadodara,VADODARA,-,-,-,-,-,-,-,-,22.25522700,73.16575400,04-07-2020 08:30,486,"","",58.1,"",""
3238,VISHWAMITRI UPSTREAM AT ASOD BRIDGE AT N.H. 8  NEAR GLDEN CHOKDI ASOD VEMALI ROAD,CPCB,24,Gujarat,461,Vadodara,VADODARA,-,-,-,-,-,-,-,-,22.25522700,73.16575400,07-08-2020 08:30,862,"","",15.1,"",""
3239,VISHWAMITRI UPSTREAM AT ASOD BRIDGE AT N.H. 8  NEAR GLDEN CHOKDI ASOD VEMALI ROAD,CPCB,24,Gujarat,461,Vadodara,VADODARA,-,-,-,-,-,-,-,-,22.25522700,73.16575400,07-09-2020 08:30,810,"","",8.6,"",""
3240,VISHWAMITRI UPSTREAM AT ASOD BRIDGE AT N.H. 8  NEAR GLDEN CHOKDI ASOD VEMALI ROAD,CPCB,24,Gujarat,461,Vadodara,VADODARA,-,-,-,-,-,-,-,-,22.25522700,73.16575400,06-10-2020 08:30,788,"","",25,"",""
3241,VISHWAMITRI UPSTREAM AT ASOD BRIDGE AT N.H. 8  NEAR GLDEN CHOKDI ASOD VEMALI ROAD,CPCB,24,Gujarat,461,Vadodara,VADODARA,-,-,-,-,-,-,-,-,22.25522700,73.16575400,05-11-2020 08:30,809,"","",0.9,"",""
3242,VISHWAMITRI UPSTREAM AT ASOD BRIDGE AT N.H. 8  NEAR GLDEN CHOKDI ASOD VEMALI ROAD,CPCB,24,Gujarat,461,Vadodara,VADODARA,-,-,-,-,-,-,-,-,22.25522700,73.16575400,04-12-2020 08:30,Clear,"","",5,"",""
3243,VISNAGAR BOREWELL,CPCB,24,Gujarat,451,Mahesana,VISNAGAR,-,-,-,-,-,-,-,-,23.70000000,72.55000000,02-04-2018 08:30,1786,"","","","",""
3244,VISNAGAR BOREWELL,CPCB,24,Gujarat,451,Mahesana,VISNAGAR,-,-,-,-,-,-,-,-,23.70000000,72.55000000,01-10-2018 08:30,1890,"","",5.9,"",""
3245,VISNAGAR BOREWELL,CPCB,24,Gujarat,451,Mahesana,VISNAGAR,-,-,-,-,-,-,-,-,23.70000000,72.55000000,01-04-2019 08:30,1848,Clear,"","","",""
3246,VISNAGAR BOREWELL,CPCB,24,Gujarat,451,Mahesana,VISNAGAR,-,-,-,-,-,-,-,-,23.70000000,72.55000000,03-10-2019 08:30,1840,Clear,"","","",""
3247,VISNAGAR BOREWELL,CPCB,24,Gujarat,451,Mahesana,VISNAGAR,-,-,-,-,-,-,-,-,23.70000000,72.55000000,03-04-2020 08:30,516,"","",0.4,"",""
3248,WATER WORKS OF NAVSARI NEAR DHUDIA TALAV.,CPCB,24,Gujarat,453,Navsari,NAVSARI,-,-,-,-,-,-,-,-,20.94756700,72.93020500,09-04-2020 08:30,Other,"","",Other,"",""
3249,WATER WORKS OF NAVSARI NEAR DHUDIA TALAV.,CPCB,24,Gujarat,453,Navsari,NAVSARI,-,-,-,-,-,-,-,-,20.94756700,72.93020500,03-10-2020 08:30,"","","","","",""
3250,WELL AT AHMEDABAD,CPCB,24,Gujarat,438,Ahmedabad,AHMADABAD CITY,-,-,-,-,-,-,-,-,23.02278400,72.57117800,02-01-2018 08:30,"","","","","",""
3251,WELL AT AHMEDABAD,CPCB,24,Gujarat,438,Ahmedabad,AHMADABAD CITY,-,-,-,-,-,-,-,-,23.02278400,72.57117800,02-04-2018 08:30,1330,"","","","",""
3252,WELL AT AHMEDABAD,CPCB,24,Gujarat,438,Ahmedabad,AHMADABAD CITY,-,-,-,-,-,-,-,-,23.02278400,72.57117800,03-07-2018 08:30,1336,"","","","",""
3253,WELL AT AHMEDABAD,CPCB,24,Gujarat,438,Ahmedabad,AHMADABAD CITY,-,-,-,-,-,-,-,-,23.02278400,72.57117800,02-04-2019 08:30,1329,Clear,"","","",""
3254,WELL AT AHMEDABAD,CPCB,24,Gujarat,438,Ahmedabad,AHMADABAD CITY,-,-,-,-,-,-,-,-,23.02278400,72.57117800,01-10-2019 08:30,1372,Clear,"","","",""
3255,WELL AT AHMEDABAD,CPCB,24,Gujarat,438,Ahmedabad,AHMADABAD CITY,-,-,-,-,-,-,-,-,23.02278400,72.57117800,01-01-2020 08:30,1069,"","",0.2,"",4
3256,WELL AT AHMEDABAD,CPCB,24,Gujarat,438,Ahmedabad,AHMADABAD CITY,-,-,-,-,-,-,-,-,23.02278400,72.57117800,03-04-2020 08:30,1384,"","",0.4,"",""
3257,WELL AT AHMEDABAD,CPCB,24,Gujarat,438,Ahmedabad,AHMADABAD CITY,-,-,-,-,-,-,-,-,23.02278400,72.57117800,04-08-2020 08:30,929,"","",3.1,"",""
3258,WELL AT ANKLESHWAR INDUSTRIAL AREA (BORE WELL OF M/S INDUSTRIAL CARBON AT ANKLESHWAR- RAJPIPLA ROAD,CPCB,24,Gujarat,442,Bharuch,ANKLESVAR,-,-,-,-,-,-,-,-,21.62662500,73.01438600,03-04-2018 08:30,4360,"","","","",""
3259,WELL AT ANKLESHWAR INDUSTRIAL AREA (BORE WELL OF M/S INDUSTRIAL CARBON AT ANKLESHWAR- RAJPIPLA ROAD,CPCB,24,Gujarat,442,Bharuch,ANKLESVAR,-,-,-,-,-,-,-,-,21.62662500,73.01438600,02-10-2018 08:30,6420,Clear,"","","",""
3260,WELL AT ANKLESHWAR INDUSTRIAL AREA (BORE WELL OF M/S INDUSTRIAL CARBON AT ANKLESHWAR- RAJPIPLA ROAD,CPCB,24,Gujarat,442,Bharuch,ANKLESVAR,-,-,-,-,-,-,-,-,21.62662500,73.01438600,01-10-2019 08:30,3670,Clear,"","","",""
3261,WELL AT ANKLESHWAR INDUSTRIAL AREA (BORE WELL OF M/S INDUSTRIAL CARBON AT ANKLESHWAR- RAJPIPLA ROAD,CPCB,24,Gujarat,442,Bharuch,ANKLESVAR,-,-,-,-,-,-,-,-,21.62662500,73.01438600,07-04-2020 08:30,6640,"","",0.4,"",""
3262,WELL AT ANKLESHWAR INDUSTRIAL AREA (BORE WELL OF M/S INDUSTRIAL CARBON AT ANKLESHWAR- RAJPIPLA ROAD,CPCB,24,Gujarat,442,Bharuch,ANKLESVAR,-,-,-,-,-,-,-,-,21.62662500,73.01438600,08-10-2020 08:30,7630,"","",Clear,"",""
3263,WELL AT BARODA,CPCB,24,Gujarat,461,Vadodara,VADODARA,-,-,-,-,-,-,-,-,22.30715800,73.18121900,05-04-2018 08:30,484,"","","","",""
3264,WELL AT BARODA,CPCB,24,Gujarat,461,Vadodara,VADODARA,-,-,-,-,-,-,-,-,22.30715800,73.18121900,02-10-2018 08:30,471,"","","","",""
3265,WELL AT BARODA,CPCB,24,Gujarat,461,Vadodara,VADODARA,-,-,-,-,-,-,-,-,22.30715800,73.18121900,03-04-2019 08:30,1511,Clear,"",1.3,"",""
3266,WELL AT BARODA,CPCB,24,Gujarat,461,Vadodara,VADODARA,-,-,-,-,-,-,-,-,22.30715800,73.18121900,01-10-2019 08:30,1291,Clear,"","","",""
3267,WELL AT BARODA,CPCB,24,Gujarat,461,Vadodara,VADODARA,-,-,-,-,-,-,-,-,22.30715800,73.18121900,03-04-2020 08:30,1478,"","",0.8,"",""
3268,WELL AT BARODA,CPCB,24,Gujarat,461,Vadodara,VADODARA,-,-,-,-,-,-,-,-,22.30715800,73.18121900,22-10-2020 08:30,500,"","",1.9,"",""
3269,WELL AT NAROL AHMEDABAD,CPCB,24,Gujarat,438,Ahmedabad,AHMADABAD CITY,-,-,-,-,-,-,-,-,22.97290600,72.58826100,05-04-2018 08:30,320,Colorless,"","","",""
3270,WELL AT NAROL AHMEDABAD,CPCB,24,Gujarat,438,Ahmedabad,AHMADABAD CITY,-,-,-,-,-,-,-,-,22.97290600,72.58826100,04-10-2018 08:30,390,Colorless,"","","",""
3271,WELL AT NAROL AHMEDABAD,CPCB,24,Gujarat,438,Ahmedabad,AHMADABAD CITY,-,-,-,-,-,-,-,-,22.97290600,72.58826100,02-04-2020 08:30,Clear,"","",Clear,"",""
3272,WELL AT OLPAD.,CPCB,24,Gujarat,459,Surat,OLPAD,-,-,-,-,-,-,-,-,21.34013600,72.75539200,02-04-2018 08:30,10580,"","",3.5,"",""
3273,WELL AT OLPAD.,CPCB,24,Gujarat,459,Surat,OLPAD,-,-,-,-,-,-,-,-,21.34013600,72.75539200,01-10-2018 08:30,15260,"","",3,"",""
3274,WELL AT OLPAD.,CPCB,24,Gujarat,459,Surat,OLPAD,-,-,-,-,-,-,-,-,21.34013600,72.75539200,04-04-2019 08:30,9574,Clear,"",5,"",""
3275,WELL AT OLPAD.,CPCB,24,Gujarat,459,Surat,OLPAD,-,-,-,-,-,-,-,-,21.34013600,72.75539200,01-10-2019 08:30,11570,Clear,"",2,"",""
3276,WELL AT OLPAD.,CPCB,24,Gujarat,459,Surat,OLPAD,-,-,-,-,-,-,-,-,21.34013600,72.75539200,07-04-2020 08:30,15720,"","",2,"",""
3277,WELL AT OLPAD.,CPCB,24,Gujarat,459,Surat,OLPAD,-,-,-,-,-,-,-,-,21.34013600,72.75539200,01-10-2020 08:30,14610,"","",1,"",""
3278,WELL AT VILLAGE DADRA,CPCB,24,Gujarat,462,Valsad,VALSAD,-,-,-,-,-,-,-,-,20.31666900,72.96667200,10-04-2018 08:30,1385,"","",2.21,"",""
3279,WELL AT VILLAGE DADRA,CPCB,24,Gujarat,462,Valsad,VALSAD,-,-,-,-,-,-,-,-,20.31666900,72.96667200,04-07-2018 08:30,1210,"","",1.9,"",""
3280,WELL AT VILLAGE DADRA,CPCB,24,Gujarat,462,Valsad,VALSAD,-,-,-,-,-,-,-,-,20.31666900,72.96667200,30-04-2019 08:30,4180,Clear,"","","",""
3281,WELL AT VILLAGE DADRA,CPCB,24,Gujarat,462,Valsad,VALSAD,-,-,-,-,-,-,-,-,20.31666900,72.96667200,11-07-2019 08:30,5010,Clear,"","","",""
3282,WELL AT VILLAGE DADRA,CPCB,24,Gujarat,462,Valsad,VALSAD,-,-,-,-,-,-,-,-,20.31666900,72.96667200,17-10-2019 08:30,3080,Clear,"","","",""
3283,WELL AT VILLAGE DADRA,CPCB,24,Gujarat,462,Valsad,VALSAD,-,-,-,-,-,-,-,-,20.31666900,72.96667200,11-01-2020 08:30,2340,"","","","",""
3284,WELL AT VILLAGE DADRA,CPCB,24,Gujarat,462,Valsad,VALSAD,-,-,-,-,-,-,-,-,20.31666900,72.96667200,28-08-2020 08:30,1992,"","",Clear,"",""
3285,WELL AT VILLAGE DUNETHA DAMAN,CPCB,24,Gujarat,441,DAMAN,DAMAN,-,-,-,-,-,-,-,-,20.42677500,72.84709700,10-04-2018 08:30,576,"","",1.7,"",""
3286,WELL AT VILLAGE DUNETHA DAMAN,CPCB,24,Gujarat,441,DAMAN,DAMAN,-,-,-,-,-,-,-,-,20.42677500,72.84709700,04-07-2018 08:30,586,"","",1.2,"",""
3287,WELL AT VILLAGE DUNETHA DAMAN,CPCB,24,Gujarat,441,DAMAN,DAMAN,-,-,-,-,-,-,-,-,20.42677500,72.84709700,19-04-2019 08:30,763,Clear,"","","",""
3288,WELL AT VILLAGE DUNETHA DAMAN,CPCB,24,Gujarat,441,DAMAN,DAMAN,-,-,-,-,-,-,-,-,20.42677500,72.84709700,18-07-2019 08:30,528,Clear,"","","",""
3289,WELL AT VILLAGE DUNETHA DAMAN,CPCB,24,Gujarat,441,DAMAN,DAMAN,-,-,-,-,-,-,-,-,20.42677500,72.84709700,21-10-2019 08:30,665,Clear,"","","",""
3290,WELL AT VILLAGE DUNETHA DAMAN,CPCB,24,Gujarat,441,DAMAN,DAMAN,-,-,-,-,-,-,-,-,20.42677500,72.84709700,13-01-2020 08:30,686,"","","","",""
3291,WELL AT VILLAGE DUNETHA DAMAN,CPCB,24,Gujarat,441,DAMAN,DAMAN,-,-,-,-,-,-,-,-,20.42677500,72.84709700,27-08-2020 08:30,821,"","",0.1,"",""
3292,WELL AT VILLAGE KACHIGAM DAMAN,CPCB,24,Gujarat,441,DAMAN,DAMAN,-,-,-,-,-,-,-,-,20.38420300,72.88342300,10-04-2018 08:30,955,"","","","",""
3293,WELL AT VILLAGE KACHIGAM DAMAN,CPCB,24,Gujarat,441,DAMAN,DAMAN,-,-,-,-,-,-,-,-,20.38420300,72.88342300,04-07-2018 08:30,974,"","",1.9,"",""
3294,WELL AT VILLAGE KACHIGAM DAMAN,CPCB,24,Gujarat,441,DAMAN,DAMAN,-,-,-,-,-,-,-,-,20.38420300,72.88342300,19-04-2019 08:30,567,Clear,"","","",""
3295,WELL AT VILLAGE KACHIGAM DAMAN,CPCB,24,Gujarat,441,DAMAN,DAMAN,-,-,-,-,-,-,-,-,20.38420300,72.88342300,18-07-2019 08:30,931,"","","","",""
3296,WELL AT VILLAGE KACHIGAM DAMAN,CPCB,24,Gujarat,441,DAMAN,DAMAN,-,-,-,-,-,-,-,-,20.38420300,72.88342300,21-10-2019 08:30,644,Clear,"","","",""
3297,WELL AT VILLAGE KACHIGAM DAMAN,CPCB,24,Gujarat,441,DAMAN,DAMAN,-,-,-,-,-,-,-,-,20.38420300,72.88342300,13-01-2020 08:30,451,"","","","",""
3298,WELL AT VILLAGE KACHIGAM DAMAN,CPCB,24,Gujarat,441,DAMAN,DAMAN,-,-,-,-,-,-,-,-,20.38420300,72.88342300,27-08-2020 08:30,924,"","",0.1,"",""
3299,WELL AT VILLAGE PIPERIA DADRA,CPCB,24,Gujarat,462,Valsad,VALSAD,-,-,-,-,-,-,-,-,20.31061900,72.96096700,10-04-2018 08:30,1157,"","",1.02,"",""
3300,WELL AT VILLAGE PIPERIA DADRA,CPCB,24,Gujarat,462,Valsad,VALSAD,-,-,-,-,-,-,-,-,20.31061900,72.96096700,04-07-2018 08:30,1064,"","","","",""
3301,WELL AT VILLAGE PIPERIA DADRA,CPCB,24,Gujarat,462,Valsad,VALSAD,-,-,-,-,-,-,-,-,20.31061900,72.96096700,30-04-2019 08:30,3130,Clear,"","","",""
3302,WELL AT VILLAGE PIPERIA DADRA,CPCB,24,Gujarat,462,Valsad,VALSAD,-,-,-,-,-,-,-,-,20.31061900,72.96096700,11-07-2019 08:30,3270,Clear,"","","",""
3303,WELL AT VILLAGE PIPERIA DADRA,CPCB,24,Gujarat,462,Valsad,VALSAD,-,-,-,-,-,-,-,-,20.31061900,72.96096700,17-10-2019 08:30,1860,Clear,"","","",""
3304,WELL AT VILLAGE PIPERIA DADRA,CPCB,24,Gujarat,462,Valsad,VALSAD,-,-,-,-,-,-,-,-,20.31061900,72.96096700,11-01-2020 08:30,1975,"","","","",14
3305,WELL AT VILLAGE PIPERIA DADRA,CPCB,24,Gujarat,462,Valsad,VALSAD,-,-,-,-,-,-,-,-,20.31061900,72.96096700,28-08-2020 08:30,1006,"","",Clear,"",""
3306,WELL OF BARDOLI AT REST HOUSE.,CPCB,24,Gujarat,459,Surat,BARDOLI,-,-,-,-,-,-,-,-,21.12000100,73.12000100,03-04-2018 08:30,1668,"","",2.9,"",""
3307,WELL OF BARDOLI AT REST HOUSE.,CPCB,24,Gujarat,459,Surat,BARDOLI,-,-,-,-,-,-,-,-,21.12000100,73.12000100,03-10-2018 08:30,1619,"","",3,"",""
3308,WELL OF BARDOLI AT REST HOUSE.,CPCB,24,Gujarat,459,Surat,BARDOLI,-,-,-,-,-,-,-,-,21.12000100,73.12000100,02-04-2019 08:30,1054,Clear,"",3,"",""
3309,WELL OF BARDOLI AT REST HOUSE.,CPCB,24,Gujarat,459,Surat,BARDOLI,-,-,-,-,-,-,-,-,21.12000100,73.12000100,03-10-2019 08:30,2335,Clear,"",5,"",""
3310,WELL OF BARDOLI AT REST HOUSE.,CPCB,24,Gujarat,459,Surat,BARDOLI,-,-,-,-,-,-,-,-,21.12000100,73.12000100,06-04-2020 08:30,1657,"","",2,"",""
3311,WELL OF BARDOLI AT REST HOUSE.,CPCB,24,Gujarat,459,Surat,BARDOLI,-,-,-,-,-,-,-,-,21.12000100,73.12000100,01-10-2020 08:30,2300,"","",2,"",""
3312,WELL OF IDAR NAGAR PALIKA SAKARIA IDAR,CPCB,24,Gujarat,458,Sabarkantha,BAYAD,-,-,-,-,-,-,-,-,23.82502500,73.00085300,09-10-2018 08:30,1768,Clear,"","","",""
3313,WELL OF IDAR NAGAR PALIKA SAKARIA IDAR,CPCB,24,Gujarat,458,Sabarkantha,BAYAD,-,-,-,-,-,-,-,-,23.82502500,73.00085300,02-04-2019 08:30,1813,Clear,"","","",""
3314,WELL OF IDAR NAGAR PALIKA SAKARIA IDAR,CPCB,24,Gujarat,458,Sabarkantha,BAYAD,-,-,-,-,-,-,-,-,23.82502500,73.00085300,09-04-2020 08:30,801,"","",0.3,"",""
3315,WELL OF MODASA NAGAR PALIKA VARIGRUH MODASA,CPCB,24,Gujarat,458,Sabarkantha,BAYAD,-,-,-,-,-,-,-,-,23.46269400,73.30073100,09-10-2018 08:30,1508,Clear,"","","",""
3316,WELL OF MODASA NAGAR PALIKA VARIGRUH MODASA,CPCB,24,Gujarat,458,Sabarkantha,BAYAD,-,-,-,-,-,-,-,-,23.46269400,73.30073100,02-04-2019 08:30,1832,Clear,"","","",""
3317,WELL OF MODASA NAGAR PALIKA VARIGRUH MODASA,CPCB,24,Gujarat,458,Sabarkantha,BAYAD,-,-,-,-,-,-,-,-,23.46269400,73.30073100,09-04-2020 08:30,1006,"","",0.2,"",""
