SlNo,Station,Agency,State LGD Code,State,District LGD Code,District,Tehsil,Block,Village,River,Basin,Tributary,Subtributary,SubSubtributary,Local River,Latitude,Longitude,Data Acquisition Time,Amonia N (mgN/L),Boron (mg/L),Carbonate (mg/L),Calcium (mg/L),Chloride (mg/L),Dissolved oxygen (mg/L),Total Dissolved Solids (mg/L),Fluoride (mg/L),Bicarbonate (mg/L),Potassium (mg/L),Magnesium (mg/L),Sodium (mg/L),Nitrite N+Nitrate N (mgN/L),Potential of Hydrogen (pH),Sulphate (mg/L),Total Phosphorus (mgP/L),Arsenic (mg/L),Total Alkalinity (mg/L as CaCO3),Cadmium (mg/L),Chromium (mg/L),Iron(mg/L),Hardness Calcium (mgCaCO3/L),Mercury(mg/L),Hardness_Magnesium (mg/L as CaCO3),Total Hardness (mgCaCO3/L),Manganese (mg/L),Nitrate N (mgN/L),Nickel (mg/L),Lead (mg/L),Zinc (mg/L),Sodium Adsorption Ratio (%),Nitrate (mg/L),Copper (mg/L)
1,AHMEDABAD-1 BENRAMPURA,CPCB,24,Gujarat,438,Ahmedabad,AHMADABAD CITY,-,-,-,-,-,-,-,-,23.00557,72.583329,02-01-2020 08:30,,,,,,,,,,,,,,7.4,,,,,,,,,,,,,,,,,,,
2,AHMEDABAD-1 BENRAMPURA,CPCB,24,Gujarat,438,Ahmedabad,AHMADABAD CITY,-,-,-,-,-,-,-,-,23.00557,72.583329,07-02-2020 08:30,Other,,,,,Other,,,,,,,,7.6,,,Other,,Other,,Other,,Other,,,Other,Other,,Other,,Other,,
3,AHMEDABAD-1 BENRAMPURA,CPCB,24,Gujarat,438,Ahmedabad,AHMADABAD CITY,-,-,-,-,-,-,-,-,23.00557,72.583329,04-03-2020 08:30,Other,,,,,Other,,,,,,,,7.5,,,Other,,Other,,Other,,Other,,,Other,Other,,Other,,Other,,
4,AHMEDABAD-1 BENRAMPURA,CPCB,24,Gujarat,438,Ahmedabad,AHMADABAD CITY,-,-,-,-,-,-,-,-,23.00557,72.583329,04-04-2020 08:30,Other,,,,,Other,,,,,,,,7.2,,,Other,,Other,,Other,,Other,,,Other,Other,,Other,,Other,,
5,AHMEDABAD-1 BENRAMPURA,CPCB,24,Gujarat,438,Ahmedabad,AHMADABAD CITY,-,-,-,-,-,-,-,-,23.00557,72.583329,01-05-2020 08:30,,,,,,,,,,,,,,8.2,,,,,,,,,,,,,,,,,,,
6,AHMEDABAD-1 BENRAMPURA,CPCB,24,Gujarat,438,Ahmedabad,AHMADABAD CITY,-,-,-,-,-,-,-,-,23.00557,72.583329,02-06-2020 08:30,Other,,,,,Other,,,,,,,,7.3,,,Other,,Other,,Other,,Other,,,Other,Other,,Other,,Other,,
7,AHMEDABAD-1 BENRAMPURA,CPCB,24,Gujarat,438,Ahmedabad,AHMADABAD CITY,-,-,-,-,-,-,-,-,23.00557,72.583329,05-08-2020 08:30,Other,,,,,Other,,,,,,,,7.9,,,Other,,Other,,Other,,Other,,,Other,Other,,Other,,Other,,
8,AHMEDABAD-1 BENRAMPURA,CPCB,24,Gujarat,438,Ahmedabad,AHMADABAD CITY,-,-,-,-,-,-,-,-,23.00557,72.583329,02-09-2020 08:30,Other,,,,,Other,,,,,,,,7.4,,,Other,,Other,,Other,,Other,,,Other,Other,,Other,,Other,,
9,AHMEDABAD-1 BENRAMPURA,CPCB,24,Gujarat,438,Ahmedabad,AHMADABAD CITY,-,-,-,-,-,-,-,-,23.00557,72.583329,05-10-2020 08:30,Other,,,,,Other,,,,,,,,7.2,,,Other,,Other,,Other,,Other,,,Other,Other,,Other,,Other,,
10,AHMEDABAD-1 BENRAMPURA,CPCB,24,Gujarat,438,Ahmedabad,AHMADABAD CITY,-,-,-,-,-,-,-,-,23.00557,72.583329,03-11-2020 08:30,Other,,,,,Other,,,,,,,,7.4,,,Other,,Other,,Other,,Other,,,Other,Other,,Other,,Other,,
11,AHMEDABAD-1 BENRAMPURA,CPCB,24,Gujarat,438,Ahmedabad,AHMADABAD CITY,-,-,-,-,-,-,-,-,23.00557,72.583329,02-12-2020 08:30,Other,,,,,Other,,,,,,,,7.3,,,Other,,Other,,Other,,Other,,,Other,Other,,Other,,Other,,
12,AHMEDABAD-2 NAROL SARKHEJ HIGHWAY,CPCB,24,Gujarat,438,Ahmedabad,AHMADABAD CITY,-,-,-,-,-,-,-,-,22.990861,72.533077,02-01-2020 08:30,,,,,,,,,,,,,,7.2,,,,,,,,,,,,,,,,,,,
13,AHMEDABAD-2 NAROL SARKHEJ HIGHWAY,CPCB,24,Gujarat,438,Ahmedabad,AHMADABAD CITY,-,-,-,-,-,-,-,-,22.990861,72.533077,07-02-2020 08:30,Other,,,,,Other,,,,,,,,7.4,,,Other,,Other,,Other,,Other,,,Other,Other,,Other,,Other,,
14,AHMEDABAD-2 NAROL SARKHEJ HIGHWAY,CPCB,24,Gujarat,438,Ahmedabad,AHMADABAD CITY,-,-,-,-,-,-,-,-,22.990861,72.533077,04-03-2020 08:30,Other,,,,,Other,,,,,,,,7.3,,,Other,,Other,,Other,,Other,,,Other,Other,,Other,,Other,,
15,AHMEDABAD-2 NAROL SARKHEJ HIGHWAY,CPCB,24,Gujarat,438,Ahmedabad,AHMADABAD CITY,-,-,-,-,-,-,-,-,22.990861,72.533077,04-04-2020 08:30,Other,,,,,Other,,,,,,,,7,,,Other,,Other,,Other,,Other,,,Other,Other,,Other,,Other,,
16,AHMEDABAD-2 NAROL SARKHEJ HIGHWAY,CPCB,24,Gujarat,438,Ahmedabad,AHMADABAD CITY,-,-,-,-,-,-,-,-,22.990861,72.533077,01-05-2020 08:30,,,,,,,,,,,,,,8.2,,,,,,,,,,,,,,,,,,,
17,AHMEDABAD-2 NAROL SARKHEJ HIGHWAY,CPCB,24,Gujarat,438,Ahmedabad,AHMADABAD CITY,-,-,-,-,-,-,-,-,22.990861,72.533077,02-06-2020 08:30,Other,,,,,Other,,,,,,,,7.3,,,Other,,Other,,Other,,Other,,,Other,Other,,Other,,Other,,
18,AHMEDABAD-2 NAROL SARKHEJ HIGHWAY,CPCB,24,Gujarat,438,Ahmedabad,AHMADABAD CITY,-,-,-,-,-,-,-,-,22.990861,72.533077,05-08-2020 08:30,Other,,,,,Other,,,,,,,,8,,,Other,,Other,,Other,,Other,,,Other,Other,,Other,,Other,,
19,AHMEDABAD-2 NAROL SARKHEJ HIGHWAY,CPCB,24,Gujarat,438,Ahmedabad,AHMADABAD CITY,-,-,-,-,-,-,-,-,22.990861,72.533077,02-09-2020 08:30,Other,,,,,Other,,,,,,,,7.1,,,Other,,Other,,Other,,Other,,,Other,Other,,Other,,Other,,
20,AHMEDABAD-2 NAROL SARKHEJ HIGHWAY,CPCB,24,Gujarat,438,Ahmedabad,AHMADABAD CITY,-,-,-,-,-,-,-,-,22.990861,72.533077,05-10-2020 08:30,Other,,,,,Other,,,,,,,,7,,,Other,,Other,,Other,,Other,,,Other,Other,,Other,,Other,,
21,AHMEDABAD-2 NAROL SARKHEJ HIGHWAY,CPCB,24,Gujarat,438,Ahmedabad,AHMADABAD CITY,-,-,-,-,-,-,-,-,22.990861,72.533077,03-11-2020 08:30,Other,,,,,Other,,,,,,,,7.2,,,Other,,Other,,Other,,Other,,,Other,Other,,Other,,Other,,
22,AHMEDABAD-2 NAROL SARKHEJ HIGHWAY,CPCB,24,Gujarat,438,Ahmedabad,AHMADABAD CITY,-,-,-,-,-,-,-,-,22.990861,72.533077,02-12-2020 08:30,Other,,,,,Other,,,,,,,,7.09,,,Other,,Other,,Other,,Other,,,Other,Other,,Other,,Other,,
23,AJWAH LAKE AT SRI SAYAJI SABVAR BARODA,CPCB,24,Gujarat,461,Vadodara,VAGHODIA,-,-,-,-,-,-,-,-,22.401206,73.388603,06-01-2018 08:30,0.4,,,,,7.8,,,,,,,,8.09,,,,,,,,,,,,,,,,,,,
24,AJWAH LAKE AT SRI SAYAJI SABVAR BARODA,CPCB,24,Gujarat,461,Vadodara,VAGHODIA,-,-,-,-,-,-,-,-,22.401206,73.388603,01-02-2018 08:30,0.56,,,,,7.7,,,,,,,,8.12,,,,,,,,,,,,,,,,,,,
25,AJWAH LAKE AT SRI SAYAJI SABVAR BARODA,CPCB,24,Gujarat,461,Vadodara,VAGHODIA,-,-,-,-,-,-,-,-,22.401206,73.388603,06-03-2018 08:30,0.4,,,,,7.7,,,,,,,,7.87,,,,,,,,,,,,,,,,,,,
26,AJWAH LAKE AT SRI SAYAJI SABVAR BARODA,CPCB,24,Gujarat,461,Vadodara,VAGHODIA,-,-,-,-,-,-,-,-,22.401206,73.388603,05-04-2018 08:30,0.4,,,,,7.1,,,,,,,,8.5,,,,,,,,,,,,,,,,,,,
27,AJWAH LAKE AT SRI SAYAJI SABVAR BARODA,CPCB,24,Gujarat,461,Vadodara,VAGHODIA,-,-,-,-,-,-,-,-,22.401206,73.388603,05-05-2018 08:30,0.4,,,,,7.8,,,,,,,,8.5,,,,,,,,,,,,,,,,,,,
28,AJWAH LAKE AT SRI SAYAJI SABVAR BARODA,CPCB,24,Gujarat,461,Vadodara,VAGHODIA,-,-,-,-,-,-,-,-,22.401206,73.388603,01-06-2018 08:30,0.4,,,,,7.5,,,,,,,,8.5,,,,,,,,,,,,,,,,,,,
29,AJWAH LAKE AT SRI SAYAJI SABVAR BARODA,CPCB,24,Gujarat,461,Vadodara,VAGHODIA,-,-,-,-,-,-,-,-,22.401206,73.388603,03-07-2018 08:30,0.56,,,,,7,,,,,,,,8.5,,,,,,,,,,,,,,,,,,,
30,AJWAH LAKE AT SRI SAYAJI SABVAR BARODA,CPCB,24,Gujarat,461,Vadodara,VAGHODIA,-,-,-,-,-,-,-,-,22.401206,73.388603,04-08-2018 08:30,0.4,,,,,7.3,,,,,,,,8.44,,,,,,,,,,,,,,,,,,,
31,AJWAH LAKE AT SRI SAYAJI SABVAR BARODA,CPCB,24,Gujarat,461,Vadodara,VAGHODIA,-,-,-,-,-,-,-,-,22.401206,73.388603,07-09-2018 08:30,0.4,,,,,9.1,,,,,,,,8.38,,,,,,,,,,,,,,,,,,,
32,AJWAH LAKE AT SRI SAYAJI SABVAR BARODA,CPCB,24,Gujarat,461,Vadodara,VAGHODIA,-,-,-,-,-,-,-,-,22.401206,73.388603,01-10-2018 08:30,0.4,,,,,7.6,,,,,,,,7.39,,,,,,,,,,,,,,,,,,,
33,AJWAH LAKE AT SRI SAYAJI SABVAR BARODA,CPCB,24,Gujarat,461,Vadodara,VAGHODIA,-,-,-,-,-,-,-,-,22.401206,73.388603,05-11-2018 08:30,0.4,,,,,7.4,,,,,,,,8.5,,,,,,,,,,,,,,,,,,,
34,AJWAH LAKE AT SRI SAYAJI SABVAR BARODA,CPCB,24,Gujarat,461,Vadodara,VAGHODIA,-,-,-,-,-,-,-,-,22.401206,73.388603,04-12-2018 08:30,0.4,,,,,7.9,,,,,,,,8.3,,,,,,,,,,,,,,,,,,,
35,AJWAH LAKE AT SRI SAYAJI SABVAR BARODA,CPCB,24,Gujarat,461,Vadodara,VAGHODIA,-,-,-,-,-,-,-,-,22.401206,73.388603,07-01-2019 08:30,2.2,,,,,7.3,,,,,,,,8.5,,,,,,,,,,,,,,,,,,,
36,AJWAH LAKE AT SRI SAYAJI SABVAR BARODA,CPCB,24,Gujarat,461,Vadodara,VAGHODIA,-,-,-,-,-,-,-,-,22.401206,73.388603,14-02-2019 08:30,,,,,,6.5,,,,,,,,8.5,,,,,,,,,,,,,,,,,,,
37,AJWAH LAKE AT SRI SAYAJI SABVAR BARODA,CPCB,24,Gujarat,461,Vadodara,VAGHODIA,-,-,-,-,-,-,-,-,22.401206,73.388603,02-03-2019 08:30,,,,,,8.1,,,,,,,,8,,,,,,,,,,,,,,,,,,,
38,AJWAH LAKE AT SRI SAYAJI SABVAR BARODA,CPCB,24,Gujarat,461,Vadodara,VAGHODIA,-,-,-,-,-,-,-,-,22.401206,73.388603,03-04-2019 08:30,,,,,,7.8,,,,,,,,8.5,,,,,,,,,,,,,,,,,,,
39,AJWAH LAKE AT SRI SAYAJI SABVAR BARODA,CPCB,24,Gujarat,461,Vadodara,VAGHODIA,-,-,-,-,-,-,-,-,22.401206,73.388603,06-05-2019 08:30,,,,,,6.8,,,,,,,,7.9,,,,,,,,,,,,,,,,,,,
40,AJWAH LAKE AT SRI SAYAJI SABVAR BARODA,CPCB,24,Gujarat,461,Vadodara,VAGHODIA,-,-,-,-,-,-,-,-,22.401206,73.388603,07-06-2019 08:30,,,,,,6.2,,,,,,,,7.4,,,,,,,,,,,,,,,,,,,
41,AJWAH LAKE AT SRI SAYAJI SABVAR BARODA,CPCB,24,Gujarat,461,Vadodara,VAGHODIA,-,-,-,-,-,-,-,-,22.401206,73.388603,06-08-2019 08:30,0.6,,,,,6.9,,,,,,,,7.8,,,,,,,,,,,,,,,,,,,
42,AJWAH LAKE AT SRI SAYAJI SABVAR BARODA,CPCB,24,Gujarat,461,Vadodara,VAGHODIA,-,-,-,-,-,-,-,-,22.401206,73.388603,04-09-2019 08:30,0.6,,,,,7.3,,,,,,,,8.3,,,,,,,,,,,,,,,,,,,
43,AJWAH LAKE AT SRI SAYAJI SABVAR BARODA,CPCB,24,Gujarat,461,Vadodara,VAGHODIA,-,-,-,-,-,-,-,-,22.401206,73.388603,01-10-2019 08:30,0.6,,,,,7.6,,,,,,,,7.7,,,,,,,,,,,,,,,,,,,
44,AJWAH LAKE AT SRI SAYAJI SABVAR BARODA,CPCB,24,Gujarat,461,Vadodara,VAGHODIA,-,-,-,-,-,-,-,-,22.401206,73.388603,01-11-2019 08:30,0.6,,,,,7.2,,,,,,,,8.2,,,,,,,,,,,,,,,,,,,
45,AJWAH LAKE AT SRI SAYAJI SABVAR BARODA,CPCB,24,Gujarat,461,Vadodara,VAGHODIA,-,-,-,-,-,-,-,-,22.401206,73.388603,03-12-2019 08:30,0.6,,,,,7.8,,,,,,,,7.7,,,,,,,,,,,,,,,,,,,
46,AJWAH LAKE AT SRI SAYAJI SABVAR BARODA,CPCB,24,Gujarat,461,Vadodara,VAGHODIA,-,-,-,-,-,-,-,-,22.401206,73.388603,04-01-2020 08:30,0.56,,,,,7,,,,,,,,7.9,,,,,,,,,,,,,0.4,,,,,,
47,AJWAH LAKE AT SRI SAYAJI SABVAR BARODA,CPCB,24,Gujarat,461,Vadodara,VAGHODIA,-,-,-,-,-,-,-,-,22.401206,73.388603,01-02-2020 08:30,0.56,,,,,8.4,,,,,,,,8.1,,,Clear,,Clear,,Clear,,Clear,,,Clear,0.48,,Clear,,Clear,,
48,AJWAH LAKE AT SRI SAYAJI SABVAR BARODA,CPCB,24,Gujarat,461,Vadodara,VAGHODIA,-,-,-,-,-,-,-,-,22.401206,73.388603,05-03-2020 08:30,0.56,,,,,6.9,,,,,,,,8.1,,,Other,,Other,,Other,,Other,,,Other,0.52,,Other,,Other,,
49,AJWAH LAKE AT SRI SAYAJI SABVAR BARODA,CPCB,24,Gujarat,461,Vadodara,VAGHODIA,-,-,-,-,-,-,-,-,22.401206,73.388603,03-04-2020 08:30,0.28,,,,,8.1,,,,,,,,8.1,,,Clear,,Clear,,0.07,,Clear,,,Clear,0.44,,Clear,,Clear,,
50,AJWAH LAKE AT SRI SAYAJI SABVAR BARODA,CPCB,24,Gujarat,461,Vadodara,VAGHODIA,-,-,-,-,-,-,-,-,22.401206,73.388603,01-05-2020 08:30,0.28,,,,,8.2,,,,,,,,8.4,,,Clear,,Clear,,Clear,,Clear,,,Clear,0.44,,Clear,,Clear,,
51,AJWAH LAKE AT SRI SAYAJI SABVAR BARODA,CPCB,24,Gujarat,461,Vadodara,VAGHODIA,-,-,-,-,-,-,-,-,22.401206,73.388603,03-06-2020 08:30,0.56,,,,,7.1,,,,,,,,7.9,,,Clear,,Clear,,Clear,,Clear,,,Clear,0.56,,Clear,,Clear,,
52,AJWAH LAKE AT SRI SAYAJI SABVAR BARODA,CPCB,24,Gujarat,461,Vadodara,VAGHODIA,-,-,-,-,-,-,-,-,22.401206,73.388603,04-07-2020 08:30,Clear,,,,,7.8,,,,,,,,7.8,,,Clear,,Clear,,Clear,,Clear,,,Clear,0.15,,Clear,,Clear,,
53,AJWAH LAKE AT SRI SAYAJI SABVAR BARODA,CPCB,24,Gujarat,461,Vadodara,VAGHODIA,-,-,-,-,-,-,-,-,22.401206,73.388603,07-08-2020 08:30,Clear,,,,,3.5,,,,,,,,8.2,,,Clear,,Clear,,Clear,,Clear,,,Clear,0.12,,Clear,,Clear,,
54,AJWAH LAKE AT SRI SAYAJI SABVAR BARODA,CPCB,24,Gujarat,461,Vadodara,VAGHODIA,-,-,-,-,-,-,-,-,22.401206,73.388603,07-09-2020 08:30,Clear,,,,,8.5,,,,,,,,8.1,,,Clear,,Clear,,Clear,,Clear,,,Clear,0.21,,Clear,,Clear,,
55,AJWAH LAKE AT SRI SAYAJI SABVAR BARODA,CPCB,24,Gujarat,461,Vadodara,VAGHODIA,-,-,-,-,-,-,-,-,22.401206,73.388603,06-10-2020 08:30,Clear,,,,,8.1,,,,,,,,8.1,,,Clear,,Clear,,Clear,,Clear,,,Clear,0.17,,Clear,,Clear,,
56,AJWAH LAKE AT SRI SAYAJI SABVAR BARODA,CPCB,24,Gujarat,461,Vadodara,VAGHODIA,-,-,-,-,-,-,-,-,22.401206,73.388603,05-11-2020 08:30,Clear,,,,,8.8,,,,,,,,8,,,Clear,,Clear,,Clear,,Clear,,,Clear,0.1,,Clear,,Clear,,
57,AJWAH LAKE AT SRI SAYAJI SABVAR BARODA,CPCB,24,Gujarat,461,Vadodara,VAGHODIA,-,-,-,-,-,-,-,-,22.401206,73.388603,04-12-2020 08:30,0.4,,,,,8.1,,,,,,,,8.1,,,Clear,,Clear,,Clear,,Clear,,,Clear,Clear,,Clear,,Clear,,
58,AMBIKA AT BILIMORA,CPCB,24,Gujarat,453,Navsari,GANDEVI,-,-,-,-,-,-,-,-,20.772106,72.951625,07-02-2018 08:30,,,,,,7,,,,,,,,7.92,,,,,,,,,,,,,,,,,,,
59,AMBIKA AT BILIMORA,CPCB,24,Gujarat,453,Navsari,GANDEVI,-,-,-,-,-,-,-,-,20.772106,72.951625,01-03-2018 08:30,,,,,,7.1,,,,,,,,8.58,,,,,,,,,,,,,,,,,,,
60,AMBIKA AT BILIMORA,CPCB,24,Gujarat,453,Navsari,GANDEVI,-,-,-,-,-,-,-,-,20.772106,72.951625,05-04-2018 08:30,,,,,,7.1,,,,,,,,8.26,,,,,,,,,,,,,,,,,,,
61,AMBIKA AT BILIMORA,CPCB,24,Gujarat,453,Navsari,GANDEVI,-,-,-,-,-,-,-,-,20.772106,72.951625,05-05-2018 08:30,,,,,,7.1,,,,,,,,8.48,,,,,,,,,,,,,,,,,,,
62,AMBIKA AT BILIMORA,CPCB,24,Gujarat,453,Navsari,GANDEVI,-,-,-,-,-,-,-,-,20.772106,72.951625,06-06-2018 08:30,,,,,,7.1,,,,,,,,8.36,,,,,,,,,,,,,,,,,,,
63,AMBIKA AT BILIMORA,CPCB,24,Gujarat,453,Navsari,GANDEVI,-,-,-,-,-,-,-,-,20.772106,72.951625,05-07-2018 08:30,,,,,,7,,,,,,,,7.55,,,,,,,,,,,,,,,,,,,
64,AMBIKA AT BILIMORA,CPCB,24,Gujarat,453,Navsari,GANDEVI,-,-,-,-,-,-,-,-,20.772106,72.951625,01-08-2018 08:30,,,,,,7.1,,,,,,,,8.06,,,,,,,,,,,,,,,,,,,
65,AMBIKA AT BILIMORA,CPCB,24,Gujarat,453,Navsari,GANDEVI,-,-,-,-,-,-,-,-,20.772106,72.951625,07-09-2018 08:30,,,,,,5.7,,,,,,,,7.9,,,,,,,,,,,,,,,,,,,
66,AMBIKA AT BILIMORA,CPCB,24,Gujarat,453,Navsari,GANDEVI,-,-,-,-,-,-,-,-,20.772106,72.951625,03-10-2018 08:30,,,,,,7,,,,,,,,7.1,,,,,,,,,,,,,,,,,,,
67,AMBIKA AT BILIMORA,CPCB,24,Gujarat,453,Navsari,GANDEVI,-,-,-,-,-,-,-,-,20.772106,72.951625,03-11-2018 08:30,,,,,,6.6,,,,,,,,8,,,,,,,,,,,,,,,,,,,
68,AMBIKA AT BILIMORA,CPCB,24,Gujarat,453,Navsari,GANDEVI,-,-,-,-,-,-,-,-,20.772106,72.951625,01-12-2018 08:30,,,,,,6.9,,,,,,,,7.5,,,,,,,,,,,,,,,,,,,
69,AMBIKA AT BILIMORA,CPCB,24,Gujarat,453,Navsari,GANDEVI,-,-,-,-,-,-,-,-,20.772106,72.951625,12-02-2019 08:30,,,,,,6.7,,,,,,,,8.1,,,,,,,,,,,,,,,,,,,
70,AMBIKA AT BILIMORA,CPCB,24,Gujarat,453,Navsari,GANDEVI,-,-,-,-,-,-,-,-,20.772106,72.951625,22-03-2019 08:30,,,,,,6.3,,,,,,,,7.9,,,,,,,,,,,,,,,,,,,
71,AMBIKA AT BILIMORA,CPCB,24,Gujarat,453,Navsari,GANDEVI,-,-,-,-,-,-,-,-,20.772106,72.951625,01-04-2019 08:30,,,,,,6.4,,,,,,,,7.8,,,,,,,,,,,,,,,,,,,
72,AMBIKA AT BILIMORA,CPCB,24,Gujarat,453,Navsari,GANDEVI,-,-,-,-,-,-,-,-,20.772106,72.951625,02-05-2019 08:30,,,,,,6.3,,,,,,,,7.6,,,,,,,,,,,,,,,,,,,
73,AMBIKA AT BILIMORA,CPCB,24,Gujarat,453,Navsari,GANDEVI,-,-,-,-,-,-,-,-,20.772106,72.951625,06-06-2019 08:30,,,,,,6.1,,,,,,,,7.7,,,,,,,,,,,,,,,,,,,
74,AMBIKA AT BILIMORA,CPCB,24,Gujarat,453,Navsari,GANDEVI,-,-,-,-,-,-,-,-,20.772106,72.951625,04-07-2019 08:30,,,,,,7.1,,,,,,,,7.4,,,,,,,,,,,,,,,,,,,
75,AMBIKA AT BILIMORA,CPCB,24,Gujarat,453,Navsari,GANDEVI,-,-,-,-,-,-,-,-,20.772106,72.951625,03-08-2019 08:30,,,,,,7.2,,,,,,,,7.6,,,,,,,,,,,,,,,,,,,
76,AMBIKA AT BILIMORA,CPCB,24,Gujarat,453,Navsari,GANDEVI,-,-,-,-,-,-,-,-,20.772106,72.951625,03-09-2019 08:30,,,,,,7.2,,,,,,,,7.7,,,,,,,,,,,,,,,,,,,
77,AMBIKA AT BILIMORA,CPCB,24,Gujarat,453,Navsari,GANDEVI,-,-,-,-,-,-,-,-,20.772106,72.951625,01-10-2019 08:30,,,,,,7.1,,,,,,,,7.7,,,,,,,,,,,,,,,,,,,
78,AMBIKA AT BILIMORA,CPCB,24,Gujarat,453,Navsari,GANDEVI,-,-,-,-,-,-,-,-,20.772106,72.951625,02-11-2019 08:30,,,,,,7,,,,,,,,7.2,,,,,,,,,,,,,,,,,,,
79,AMBIKA AT BILIMORA,CPCB,24,Gujarat,453,Navsari,GANDEVI,-,-,-,-,-,-,-,-,20.772106,72.951625,04-12-2019 08:30,,,,,,7.1,,,,,,,,8.1,,,,,,,,,,,,,,,,,,,
80,AMBIKA AT BILIMORA,CPCB,24,Gujarat,453,Navsari,GANDEVI,-,-,-,-,-,-,-,-,20.772106,72.951625,08-01-2020 08:30,0.84,,,,,7,,,,,,,,7.8,,,,,,,,,,,,,0.09,,,,,,
81,AMBIKA AT BILIMORA,CPCB,24,Gujarat,453,Navsari,GANDEVI,-,-,-,-,-,-,-,-,20.772106,72.951625,11-02-2020 08:30,0.84,,,,,7,,,,,,,,7,,,Other,,Other,,Other,,Other,,,Other,0.09,,Other,,Other,,
82,AMBIKA AT BILIMORA,CPCB,24,Gujarat,453,Navsari,GANDEVI,-,-,-,-,-,-,-,-,20.772106,72.951625,04-03-2020 08:30,1.12,,,,,7,,,,,,,,7.4,,,Clear,,Clear,,Clear,,Clear,,,Clear,0.07,,Clear,,Clear,,
83,AMBIKA AT BILIMORA,CPCB,24,Gujarat,453,Navsari,GANDEVI,-,-,-,-,-,-,-,-,20.772106,72.951625,09-04-2020 08:30,0.84,,,,,7,,,,,,,,7.2,,,Other,,Other,,Other,,Other,,,Other,0.05,,Other,,Other,,
84,AMBIKA AT BILIMORA,CPCB,24,Gujarat,453,Navsari,GANDEVI,-,-,-,-,-,-,-,-,20.772106,72.951625,02-05-2020 08:30,0.56,,,,,7,,,,,,,,7.2,,,Other,,Other,,Other,,Other,,,Other,0.1,,Other,,Other,,
85,AMBIKA AT BILIMORA,CPCB,24,Gujarat,453,Navsari,GANDEVI,-,-,-,-,-,-,-,-,20.772106,72.951625,04-06-2020 08:30,0.56,,,,,7,,,,,,,,7.3,,,Other,,Other,,Other,,Other,,,Other,1.12,,Other,,Other,,
86,AMBIKA AT BILIMORA,CPCB,24,Gujarat,453,Navsari,GANDEVI,-,-,-,-,-,-,-,-,20.772106,72.951625,01-07-2020 08:30,0.84,,,,,7,,,,,,,,7.6,,,Clear,,Clear,,Clear,,Clear,,,Clear,0.09,,Clear,,Clear,,
87,AMBIKA AT BILIMORA,CPCB,24,Gujarat,453,Navsari,GANDEVI,-,-,-,-,-,-,-,-,20.772106,72.951625,04-08-2020 08:30,0.28,,,,,7.4,,,,,,,,7.5,,,Other,,Other,,Other,,Other,,,Other,0.08,,Other,,Other,,
88,AMBIKA AT BILIMORA,CPCB,24,Gujarat,453,Navsari,GANDEVI,-,-,-,-,-,-,-,-,20.772106,72.951625,05-09-2020 08:30,0.28,,,,,6,,,,,,,,7.2,,,Clear,,Clear,,Clear,,Clear,,,Clear,0.03,,Clear,,Clear,,
89,AMBIKA AT BILIMORA,CPCB,24,Gujarat,453,Navsari,GANDEVI,-,-,-,-,-,-,-,-,20.772106,72.951625,03-10-2020 08:30,0.56,,,,,7.4,,,,,,,,7.2,,,Clear,,Clear,,0.06,,Clear,,,Clear,0.16,,Clear,,0.71,,
90,AMBIKA AT BILIMORA,CPCB,24,Gujarat,453,Navsari,GANDEVI,-,-,-,-,-,-,-,-,20.772106,72.951625,03-11-2020 08:30,0.28,,,,,7.4,,,,,,,,7.8,,,Other,,Other,,Other,,Other,,,Other,0.19,,Other,,Other,,
91,AMBIKA AT BILIMORA,CPCB,24,Gujarat,453,Navsari,GANDEVI,-,-,-,-,-,-,-,-,20.772106,72.951625,02-12-2020 08:30,0.56,,,,,6.2,,,,,,,,7.8,,,0,,Other,,Other,,Other,,,Other,0.11,,Other,,0.54,,
92,AMLAKHADI AFTER CONFL. OF W. WATER FROM ANKLESH,CPCB,24,Gujarat,442,Bharuch,BHARUCH,-,-,-,-,-,-,-,-,21.701178,73.021733,02-01-2018 08:30,,,,,,,,,,,,,,7.63,,,,,,,,,,,,,,,,,,,
93,AMLAKHADI AFTER CONFL. OF W. WATER FROM ANKLESH,CPCB,24,Gujarat,442,Bharuch,BHARUCH,-,-,-,-,-,-,-,-,21.701178,73.021733,02-02-2018 08:30,,,,,,,,,,,,,,7.63,,,,,,,,,,,,,,,,,,,
94,AMLAKHADI AFTER CONFL. OF W. WATER FROM ANKLESH,CPCB,24,Gujarat,442,Bharuch,BHARUCH,-,-,-,-,-,-,-,-,21.701178,73.021733,01-03-2018 08:30,,,,,,,,,,,,,,7.69,,,,,,,,,,,,,,,,,,,
95,AMLAKHADI AFTER CONFL. OF W. WATER FROM ANKLESH,CPCB,24,Gujarat,442,Bharuch,BHARUCH,-,-,-,-,-,-,-,-,21.701178,73.021733,03-04-2018 08:30,,,,,,,,,,,,,,7.54,,,,,,,,,,,,,,,,,,,
96,AMLAKHADI AFTER CONFL. OF W. WATER FROM ANKLESH,CPCB,24,Gujarat,442,Bharuch,BHARUCH,-,-,-,-,-,-,-,-,21.701178,73.021733,03-05-2018 08:30,,,,,,,,,,,,,,7.6,,,,,,,,,,,,,,,,,,,
97,AMLAKHADI AFTER CONFL. OF W. WATER FROM ANKLESH,CPCB,24,Gujarat,442,Bharuch,BHARUCH,-,-,-,-,-,-,-,-,21.701178,73.021733,02-06-2018 08:30,,,,,,,,,,,,,,7.71,,,,,,,,,,,,,,,,,,,
98,AMLAKHADI AFTER CONFL. OF W. WATER FROM ANKLESH,CPCB,24,Gujarat,442,Bharuch,BHARUCH,-,-,-,-,-,-,-,-,21.701178,73.021733,04-07-2018 08:30,,,,,,3,,,,,,,,7.34,,,,,,,,,,,,,,,,,,,
99,AMLAKHADI AFTER CONFL. OF W. WATER FROM ANKLESH,CPCB,24,Gujarat,442,Bharuch,BHARUCH,-,-,-,-,-,-,-,-,21.701178,73.021733,02-08-2018 08:30,,,,,,,,,,,,,,7.74,,,,,,,,,,,,,,,,,,,
100,AMLAKHADI AFTER CONFL. OF W. WATER FROM ANKLESH,CPCB,24,Gujarat,442,Bharuch,BHARUCH,-,-,-,-,-,-,-,-,21.701178,73.021733,01-09-2018 08:30,,,,,,,,,,,,,,7.6,,,,,,,,,,,,,,,,,,,
101,AMLAKHADI AFTER CONFL. OF W. WATER FROM ANKLESH,CPCB,24,Gujarat,442,Bharuch,BHARUCH,-,-,-,-,-,-,-,-,21.701178,73.021733,02-10-2018 08:30,,,,,,,,,,,,,,7.3,,,,,,,,,,,,,,,,,,,
102,AMLAKHADI AFTER CONFL. OF W. WATER FROM ANKLESH,CPCB,24,Gujarat,442,Bharuch,BHARUCH,-,-,-,-,-,-,-,-,21.701178,73.021733,01-11-2018 08:30,,,,,,,,,,,,,,7.5,,,,,,,,,,,,,,,,,,,
103,AMLAKHADI AFTER CONFL. OF W. WATER FROM ANKLESH,CPCB,24,Gujarat,442,Bharuch,BHARUCH,-,-,-,-,-,-,-,-,21.701178,73.021733,01-12-2018 08:30,,,,,,,,,,,,,,7.3,,,,,,,,,,,,,,,,,,,
104,AMLAKHADI AFTER CONFL. OF W. WATER FROM ANKLESH,CPCB,24,Gujarat,442,Bharuch,BHARUCH,-,-,-,-,-,-,-,-,21.701178,73.021733,01-01-2019 08:30,,,,,,,,,,,,,,7.4,,,,,,,,,,,,,,,,,,,
105,AMLAKHADI AFTER CONFL. OF W. WATER FROM ANKLESH,CPCB,24,Gujarat,442,Bharuch,BHARUCH,-,-,-,-,-,-,-,-,21.701178,73.021733,04-02-2019 08:30,,,,,,,,,,,,,,7.4,,,,,,,,,,,,,,,,,,,
106,AMLAKHADI AFTER CONFL. OF W. WATER FROM ANKLESH,CPCB,24,Gujarat,442,Bharuch,BHARUCH,-,-,-,-,-,-,-,-,21.701178,73.021733,01-03-2019 08:30,,,,,,,,,,,,,,7.5,,,,,,,,,,,,,,,,,,,
107,AMLAKHADI AFTER CONFL. OF W. WATER FROM ANKLESH,CPCB,24,Gujarat,442,Bharuch,BHARUCH,-,-,-,-,-,-,-,-,21.701178,73.021733,02-04-2019 08:30,,,,,,1,,,,,,,,7.6,,,,,,,,,,,,,,,,,,,
108,AMLAKHADI AFTER CONFL. OF W. WATER FROM ANKLESH,CPCB,24,Gujarat,442,Bharuch,BHARUCH,-,-,-,-,-,-,-,-,21.701178,73.021733,01-05-2019 08:30,,,,,,,,,,,,,,7.6,,,,,,,,,,,,,,,,,,,
109,AMLAKHADI AFTER CONFL. OF W. WATER FROM ANKLESH,CPCB,24,Gujarat,442,Bharuch,BHARUCH,-,-,-,-,-,-,-,-,21.701178,73.021733,03-06-2019 08:30,,,,,,,,,,,,,,7.9,,,,,,,,,,,,,,,,,,,
110,AMLAKHADI AFTER CONFL. OF W. WATER FROM ANKLESH,CPCB,24,Gujarat,442,Bharuch,BHARUCH,-,-,-,-,-,-,-,-,21.701178,73.021733,01-07-2019 08:30,,,,,,3,,,,,,,,7.3,,,,,,,,,,,,,,,,,,,
111,AMLAKHADI AFTER CONFL. OF W. WATER FROM ANKLESH,CPCB,24,Gujarat,442,Bharuch,BHARUCH,-,-,-,-,-,-,-,-,21.701178,73.021733,01-08-2019 08:30,,,,,,4.4,,,,,,,,8.1,,,,,,,,,,,,,,,,,,,
112,AMLAKHADI AFTER CONFL. OF W. WATER FROM ANKLESH,CPCB,24,Gujarat,442,Bharuch,BHARUCH,-,-,-,-,-,-,-,-,21.701178,73.021733,03-09-2019 08:30,,,,,,3.5,,,,,,,,7.5,,,,,,,,,,,,,,,,,,,
113,AMLAKHADI AFTER CONFL. OF W. WATER FROM ANKLESH,CPCB,24,Gujarat,442,Bharuch,BHARUCH,-,-,-,-,-,-,-,-,21.701178,73.021733,01-10-2019 08:30,,,,,,3.6,,,,,,,,7.2,,,,,,,,,,,,,,,,,,,
114,AMLAKHADI AFTER CONFL. OF W. WATER FROM ANKLESH,CPCB,24,Gujarat,442,Bharuch,BHARUCH,-,-,-,-,-,-,-,-,21.701178,73.021733,06-11-2019 08:30,,,,,,1.2,,,,,,,,7.4,,,,,,,,,,,,,,,,,,,
115,AMLAKHADI AFTER CONFL. OF W. WATER FROM ANKLESH,CPCB,24,Gujarat,442,Bharuch,BHARUCH,-,-,-,-,-,-,-,-,21.701178,73.021733,02-12-2019 08:30,,,,,,1.8,,,,,,,,7.9,,,,,,,,,,,,,,,,,,,
116,AMLAKHADI AFTER CONFL. OF W. WATER FROM ANKLESH,CPCB,24,Gujarat,442,Bharuch,BHARUCH,-,-,-,-,-,-,-,-,21.701178,73.021733,01-01-2020 08:30,15.46,,,,,,,,,,,,,7.3,,,,,,,,,,,,,0.45,,,,,,
117,AMLAKHADI AFTER CONFL. OF W. WATER FROM ANKLESH,CPCB,24,Gujarat,442,Bharuch,BHARUCH,-,-,-,-,-,-,-,-,21.701178,73.021733,03-02-2020 08:30,9.86,,,,,Other,,,,,,,,7.6,,,Other,,Other,,Other,,Other,,,Other,0.53,,Other,,Other,,
118,AMLAKHADI AFTER CONFL. OF W. WATER FROM ANKLESH,CPCB,24,Gujarat,442,Bharuch,BHARUCH,-,-,-,-,-,-,-,-,21.701178,73.021733,02-03-2020 08:30,15.6,,,,,Other,,,,,,,,7.7,,,Other,,Other,,Other,,Other,,,Other,0.52,,Other,,Other,,
119,AMLAKHADI AFTER CONFL. OF W. WATER FROM ANKLESH,CPCB,24,Gujarat,442,Bharuch,BHARUCH,-,-,-,-,-,-,-,-,21.701178,73.021733,07-04-2020 08:30,17.08,,,,,Other,,,,,,,,7.8,,,Other,,Other,,Other,,Other,,,Other,0.43,,Other,,Other,,
120,AMLAKHADI AFTER CONFL. OF W. WATER FROM ANKLESH,CPCB,24,Gujarat,442,Bharuch,BHARUCH,-,-,-,-,-,-,-,-,21.701178,73.021733,01-05-2020 08:30,21.84,,,,,Other,,,,,,,,7.3,,,Other,,Other,,Other,,Other,,,Other,0.44,,Other,,Other,,
121,AMLAKHADI AFTER CONFL. OF W. WATER FROM ANKLESH,CPCB,24,Gujarat,442,Bharuch,BHARUCH,-,-,-,-,-,-,-,-,21.701178,73.021733,02-06-2020 08:30,9.24,,,,,Other,,,,,,,,7.2,,,Other,,Other,,Other,,Other,,,Other,0.45,,Other,,Other,,
122,AMLAKHADI AFTER CONFL. OF W. WATER FROM ANKLESH,CPCB,24,Gujarat,442,Bharuch,BHARUCH,-,-,-,-,-,-,-,-,21.701178,73.021733,01-07-2020 08:30,10.86,,,,,2.5,,,,,,,,8.2,,,Other,,Other,,Other,,Other,,,Other,0.57,,Other,,Other,,
123,AMLAKHADI AFTER CONFL. OF W. WATER FROM ANKLESH,CPCB,24,Gujarat,442,Bharuch,BHARUCH,-,-,-,-,-,-,-,-,21.701178,73.021733,21-08-2020 08:30,1.68,,,,,3.6,,,,,,,,7.9,,,Clear,,Clear,,Clear,,Clear,,,Clear,0.13,,Clear,,Clear,,
124,AMLAKHADI AFTER CONFL. OF W. WATER FROM ANKLESH,CPCB,24,Gujarat,442,Bharuch,BHARUCH,-,-,-,-,-,-,-,-,21.701178,73.021733,02-09-2020 08:30,8.4,,,,,0.6,,,,,,,,7.7,,,Other,,Other,,Other,,Other,,,Other,0.18,,Other,,Other,,
125,AMLAKHADI AFTER CONFL. OF W. WATER FROM ANKLESH,CPCB,24,Gujarat,442,Bharuch,BHARUCH,-,-,-,-,-,-,-,-,21.701178,73.021733,01-10-2020 08:30,2.24,,,,,1.2,,,,,,,,7.7,,,Other,,Other,,0.761,,Other,,,Other,0.2,,Other,,Other,,
126,AMLAKHADI AFTER CONFL. OF W. WATER FROM ANKLESH,CPCB,24,Gujarat,442,Bharuch,BHARUCH,-,-,-,-,-,-,-,-,21.701178,73.021733,02-11-2020 08:30,11.2,,,,,Other,,,,,,,,7.4,,,Other,,Other,,Other,,Other,,,Other,0.19,,Other,,Other,,
127,AMLAKHADI AFTER CONFL. OF W. WATER FROM ANKLESH,CPCB,24,Gujarat,442,Bharuch,BHARUCH,-,-,-,-,-,-,-,-,21.701178,73.021733,02-12-2020 08:30,11.76,,,,,Other,,,,,,,,7.5,,,Other,,Other,,Other,,Other,,,Other,Other,,Other,,Other,,
128,AMLAKHADI AT PUNGAM ANKLESHWAR DISTT BHARUCH,CPCB,24,Gujarat,442,Bharuch,ANKLESVAR,-,-,-,-,-,-,-,-,21.631161,72.956485,03-01-2018 08:30,,,,,,1.7,,,,,,,,7.68,,,,,,,,,,,,,,,,,,,
129,AMLAKHADI AT PUNGAM ANKLESHWAR DISTT BHARUCH,CPCB,24,Gujarat,442,Bharuch,ANKLESVAR,-,-,-,-,-,-,-,-,21.631161,72.956485,01-02-2018 08:30,,,,,,,,,,,,,,7.65,,,,,,,,,,,,,,,,,,,
130,AMLAKHADI AT PUNGAM ANKLESHWAR DISTT BHARUCH,CPCB,24,Gujarat,442,Bharuch,ANKLESVAR,-,-,-,-,-,-,-,-,21.631161,72.956485,03-03-2018 08:30,,,,,,2.4,,,,,,,,7.65,,,,,,,,,,,,,,,,,,,
131,AMLAKHADI AT PUNGAM ANKLESHWAR DISTT BHARUCH,CPCB,24,Gujarat,442,Bharuch,ANKLESVAR,-,-,-,-,-,-,-,-,21.631161,72.956485,03-04-2018 08:30,,,,,,,,,,,,,,7.53,,,,,,,,,,,,,,,,,,,
132,AMLAKHADI AT PUNGAM ANKLESHWAR DISTT BHARUCH,CPCB,24,Gujarat,442,Bharuch,ANKLESVAR,-,-,-,-,-,-,-,-,21.631161,72.956485,03-05-2018 08:30,,,,,,,,,,,,,,7.48,,,,,,,,,,,,,,,,,,,
133,AMLAKHADI AT PUNGAM ANKLESHWAR DISTT BHARUCH,CPCB,24,Gujarat,442,Bharuch,ANKLESVAR,-,-,-,-,-,-,-,-,21.631161,72.956485,01-06-2018 08:30,,,,,,0.8,,,,,,,,8,,,,,,,,,,,,,,,,,,,
134,AMLAKHADI AT PUNGAM ANKLESHWAR DISTT BHARUCH,CPCB,24,Gujarat,442,Bharuch,ANKLESVAR,-,-,-,-,-,-,-,-,21.631161,72.956485,02-07-2018 08:30,,,,,,0.9,,,,,,,,7.74,,,,,,,,,,,,,,,,,,,
135,AMLAKHADI AT PUNGAM ANKLESHWAR DISTT BHARUCH,CPCB,24,Gujarat,442,Bharuch,ANKLESVAR,-,-,-,-,-,-,-,-,21.631161,72.956485,03-08-2018 08:30,,,,,,1.2,,,,,,,,7.4,,,,,,,,,,,,,,,,,,,
136,AMLAKHADI AT PUNGAM ANKLESHWAR DISTT BHARUCH,CPCB,24,Gujarat,442,Bharuch,ANKLESVAR,-,-,-,-,-,-,-,-,21.631161,72.956485,01-09-2018 08:30,,,,,,,,,,,,,,7.3,,,,,,,,,,,,,,,,,,,
137,AMLAKHADI AT PUNGAM ANKLESHWAR DISTT BHARUCH,CPCB,24,Gujarat,442,Bharuch,ANKLESVAR,-,-,-,-,-,-,-,-,21.631161,72.956485,01-10-2018 08:30,,,,,,,,,,,,,,7.3,,,,,,,,,,,,,,,,,,,
138,AMLAKHADI AT PUNGAM ANKLESHWAR DISTT BHARUCH,CPCB,24,Gujarat,442,Bharuch,ANKLESVAR,-,-,-,-,-,-,-,-,21.631161,72.956485,01-11-2018 08:30,,,,,,1.1,,,,,,,,7.5,,,,,,,,,,,,,,,,,,,
139,AMLAKHADI AT PUNGAM ANKLESHWAR DISTT BHARUCH,CPCB,24,Gujarat,442,Bharuch,ANKLESVAR,-,-,-,-,-,-,-,-,21.631161,72.956485,01-12-2018 08:30,,,,,,1.9,,,,,,,,7.7,,,,,,,,,,,,,,,,,,,
140,AMLAKHADI AT PUNGAM ANKLESHWAR DISTT BHARUCH,CPCB,24,Gujarat,442,Bharuch,ANKLESVAR,-,-,-,-,-,-,-,-,21.631161,72.956485,01-01-2019 08:30,,,,,,2.6,,,,,,,,7.4,,,,,,,,,,,,,,,,,,,
141,AMLAKHADI AT PUNGAM ANKLESHWAR DISTT BHARUCH,CPCB,24,Gujarat,442,Bharuch,ANKLESVAR,-,-,-,-,-,-,-,-,21.631161,72.956485,02-02-2019 08:30,,,,,,,,,,,,,,7.4,,,,,,,,,,,,,,,,,,,
142,AMLAKHADI AT PUNGAM ANKLESHWAR DISTT BHARUCH,CPCB,24,Gujarat,442,Bharuch,ANKLESVAR,-,-,-,-,-,-,-,-,21.631161,72.956485,01-03-2019 08:30,,,,,,1.2,,,,,,,,7.6,,,,,,,,,,,,,,,,,,,
143,AMLAKHADI AT PUNGAM ANKLESHWAR DISTT BHARUCH,CPCB,24,Gujarat,442,Bharuch,ANKLESVAR,-,-,-,-,-,-,-,-,21.631161,72.956485,02-04-2019 08:30,,,,,,2,,,,,,,,7.8,,,,,,,,,,,,,,,,,,,
144,AMLAKHADI AT PUNGAM ANKLESHWAR DISTT BHARUCH,CPCB,24,Gujarat,442,Bharuch,ANKLESVAR,-,-,-,-,-,-,-,-,21.631161,72.956485,01-05-2019 08:30,,,,,,1.7,,,,,,,,7.6,,,,,,,,,,,,,,,,,,,
145,AMLAKHADI AT PUNGAM ANKLESHWAR DISTT BHARUCH,CPCB,24,Gujarat,442,Bharuch,ANKLESVAR,-,-,-,-,-,-,-,-,21.631161,72.956485,01-06-2019 08:30,,,,,,,,,,,,,,7.5,,,,,,,,,,,,,,,,,,,
146,AMLAKHADI AT PUNGAM ANKLESHWAR DISTT BHARUCH,CPCB,24,Gujarat,442,Bharuch,ANKLESVAR,-,-,-,-,-,-,-,-,21.631161,72.956485,02-07-2019 08:30,,,,,,1.2,,,,,,,,7.1,,,,,,,,,,,,,,,,,,,
147,AMLAKHADI AT PUNGAM ANKLESHWAR DISTT BHARUCH,CPCB,24,Gujarat,442,Bharuch,ANKLESVAR,-,-,-,-,-,-,-,-,21.631161,72.956485,02-08-2019 08:30,,,,,,3.8,,,,,,,,7.8,,,,,,,,,,,,,,,,,,,
148,AMLAKHADI AT PUNGAM ANKLESHWAR DISTT BHARUCH,CPCB,24,Gujarat,442,Bharuch,ANKLESVAR,-,-,-,-,-,-,-,-,21.631161,72.956485,03-09-2019 08:30,,,,,,1.7,,,,,,,,7.2,,,,,,,,,,,,,,,,,,,
149,AMLAKHADI AT PUNGAM ANKLESHWAR DISTT BHARUCH,CPCB,24,Gujarat,442,Bharuch,ANKLESVAR,-,-,-,-,-,-,-,-,21.631161,72.956485,03-10-2019 08:30,,,,,,4.4,,,,,,,,7.4,,,,,,,,,,,,,,,,,,,
150,AMLAKHADI AT PUNGAM ANKLESHWAR DISTT BHARUCH,CPCB,24,Gujarat,442,Bharuch,ANKLESVAR,-,-,-,-,-,-,-,-,21.631161,72.956485,01-11-2019 08:30,,,,,,4.3,,,,,,,,7.2,,,,,,,,,,,,,,,,,,,
151,AMLAKHADI AT PUNGAM ANKLESHWAR DISTT BHARUCH,CPCB,24,Gujarat,442,Bharuch,ANKLESVAR,-,-,-,-,-,-,-,-,21.631161,72.956485,03-12-2019 08:30,,,,,,1.6,,,,,,,,7.3,,,,,,,,,,,,,,,,,,,
152,AMLAKHADI AT PUNGAM ANKLESHWAR DISTT BHARUCH,CPCB,24,Gujarat,442,Bharuch,ANKLESVAR,-,-,-,-,-,-,-,-,21.631161,72.956485,01-01-2020 08:30,13.27,,,,,,,,,,,,,7.4,,,,,,,,,,,,,0.42,,,,,,
153,AMLAKHADI AT PUNGAM ANKLESHWAR DISTT BHARUCH,CPCB,24,Gujarat,442,Bharuch,ANKLESVAR,-,-,-,-,-,-,-,-,21.631161,72.956485,01-02-2020 08:30,Other,,,,,5.2,,,,,,,,7.4,,,Other,,Other,,Other,,Other,,,Other,0.51,,Other,,Other,,
154,AMLAKHADI AT PUNGAM ANKLESHWAR DISTT BHARUCH,CPCB,24,Gujarat,442,Bharuch,ANKLESVAR,-,-,-,-,-,-,-,-,21.631161,72.956485,03-03-2020 08:30,11.3,,,,,1.7,,,,,,,,7.9,,,Other,,Other,,Other,,Other,,,Other,0.51,,Other,,Other,,
155,AMLAKHADI AT PUNGAM ANKLESHWAR DISTT BHARUCH,CPCB,24,Gujarat,442,Bharuch,ANKLESVAR,-,-,-,-,-,-,-,-,21.631161,72.956485,08-04-2020 08:30,Other,,,,,1.5,,,,,,,,7.7,,,Other,,Other,,0.122,,Other,,,Other,0.29,,Other,,Other,,
156,AMLAKHADI AT PUNGAM ANKLESHWAR DISTT BHARUCH,CPCB,24,Gujarat,442,Bharuch,ANKLESVAR,-,-,-,-,-,-,-,-,21.631161,72.956485,01-05-2020 08:30,10.98,,,,,2.9,,,,,,,,7.4,,,Other,,Other,,Other,,Other,,,Other,0.32,,Other,,Other,,
157,AMLAKHADI AT PUNGAM ANKLESHWAR DISTT BHARUCH,CPCB,24,Gujarat,442,Bharuch,ANKLESVAR,-,-,-,-,-,-,-,-,21.631161,72.956485,01-06-2020 08:30,7.34,,,,,2,,,,,,,,7.5,,,Other,,Other,,Other,,Other,,,Other,0.42,,Other,,Other,,
158,AMLAKHADI AT PUNGAM ANKLESHWAR DISTT BHARUCH,CPCB,24,Gujarat,442,Bharuch,ANKLESVAR,-,-,-,-,-,-,-,-,21.631161,72.956485,01-07-2020 08:30,8.29,,,,,2.1,,,,,,,,8.1,,,Other,,Other,,Other,,Other,,,Other,0.51,,Other,,Other,,
159,AMLAKHADI AT PUNGAM ANKLESHWAR DISTT BHARUCH,CPCB,24,Gujarat,442,Bharuch,ANKLESVAR,-,-,-,-,-,-,-,-,21.631161,72.956485,07-08-2020 08:30,Other,,,,,Other,,,,,,,,7.8,,,Other,,Other,,Other,,Other,,,Other,0.33,,Other,,Other,,
160,AMLAKHADI AT PUNGAM ANKLESHWAR DISTT BHARUCH,CPCB,24,Gujarat,442,Bharuch,ANKLESVAR,-,-,-,-,-,-,-,-,21.631161,72.956485,03-09-2020 08:30,1.68,,,,,4.1,,,,,,,,8.1,,,Other,,Other,,Other,,Other,,,Other,0.09,,Other,,Other,,
161,AMLAKHADI AT PUNGAM ANKLESHWAR DISTT BHARUCH,CPCB,24,Gujarat,442,Bharuch,ANKLESVAR,-,-,-,-,-,-,-,-,21.631161,72.956485,03-10-2020 08:30,1.68,,,,,1.6,,,,,,,,7.8,,,Other,,Other,,1.156,,Other,,,Other,0.53,,Other,,Other,,
162,AMLAKHADI AT PUNGAM ANKLESHWAR DISTT BHARUCH,CPCB,24,Gujarat,442,Bharuch,ANKLESVAR,-,-,-,-,-,-,-,-,21.631161,72.956485,02-11-2020 08:30,5.6,,,,,Other,,,,,,,,7.4,,,Other,,Other,,Other,,Other,,,Other,Other,,Other,,Other,,
163,AMLAKHADI AT PUNGAM ANKLESHWAR DISTT BHARUCH,CPCB,24,Gujarat,442,Bharuch,ANKLESVAR,-,-,-,-,-,-,-,-,21.631161,72.956485,01-12-2020 08:30,5.6,,,,,4.2,,,,,,,,7.3,,,Clear,,Clear,,Clear,,Clear,,,Clear,Clear,,Clear,,Clear,,
164,AMLAKHADI CREEK AT PUNGAM.,CPCB,24,Gujarat,442,Bharuch,ANKLESVAR,-,-,-,-,-,-,-,-,21.615413,72.941847,03-01-2018 08:30,,,,,,1.6,,,,,,,,7.65,,,,,,,,,,,,,,,,,,,
165,AMLAKHADI CREEK AT PUNGAM.,CPCB,24,Gujarat,442,Bharuch,ANKLESVAR,-,-,-,-,-,-,-,-,21.615413,72.941847,01-02-2018 08:30,,,,,,,,,,,,,,7.65,,,,,,,,,,,,,,,,,,,
166,AMLAKHADI CREEK AT PUNGAM.,CPCB,24,Gujarat,442,Bharuch,ANKLESVAR,-,-,-,-,-,-,-,-,21.615413,72.941847,03-03-2018 08:30,,,,,,2.3,,,,,,,,7.71,,,,,,,,,,,,,,,,,,,
167,AMLAKHADI CREEK AT PUNGAM.,CPCB,24,Gujarat,442,Bharuch,ANKLESVAR,-,-,-,-,-,-,-,-,21.615413,72.941847,03-04-2018 08:30,,,,,,,,,,,,,,7.62,,,,,,,,,,,,,,,,,,,
168,AMLAKHADI CREEK AT PUNGAM.,CPCB,24,Gujarat,442,Bharuch,ANKLESVAR,-,-,-,-,-,-,-,-,21.615413,72.941847,03-05-2018 08:30,,,,,,,,,,,,,,7.71,,,,,,,,,,,,,,,,,,,
169,AMLAKHADI CREEK AT PUNGAM.,CPCB,24,Gujarat,442,Bharuch,ANKLESVAR,-,-,-,-,-,-,-,-,21.615413,72.941847,01-06-2018 08:30,,,,,,0.9,,,,,,,,8.05,,,,,,,,,,,,,,,,,,,
170,AMLAKHADI CREEK AT PUNGAM.,CPCB,24,Gujarat,442,Bharuch,ANKLESVAR,-,-,-,-,-,-,-,-,21.615413,72.941847,02-07-2018 08:30,,,,,,2.9,,,,,,,,7.6,,,,,,,,,,,,,,,,,,,
171,AMLAKHADI CREEK AT PUNGAM.,CPCB,24,Gujarat,442,Bharuch,ANKLESVAR,-,-,-,-,-,-,-,-,21.615413,72.941847,03-08-2018 08:30,,,,,,2.6,,,,,,,,7.53,,,,,,,,,,,,,,,,,,,
172,AMLAKHADI CREEK AT PUNGAM.,CPCB,24,Gujarat,442,Bharuch,ANKLESVAR,-,-,-,-,-,-,-,-,21.615413,72.941847,01-09-2018 08:30,,,,,,1,,,,,,,,7.4,,,,,,,,,,,,,,,,,,,
173,AMLAKHADI CREEK AT PUNGAM.,CPCB,24,Gujarat,442,Bharuch,ANKLESVAR,-,-,-,-,-,-,-,-,21.615413,72.941847,01-10-2018 08:30,,,,,,,,,,,,,,7.4,,,,,,,,,,,,,,,,,,,
174,AMLAKHADI CREEK AT PUNGAM.,CPCB,24,Gujarat,442,Bharuch,ANKLESVAR,-,-,-,-,-,-,-,-,21.615413,72.941847,01-11-2018 08:30,,,,,,1.2,,,,,,,,7.3,,,,,,,,,,,,,,,,,,,
175,AMLAKHADI CREEK AT PUNGAM.,CPCB,24,Gujarat,442,Bharuch,ANKLESVAR,-,-,-,-,-,-,-,-,21.615413,72.941847,01-12-2018 08:30,,,,,,3.3,,,,,,,,7.5,,,,,,,,,,,,,,,,,,,
176,AMLAKHADI CREEK AT PUNGAM.,CPCB,24,Gujarat,442,Bharuch,ANKLESVAR,-,-,-,-,-,-,-,-,21.615413,72.941847,01-01-2019 08:30,,,,,,2.6,,,,,,,,7.7,,,,,,,,,,,,,,,,,,,
177,AMLAKHADI CREEK AT PUNGAM.,CPCB,24,Gujarat,442,Bharuch,ANKLESVAR,-,-,-,-,-,-,-,-,21.615413,72.941847,02-02-2019 08:30,,,,,,,,,,,,,,7.6,,,,,,,,,,,,,,,,,,,
178,AMLAKHADI CREEK AT PUNGAM.,CPCB,24,Gujarat,442,Bharuch,ANKLESVAR,-,-,-,-,-,-,-,-,21.615413,72.941847,01-03-2019 08:30,,,,,,,,,,,,,,7.8,,,,,,,,,,,,,,,,,,,
179,AMLAKHADI CREEK AT PUNGAM.,CPCB,24,Gujarat,442,Bharuch,ANKLESVAR,-,-,-,-,-,-,-,-,21.615413,72.941847,02-04-2019 08:30,,,,,,4.2,,,,,,,,7.8,,,,,0.007,,,,0.001,,,,,,0.1,,,,
180,AMLAKHADI CREEK AT PUNGAM.,CPCB,24,Gujarat,442,Bharuch,ANKLESVAR,-,-,-,-,-,-,-,-,21.615413,72.941847,01-05-2019 08:30,,,,,,2.3,,,,,,,,7.5,,,,,,,,,,,,,,,,,,,
181,AMLAKHADI CREEK AT PUNGAM.,CPCB,24,Gujarat,442,Bharuch,ANKLESVAR,-,-,-,-,-,-,-,-,21.615413,72.941847,01-06-2019 08:30,,,,,,,,,,,,,,7.6,,,,,,,,,,,,,,,,,,,
182,AMLAKHADI CREEK AT PUNGAM.,CPCB,24,Gujarat,442,Bharuch,ANKLESVAR,-,-,-,-,-,-,-,-,21.615413,72.941847,02-07-2019 08:30,,,,,,1.2,,,,,,,,7,,,,,,,,,,,,,,,,,,,
183,AMLAKHADI CREEK AT PUNGAM.,CPCB,24,Gujarat,442,Bharuch,ANKLESVAR,-,-,-,-,-,-,-,-,21.615413,72.941847,02-08-2019 08:30,,,,,,4.4,,,,,,,,8.1,,,,,,,,,,,,,,,,,,,
184,AMLAKHADI CREEK AT PUNGAM.,CPCB,24,Gujarat,442,Bharuch,ANKLESVAR,-,-,-,-,-,-,-,-,21.615413,72.941847,03-09-2019 08:30,,,,,,3,,,,,,,,7.2,,,,,,,,,,,,,,,,,,,
185,AMLAKHADI CREEK AT PUNGAM.,CPCB,24,Gujarat,442,Bharuch,ANKLESVAR,-,-,-,-,-,-,-,-,21.615413,72.941847,03-10-2019 08:30,,,,,,4.4,,,,,,,,7.5,,,,,0.0004,,,,0.001,,,,,,0.1,,,,
186,AMLAKHADI CREEK AT PUNGAM.,CPCB,24,Gujarat,442,Bharuch,ANKLESVAR,-,-,-,-,-,-,-,-,21.615413,72.941847,01-11-2019 08:30,,,,,,4.7,,,,,,,,7.1,,,,,,,,,,,,,,,,,,,
187,AMLAKHADI CREEK AT PUNGAM.,CPCB,24,Gujarat,442,Bharuch,ANKLESVAR,-,-,-,-,-,-,-,-,21.615413,72.941847,03-12-2019 08:30,,,,,,1,,,,,,,,7.3,,,,,,,,,,,,,,,,,,,
188,AMLAKHADI CREEK AT PUNGAM.,CPCB,24,Gujarat,442,Bharuch,ANKLESVAR,-,-,-,-,-,-,-,-,21.615413,72.941847,01-01-2020 08:30,14.22,,,,,,,,,,,,,7.4,,,,,,,,,,,,,0.42,,,,,,
189,AMLAKHADI CREEK AT PUNGAM.,CPCB,24,Gujarat,442,Bharuch,ANKLESVAR,-,-,-,-,-,-,-,-,21.615413,72.941847,01-02-2020 08:30,Other,,,,,5,,,,,,,,7.5,,,Other,,Other,,Other,,Other,,,Other,0.52,,Other,,Other,,
190,AMLAKHADI CREEK AT PUNGAM.,CPCB,24,Gujarat,442,Bharuch,ANKLESVAR,-,-,-,-,-,-,-,-,21.615413,72.941847,03-03-2020 08:30,9.18,,,,,3,,,,,,,,7.8,,,Other,,Other,,Other,,Other,,,Other,0.51,,Other,,Other,,
191,AMLAKHADI CREEK AT PUNGAM.,CPCB,24,Gujarat,442,Bharuch,ANKLESVAR,-,-,-,-,-,-,-,-,21.615413,72.941847,08-04-2020 08:30,Other,,,,,Other,,,,,,,,7.6,,,Other,,Other,,0.106,,Other,,,Other,0.29,,Other,,Other,,
192,AMLAKHADI CREEK AT PUNGAM.,CPCB,24,Gujarat,442,Bharuch,ANKLESVAR,-,-,-,-,-,-,-,-,21.615413,72.941847,01-05-2020 08:30,6.66,,,,,3.6,,,,,,,,7.5,,,Other,,Other,,Other,,Other,,,Other,0.3,,Other,,Other,,
193,AMLAKHADI CREEK AT PUNGAM.,CPCB,24,Gujarat,442,Bharuch,ANKLESVAR,-,-,-,-,-,-,-,-,21.615413,72.941847,01-06-2020 08:30,6.66,,,,,3.6,,,,,,,,7.5,,,Other,,Other,,Other,,Other,,,Other,0.3,,Other,,Other,,
194,AMLAKHADI CREEK AT PUNGAM.,CPCB,24,Gujarat,442,Bharuch,ANKLESVAR,-,-,-,-,-,-,-,-,21.615413,72.941847,01-07-2020 08:30,7.34,,,,,3,,,,,,,,8.2,,,Clear,,Clear,,Clear,,Clear,,,Clear,0.54,,Clear,,Clear,,
195,AMLAKHADI CREEK AT PUNGAM.,CPCB,24,Gujarat,442,Bharuch,ANKLESVAR,-,-,-,-,-,-,-,-,21.615413,72.941847,07-08-2020 08:30,Other,,,,,Other,,,,,,,,7.7,,,Other,,Other,,Other,,Other,,,Other,0.62,,Other,,Other,,
196,AMLAKHADI CREEK AT PUNGAM.,CPCB,24,Gujarat,442,Bharuch,ANKLESVAR,-,-,-,-,-,-,-,-,21.615413,72.941847,03-09-2020 08:30,2.24,,,,,4.9,,,,,,,,7.9,,,Clear,,Clear,,Clear,,Clear,,,Clear,0.09,,Clear,,Clear,,
197,AMLAKHADI CREEK AT PUNGAM.,CPCB,24,Gujarat,442,Bharuch,ANKLESVAR,-,-,-,-,-,-,-,-,21.615413,72.941847,03-10-2020 08:30,1.12,,,,,1.4,,,,,,,,7.5,,,Other,,Other,,1.27,,Other,,,Other,0.54,,Other,,Other,,
198,AMLAKHADI CREEK AT PUNGAM.,CPCB,24,Gujarat,442,Bharuch,ANKLESVAR,-,-,-,-,-,-,-,-,21.615413,72.941847,02-11-2020 08:30,2.24,,,,,Clear,,,,,,,,7.4,,,Clear,,Clear,,Clear,,Clear,,,Clear,Clear,,Clear,,Clear,,
199,AMLAKHADI CREEK AT PUNGAM.,CPCB,24,Gujarat,442,Bharuch,ANKLESVAR,-,-,-,-,-,-,-,-,21.615413,72.941847,01-12-2020 08:30,7.28,,,,,3.9,,,,,,,,7.3,,,Clear,,Clear,,Clear,,Clear,,,Clear,Clear,,Clear,,Clear,,
200,AMRAVATI AT VILLAGE DADHAL  TA ANKLESHWAR BHARUCH,CPCB,24,Gujarat,442,Bharuch,ANKLESVAR,-,-,-,-,-,-,-,-,21.635384,73.064972,03-01-2018 08:30,,,,,,7,,,,,,,,8.37,,,,,,,,,,,,,,,,,,,
201,AMRAVATI AT VILLAGE DADHAL  TA ANKLESHWAR BHARUCH,CPCB,24,Gujarat,442,Bharuch,ANKLESVAR,-,-,-,-,-,-,-,-,21.635384,73.064972,01-02-2018 08:30,,,,,,6.5,,,,,,,,8.18,,,,,,,,,,,,,,,,,,,
202,AMRAVATI AT VILLAGE DADHAL  TA ANKLESHWAR BHARUCH,CPCB,24,Gujarat,442,Bharuch,ANKLESVAR,-,-,-,-,-,-,-,-,21.635384,73.064972,05-03-2018 08:30,,,,,,6.9,,,,,,,,8.27,,,,,,,,,,,,,,,,,,,
203,AMRAVATI AT VILLAGE DADHAL  TA ANKLESHWAR BHARUCH,CPCB,24,Gujarat,442,Bharuch,ANKLESVAR,-,-,-,-,-,-,-,-,21.635384,73.064972,04-04-2018 08:30,,,,,,7,,,,,,,,8.22,,,,,,,,,,,,,,,,,,,
204,AMRAVATI AT VILLAGE DADHAL  TA ANKLESHWAR BHARUCH,CPCB,24,Gujarat,442,Bharuch,ANKLESVAR,-,-,-,-,-,-,-,-,21.635384,73.064972,03-05-2018 08:30,,,,,,6.5,,,,,,,,7.72,,,,,,,,,,,,,,,,,,,
205,AMRAVATI AT VILLAGE DADHAL  TA ANKLESHWAR BHARUCH,CPCB,24,Gujarat,442,Bharuch,ANKLESVAR,-,-,-,-,-,-,-,-,21.635384,73.064972,01-06-2018 08:30,,,,,,4.3,,,,,,,,8.06,,,,,,,,,,,,,,,,,,,
206,AMRAVATI AT VILLAGE DADHAL  TA ANKLESHWAR BHARUCH,CPCB,24,Gujarat,442,Bharuch,ANKLESVAR,-,-,-,-,-,-,-,-,21.635384,73.064972,02-07-2018 08:30,,,,,,6.3,,,,,,,,8.24,,,,,,,,,,,,,,,,,,,
207,AMRAVATI AT VILLAGE DADHAL  TA ANKLESHWAR BHARUCH,CPCB,24,Gujarat,442,Bharuch,ANKLESVAR,-,-,-,-,-,-,-,-,21.635384,73.064972,01-08-2018 08:30,,,,,,5.9,,,,,,,,7.94,,,,,,,,,,,,,,,,,,,
208,AMRAVATI AT VILLAGE DADHAL  TA ANKLESHWAR BHARUCH,CPCB,24,Gujarat,442,Bharuch,ANKLESVAR,-,-,-,-,-,-,-,-,21.635384,73.064972,04-09-2018 08:30,,,,,,5.9,,,,,,,,7.9,,,,,,,,,,,,,,,,,,,
209,AMRAVATI AT VILLAGE DADHAL  TA ANKLESHWAR BHARUCH,CPCB,24,Gujarat,442,Bharuch,ANKLESVAR,-,-,-,-,-,-,-,-,21.635384,73.064972,01-10-2018 08:30,,,,,,6.1,,,,,,,,7.6,,,,,,,,,,,,,,,,,,,
210,AMRAVATI AT VILLAGE DADHAL  TA ANKLESHWAR BHARUCH,CPCB,24,Gujarat,442,Bharuch,ANKLESVAR,-,-,-,-,-,-,-,-,21.635384,73.064972,02-11-2018 08:30,,,,,,6.2,,,,,,,,7.9,,,,,,,,,,,,,,,,,,,
211,AMRAVATI AT VILLAGE DADHAL  TA ANKLESHWAR BHARUCH,CPCB,24,Gujarat,442,Bharuch,ANKLESVAR,-,-,-,-,-,-,-,-,21.635384,73.064972,03-12-2018 08:30,,,,,,6.2,,,,,,,,7.9,,,,,,,,,,,,,,,,,,,
212,AMRAVATI AT VILLAGE DADHAL  TA ANKLESHWAR BHARUCH,CPCB,24,Gujarat,442,Bharuch,ANKLESVAR,-,-,-,-,-,-,-,-,21.635384,73.064972,02-01-2019 08:30,,,,,,6.3,,,,,,,,7.7,,,,,,,,,,,,,,,,,,,
213,AMRAVATI AT VILLAGE DADHAL  TA ANKLESHWAR BHARUCH,CPCB,24,Gujarat,442,Bharuch,ANKLESVAR,-,-,-,-,-,-,-,-,21.635384,73.064972,04-02-2019 08:30,,,,,,6.2,,,,,,,,7.9,,,,,,,,,,,,,,,,,,,
214,AMRAVATI AT VILLAGE DADHAL  TA ANKLESHWAR BHARUCH,CPCB,24,Gujarat,442,Bharuch,ANKLESVAR,-,-,-,-,-,-,-,-,21.635384,73.064972,02-03-2019 08:30,,,,,,6.8,,,,,,,,7.8,,,,,,,,,,,,,,,,,,,
215,AMRAVATI AT VILLAGE DADHAL  TA ANKLESHWAR BHARUCH,CPCB,24,Gujarat,442,Bharuch,ANKLESVAR,-,-,-,-,-,-,-,-,21.635384,73.064972,03-04-2019 08:30,,,,,,6.2,,,,,,,,8,,,,,,,,,,,,,,,,,,,
216,AMRAVATI AT VILLAGE DADHAL  TA ANKLESHWAR BHARUCH,CPCB,24,Gujarat,442,Bharuch,ANKLESVAR,-,-,-,-,-,-,-,-,21.635384,73.064972,02-05-2019 08:30,,,,,,7,,,,,,,,8.2,,,,,,,,,,,,,,,,,,,
217,AMRAVATI AT VILLAGE DADHAL  TA ANKLESHWAR BHARUCH,CPCB,24,Gujarat,442,Bharuch,ANKLESVAR,-,-,-,-,-,-,-,-,21.635384,73.064972,04-06-2019 08:30,,,,,,6.4,,,,,,,,8.4,,,,,,,,,,,,,,,,,,,
218,AMRAVATI AT VILLAGE DADHAL  TA ANKLESHWAR BHARUCH,CPCB,24,Gujarat,442,Bharuch,ANKLESVAR,-,-,-,-,-,-,-,-,21.635384,73.064972,03-07-2019 08:30,,,,,,5.8,,,,,,,,7.7,,,,,,,,,,,,,,,,,,,
219,AMRAVATI AT VILLAGE DADHAL  TA ANKLESHWAR BHARUCH,CPCB,24,Gujarat,442,Bharuch,ANKLESVAR,-,-,-,-,-,-,-,-,21.635384,73.064972,05-08-2019 08:30,,,,,,6.6,,,,,,,,7.8,,,,,,,,,,,,,,,,,,,
220,AMRAVATI AT VILLAGE DADHAL  TA ANKLESHWAR BHARUCH,CPCB,24,Gujarat,442,Bharuch,ANKLESVAR,-,-,-,-,-,-,-,-,21.635384,73.064972,01-09-2019 08:30,,,,,,6.8,,,,,,,,7.9,,,,,,,,,,,,,,,,,,,
221,AMRAVATI AT VILLAGE DADHAL  TA ANKLESHWAR BHARUCH,CPCB,24,Gujarat,442,Bharuch,ANKLESVAR,-,-,-,-,-,-,-,-,21.635384,73.064972,02-10-2019 08:30,,,,,,6.8,,,,,,,,7.7,,,,,,,,,,,,,,,,,,,
222,AMRAVATI AT VILLAGE DADHAL  TA ANKLESHWAR BHARUCH,CPCB,24,Gujarat,442,Bharuch,ANKLESVAR,-,-,-,-,-,-,-,-,21.635384,73.064972,07-11-2019 08:30,,,,,,6.6,,,,,,,,7.7,,,,,,,,,,,,,,,,,,,
223,AMRAVATI AT VILLAGE DADHAL  TA ANKLESHWAR BHARUCH,CPCB,24,Gujarat,442,Bharuch,ANKLESVAR,-,-,-,-,-,-,-,-,21.635384,73.064972,04-12-2019 08:30,,,,,,7,,,,,,,,7.7,,,,,,,,,,,,,,,,,,,
224,AMRAVATI AT VILLAGE DADHAL  TA ANKLESHWAR BHARUCH,CPCB,24,Gujarat,442,Bharuch,ANKLESVAR,-,-,-,-,-,-,-,-,21.635384,73.064972,06-01-2020 08:30,,,,,,6.1,,,,,,,,7.6,,,,,,,,,,,,,0.35,,,,,,
225,AMRAVATI AT VILLAGE DADHAL  TA ANKLESHWAR BHARUCH,CPCB,24,Gujarat,442,Bharuch,ANKLESVAR,-,-,-,-,-,-,-,-,21.635384,73.064972,04-02-2020 08:30,Clear,,,,,6.7,,,,,,,,7.8,,,Clear,,Clear,,Clear,,Clear,,,Clear,0.32,,Clear,,Clear,,
226,AMRAVATI AT VILLAGE DADHAL  TA ANKLESHWAR BHARUCH,CPCB,24,Gujarat,442,Bharuch,ANKLESVAR,-,-,-,-,-,-,-,-,21.635384,73.064972,04-03-2020 08:30,Other,,,,,7.1,,,,,,,,7.4,,,Other,,Other,,Other,,Other,,,Other,0.3,,Other,,Other,,
227,AMRAVATI AT VILLAGE DADHAL  TA ANKLESHWAR BHARUCH,CPCB,24,Gujarat,442,Bharuch,ANKLESVAR,-,-,-,-,-,-,-,-,21.635384,73.064972,09-04-2020 08:30,Clear,,,,,6.4,,,,,,,,7.5,,,Clear,,0.011,,0.48,,Clear,,,Clear,0.24,,Clear,,Clear,,
228,AMRAVATI AT VILLAGE DADHAL  TA ANKLESHWAR BHARUCH,CPCB,24,Gujarat,442,Bharuch,ANKLESVAR,-,-,-,-,-,-,-,-,21.635384,73.064972,04-05-2020 08:30,Clear,,,,,6.2,,,,,,,,7.9,,,Clear,,Clear,,Clear,,Clear,,,Clear,0.25,,Clear,,Clear,,
229,AMRAVATI AT VILLAGE DADHAL  TA ANKLESHWAR BHARUCH,CPCB,24,Gujarat,442,Bharuch,ANKLESVAR,-,-,-,-,-,-,-,-,21.635384,73.064972,09-06-2020 08:30,Clear,,,,,6.2,,,,,,,,7.8,,,Clear,,Clear,,Clear,,Clear,,,Clear,0.28,,Clear,,Clear,,
230,AMRAVATI AT VILLAGE DADHAL  TA ANKLESHWAR BHARUCH,CPCB,24,Gujarat,442,Bharuch,ANKLESVAR,-,-,-,-,-,-,-,-,21.635384,73.064972,02-07-2020 08:30,Clear,,,,,6.5,,,,,,,,8.2,,,Clear,,Clear,,Clear,,Clear,,,Clear,0.3,,Clear,,Clear,,
231,AMRAVATI AT VILLAGE DADHAL  TA ANKLESHWAR BHARUCH,CPCB,24,Gujarat,442,Bharuch,ANKLESVAR,-,-,-,-,-,-,-,-,21.635384,73.064972,06-08-2020 08:30,Clear,,,,,6.4,,,,,,,,8.2,,,Clear,,Clear,,Clear,,Clear,,,Clear,0.16,,Clear,,Clear,,
232,AMRAVATI AT VILLAGE DADHAL  TA ANKLESHWAR BHARUCH,CPCB,24,Gujarat,442,Bharuch,ANKLESVAR,-,-,-,-,-,-,-,-,21.635384,73.064972,01-09-2020 08:30,1.68,,,,,7.7,,,,,,,,8,,,Clear,,Clear,,Clear,,Clear,,,Clear,0.18,,Clear,,Clear,,
233,AMRAVATI AT VILLAGE DADHAL  TA ANKLESHWAR BHARUCH,CPCB,24,Gujarat,442,Bharuch,ANKLESVAR,-,-,-,-,-,-,-,-,21.635384,73.064972,05-10-2020 08:30,2.24,,,,,7,,,,,,,,7.4,,,Clear,,Clear,,0.403,,Clear,,,Clear,0.2,,Clear,,Clear,,
234,AMRAVATI AT VILLAGE DADHAL  TA ANKLESHWAR BHARUCH,CPCB,24,Gujarat,442,Bharuch,ANKLESVAR,-,-,-,-,-,-,-,-,21.635384,73.064972,05-11-2020 08:30,2.8,,,,,8.2,,,,,,,,7.8,,,Clear,,Clear,,Clear,,Clear,,,Clear,Clear,,Clear,,Clear,,
235,AMRAVATI AT VILLAGE DADHAL  TA ANKLESHWAR BHARUCH,CPCB,24,Gujarat,442,Bharuch,ANKLESVAR,-,-,-,-,-,-,-,-,21.635384,73.064972,02-12-2020 08:30,Clear,,,,,7,,,,,,,,8,,,Clear,,Clear,,Clear,,Clear,,,Clear,Clear,,Clear,,Clear,,
236,ANAS AT DAHOD (KUSHALGARH) DIST. PANCHMAHAL,CPCB,24,Gujarat,445,Dohad,DOHAD,-,-,-,-,-,-,-,-,22.846264,74.291789,09-01-2018 08:30,,,,,,7.7,,,,,,,,8.26,,,,,,,,,,,,,,,,,,,
237,ANAS AT DAHOD (KUSHALGARH) DIST. PANCHMAHAL,CPCB,24,Gujarat,445,Dohad,DOHAD,-,-,-,-,-,-,-,-,22.846264,74.291789,05-02-2018 08:30,,,,,,6.8,,,,,,,,8.27,,,,,,,,,,,,,,,,,,,
238,ANAS AT DAHOD (KUSHALGARH) DIST. PANCHMAHAL,CPCB,24,Gujarat,445,Dohad,DOHAD,-,-,-,-,-,-,-,-,22.846264,74.291789,06-03-2018 08:30,,,,,,7.7,,,,,,,,8.35,,,,,,,,,,,,,,,,,,,
239,ANAS AT DAHOD (KUSHALGARH) DIST. PANCHMAHAL,CPCB,24,Gujarat,445,Dohad,DOHAD,-,-,-,-,-,-,-,-,22.846264,74.291789,03-04-2018 08:30,,,,,,7.4,,,,,,,,8.44,,,,,,,,,,,,,,,,,,,
240,ANAS AT DAHOD (KUSHALGARH) DIST. PANCHMAHAL,CPCB,24,Gujarat,445,Dohad,DOHAD,-,-,-,-,-,-,-,-,22.846264,74.291789,09-05-2018 08:30,,,,,,6.7,,,,,,,,8.5,,,,,,,,,,,,,,,,,,,
241,ANAS AT DAHOD (KUSHALGARH) DIST. PANCHMAHAL,CPCB,24,Gujarat,445,Dohad,DOHAD,-,-,-,-,-,-,-,-,22.846264,74.291789,01-06-2018 08:30,,,,,,7.2,,,,,,,,8.5,,,,,,,,,,,,,,,,,,,
242,ANAS AT DAHOD (KUSHALGARH) DIST. PANCHMAHAL,CPCB,24,Gujarat,445,Dohad,DOHAD,-,-,-,-,-,-,-,-,22.846264,74.291789,03-07-2018 08:30,,,,,,7,,,,,,,,8.2,,,,,,,,,,,,,,,,,,,
243,ANAS AT DAHOD (KUSHALGARH) DIST. PANCHMAHAL,CPCB,24,Gujarat,445,Dohad,DOHAD,-,-,-,-,-,-,-,-,22.846264,74.291789,21-08-2018 08:30,,,,,,7.5,,,,,,,,7.91,,,,,,,,,,,,,,,,,,,
244,ANAS AT DAHOD (KUSHALGARH) DIST. PANCHMAHAL,CPCB,24,Gujarat,445,Dohad,DOHAD,-,-,-,-,-,-,-,-,22.846264,74.291789,11-09-2018 08:30,,,,,,7.7,,,,,,,,8.4,,,,,,,,,,,,,,,,,,,
245,ANAS AT DAHOD (KUSHALGARH) DIST. PANCHMAHAL,CPCB,24,Gujarat,445,Dohad,DOHAD,-,-,-,-,-,-,-,-,22.846264,74.291789,11-10-2018 08:30,,,,,,7.2,,,,,,,,8.5,,,,,,,,,,,,,,,,,,,
246,ANAS AT DAHOD (KUSHALGARH) DIST. PANCHMAHAL,CPCB,24,Gujarat,445,Dohad,DOHAD,-,-,-,-,-,-,-,-,22.846264,74.291789,13-11-2018 08:30,,,,,,7.2,,,,,,,,7.3,,,,,,,,,,,,,,,,,,,
247,ANAS AT DAHOD (KUSHALGARH) DIST. PANCHMAHAL,CPCB,24,Gujarat,445,Dohad,DOHAD,-,-,-,-,-,-,-,-,22.846264,74.291789,07-12-2018 08:30,,,,,,7.3,,,,,,,,8.5,,,,,,,,,,,,,,,,,,,
248,ANAS AT DAHOD (KUSHALGARH) DIST. PANCHMAHAL,CPCB,24,Gujarat,445,Dohad,DOHAD,-,-,-,-,-,-,-,-,22.846264,74.291789,01-01-2019 08:30,,,,,,7.3,,,,,,,,8.5,,,,,,,,,,,,,,,,,,,
249,ANAS AT DAHOD (KUSHALGARH) DIST. PANCHMAHAL,CPCB,24,Gujarat,445,Dohad,DOHAD,-,-,-,-,-,-,-,-,22.846264,74.291789,05-02-2019 08:30,,,,,,6.5,,,,,,,,8.5,,,,,,,,,,,,,,,,,,,
250,ANAS AT DAHOD (KUSHALGARH) DIST. PANCHMAHAL,CPCB,24,Gujarat,445,Dohad,DOHAD,-,-,-,-,-,-,-,-,22.846264,74.291789,05-03-2019 08:30,,,,,,6.1,,,,,,,,8.5,,,,,,,,,,,,,,,,,,,
251,ANAS AT DAHOD (KUSHALGARH) DIST. PANCHMAHAL,CPCB,24,Gujarat,445,Dohad,DOHAD,-,-,-,-,-,-,-,-,22.846264,74.291789,02-04-2019 08:30,,,,,,6.8,,,,,,,,8.5,,,,,,,,,,,,,,,,,,,
252,ANAS AT DAHOD (KUSHALGARH) DIST. PANCHMAHAL,CPCB,24,Gujarat,445,Dohad,DOHAD,-,-,-,-,-,-,-,-,22.846264,74.291789,03-05-2019 08:30,,,,,,6.6,,,,,,,,8.5,,,,,,,,,,,,,,,,,,,
253,ANAS AT DAHOD (KUSHALGARH) DIST. PANCHMAHAL,CPCB,24,Gujarat,445,Dohad,DOHAD,-,-,-,-,-,-,-,-,22.846264,74.291789,03-06-2019 08:30,,,,,,7.1,,,,,,,,8.4,,,,,,,,,,,,,,,,,,,
254,ANAS AT DAHOD (KUSHALGARH) DIST. PANCHMAHAL,CPCB,24,Gujarat,445,Dohad,DOHAD,-,-,-,-,-,-,-,-,22.846264,74.291789,02-07-2019 08:30,,,,,,5.8,,,,,,,,7.6,,,,,,,,,,,,,,,,,,,
255,ANAS AT DAHOD (KUSHALGARH) DIST. PANCHMAHAL,CPCB,24,Gujarat,445,Dohad,DOHAD,-,-,-,-,-,-,-,-,22.846264,74.291789,01-08-2019 08:30,,,,,,7,,,,,,,,8.1,,,,,,,,,,,,,,,,,,,
256,ANAS AT DAHOD (KUSHALGARH) DIST. PANCHMAHAL,CPCB,24,Gujarat,445,Dohad,DOHAD,-,-,-,-,-,-,-,-,22.846264,74.291789,04-09-2019 08:30,,,,,,6.7,,,,,,,,8.2,,,,,,,,,,,,,,,,,,,
257,ANAS AT DAHOD (KUSHALGARH) DIST. PANCHMAHAL,CPCB,24,Gujarat,445,Dohad,DOHAD,-,-,-,-,-,-,-,-,22.846264,74.291789,01-10-2019 08:30,,,,,,7.7,,,,,,,,7.9,,,,,,,,,,,,,,,,,,,
258,ANAS AT DAHOD (KUSHALGARH) DIST. PANCHMAHAL,CPCB,24,Gujarat,445,Dohad,DOHAD,-,-,-,-,-,-,-,-,22.846264,74.291789,05-11-2019 08:30,,,,,,7.3,,,,,,,,8,,,,,,,,,,,,,,,,,,,
259,ANAS AT DAHOD (KUSHALGARH) DIST. PANCHMAHAL,CPCB,24,Gujarat,445,Dohad,DOHAD,-,-,-,-,-,-,-,-,22.846264,74.291789,03-12-2019 08:30,,,,,,6.8,,,,,,,,7.5,,,,,,,,,,,,,,,,,,,
260,ANAS AT DAHOD (KUSHALGARH) DIST. PANCHMAHAL,CPCB,24,Gujarat,445,Dohad,DOHAD,-,-,-,-,-,-,-,-,22.846264,74.291789,01-01-2020 08:30,0.56,,,,,8.2,,,,,,,,8.3,,,,,,,,,,,,,0.52,,,,,,
261,ANAS AT DAHOD (KUSHALGARH) DIST. PANCHMAHAL,CPCB,24,Gujarat,445,Dohad,DOHAD,-,-,-,-,-,-,-,-,22.846264,74.291789,04-02-2020 08:30,0.56,,,,,6.8,,,,,,,,8.3,,,Clear,,Clear,,Clear,,Clear,,,Clear,0.48,,Clear,,Clear,,
262,ANAS AT DAHOD (KUSHALGARH) DIST. PANCHMAHAL,CPCB,24,Gujarat,445,Dohad,DOHAD,-,-,-,-,-,-,-,-,22.846264,74.291789,04-03-2020 08:30,1.12,,,,,6.7,,,,,,,,8.1,,,Clear,,Clear,,Clear,,Clear,,,Clear,0.46,,Clear,,Clear,,
263,ANAS AT DAHOD (KUSHALGARH) DIST. PANCHMAHAL,CPCB,24,Gujarat,445,Dohad,DOHAD,-,-,-,-,-,-,-,-,22.846264,74.291789,08-04-2020 08:30,0.56,,,,,7.8,,,,,,,,8.3,,,Clear,,Clear,,0.09,,Clear,,,Clear,0.4,,Clear,,Clear,,
264,ANAS AT DAHOD (KUSHALGARH) DIST. PANCHMAHAL,CPCB,24,Gujarat,445,Dohad,DOHAD,-,-,-,-,-,-,-,-,22.846264,74.291789,01-05-2020 08:30,0.56,,,,,7.4,,,,,,,,8.4,,,Clear,,Clear,,Clear,,Clear,,,Clear,0.4,,Clear,,Clear,,
265,ANAS AT DAHOD (KUSHALGARH) DIST. PANCHMAHAL,CPCB,24,Gujarat,445,Dohad,DOHAD,-,-,-,-,-,-,-,-,22.846264,74.291789,02-06-2020 08:30,0.28,,,,,7.7,,,,,,,,8.3,,,Clear,,Clear,,Clear,,Clear,,,Clear,0.4,,Clear,,Clear,,
266,ANAS AT DAHOD (KUSHALGARH) DIST. PANCHMAHAL,CPCB,24,Gujarat,445,Dohad,DOHAD,-,-,-,-,-,-,-,-,22.846264,74.291789,01-07-2020 08:30,0.27,,,,,7.8,,,,,,,,8,,,Clear,,Clear,,Clear,,Clear,,,Clear,0.11,,Clear,,Clear,,
267,ANAS AT DAHOD (KUSHALGARH) DIST. PANCHMAHAL,CPCB,24,Gujarat,445,Dohad,DOHAD,-,-,-,-,-,-,-,-,22.846264,74.291789,05-08-2020 08:30,0.34,,,,,7.5,,,,,,,,8.3,,,Clear,,Clear,,Clear,,Clear,,,Clear,0.16,,Clear,,Clear,,
268,ANAS AT DAHOD (KUSHALGARH) DIST. PANCHMAHAL,CPCB,24,Gujarat,445,Dohad,DOHAD,-,-,-,-,-,-,-,-,22.846264,74.291789,01-09-2020 08:30,0.39,,,,,7.7,,,,,,,,7.9,,,Clear,,Clear,,Clear,,Clear,,,Clear,0.33,,Clear,,Clear,,
269,ANAS AT DAHOD (KUSHALGARH) DIST. PANCHMAHAL,CPCB,24,Gujarat,445,Dohad,DOHAD,-,-,-,-,-,-,-,-,22.846264,74.291789,06-10-2020 08:30,0.59,,,,,7.4,,,,,,,,8.3,,,Clear,,Clear,,0.071,,Clear,,,Clear,0.73,,Clear,,Clear,,
270,ANAS AT DAHOD (KUSHALGARH) DIST. PANCHMAHAL,CPCB,24,Gujarat,445,Dohad,DOHAD,-,-,-,-,-,-,-,-,22.846264,74.291789,03-11-2020 08:30,0.64,,,,,8.2,,,,,,,,8.1,,,Clear,,Clear,,Clear,,Clear,,,Clear,0.47,,Clear,,Clear,,
271,ANAS AT DAHOD (KUSHALGARH) DIST. PANCHMAHAL,CPCB,24,Gujarat,445,Dohad,DOHAD,-,-,-,-,-,-,-,-,22.846264,74.291789,02-12-2020 08:30,0.45,,,,,7.1,,,,,,,,8.2,,,Clear,,Clear,,Clear,,Clear,,,Clear,0.28,,Clear,,Clear,,
272,ANKLESHWAR (INDUSTRIAL AREA),CPCB,24,Gujarat,442,Bharuch,ANKLESVAR,-,-,-,-,-,-,-,-,21.626425,73.015197,03-04-2018 08:30,,,,,817,,2240,,,,,,,7.48,,,,360,,,0.06,204.4,,82.6,,,0.45,,,,,,
273,ANKLESHWAR (INDUSTRIAL AREA),CPCB,24,Gujarat,442,Bharuch,ANKLESVAR,-,-,-,-,-,-,-,-,21.626425,73.015197,02-10-2018 08:30,,,,,881,,2238,,,,,,,7.3,,,,420,,,,132.3,,65.61,,,,,,,,,
274,ANKLESHWAR (INDUSTRIAL AREA),CPCB,24,Gujarat,442,Bharuch,ANKLESVAR,-,-,-,-,-,-,-,-,21.626425,73.015197,07-04-2020 08:30,Clear,,,,,Clear,,,,,,,,Clear,,,Clear,,Clear,,Clear,,Clear,,,Clear,Clear,,Clear,,Clear,,
275,ANKLESHWAR (INDUSTRIAL AREA),CPCB,24,Gujarat,442,Bharuch,ANKLESVAR,-,-,-,-,-,-,-,-,21.626425,73.015197,08-10-2020 08:30,,,,,,,,,,,,,,,,,,,,,,,,,,,,,,,,,
276,ANKLESHWAR RESERVOIR AT GIDC ANKLESHWAR AT VALIA ROAD.,CPCB,24,Gujarat,442,Bharuch,ANKLESVAR,-,-,-,-,-,-,-,-,21.609869,73.007261,02-01-2018 08:30,0.4,,,,,7.1,,,,,,,,8.33,,,,,,,,,,,,,,,,,,,
277,ANKLESHWAR RESERVOIR AT GIDC ANKLESHWAR AT VALIA ROAD.,CPCB,24,Gujarat,442,Bharuch,ANKLESVAR,-,-,-,-,-,-,-,-,21.609869,73.007261,02-02-2018 08:30,,,,,,6.8,,,,,,,,8.52,,,,,,,,,,,,,,,,,,,
278,ANKLESHWAR RESERVOIR AT GIDC ANKLESHWAR AT VALIA ROAD.,CPCB,24,Gujarat,442,Bharuch,ANKLESVAR,-,-,-,-,-,-,-,-,21.609869,73.007261,01-03-2018 08:30,0.4,,,,,7.8,,,,,,,,8.44,,,,,,,,,,,,,,,,,,,
279,ANKLESHWAR RESERVOIR AT GIDC ANKLESHWAR AT VALIA ROAD.,CPCB,24,Gujarat,442,Bharuch,ANKLESVAR,-,-,-,-,-,-,-,-,21.609869,73.007261,03-04-2018 08:30,0.4,,,,,6.9,,,,,,,,9.62,,,,,,,,,,,,,,,,,,,
280,ANKLESHWAR RESERVOIR AT GIDC ANKLESHWAR AT VALIA ROAD.,CPCB,24,Gujarat,442,Bharuch,ANKLESVAR,-,-,-,-,-,-,-,-,21.609869,73.007261,03-05-2018 08:30,0.4,,,,,6.8,,,,,,,,8.56,,,,,,,,,,,,,,,,,,,
281,ANKLESHWAR RESERVOIR AT GIDC ANKLESHWAR AT VALIA ROAD.,CPCB,24,Gujarat,442,Bharuch,ANKLESVAR,-,-,-,-,-,-,-,-,21.609869,73.007261,02-06-2018 08:30,0.4,,,,,6.3,,,,,,,,8.08,,,,,,,,,,,,,,,,,,,
282,ANKLESHWAR RESERVOIR AT GIDC ANKLESHWAR AT VALIA ROAD.,CPCB,24,Gujarat,442,Bharuch,ANKLESVAR,-,-,-,-,-,-,-,-,21.609869,73.007261,04-07-2018 08:30,0.4,,,,,6.3,,,,,,,,8.18,,,,,,,,,,,,,,,,,,,
283,ANKLESHWAR RESERVOIR AT GIDC ANKLESHWAR AT VALIA ROAD.,CPCB,24,Gujarat,442,Bharuch,ANKLESVAR,-,-,-,-,-,-,-,-,21.609869,73.007261,02-08-2018 08:30,0.4,,,,,7.1,,,,,,,,7.27,,,,,,,,,,,,,,,,,,,
284,ANKLESHWAR RESERVOIR AT GIDC ANKLESHWAR AT VALIA ROAD.,CPCB,24,Gujarat,442,Bharuch,ANKLESVAR,-,-,-,-,-,-,-,-,21.609869,73.007261,01-09-2018 08:30,0.4,,,,,6.1,,,,,,,,7.5,,,,,,,,,,,,,,,,,,,
285,ANKLESHWAR RESERVOIR AT GIDC ANKLESHWAR AT VALIA ROAD.,CPCB,24,Gujarat,442,Bharuch,ANKLESVAR,-,-,-,-,-,-,-,-,21.609869,73.007261,02-10-2018 08:30,,,,,,6.6,,,,,,,,8.7,,,,,,,,,,,,,,,,,,,
286,ANKLESHWAR RESERVOIR AT GIDC ANKLESHWAR AT VALIA ROAD.,CPCB,24,Gujarat,442,Bharuch,ANKLESVAR,-,-,-,-,-,-,-,-,21.609869,73.007261,01-11-2018 08:30,0.4,,,,,6.1,,,,,,,,7.8,,,,,,,,,,,,,,,,,,,
287,ANKLESHWAR RESERVOIR AT GIDC ANKLESHWAR AT VALIA ROAD.,CPCB,24,Gujarat,442,Bharuch,ANKLESVAR,-,-,-,-,-,-,-,-,21.609869,73.007261,01-12-2018 08:30,,,,,,5.9,,,,,,,,8.5,,,,,,,,,,,,,,,,,3.1,,
288,ANKLESHWAR RESERVOIR AT GIDC ANKLESHWAR AT VALIA ROAD.,CPCB,24,Gujarat,442,Bharuch,ANKLESVAR,-,-,-,-,-,-,-,-,21.609869,73.007261,01-01-2019 08:30,,,,,,6.8,,,,,,,,8.1,,,,,,,,,,,,,,,,,,,
289,ANKLESHWAR RESERVOIR AT GIDC ANKLESHWAR AT VALIA ROAD.,CPCB,24,Gujarat,442,Bharuch,ANKLESVAR,-,-,-,-,-,-,-,-,21.609869,73.007261,04-02-2019 08:30,,,,,,6.7,,,,,,,,8.4,,,,,,,,,,,,,,,,,,,
290,ANKLESHWAR RESERVOIR AT GIDC ANKLESHWAR AT VALIA ROAD.,CPCB,24,Gujarat,442,Bharuch,ANKLESVAR,-,-,-,-,-,-,-,-,21.609869,73.007261,01-03-2019 08:30,,,,,,7.6,,,,,,,,8.6,,,,,,,,,,,,,,,,,,,
291,ANKLESHWAR RESERVOIR AT GIDC ANKLESHWAR AT VALIA ROAD.,CPCB,24,Gujarat,442,Bharuch,ANKLESVAR,-,-,-,-,-,-,-,-,21.609869,73.007261,01-05-2019 08:30,,,,,,6.7,,,,,,,,8,,,,,,,,,,,,,,,,,,,
292,ANKLESHWAR RESERVOIR AT GIDC ANKLESHWAR AT VALIA ROAD.,CPCB,24,Gujarat,442,Bharuch,ANKLESVAR,-,-,-,-,-,-,-,-,21.609869,73.007261,03-06-2019 08:30,,,,,,6.6,,,,,,,,8.4,,,,,,,,,,,,,,,,,,,
293,ANKLESHWAR RESERVOIR AT GIDC ANKLESHWAR AT VALIA ROAD.,CPCB,24,Gujarat,442,Bharuch,ANKLESVAR,-,-,-,-,-,-,-,-,21.609869,73.007261,01-07-2019 08:30,,,,,,6.6,,,,,,,,7.4,,,,,,,,,,,,,,,,,,,
294,ANKLESHWAR RESERVOIR AT GIDC ANKLESHWAR AT VALIA ROAD.,CPCB,24,Gujarat,442,Bharuch,ANKLESVAR,-,-,-,-,-,-,-,-,21.609869,73.007261,01-08-2019 08:30,,,,,,6.8,,,,,,,,8.1,,,,,,,,,,,,,,,,,,,
295,ANKLESHWAR RESERVOIR AT GIDC ANKLESHWAR AT VALIA ROAD.,CPCB,24,Gujarat,442,Bharuch,ANKLESVAR,-,-,-,-,-,-,-,-,21.609869,73.007261,03-09-2019 08:30,,,,,,7.1,,,,,,,,8.1,,,,,,,,,,,,,,,,,,,
296,ANKLESHWAR RESERVOIR AT GIDC ANKLESHWAR AT VALIA ROAD.,CPCB,24,Gujarat,442,Bharuch,ANKLESVAR,-,-,-,-,-,-,-,-,21.609869,73.007261,01-10-2019 08:30,,,,,,6.7,,,,,,,,7.6,,,,,,,,,,,,,,,,,,,
297,ANKLESHWAR RESERVOIR AT GIDC ANKLESHWAR AT VALIA ROAD.,CPCB,24,Gujarat,442,Bharuch,ANKLESVAR,-,-,-,-,-,-,-,-,21.609869,73.007261,06-11-2019 08:30,,,,,,6.8,,,,,,,,7.6,,,,,,,,,,,,,,,,,,,
298,ANKLESHWAR RESERVOIR AT GIDC ANKLESHWAR AT VALIA ROAD.,CPCB,24,Gujarat,442,Bharuch,ANKLESVAR,-,-,-,-,-,-,-,-,21.609869,73.007261,02-12-2019 08:30,,,,,,6.8,,,,,,,,8,,,,,,,,,,,,,,,,,,,
299,ANKLESHWAR RESERVOIR AT GIDC ANKLESHWAR AT VALIA ROAD.,CPCB,24,Gujarat,442,Bharuch,ANKLESVAR,-,-,-,-,-,-,-,-,21.609869,73.007261,01-01-2020 08:30,,,,,,7,,,,,,,,7.9,,,,,,,,,,,,,0.32,,,,,,
300,ANKLESHWAR RESERVOIR AT GIDC ANKLESHWAR AT VALIA ROAD.,CPCB,24,Gujarat,442,Bharuch,ANKLESVAR,-,-,-,-,-,-,-,-,21.609869,73.007261,03-02-2020 08:30,Clear,,,,,7.4,,,,,,,,8.2,,,Clear,,Clear,,Clear,,Clear,,,Clear,0.28,,Clear,,Clear,,
301,ANKLESHWAR RESERVOIR AT GIDC ANKLESHWAR AT VALIA ROAD.,CPCB,24,Gujarat,442,Bharuch,ANKLESVAR,-,-,-,-,-,-,-,-,21.609869,73.007261,02-03-2020 08:30,Turbid Green,,,,,6.1,,,,,,,,7.9,,,Turbid Green,,Turbid Green,,Turbid Green,,Turbid Green,,,Turbid Green,0.26,,Turbid Green,,Turbid Green,,
302,ANKLESHWAR RESERVOIR AT GIDC ANKLESHWAR AT VALIA ROAD.,CPCB,24,Gujarat,442,Bharuch,ANKLESVAR,-,-,-,-,-,-,-,-,21.609869,73.007261,07-04-2020 08:30,Clear,,,,,7.5,,,,,,,,8.1,,,Clear,,0.021,,0.233,,Clear,,,Clear,0.23,,Clear,,Clear,,
303,ANKLESHWAR RESERVOIR AT GIDC ANKLESHWAR AT VALIA ROAD.,CPCB,24,Gujarat,442,Bharuch,ANKLESVAR,-,-,-,-,-,-,-,-,21.609869,73.007261,01-05-2020 08:30,Clear,,,,,7.8,,,,,,,,8.4,,,Clear,,Clear,,Clear,,Clear,,,Clear,0.25,,Clear,,Clear,,
304,ANKLESHWAR RESERVOIR AT GIDC ANKLESHWAR AT VALIA ROAD.,CPCB,24,Gujarat,442,Bharuch,ANKLESVAR,-,-,-,-,-,-,-,-,21.609869,73.007261,02-06-2020 08:30,Clear,,,,,7.2,,,,,,,,7.9,,,Clear,,Clear,,Clear,,Clear,,,Clear,0.27,,Clear,,Clear,,
305,ANKLESHWAR RESERVOIR AT GIDC ANKLESHWAR AT VALIA ROAD.,CPCB,24,Gujarat,442,Bharuch,ANKLESVAR,-,-,-,-,-,-,-,-,21.609869,73.007261,01-07-2020 08:30,Clear,,,,,6.5,,,,,,,,8.3,,,Clear,,Clear,,Clear,,Clear,,,Clear,0.28,,Clear,,Clear,,
306,ANKLESHWAR RESERVOIR AT GIDC ANKLESHWAR AT VALIA ROAD.,CPCB,24,Gujarat,442,Bharuch,ANKLESVAR,-,-,-,-,-,-,-,-,21.609869,73.007261,05-08-2020 08:30,Clear,,,,,7,,,,,,,,8.3,,,Clear,,Clear,,Clear,,Clear,,,Clear,0.07,,Clear,,Clear,,
307,ANKLESHWAR RESERVOIR AT GIDC ANKLESHWAR AT VALIA ROAD.,CPCB,24,Gujarat,442,Bharuch,ANKLESVAR,-,-,-,-,-,-,-,-,21.609869,73.007261,02-09-2020 08:30,Clear,,,,,6.7,,,,,,,,7.9,,,Clear,,Clear,,Clear,,Clear,,,Clear,0.14,,Clear,,Clear,,
308,ANKLESHWAR RESERVOIR AT GIDC ANKLESHWAR AT VALIA ROAD.,CPCB,24,Gujarat,442,Bharuch,ANKLESVAR,-,-,-,-,-,-,-,-,21.609869,73.007261,01-10-2020 08:30,Clear,,,,,7.1,,,,,,,,7.8,,,Clear,,Clear,,0.895,,Clear,,,Clear,0.19,,Clear,,Clear,,
309,ANKLESHWAR RESERVOIR AT GIDC ANKLESHWAR AT VALIA ROAD.,CPCB,24,Gujarat,442,Bharuch,ANKLESVAR,-,-,-,-,-,-,-,-,21.609869,73.007261,02-11-2020 08:30,Clear,,,,,7.2,,,,,,,,7.3,,,Clear,,Clear,,Clear,,Clear,,,Clear,Clear,,Clear,,Clear,,
310,ANKLESHWAR RESERVOIR AT GIDC ANKLESHWAR AT VALIA ROAD.,CPCB,24,Gujarat,442,Bharuch,ANKLESVAR,-,-,-,-,-,-,-,-,21.609869,73.007261,02-12-2020 08:30,Clear,,,,,6.4,,,,,,,,7.8,,,Clear,,Clear,,Clear,,Clear,,,Clear,Clear,,Clear,,Clear,,
311,AT LAVACHA TEMPLE SILVASSA,CPCB,24,Gujarat,462,Valsad,PARDI,-,-,-,-,-,-,-,-,20.298797,72.976956,30-01-2018 08:30,,,,,,6.1,,,,,,,,8.25,,,,,,,,,,,,,,,,,,,
312,AT LAVACHA TEMPLE SILVASSA,CPCB,24,Gujarat,462,Valsad,PARDI,-,-,-,-,-,-,-,-,20.298797,72.976956,25-02-2018 08:30,,,,,,6.2,,,,,,,,8.41,,,,,,,,,,,,,,,,,,,
313,AT LAVACHA TEMPLE SILVASSA,CPCB,24,Gujarat,462,Valsad,PARDI,-,-,-,-,-,-,-,-,20.298797,72.976956,25-03-2018 08:30,,,,,,4.8,,,,,,,,7.92,,,,,,,,,,,,,,,,,,,
314,AT LAVACHA TEMPLE SILVASSA,CPCB,24,Gujarat,462,Valsad,PARDI,-,-,-,-,-,-,-,-,20.298797,72.976956,26-04-2018 08:30,,,,,,5.9,,,,,,,,7.97,,,,,,,,,,,,,,,,,,,
315,AT LAVACHA TEMPLE SILVASSA,CPCB,24,Gujarat,462,Valsad,PARDI,-,-,-,-,-,-,-,-,20.298797,72.976956,24-05-2018 08:30,,,,,,5.2,,,,,,,,7.77,,,,,,,,,,,,,,,,,,,
316,AT LAVACHA TEMPLE SILVASSA,CPCB,24,Gujarat,462,Valsad,PARDI,-,-,-,-,-,-,-,-,20.298797,72.976956,06-06-2018 08:30,,,,,,6.8,,,,,,,,8.04,,,,,,,,,,,,,,,,,,,
317,AT LAVACHA TEMPLE SILVASSA,CPCB,24,Gujarat,462,Valsad,PARDI,-,-,-,-,-,-,-,-,20.298797,72.976956,24-07-2018 08:30,,,,,,6.2,,,,,,,,7.38,,,,,,,,,,,,,,,,,,,
318,AT LAVACHA TEMPLE SILVASSA,CPCB,24,Gujarat,462,Valsad,PARDI,-,-,-,-,-,-,-,-,20.298797,72.976956,03-08-2018 08:30,,,,,,5.7,,,,,,,,8.31,,,,,,,,,,,,,,,,,,,
319,AT LAVACHA TEMPLE SILVASSA,CPCB,24,Gujarat,462,Valsad,PARDI,-,-,-,-,-,-,-,-,20.298797,72.976956,12-09-2018 08:30,,,,,,5.9,,,,,,,,7.42,,,,,,,,,,,,,,,,,,,
320,AT LAVACHA TEMPLE SILVASSA,CPCB,24,Gujarat,462,Valsad,PARDI,-,-,-,-,-,-,-,-,20.298797,72.976956,15-10-2018 08:30,,,,,,5.4,,,,,,,,8.18,,,,,,,,,,,,,,,,,,,
321,AT LAVACHA TEMPLE SILVASSA,CPCB,24,Gujarat,462,Valsad,PARDI,-,-,-,-,-,-,-,-,20.298797,72.976956,16-11-2018 08:30,,,,,,6.1,,,,,,,,7.7,,,,,,,,,,,,,,,,,,,
322,AT LAVACHA TEMPLE SILVASSA,CPCB,24,Gujarat,462,Valsad,PARDI,-,-,-,-,-,-,-,-,20.298797,72.976956,14-12-2018 08:30,,,,,,6.7,,,,,,,,7.8,,,,,,,,,,,,,,,,,,,
323,AT LAVACHA TEMPLE SILVASSA,CPCB,24,Gujarat,462,Valsad,PARDI,-,-,-,-,-,-,-,-,20.298797,72.976956,23-01-2019 08:30,,,,,,6.8,,,,,,,,7.9,,,,,,,,,,,,,,,,,,,
324,AT LAVACHA TEMPLE SILVASSA,CPCB,24,Gujarat,462,Valsad,PARDI,-,-,-,-,-,-,-,-,20.298797,72.976956,22-02-2019 08:30,,,,,,6.3,,,,,,,,7.6,,,,,,,,,,,,,,,,,,,
325,AT LAVACHA TEMPLE SILVASSA,CPCB,24,Gujarat,462,Valsad,PARDI,-,-,-,-,-,-,-,-,20.298797,72.976956,25-03-2019 08:30,,,,,,6.7,,,,,,,,7.9,,,,,,,,,,,,,,,,,,,
326,AT LAVACHA TEMPLE SILVASSA,CPCB,24,Gujarat,462,Valsad,PARDI,-,-,-,-,-,-,-,-,20.298797,72.976956,12-04-2019 08:30,,,,,,6.2,,,,,,,,7.6,,,,,,,,,,,,,,,,,,,
327,AT LAVACHA TEMPLE SILVASSA,CPCB,24,Gujarat,462,Valsad,PARDI,-,-,-,-,-,-,-,-,20.298797,72.976956,17-05-2019 08:30,,,,,,6.5,,,,,,,,7.3,,,,,,,,,,,,,,,,,,,
328,AT LAVACHA TEMPLE SILVASSA,CPCB,24,Gujarat,462,Valsad,PARDI,-,-,-,-,-,-,-,-,20.298797,72.976956,20-06-2019 08:30,,,,,,4.5,,,,,,,,7.2,,,,,,,,,,,,,,,,,,,
329,AT LAVACHA TEMPLE SILVASSA,CPCB,24,Gujarat,462,Valsad,PARDI,-,-,-,-,-,-,-,-,20.298797,72.976956,18-07-2019 08:30,,,,,,5.1,,,,,,,,7.8,,,,,,,,,,,,,,,,,,,
330,AT LAVACHA TEMPLE SILVASSA,CPCB,24,Gujarat,462,Valsad,PARDI,-,-,-,-,-,-,-,-,20.298797,72.976956,21-08-2019 08:30,,,,,,6.5,,,,,,,,7.8,,,,,,,,,,,,,,,,,,,
331,AT LAVACHA TEMPLE SILVASSA,CPCB,24,Gujarat,462,Valsad,PARDI,-,-,-,-,-,-,-,-,20.298797,72.976956,25-09-2019 08:30,,,,,,6.6,,,,,,,,7.6,,,,,,,,,,,,,,,,,,,
332,AT LAVACHA TEMPLE SILVASSA,CPCB,24,Gujarat,462,Valsad,PARDI,-,-,-,-,-,-,-,-,20.298797,72.976956,18-10-2019 08:30,,,,,,6.4,,,,,,,,7.9,,,,,,,,,,,,,,,,,,,
333,AT LAVACHA TEMPLE SILVASSA,CPCB,24,Gujarat,462,Valsad,PARDI,-,-,-,-,-,-,-,-,20.298797,72.976956,13-11-2019 08:30,,,,,,6.1,,,,,,,,8.2,,,,,,,,,,,,,,,,,,,
334,AT LAVACHA TEMPLE SILVASSA,CPCB,24,Gujarat,462,Valsad,PARDI,-,-,-,-,-,-,-,-,20.298797,72.976956,17-12-2019 08:30,,,,,,6.5,,,,,,,,8.3,,,,,,,,,,,,,,,,,,,
335,AT LAVACHA TEMPLE SILVASSA,CPCB,24,Gujarat,462,Valsad,PARDI,-,-,-,-,-,-,-,-,20.298797,72.976956,29-01-2020 08:30,,,,,,6.5,,,,,,,,8.1,,,,,,,0.204,,,,,,0.1,,,,,,
336,AT LAVACHA TEMPLE SILVASSA,CPCB,24,Gujarat,462,Valsad,PARDI,-,-,-,-,-,-,-,-,20.298797,72.976956,12-02-2020 08:30,2,,,,,6.3,,,,,,,,8,,,Clear,,Clear,,0.209,,Clear,,,Clear,0.1,,Clear,,Clear,,
337,AT LAVACHA TEMPLE SILVASSA,CPCB,24,Gujarat,462,Valsad,PARDI,-,-,-,-,-,-,-,-,20.298797,72.976956,20-03-2020 08:30,Clear,,,,,5.9,,,,,,,,8.1,,,Clear,,Clear,,0.112,,Clear,,,Clear,0.1,,Clear,,Clear,,
338,AT LAVACHA TEMPLE SILVASSA,CPCB,24,Gujarat,462,Valsad,PARDI,-,-,-,-,-,-,-,-,20.298797,72.976956,24-06-2020 08:30,Clear,,,,,6.6,,,,,,,,8,,,Clear,,Clear,,Clear,,Clear,,,Clear,0.2,,Clear,,Clear,,
339,AT LAVACHA TEMPLE SILVASSA,CPCB,24,Gujarat,462,Valsad,PARDI,-,-,-,-,-,-,-,-,20.298797,72.976956,28-07-2020 08:30,Clear,,,,,5.9,,,,,,,,7.3,,,Clear,,Clear,,0.222,,Clear,,,Clear,0.3,,Clear,,Clear,,
340,AT LAVACHA TEMPLE SILVASSA,CPCB,24,Gujarat,462,Valsad,PARDI,-,-,-,-,-,-,-,-,20.298797,72.976956,26-08-2020 08:30,Clear,,,,,6.1,,,,,,,,7.8,,,Clear,,Clear,,1.368,,Clear,,,Clear,0.1,,Clear,,Clear,,
341,AT LAVACHA TEMPLE SILVASSA,CPCB,24,Gujarat,462,Valsad,PARDI,-,-,-,-,-,-,-,-,20.298797,72.976956,21-09-2020 08:30,Clear,,,,,7,,,,,,,,7.9,,,Clear,,Clear,,0.317,,Clear,,,Clear,0.1,,Clear,,Clear,,
342,AT LAVACHA TEMPLE SILVASSA,CPCB,24,Gujarat,462,Valsad,PARDI,-,-,-,-,-,-,-,-,20.298797,72.976956,13-10-2020 08:30,Clear,,,,,7.1,,,,,,,,7.9,,,Clear,,Clear,,0.208,,Clear,,,Clear,0.1,,Clear,,Clear,,
343,AT LAVACHA TEMPLE SILVASSA,CPCB,24,Gujarat,462,Valsad,PARDI,-,-,-,-,-,-,-,-,20.298797,72.976956,24-11-2020 08:30,Clear,,,,,7.3,,,,,,,,8.4,,,Clear,,Clear,,0.933,,Clear,,,Clear,0.1,,Clear,,Clear,,
344,AT LAVACHA TEMPLE SILVASSA,CPCB,24,Gujarat,462,Valsad,PARDI,-,-,-,-,-,-,-,-,20.298797,72.976956,29-12-2020 08:30,2,,,,,7,,,,,,,,7.8,,,0.01,,0.003,,1.483,,0.001,,,Clear,3.6,,0.01,,Clear,,
345,ATUL VILLAGE G.W (VALSAD),CPCB,24,Gujarat,462,Valsad,VALSAD,-,-,-,-,-,-,-,-,20.537319,72.941042,04-04-2018 08:30,,,,,501,,1174,,,,,,,7.14,,,,229,,,,40.08,,19.38,,,,,,,,,
346,ATUL VILLAGE G.W (VALSAD),CPCB,24,Gujarat,462,Valsad,VALSAD,-,-,-,-,-,-,-,-,20.537319,72.941042,05-10-2018 08:30,,,,,67,,220,,,,,,,7.24,,,,117.2,,,0.3,13.63,,15.51,,,,,,0.14,,,
347,ATUL VILLAGE G.W (VALSAD),CPCB,24,Gujarat,462,Valsad,VALSAD,-,-,-,-,-,-,-,-,20.537319,72.941042,04-04-2019 08:30,,,,,115,,10,,,,,,,8,,,0.01,210,0.002,0.06,0.21,20,,17,,,,0.02,,0.01,,,
348,ATUL VILLAGE G.W (VALSAD),CPCB,24,Gujarat,462,Valsad,VALSAD,-,-,-,-,-,-,-,-,20.537319,72.941042,03-10-2019 08:30,,,,,125,,364,,,,,,,7.9,,,,,,,,16,,17,,,,,,,,,
349,ATUL VILLAGE G.W (VALSAD),CPCB,24,Gujarat,462,Valsad,VALSAD,-,-,-,-,-,-,-,-,20.537319,72.941042,09-04-2020 08:30,0.29,,,,,4.5,,,,,,,,7.5,,,Clear,,Clear,,0.139,,Clear,,,Clear,0.2,,Clear,,0.18,,
350,ATUL VILLAGE G.W (VALSAD),CPCB,24,Gujarat,462,Valsad,VALSAD,-,-,-,-,-,-,-,-,20.537319,72.941042,01-10-2020 08:30,0.28,,,,,5.9,,,,,,,,7.9,,,Clear,,Clear,,1.247,,Clear,,,Clear,0.46,,0.02,,Clear,,
351,AT VILLAGE NAMDHA VAPI,CPCB,24,Gujarat,462,Valsad,UMBERGAON,-,-,-,-,-,-,-,-,20.363842,72.883264,30-01-2018 08:30,,,,,,4.9,,,,,,,,8.31,,,,,,,,,,,,,,,,,,,
352,AT VILLAGE NAMDHA VAPI,CPCB,24,Gujarat,462,Valsad,UMBERGAON,-,-,-,-,-,-,-,-,20.363842,72.883264,25-02-2018 08:30,,,,,,5.6,,,,,,,,8.46,,,,,,,,,,,,,,,,,,,
353,AT VILLAGE NAMDHA VAPI,CPCB,24,Gujarat,462,Valsad,UMBERGAON,-,-,-,-,-,-,-,-,20.363842,72.883264,25-03-2018 08:30,,,,,,6,,,,,,,,7.01,,,,,,,,,,,,,,,,,,,
354,AT VILLAGE NAMDHA VAPI,CPCB,24,Gujarat,462,Valsad,UMBERGAON,-,-,-,-,-,-,-,-,20.363842,72.883264,26-04-2018 08:30,,,,,,6.6,,,,,,,,7.2,,,,,,,,,,,,,,,,,,,
355,AT VILLAGE NAMDHA VAPI,CPCB,24,Gujarat,462,Valsad,UMBERGAON,-,-,-,-,-,-,-,-,20.363842,72.883264,24-05-2018 08:30,,,,,,5.8,,,,,,,,7.7,,,,,,,,,,,,,,,,,,,
356,AT VILLAGE NAMDHA VAPI,CPCB,24,Gujarat,462,Valsad,UMBERGAON,-,-,-,-,-,-,-,-,20.363842,72.883264,06-06-2018 08:30,,,,,,4.6,,,,,,,,8.12,,,,,,,,,,,,,,,,,,,
357,AT VILLAGE NAMDHA VAPI,CPCB,24,Gujarat,462,Valsad,UMBERGAON,-,-,-,-,-,-,-,-,20.363842,72.883264,24-07-2018 08:30,,,,,,5.6,,,,,,,,7.27,,,,,,,,,,,,,,,,,,,
358,AT VILLAGE NAMDHA VAPI,CPCB,24,Gujarat,462,Valsad,UMBERGAON,-,-,-,-,-,-,-,-,20.363842,72.883264,03-08-2018 08:30,,,,,,6.1,,,,,,,,7.83,,,,,,,,,,,,,,,,,,,
359,AT VILLAGE NAMDHA VAPI,CPCB,24,Gujarat,462,Valsad,UMBERGAON,-,-,-,-,-,-,-,-,20.363842,72.883264,12-09-2018 08:30,,,,,,5.6,,,,,,,,7.55,,,,,,,,,,,,,,,,,,,
360,AT VILLAGE NAMDHA VAPI,CPCB,24,Gujarat,462,Valsad,UMBERGAON,-,-,-,-,-,-,-,-,20.363842,72.883264,15-10-2018 08:30,,,,,,6.1,,,,,,,,7.44,,,,,,,,,,,,,,,,,,,
361,AT VILLAGE NAMDHA VAPI,CPCB,24,Gujarat,462,Valsad,UMBERGAON,-,-,-,-,-,-,-,-,20.363842,72.883264,16-11-2018 08:30,,,,,,5.5,,,,,,,,7.33,,,,,,,,,,,,,,,,,,,
362,AT VILLAGE NAMDHA VAPI,CPCB,24,Gujarat,462,Valsad,UMBERGAON,-,-,-,-,-,-,-,-,20.363842,72.883264,14-12-2018 08:30,,,,,,4.5,,,,,,,,7.5,,,,,,,,,,,,,,,,,,,
363,AT VILLAGE NAMDHA VAPI,CPCB,24,Gujarat,462,Valsad,UMBERGAON,-,-,-,-,-,-,-,-,20.363842,72.883264,23-01-2019 08:30,,,,,,4.7,,,,,,,,7.4,,,,,,,,,,,,,,,,,,,
364,AT VILLAGE NAMDHA VAPI,CPCB,24,Gujarat,462,Valsad,UMBERGAON,-,-,-,-,-,-,-,-,20.363842,72.883264,22-02-2019 08:30,,,,,,4.1,,,,,,,,7.3,,,,,,,,,,,,,,,,,,,
365,AT VILLAGE NAMDHA VAPI,CPCB,24,Gujarat,462,Valsad,UMBERGAON,-,-,-,-,-,-,-,-,20.363842,72.883264,25-03-2019 08:30,,,,,,3.8,,,,,,,,7.7,,,,,,,,,,,,,,,,,,,
366,AT VILLAGE NAMDHA VAPI,CPCB,24,Gujarat,462,Valsad,UMBERGAON,-,-,-,-,-,-,-,-,20.363842,72.883264,12-04-2019 08:30,,,,,,3.4,,,,,,,,7.9,,,,,,,,,,,,,,,,,,,
367,AT VILLAGE NAMDHA VAPI,CPCB,24,Gujarat,462,Valsad,UMBERGAON,-,-,-,-,-,-,-,-,20.363842,72.883264,17-05-2019 08:30,,,,,,4.1,,,,,,,,7.9,,,,,,,,,,,,,,,,,,,
368,AT VILLAGE NAMDHA VAPI,CPCB,24,Gujarat,462,Valsad,UMBERGAON,-,-,-,-,-,-,-,-,20.363842,72.883264,20-06-2019 08:30,,,,,,3.9,,,,,,,,7.5,,,,,,,,,,,,,,,,,,,
369,AT VILLAGE NAMDHA VAPI,CPCB,24,Gujarat,462,Valsad,UMBERGAON,-,-,-,-,-,-,-,-,20.363842,72.883264,18-07-2019 08:30,,,,,,5.5,,,,,,,,7.3,,,,,,,,,,,,,,,,,,,
370,AT VILLAGE NAMDHA VAPI,CPCB,24,Gujarat,462,Valsad,UMBERGAON,-,-,-,-,-,-,-,-,20.363842,72.883264,21-08-2019 08:30,,,,,,6.2,,,,,,,,7.5,,,,,,,,,,,,,,,,,,,
371,AT VILLAGE NAMDHA VAPI,CPCB,24,Gujarat,462,Valsad,UMBERGAON,-,-,-,-,-,-,-,-,20.363842,72.883264,25-09-2019 08:30,,,,,,6,,,,,,,,7.6,,,,,,,,,,,,,,,,,,,
372,AT VILLAGE NAMDHA VAPI,CPCB,24,Gujarat,462,Valsad,UMBERGAON,-,-,-,-,-,-,-,-,20.363842,72.883264,18-10-2019 08:30,,,,,,4.6,,,,,,,,7.9,,,,,,,,,,,,,,,,,,,
373,AT VILLAGE NAMDHA VAPI,CPCB,24,Gujarat,462,Valsad,UMBERGAON,-,-,-,-,-,-,-,-,20.363842,72.883264,13-11-2019 08:30,,,,,,4.5,,,,,,,,7.7,,,,,,,,,,,,,,,,,,,
374,AT VILLAGE NAMDHA VAPI,CPCB,24,Gujarat,462,Valsad,UMBERGAON,-,-,-,-,-,-,-,-,20.363842,72.883264,17-12-2019 08:30,,,,,,4.3,,,,,,,,7.6,,,,,,,,,,,,,,,,,,,
375,AT VILLAGE NAMDHA VAPI,CPCB,24,Gujarat,462,Valsad,UMBERGAON,-,-,-,-,-,-,-,-,20.363842,72.883264,29-01-2020 08:30,9.4,,,,,4.5,,,,,,,,7.4,,,,,0.009,,0.809,,,,,,2,,,,,,
376,AT VILLAGE NAMDHA VAPI,CPCB,24,Gujarat,462,Valsad,UMBERGAON,-,-,-,-,-,-,-,-,20.363842,72.883264,12-02-2020 08:30,4,,,,,4.2,,,,,,,,7.4,,,Clear,,Clear,,0.747,,Clear,,,Clear,1.5,,Clear,,Clear,,
377,AT VILLAGE NAMDHA VAPI,CPCB,24,Gujarat,462,Valsad,UMBERGAON,-,-,-,-,-,-,-,-,20.363842,72.883264,20-03-2020 08:30,2.8,,,,,4.3,,,,,,,,6.9,,,Clear,,Clear,,0.215,,Clear,,,Clear,2.1,,Clear,,Clear,,
378,AT VILLAGE NAMDHA VAPI,CPCB,24,Gujarat,462,Valsad,UMBERGAON,-,-,-,-,-,-,-,-,20.363842,72.883264,14-04-2020 08:30,Clear,,,,,5,,,,,,,,7.9,,,Clear,,Clear,,Clear,,Clear,,,Clear,0.4,,Clear,,Clear,,
379,AT VILLAGE NAMDHA VAPI,CPCB,24,Gujarat,462,Valsad,UMBERGAON,-,-,-,-,-,-,-,-,20.363842,72.883264,07-05-2020 08:30,Clear,,,,,5.6,,,,,,,,8.1,,,Clear,,Clear,,Clear,,Clear,,,Clear,0.7,,Clear,,Clear,,
380,AT VILLAGE NAMDHA VAPI,CPCB,24,Gujarat,462,Valsad,UMBERGAON,-,-,-,-,-,-,-,-,20.363842,72.883264,24-06-2020 08:30,8.4,,,,,3.5,,,,,,,,7.7,,,Clear,,Clear,,0.851,,Clear,,,Clear,2.1,,Clear,,Clear,,
381,AT VILLAGE NAMDHA VAPI,CPCB,24,Gujarat,462,Valsad,UMBERGAON,-,-,-,-,-,-,-,-,20.363842,72.883264,28-07-2020 08:30,Clear,,,,,5.2,,,,,,,,7.3,,,Clear,,Clear,,1.278,,Clear,,,Clear,0.4,,Clear,,Clear,,
382,AT VILLAGE NAMDHA VAPI,CPCB,24,Gujarat,462,Valsad,UMBERGAON,-,-,-,-,-,-,-,-,20.363842,72.883264,26-08-2020 08:30,Other,,,,,6.1,,,,,,,,7.8,,,Other,,Other,,0.856,,Other,,,Other,0.1,,Other,,Other,,
383,AT VILLAGE NAMDHA VAPI,CPCB,24,Gujarat,462,Valsad,UMBERGAON,-,-,-,-,-,-,-,-,20.363842,72.883264,21-09-2020 08:30,2.3,,,,,5.7,,,,,,,,7.7,,,Clear,,Clear,,0.539,,Clear,,,Clear,0.6,,Clear,,Clear,,
384,AT VILLAGE NAMDHA VAPI,CPCB,24,Gujarat,462,Valsad,UMBERGAON,-,-,-,-,-,-,-,-,20.363842,72.883264,13-10-2020 08:30,Clear,,,,,5.6,,,,,,,,7.6,,,Clear,,0.003,,0.302,,Clear,,,Clear,0.8,,Clear,,Clear,,
385,AT VILLAGE NAMDHA VAPI,CPCB,24,Gujarat,462,Valsad,UMBERGAON,-,-,-,-,-,-,-,-,20.363842,72.883264,24-11-2020 08:30,7.7,,,,,5.2,,,,,,,,7.7,,,Other,,Other,,2.829,,Other,,,Other,1,,Other,,Other,,
386,AT VILLAGE NAMDHA VAPI,CPCB,24,Gujarat,462,Valsad,UMBERGAON,-,-,-,-,-,-,-,-,20.363842,72.883264,29-12-2020 08:30,8.1,,,,,5.8,,,,,,,,7.74,,,0.01,,0.003,,0.949,,0.001,,,Other,3.4,,0.01,,Other,,
387,BALEHWAR KHADI AT N.H. NO. 8,CPCB,24,Gujarat,459,Surat,SURAT CITY,-,-,-,-,-,-,-,-,21.223442,72.89572,03-01-2018 08:30,,,,,,5,,,,,,,,7.63,,,,,,,,,,,,,,,,,,,
388,BALEHWAR KHADI AT N.H. NO. 8,CPCB,24,Gujarat,459,Surat,SURAT CITY,-,-,-,-,-,-,-,-,21.223442,72.89572,01-02-2018 08:30,,,,,,6,,,,,,,,7.95,,,,,,,,,,,,,,,,,,,
389,BALEHWAR KHADI AT N.H. NO. 8,CPCB,24,Gujarat,459,Surat,SURAT CITY,-,-,-,-,-,-,-,-,21.223442,72.89572,05-03-2018 08:30,,,,,,6,,,,,,,,7.2,,,,,,,,,,,,,,,,,,,
390,BALEHWAR KHADI AT N.H. NO. 8,CPCB,24,Gujarat,459,Surat,SURAT CITY,-,-,-,-,-,-,-,-,21.223442,72.89572,03-04-2018 08:30,,,,,,6.9,,,,,,,,8.08,,,,,,,,,,,,,,,,,,,
391,BALEHWAR KHADI AT N.H. NO. 8,CPCB,24,Gujarat,459,Surat,SURAT CITY,-,-,-,-,-,-,-,-,21.223442,72.89572,02-05-2018 08:30,,,,,,6.8,,,,,,,,7.07,,,,,,,,,,,,,,,,,,,
392,BALEHWAR KHADI AT N.H. NO. 8,CPCB,24,Gujarat,459,Surat,SURAT CITY,-,-,-,-,-,-,-,-,21.223442,72.89572,02-06-2018 08:30,,,,,,6.1,,,,,,,,7.82,,,,,,,,,,,,,,,,,,,
393,BALEHWAR KHADI AT N.H. NO. 8,CPCB,24,Gujarat,459,Surat,SURAT CITY,-,-,-,-,-,-,-,-,21.223442,72.89572,04-07-2018 08:30,,,,,,6.5,,,,,,,,6.99,,,,,,,,,,,,,,,,,,,
394,BALEHWAR KHADI AT N.H. NO. 8,CPCB,24,Gujarat,459,Surat,SURAT CITY,-,-,-,-,-,-,-,-,21.223442,72.89572,01-08-2018 08:30,,,,,,6.1,,,,,,,,7.85,,,,,,,,,,,,,,,,,,,
395,BALEHWAR KHADI AT N.H. NO. 8,CPCB,24,Gujarat,459,Surat,SURAT CITY,-,-,-,-,-,-,-,-,21.223442,72.89572,06-09-2018 08:30,,,,,,6.1,,,,,,,,7.9,,,,,,,,,,,,,,,,,,,
396,BALEHWAR KHADI AT N.H. NO. 8,CPCB,24,Gujarat,459,Surat,SURAT CITY,-,-,-,-,-,-,-,-,21.223442,72.89572,03-10-2018 08:30,,,,,,6.6,,,,,,,,7.77,,,,,,,,,,,,,,,,,,,
397,BALEHWAR KHADI AT N.H. NO. 8,CPCB,24,Gujarat,459,Surat,SURAT CITY,-,-,-,-,-,-,-,-,21.223442,72.89572,02-11-2018 08:30,,,,,,6.9,,,,,,,,7.15,,,,,,,,,,,,,,,,,,,
398,BALEHWAR KHADI AT N.H. NO. 8,CPCB,24,Gujarat,459,Surat,SURAT CITY,-,-,-,-,-,-,-,-,21.223442,72.89572,04-12-2018 08:30,,,,,,6.8,,,,,,,,7.9,,,,,,,,,,,,,,,,,,,
399,BALEHWAR KHADI AT N.H. NO. 8,CPCB,24,Gujarat,459,Surat,SURAT CITY,-,-,-,-,-,-,-,-,21.223442,72.89572,02-01-2019 08:30,,,,,,6.5,,,,,,,,7.4,,,,,,,,,,,,,,,,,,,
400,BALEHWAR KHADI AT N.H. NO. 8,CPCB,24,Gujarat,459,Surat,SURAT CITY,-,-,-,-,-,-,-,-,21.223442,72.89572,04-02-2019 08:30,,,,,,6.9,,,,,,,,7.9,,,,,,,,,,,,,,,,,,,
401,BALEHWAR KHADI AT N.H. NO. 8,CPCB,24,Gujarat,459,Surat,SURAT CITY,-,-,-,-,-,-,-,-,21.223442,72.89572,02-03-2019 08:30,,,,,,6.9,,,,,,,,7.1,,,,,,,,,,,,,,,,,,,
402,BALEHWAR KHADI AT N.H. NO. 8,CPCB,24,Gujarat,459,Surat,SURAT CITY,-,-,-,-,-,-,-,-,21.223442,72.89572,02-04-2019 08:30,,,,,,6.3,,,,,,,,8.2,,,,,,,,,,,,,,,,,,,
403,BALEHWAR KHADI AT N.H. NO. 8,CPCB,24,Gujarat,459,Surat,SURAT CITY,-,-,-,-,-,-,-,-,21.223442,72.89572,02-05-2019 08:30,,,,,,5.8,,,,,,,,7.7,,,,,,,,,,,,,,,,,,,
404,BALEHWAR KHADI AT N.H. NO. 8,CPCB,24,Gujarat,459,Surat,SURAT CITY,-,-,-,-,-,-,-,-,21.223442,72.89572,04-06-2019 08:30,,,,,,5.3,,,,,,,,7.4,,,,,,,,,,,,,,,,,,,
405,BALEHWAR KHADI AT N.H. NO. 8,CPCB,24,Gujarat,459,Surat,SURAT CITY,-,-,-,-,-,-,-,-,21.223442,72.89572,03-07-2019 08:30,,,,,,5.7,,,,,,,,7.5,,,,,,,,,,,,,,,,,,,
406,BALEHWAR KHADI AT N.H. NO. 8,CPCB,24,Gujarat,459,Surat,SURAT CITY,-,-,-,-,-,-,-,-,21.223442,72.89572,01-08-2019 08:30,,,,,,7,,,,,,,,7.1,,,,,,,,,,,,,,,,,,,
407,BALEHWAR KHADI AT N.H. NO. 8,CPCB,24,Gujarat,459,Surat,SURAT CITY,-,-,-,-,-,-,-,-,21.223442,72.89572,04-09-2019 08:30,,,,,,6.8,,,,,,,,7.5,,,,,,,,,,,,,,,,,,,
408,BALEHWAR KHADI AT N.H. NO. 8,CPCB,24,Gujarat,459,Surat,SURAT CITY,-,-,-,-,-,-,-,-,21.223442,72.89572,03-10-2019 08:30,,,,,,6.7,,,,,,,,7.6,,,,,,,,,,,,,,,,,,,
409,BALEHWAR KHADI AT N.H. NO. 8,CPCB,24,Gujarat,459,Surat,SURAT CITY,-,-,-,-,-,-,-,-,21.223442,72.89572,06-11-2019 08:30,,,,,,6.6,,,,,,,,7.6,,,,,,,,,,,,,,,,,,,
410,BALEHWAR KHADI AT N.H. NO. 8,CPCB,24,Gujarat,459,Surat,SURAT CITY,-,-,-,-,-,-,-,-,21.223442,72.89572,03-12-2019 08:30,,,,,,6.6,,,,,,,,7.7,,,,,,,,,,,,,,,,,,,
411,BALEHWAR KHADI AT N.H. NO. 8,CPCB,24,Gujarat,459,Surat,SURAT CITY,-,-,-,-,-,-,-,-,21.223442,72.89572,01-01-2020 08:30,1.12,,,,,6.7,,,,,,,,7.1,,,,,,,,,,,,,1.2,,,,,,
412,BALEHWAR KHADI AT N.H. NO. 8,CPCB,24,Gujarat,459,Surat,SURAT CITY,-,-,-,-,-,-,-,-,21.223442,72.89572,06-02-2020 08:30,1.4,,,,,7.1,,,,,,,,7.9,,,Clear,,Clear,,Clear,,Clear,,,Clear,0.09,,Clear,,Clear,,
413,BALEHWAR KHADI AT N.H. NO. 8,CPCB,24,Gujarat,459,Surat,SURAT CITY,-,-,-,-,-,-,-,-,21.223442,72.89572,03-03-2020 08:30,1.12,,,,,6.7,,,,,,,,7.5,,,Light Brown,,Light Brown,,Light Brown,,Light Brown,,,Light Brown,0.1,,Light Brown,,Light Brown,,
414,BALEHWAR KHADI AT N.H. NO. 8,CPCB,24,Gujarat,459,Surat,SURAT CITY,-,-,-,-,-,-,-,-,21.223442,72.89572,06-04-2020 08:30,0.84,,,,,7,,,,,,,,7.4,,,Clear,,Clear,,0.39,,Clear,,,Clear,0.06,,Clear,,Clear,,
415,BALEHWAR KHADI AT N.H. NO. 8,CPCB,24,Gujarat,459,Surat,SURAT CITY,-,-,-,-,-,-,-,-,21.223442,72.89572,05-05-2020 08:30,0.84,,,,,7,,,,,,,,7.2,,,Clear,,Clear,,Clear,,Clear,,,Clear,0.06,,Clear,,Clear,,
416,BALEHWAR KHADI AT N.H. NO. 8,CPCB,24,Gujarat,459,Surat,SURAT CITY,-,-,-,-,-,-,-,-,21.223442,72.89572,03-06-2020 08:30,0.56,,,,,7,,,,,,,,7.5,,,Clear,,Clear,,Clear,,Clear,,,Clear,0.08,,Clear,,Clear,,
417,BALEHWAR KHADI AT N.H. NO. 8,CPCB,24,Gujarat,459,Surat,SURAT CITY,-,-,-,-,-,-,-,-,21.223442,72.89572,07-07-2020 08:30,0.84,,,,,7,,,,,,,,7.8,,,Other,,Other,,Other,,Other,,,Other,0.05,,Other,,Other,,
418,BALEHWAR KHADI AT N.H. NO. 8,CPCB,24,Gujarat,459,Surat,SURAT CITY,-,-,-,-,-,-,-,-,21.223442,72.89572,05-08-2020 08:30,0.84,,,,,6.9,,,,,,,,7.6,,,Other,,Other,,Other,,Other,,,Other,0.16,,Other,,Other,,
419,BALEHWAR KHADI AT N.H. NO. 8,CPCB,24,Gujarat,459,Surat,SURAT CITY,-,-,-,-,-,-,-,-,21.223442,72.89572,02-09-2020 08:30,0.28,,,,,5.9,,,,,,,,7.1,,,Clear,,Clear,,Clear,,Clear,,,Clear,0.12,,Clear,,Clear,,
420,BALEHWAR KHADI AT N.H. NO. 8,CPCB,24,Gujarat,459,Surat,SURAT CITY,-,-,-,-,-,-,-,-,21.223442,72.89572,01-10-2020 08:30,0.28,,,,,6.8,,,,,,,,7.2,,,Clear,,Clear,,Clear,,Clear,,,Clear,0.1,,Clear,,Clear,,
421,BALEHWAR KHADI AT N.H. NO. 8,CPCB,24,Gujarat,459,Surat,SURAT CITY,-,-,-,-,-,-,-,-,21.223442,72.89572,02-11-2020 08:30,0.28,,,,,7.3,,,,,,,,7.7,,,Clear,,Clear,,Clear,,Clear,,,Clear,0.15,,Clear,,Clear,,
422,BALEHWAR KHADI AT N.H. NO. 8,CPCB,24,Gujarat,459,Surat,SURAT CITY,-,-,-,-,-,-,-,-,21.223442,72.89572,01-12-2020 08:30,0.56,,,,,4.9,,,,,,,,7.7,,,Clear,,Clear,,Clear,,Clear,,,Clear,0.19,,Clear,,Clear,,
423,BHADAR D/S JETPUR VILL. AFTER CONF. OF W.WATER FROM JETPUR CITY,CPCB,24,Gujarat,457,Rajkot,DHORAJI,-,-,-,-,-,-,-,-,21.763115,70.424313,03-01-2018 08:30,,,,,,,,,,,,,,8.53,,,,,,,,,,,,,,,,,,,
424,BHADAR D/S JETPUR VILL. AFTER CONF. OF W.WATER FROM JETPUR CITY,CPCB,24,Gujarat,457,Rajkot,DHORAJI,-,-,-,-,-,-,-,-,21.763115,70.424313,02-02-2018 08:30,,,,,,,,,,,,,,7.16,,,,,,,,,,,,,,,,,,,
425,BHADAR D/S JETPUR VILL. AFTER CONF. OF W.WATER FROM JETPUR CITY,CPCB,24,Gujarat,457,Rajkot,DHORAJI,-,-,-,-,-,-,-,-,21.763115,70.424313,07-03-2018 08:30,,,,,,,,,,,,,,7.76,,,,,,,,,,,,,,,,,,,
426,BHADAR D/S JETPUR VILL. AFTER CONF. OF W.WATER FROM JETPUR CITY,CPCB,24,Gujarat,457,Rajkot,DHORAJI,-,-,-,-,-,-,-,-,21.763115,70.424313,03-04-2018 08:30,,,,,,,,,,,,,,7.9,,,,,,,,,,,,,,,,,,,
427,BHADAR D/S JETPUR VILL. AFTER CONF. OF W.WATER FROM JETPUR CITY,CPCB,24,Gujarat,457,Rajkot,DHORAJI,-,-,-,-,-,-,-,-,21.763115,70.424313,02-05-2018 08:30,,,,,,,,,,,,,,8.59,,,,,,,,,,,,,,,,,,,
428,BHADAR D/S JETPUR VILL. AFTER CONF. OF W.WATER FROM JETPUR CITY,CPCB,24,Gujarat,457,Rajkot,DHORAJI,-,-,-,-,-,-,-,-,21.763115,70.424313,13-06-2018 08:30,,,,,,,,,,,,,,7.99,,,,,,,,,,,,,,,,,,,
429,BHADAR D/S JETPUR VILL. AFTER CONF. OF W.WATER FROM JETPUR CITY,CPCB,24,Gujarat,457,Rajkot,DHORAJI,-,-,-,-,-,-,-,-,21.763115,70.424313,03-07-2018 08:30,,,,,,,,,,,,,,7.37,,,,,,,,,,,,,,,,,,,
430,BHADAR D/S JETPUR VILL. AFTER CONF. OF W.WATER FROM JETPUR CITY,CPCB,24,Gujarat,457,Rajkot,DHORAJI,-,-,-,-,-,-,-,-,21.763115,70.424313,02-08-2018 08:30,,,,,,,,,,,,,,8.32,,,,,,,,,,,,,,,,,,,
431,BHADAR D/S JETPUR VILL. AFTER CONF. OF W.WATER FROM JETPUR CITY,CPCB,24,Gujarat,457,Rajkot,DHORAJI,-,-,-,-,-,-,-,-,21.763115,70.424313,06-09-2018 08:30,,,,,,0.6,,,,,,,,7.55,,,,,,,,,,,,,,,,,,,
432,BHADAR D/S JETPUR VILL. AFTER CONF. OF W.WATER FROM JETPUR CITY,CPCB,24,Gujarat,457,Rajkot,DHORAJI,-,-,-,-,-,-,-,-,21.763115,70.424313,09-10-2018 08:30,,,,,,,,,,,,,,7,,,,,,,,,,,,,,,,,,,
433,BHADAR D/S JETPUR VILL. AFTER CONF. OF W.WATER FROM JETPUR CITY,CPCB,24,Gujarat,457,Rajkot,DHORAJI,-,-,-,-,-,-,-,-,21.763115,70.424313,03-11-2018 08:30,,,,,,,,,,,,,,7.7,,,,,,,,,,,,,,,,,,,
434,BHADAR D/S JETPUR VILL. AFTER CONF. OF W.WATER FROM JETPUR CITY,CPCB,24,Gujarat,457,Rajkot,DHORAJI,-,-,-,-,-,-,-,-,21.763115,70.424313,04-01-2019 08:30,,,,,,,,,,,,,,7.4,,,,,,,,,,,,,,,,,,,
435,BHADAR D/S JETPUR VILL. AFTER CONF. OF W.WATER FROM JETPUR CITY,CPCB,24,Gujarat,457,Rajkot,DHORAJI,-,-,-,-,-,-,-,-,21.763115,70.424313,06-02-2019 08:30,,,,,,,,,,,,,,7.8,,,,,,,,,,,,,,,,,,,
436,BHADAR D/S JETPUR VILL. AFTER CONF. OF W.WATER FROM JETPUR CITY,CPCB,24,Gujarat,457,Rajkot,DHORAJI,-,-,-,-,-,-,-,-,21.763115,70.424313,01-03-2019 08:30,,,,,,,,,,,,,,7.7,,,,,,,,,,,,,,,,,,,
437,BHADAR D/S JETPUR VILL. AFTER CONF. OF W.WATER FROM JETPUR CITY,CPCB,24,Gujarat,457,Rajkot,DHORAJI,-,-,-,-,-,-,-,-,21.763115,70.424313,02-04-2019 08:30,,,,,,,,,,,,,,7.7,,,,,,,,,,,,,,,,,,,
438,BHADAR D/S JETPUR VILL. AFTER CONF. OF W.WATER FROM JETPUR CITY,CPCB,24,Gujarat,457,Rajkot,DHORAJI,-,-,-,-,-,-,-,-,21.763115,70.424313,01-05-2019 08:30,,,,,,,,,,,,,,7.4,,,,,,,,,,,,,,,,,,,
439,BHADAR D/S JETPUR VILL. AFTER CONF. OF W.WATER FROM JETPUR CITY,CPCB,24,Gujarat,457,Rajkot,DHORAJI,-,-,-,-,-,-,-,-,21.763115,70.424313,04-06-2019 08:30,,,,,,,,,,,,,,7.5,,,,,,,,,,,,,,,,,,,
440,BHADAR D/S JETPUR VILL. AFTER CONF. OF W.WATER FROM JETPUR CITY,CPCB,24,Gujarat,457,Rajkot,DHORAJI,-,-,-,-,-,-,-,-,21.763115,70.424313,05-07-2019 08:30,,,,,,,,,,,,,,7.5,,,,,,,,,,,,,,,,,,,
441,BHADAR D/S JETPUR VILL. AFTER CONF. OF W.WATER FROM JETPUR CITY,CPCB,24,Gujarat,457,Rajkot,DHORAJI,-,-,-,-,-,-,-,-,21.763115,70.424313,02-08-2019 08:30,,,,,,,,,,,,,,8.8,,,,,,,,,,,,,,,,,,,
442,BHADAR D/S JETPUR VILL. AFTER CONF. OF W.WATER FROM JETPUR CITY,CPCB,24,Gujarat,457,Rajkot,DHORAJI,-,-,-,-,-,-,-,-,21.763115,70.424313,05-09-2019 08:30,,,,,,3.4,,,,,,,,8.3,,,,,,,,,,,,,,,,,,,
443,BHADAR D/S JETPUR VILL. AFTER CONF. OF W.WATER FROM JETPUR CITY,CPCB,24,Gujarat,457,Rajkot,DHORAJI,-,-,-,-,-,-,-,-,21.763115,70.424313,04-10-2019 08:30,,,,,,6.7,,,,,,,,7.7,,,,,,,,,,,,,,,,,,,
444,BHADAR D/S JETPUR VILL. AFTER CONF. OF W.WATER FROM JETPUR CITY,CPCB,24,Gujarat,457,Rajkot,DHORAJI,-,-,-,-,-,-,-,-,21.763115,70.424313,05-11-2019 08:30,,,,,,5.7,,,,,,,,7.5,,,,,,,,,,,,,,,,,,,
445,BHADAR D/S JETPUR VILL. AFTER CONF. OF W.WATER FROM JETPUR CITY,CPCB,24,Gujarat,457,Rajkot,DHORAJI,-,-,-,-,-,-,-,-,21.763115,70.424313,03-12-2019 08:30,,,,,,3.8,,,,,,,,7.9,,,,,,,,,,,,,,,,,,,
446,BHADAR D/S JETPUR VILL. AFTER CONF. OF W.WATER FROM JETPUR CITY,CPCB,24,Gujarat,457,Rajkot,DHORAJI,-,-,-,-,-,-,-,-,21.763115,70.424313,02-01-2020 08:30,6.65,,,,,,,,,,,,,8.1,,,,,,,,,,,,,0.29,,,,13.89,,
447,BHADAR D/S JETPUR VILL. AFTER CONF. OF W.WATER FROM JETPUR CITY,CPCB,24,Gujarat,457,Rajkot,DHORAJI,-,-,-,-,-,-,-,-,21.763115,70.424313,04-02-2020 08:30,9.19,,,,,Other,,,,,,,,7.3,,,Other,,Other,,Other,,Other,,,Other,0.21,,Other,,13.35,,
448,BHADAR D/S JETPUR VILL. AFTER CONF. OF W.WATER FROM JETPUR CITY,CPCB,24,Gujarat,457,Rajkot,DHORAJI,-,-,-,-,-,-,-,-,21.763115,70.424313,03-03-2020 08:30,12.32,,,,,Other,,,,,,,,7.9,,,Other,,Other,,Other,,Other,,,Other,0.23,,Other,,13.22,,
449,BHADAR D/S JETPUR VILL. AFTER CONF. OF W.WATER FROM JETPUR CITY,CPCB,24,Gujarat,457,Rajkot,DHORAJI,-,-,-,-,-,-,-,-,21.763115,70.424313,02-04-2020 08:30,13.58,,,,,Brown,,,,,,,,7.8,,,Brown,,Brown,,0.526,,Brown,,,Brown,0.06,,Brown,,32.6,,
450,BHADAR D/S JETPUR VILL. AFTER CONF. OF W.WATER FROM JETPUR CITY,CPCB,24,Gujarat,457,Rajkot,DHORAJI,-,-,-,-,-,-,-,-,21.763115,70.424313,04-05-2020 08:30,16.43,,,,,4.3,,,,,,,,7.6,,,Clear,,Clear,,Clear,,Clear,,,Clear,0.11,,Clear,,13.35,,
451,BHADAR D/S JETPUR VILL. AFTER CONF. OF W.WATER FROM JETPUR CITY,CPCB,24,Gujarat,457,Rajkot,DHORAJI,-,-,-,-,-,-,-,-,21.763115,70.424313,03-06-2020 08:30,11.14,,,,,1.2,,,,,,,,7.6,,,Other,,Other,,Other,,Other,,,Other,0.13,,Other,,12.97,,
452,BHADAR D/S JETPUR VILL. AFTER CONF. OF W.WATER FROM JETPUR CITY,CPCB,24,Gujarat,457,Rajkot,DHORAJI,-,-,-,-,-,-,-,-,21.763115,70.424313,01-07-2020 08:30,9.52,,,,,0,,,,,,,,7.9,,,Other,,Other,,Other,,Other,,,Other,0.13,,Other,,10.86,,
453,BHADAR D/S JETPUR VILL. AFTER CONF. OF W.WATER FROM JETPUR CITY,CPCB,24,Gujarat,457,Rajkot,DHORAJI,-,-,-,-,-,-,-,-,21.763115,70.424313,05-08-2020 08:30,1.12,,,,,0.6,,,,,,,,8.4,,,Other,,Other,,Other,,Other,,,Other,0.16,,Other,,9.03,,
454,BHADAR D/S JETPUR VILL. AFTER CONF. OF W.WATER FROM JETPUR CITY,CPCB,24,Gujarat,457,Rajkot,DHORAJI,-,-,-,-,-,-,-,-,21.763115,70.424313,02-09-2020 08:30,0.56,,,,,7.2,,,,,,,,7.9,,,Clear,,Clear,,Clear,,Clear,,,Clear,0.07,,Clear,,3.2,,
455,BHADAR D/S JETPUR VILL. AFTER CONF. OF W.WATER FROM JETPUR CITY,CPCB,24,Gujarat,457,Rajkot,DHORAJI,-,-,-,-,-,-,-,-,21.763115,70.424313,01-10-2020 08:30,0.84,,,,,5.1,,,,,,,,7.8,,,Clear,,Clear,,Clear,,Clear,,,Clear,0.18,,Clear,,Clear,,
456,BHADAR D/S JETPUR VILL. AFTER CONF. OF W.WATER FROM JETPUR CITY,CPCB,24,Gujarat,457,Rajkot,DHORAJI,-,-,-,-,-,-,-,-,21.763115,70.424313,03-11-2020 08:30,0.56,,,,,4.1,,,,,,,,7.7,,,Other,,Other,,Other,,Other,,,Other,0.19,,Other,,2.75,,
457,BHADAR D/S JETPUR VILL. AFTER CONF. OF W.WATER FROM JETPUR CITY,CPCB,24,Gujarat,457,Rajkot,DHORAJI,-,-,-,-,-,-,-,-,21.763115,70.424313,01-12-2020 08:30,0.56,,,,,5,,,,,,,,7.8,,,Other,,Other,,Other,,Other,,,Other,1.07,,Other,,2.88,,
458,BHOGAVO RIVER D/S OF SURENDRANAGAR.,CPCB,24,Gujarat,460,Surendranagar,WADHWAN,-,-,-,-,-,-,-,-,22.715528,71.672688,01-01-2018 08:30,,,,,,5.8,,,,,,,,7.24,,,,,,,,,,,,,,,,,,,
459,BHOGAVO RIVER D/S OF SURENDRANAGAR.,CPCB,24,Gujarat,460,Surendranagar,WADHWAN,-,-,-,-,-,-,-,-,22.715528,71.672688,02-02-2018 08:30,,,,,,5,,,,,,,,7.53,,,,,,,,,,,,,,,,,,,
460,BHOGAVO RIVER D/S OF SURENDRANAGAR.,CPCB,24,Gujarat,460,Surendranagar,WADHWAN,-,-,-,-,-,-,-,-,22.715528,71.672688,03-03-2018 08:30,,,,,,4.8,,,,,,,,7.44,,,,,,,,,,,,,,,,,,,
461,BHOGAVO RIVER D/S OF SURENDRANAGAR.,CPCB,24,Gujarat,460,Surendranagar,WADHWAN,-,-,-,-,-,-,-,-,22.715528,71.672688,03-04-2018 08:30,,,,,,4.3,,,,,,,,7.85,,,,,,,,,,,,,,,,,,,
462,BHOGAVO RIVER D/S OF SURENDRANAGAR.,CPCB,24,Gujarat,460,Surendranagar,WADHWAN,-,-,-,-,-,-,-,-,22.715528,71.672688,03-05-2018 08:30,,,,,,3.1,,,,,,,,7.78,,,,,,,,,,,,,,,,,,,
463,BHOGAVO RIVER D/S OF SURENDRANAGAR.,CPCB,24,Gujarat,460,Surendranagar,WADHWAN,-,-,-,-,-,-,-,-,22.715528,71.672688,01-06-2018 08:30,,,,,,3,,,,,,,,7.93,,,,,,,,,,,,,,,,,,,
464,BHOGAVO RIVER D/S OF SURENDRANAGAR.,CPCB,24,Gujarat,460,Surendranagar,WADHWAN,-,-,-,-,-,-,-,-,22.715528,71.672688,02-07-2018 08:30,,,,,,4.1,,,,,,,,7.5,,,,,,,,,,,,,,,,,,,
465,BHOGAVO RIVER D/S OF SURENDRANAGAR.,CPCB,24,Gujarat,460,Surendranagar,WADHWAN,-,-,-,-,-,-,-,-,22.715528,71.672688,01-08-2018 08:30,,,,,,5.3,,,,,,,,7.82,,,,,,,,,,,,,,,,,,,
466,BHOGAVO RIVER D/S OF SURENDRANAGAR.,CPCB,24,Gujarat,460,Surendranagar,WADHWAN,-,-,-,-,-,-,-,-,22.715528,71.672688,06-09-2018 08:30,,,,,,4.4,,,,,,,,7.92,,,,,,,,,,,,,,,,,,,
467,BHOGAVO RIVER D/S OF SURENDRANAGAR.,CPCB,24,Gujarat,460,Surendranagar,WADHWAN,-,-,-,-,-,-,-,-,22.715528,71.672688,03-10-2018 08:30,,,,,,,,,,,,,,7.4,,,,,,,,,,,,,,,,,,,
468,BHOGAVO RIVER D/S OF SURENDRANAGAR.,CPCB,24,Gujarat,460,Surendranagar,WADHWAN,-,-,-,-,-,-,-,-,22.715528,71.672688,02-11-2018 08:30,,,,,,,,,,,,,,7.5,,,,,,,,,,,,,,,,,,,
469,BHOGAVO RIVER D/S OF SURENDRANAGAR.,CPCB,24,Gujarat,460,Surendranagar,WADHWAN,-,-,-,-,-,-,-,-,22.715528,71.672688,01-01-2020 08:30,,,,,,,,,,,,,,,,,,,,,,,,,,,,,,,,,
470,BHOGAVO RIVER D/S OF SURENDRANAGAR.,CPCB,24,Gujarat,460,Surendranagar,WADHWAN,-,-,-,-,-,-,-,-,22.715528,71.672688,11-02-2020 08:30,0.27,,,,,5.9,,,,,,,,7.6,,,Clear,,Clear,,Clear,,Clear,,,Clear,0.21,,Clear,,Clear,,
471,BHOGAVO RIVER D/S OF SURENDRANAGAR.,CPCB,24,Gujarat,460,Surendranagar,WADHWAN,-,-,-,-,-,-,-,-,22.715528,71.672688,01-03-2020 08:30,7.72,,,,,1.8,,,,,,,,7.2,,,Clear,,Clear,,Clear,,Clear,,,Clear,0.21,,Clear,,Clear,,
472,BHOGAVO RIVER D/S OF SURENDRANAGAR.,CPCB,24,Gujarat,460,Surendranagar,WADHWAN,-,-,-,-,-,-,-,-,22.715528,71.672688,01-04-2020 08:30,3.6,,,,,2.8,,,,,,,,7.4,,,Turbid Green,,Turbid Green,,Turbid Green,,Turbid Green,,,Turbid Green,0.12,,Turbid Green,,Turbid Green,,
473,BHOGAVO RIVER D/S OF SURENDRANAGAR.,CPCB,24,Gujarat,460,Surendranagar,WADHWAN,-,-,-,-,-,-,-,-,22.715528,71.672688,01-05-2020 08:30,4.17,,,,,1,,,,,,,,7.5,,,Light Green,,Light Green,,Light Green,,Light Green,,,Light Green,1.11,,Light Green,,Light Green,,
474,BHOGAVO RIVER D/S OF SURENDRANAGAR.,CPCB,24,Gujarat,460,Surendranagar,WADHWAN,-,-,-,-,-,-,-,-,22.715528,71.672688,02-06-2020 08:30,4.76,,,,,3.3,,,,,,,,7.5,,,Clear,,Clear,,Clear,,Clear,,,Clear,0.13,,Clear,,Clear,,
475,BHOGAVO RIVER D/S OF SURENDRANAGAR.,CPCB,24,Gujarat,460,Surendranagar,WADHWAN,-,-,-,-,-,-,-,-,22.715528,71.672688,01-07-2020 08:30,Light Green,,,,,0.6,,,,,,,,7.4,,,Light Green,,Light Green,,Light Green,,Light Green,,,Light Green,0.14,,Light Green,,Light Green,,
476,BHOGAVO RIVER D/S OF SURENDRANAGAR.,CPCB,24,Gujarat,460,Surendranagar,WADHWAN,-,-,-,-,-,-,-,-,22.715528,71.672688,04-08-2020 08:30,Light Green,,,,,4.4,,,,,,,,8.6,,,Light Green,,Light Green,,Light Green,,Light Green,,,Light Green,0.08,,Light Green,,Light Green,,
477,BHOGAVO RIVER D/S OF SURENDRANAGAR.,CPCB,24,Gujarat,460,Surendranagar,WADHWAN,-,-,-,-,-,-,-,-,22.715528,71.672688,01-09-2020 08:30,Clear,,,,,3.2,,,,,,,,8,,,Clear,,Clear,,Clear,,Clear,,,Clear,0.09,,Clear,,Clear,,
478,BHOGAVO RIVER D/S OF SURENDRANAGAR.,CPCB,24,Gujarat,460,Surendranagar,WADHWAN,-,-,-,-,-,-,-,-,22.715528,71.672688,03-10-2020 08:30,0.5,,,,,5.7,,,,,,,,8.4,,,Clear,,Clear,,Clear,,Clear,,,Clear,Clear,,Clear,,Clear,,
479,BHOGAVO RIVER D/S OF SURENDRANAGAR.,CPCB,24,Gujarat,460,Surendranagar,WADHWAN,-,-,-,-,-,-,-,-,22.715528,71.672688,03-11-2020 08:30,0.84,,,,,2.8,,,,,,,,7.6,,,Light Green,,Light Green,,Light Green,,Light Green,,,Light Green,Light Green,,Light Green,,Light Green,,
480,BHOGAVO RIVER D/S OF SURENDRANAGAR.,CPCB,24,Gujarat,460,Surendranagar,WADHWAN,-,-,-,-,-,-,-,-,22.715528,71.672688,02-12-2020 08:30,0.84,,,,,2.7,,,,,,,,7.4,,,Other,,Other,,Other,,Other,,,Other,Other,,Other,,Other,,
481,BHUKHI KHADI D/S OF GIDC SAYKHA VILL: KOTHIYA TA: VAGRA DIST BHARUCH,CPCB,24,Gujarat,442,Bharuch,BHARUCH,-,-,-,-,-,-,-,-,21.832286,72.929571,01-07-2019 08:30,,,,,,5.5,,,,,,,,7.5,,,,,,,,,,,,,,,,,,,
482,BHUKHI KHADI D/S OF GIDC SAYKHA VILL: KOTHIYA TA: VAGRA DIST BHARUCH,CPCB,24,Gujarat,442,Bharuch,BHARUCH,-,-,-,-,-,-,-,-,21.832286,72.929571,01-08-2019 08:30,,,,,,5.7,,,,,,,,7,,,,,,,,,,,,,,,,,,,
483,BHUKHI KHADI D/S OF GIDC SAYKHA VILL: KOTHIYA TA: VAGRA DIST BHARUCH,CPCB,24,Gujarat,442,Bharuch,BHARUCH,-,-,-,-,-,-,-,-,21.832286,72.929571,03-09-2019 08:30,,,,,,5.2,,,,,,,,7,,,,,,,,,,,,,,,,,,,
484,BHUKHI KHADI D/S OF GIDC SAYKHA VILL: KOTHIYA TA: VAGRA DIST BHARUCH,CPCB,24,Gujarat,442,Bharuch,BHARUCH,-,-,-,-,-,-,-,-,21.832286,72.929571,01-10-2019 08:30,,,,,,5.9,,,,,,,,7.3,,,,,,,,,,,,,,,,,,,
485,BHUKHI KHADI D/S OF GIDC SAYKHA VILL: KOTHIYA TA: VAGRA DIST BHARUCH,CPCB,24,Gujarat,442,Bharuch,BHARUCH,-,-,-,-,-,-,-,-,21.832286,72.929571,04-11-2019 08:30,,,,,,5.3,,,,,,,,7.8,,,,,,,,,,,,,,,,,,,
486,BHUKHI KHADI D/S OF GIDC SAYKHA VILL: KOTHIYA TA: VAGRA DIST BHARUCH,CPCB,24,Gujarat,442,Bharuch,BHARUCH,-,-,-,-,-,-,-,-,21.832286,72.929571,02-12-2019 08:30,,,,,,6,,,,,,,,8,,,,,,,,,,,,,,,,,,,
487,BHUKHI KHADI D/S OF GIDC SAYKHA VILL: KOTHIYA TA: VAGRA DIST BHARUCH,CPCB,24,Gujarat,442,Bharuch,BHARUCH,-,-,-,-,-,-,-,-,21.832286,72.929571,01-01-2020 08:30,0.95,,,,,6.8,,,,,,,,7.8,,,,,,,,,,,,,0.05,,,,,,
488,BHUKHI KHADI D/S OF GIDC SAYKHA VILL: KOTHIYA TA: VAGRA DIST BHARUCH,CPCB,24,Gujarat,442,Bharuch,BHARUCH,-,-,-,-,-,-,-,-,21.832286,72.929571,01-02-2020 08:30,0.9,,,,,6.6,,,,,,,,8.2,,,Other,,Other,,Other,,Other,,,Other,0.05,,Other,,Other,,
489,BHUKHI KHADI D/S OF GIDC SAYKHA VILL: KOTHIYA TA: VAGRA DIST BHARUCH,CPCB,24,Gujarat,442,Bharuch,BHARUCH,-,-,-,-,-,-,-,-,21.832286,72.929571,02-03-2020 08:30,1.68,,,,,6.5,,,,,,,,8.1,,,Clear,,Clear,,Clear,,Clear,,,Clear,0.05,,Clear,,Clear,,
490,BHUKHI KHADI D/S OF GIDC SAYKHA VILL: KOTHIYA TA: VAGRA DIST BHARUCH,CPCB,24,Gujarat,442,Bharuch,BHARUCH,-,-,-,-,-,-,-,-,21.832286,72.929571,07-04-2020 08:30,Clear,,,,,6.9,,,,,,,,7.4,,,Clear,,Clear,,0.44,,Clear,,,Clear,0.05,,Clear,,Clear,,
491,BHUKHI KHADI D/S OF GIDC SAYKHA VILL: KOTHIYA TA: VAGRA DIST BHARUCH,CPCB,24,Gujarat,442,Bharuch,BHARUCH,-,-,-,-,-,-,-,-,21.832286,72.929571,01-05-2020 08:30,1.74,,,,,6.3,,,,,,,,8,,,Clear,,Clear,,Clear,,Clear,,,Clear,0.06,,Clear,,Clear,,
492,BHUKHI KHADI D/S OF GIDC SAYKHA VILL: KOTHIYA TA: VAGRA DIST BHARUCH,CPCB,24,Gujarat,442,Bharuch,BHARUCH,-,-,-,-,-,-,-,-,21.832286,72.929571,01-07-2020 08:30,Other,,,,,6,,,,,,,,7.9,,,Other,,Other,,Other,,Other,,,Other,0.08,,Other,,Other,,
493,BHUKHI KHADI D/S OF GIDC SAYKHA VILL: KOTHIYA TA: VAGRA DIST BHARUCH,CPCB,24,Gujarat,442,Bharuch,BHARUCH,-,-,-,-,-,-,-,-,21.832286,72.929571,10-08-2020 08:30,Other,,,,,7.1,,,,,,,,8.3,,,Other,,Other,,Other,,Other,,,Other,0.01,,Other,,Other,,
494,BHUKHI KHADI D/S OF GIDC SAYKHA VILL: KOTHIYA TA: VAGRA DIST BHARUCH,CPCB,24,Gujarat,442,Bharuch,BHARUCH,-,-,-,-,-,-,-,-,21.832286,72.929571,05-09-2020 08:30,Light Brown,,,,,5.9,,,,,,,,7.9,,,Light Brown,,Light Brown,,Light Brown,,Light Brown,,,Light Brown,0.02,,Light Brown,,Light Brown,,
495,BHUKHI KHADI D/S OF GIDC SAYKHA VILL: KOTHIYA TA: VAGRA DIST BHARUCH,CPCB,24,Gujarat,442,Bharuch,BHARUCH,-,-,-,-,-,-,-,-,21.832286,72.929571,04-11-2020 08:30,1.68,,,,,8.1,,,,,,,,8.3,,,Clear,,Clear,,Clear,,Clear,,,Clear,0.01,,Clear,,Clear,,
496,BHUKHI KHADI D/S OF GIDC SAYKHA VILL: KOTHIYA TA: VAGRA DIST BHARUCH,CPCB,24,Gujarat,442,Bharuch,BHARUCH,-,-,-,-,-,-,-,-,21.832286,72.929571,05-12-2020 08:30,Other,,,,,8.3,,,,,,,,8.4,,,Other,,Other,,Other,,Other,,,Other,0.02,,Other,,Other,,
497,BHUKHI KHADI D/S OF GIDC VILAYAT TA; VAGRA DIST BHARUCH,CPCB,24,Gujarat,442,Bharuch,BHARUCH,-,-,-,-,-,-,-,-,21.784199,72.912815,06-05-2019 08:30,,,,,,6.1,,,,,,,,7.2,,,,,,,,,,,,,,,,,,,
498,BHUKHI KHADI D/S OF GIDC VILAYAT TA; VAGRA DIST BHARUCH,CPCB,24,Gujarat,442,Bharuch,BHARUCH,-,-,-,-,-,-,-,-,21.784199,72.912815,01-07-2019 08:30,,,,,,5.4,,,,,,,,7.5,,,,,,,,,,,,,,,,,,,
499,BHUKHI KHADI D/S OF GIDC VILAYAT TA; VAGRA DIST BHARUCH,CPCB,24,Gujarat,442,Bharuch,BHARUCH,-,-,-,-,-,-,-,-,21.784199,72.912815,01-08-2019 08:30,,,,,,4.8,,,,,,,,7.1,,,,,,,,,,,,,,,,,,,
500,BHUKHI KHADI D/S OF GIDC VILAYAT TA; VAGRA DIST BHARUCH,CPCB,24,Gujarat,442,Bharuch,BHARUCH,-,-,-,-,-,-,-,-,21.784199,72.912815,03-09-2019 08:30,,,,,,5.8,,,,,,,,7.6,,,,,,,,,,,,,,,,,,,
501,BHUKHI KHADI D/S OF GIDC VILAYAT TA; VAGRA DIST BHARUCH,CPCB,24,Gujarat,442,Bharuch,BHARUCH,-,-,-,-,-,-,-,-,21.784199,72.912815,01-10-2019 08:30,,,,,,6.3,,,,,,,,7.1,,,,,,,,,,,,,,,,,,,
502,BHUKHI KHADI D/S OF GIDC VILAYAT TA; VAGRA DIST BHARUCH,CPCB,24,Gujarat,442,Bharuch,BHARUCH,-,-,-,-,-,-,-,-,21.784199,72.912815,04-11-2019 08:30,,,,,,5.5,,,,,,,,7.7,,,,,,,,,,,,,,,,,,,
503,BHUKHI KHADI D/S OF GIDC VILAYAT TA; VAGRA DIST BHARUCH,CPCB,24,Gujarat,442,Bharuch,BHARUCH,-,-,-,-,-,-,-,-,21.784199,72.912815,02-12-2019 08:30,,,,,,6,,,,,,,,8.2,,,,,,,,,,,,,,,,,,,
504,BHUKHI KHADI D/S OF GIDC VILAYAT TA; VAGRA DIST BHARUCH,CPCB,24,Gujarat,442,Bharuch,BHARUCH,-,-,-,-,-,-,-,-,21.784199,72.912815,01-01-2020 08:30,0.9,,,,,6.8,,,,,,,,7.9,,,,,,,,,,,,,0.06,,,,,,
505,BHUKHI KHADI D/S OF GIDC VILAYAT TA; VAGRA DIST BHARUCH,CPCB,24,Gujarat,442,Bharuch,BHARUCH,-,-,-,-,-,-,-,-,21.784199,72.912815,01-02-2020 08:30,0.78,,,,,6.5,,,,,,,,8.3,,,Other,,Other,,Other,,Other,,,Other,0.05,,Other,,Other,,
506,BHUKHI KHADI D/S OF GIDC VILAYAT TA; VAGRA DIST BHARUCH,CPCB,24,Gujarat,442,Bharuch,BHARUCH,-,-,-,-,-,-,-,-,21.784199,72.912815,02-03-2020 08:30,1.4,,,,,6.5,,,,,,,,8,,,Clear,,Clear,,Clear,,Clear,,,Clear,0.05,,Clear,,Clear,,
507,BHUKHI KHADI D/S OF GIDC VILAYAT TA; VAGRA DIST BHARUCH,CPCB,24,Gujarat,442,Bharuch,BHARUCH,-,-,-,-,-,-,-,-,21.784199,72.912815,07-04-2020 08:30,Clear,,,,,6.9,,,,,,,,7.3,,,Clear,,Clear,,0.393,,Clear,,,Clear,0.05,,Clear,,Clear,,
508,BHUKHI KHADI D/S OF GIDC VILAYAT TA; VAGRA DIST BHARUCH,CPCB,24,Gujarat,442,Bharuch,BHARUCH,-,-,-,-,-,-,-,-,21.784199,72.912815,01-05-2020 08:30,1.01,,,,,6.4,,,,,,,,7.7,,,Clear,,Clear,,Clear,,Clear,,,Clear,0.06,,Clear,,Clear,,
509,BHUKHI KHADI D/S OF GIDC VILAYAT TA; VAGRA DIST BHARUCH,CPCB,24,Gujarat,442,Bharuch,BHARUCH,-,-,-,-,-,-,-,-,21.784199,72.912815,01-07-2020 08:30,Other,,,,,6.1,,,,,,,,8,,,Other,,Other,,Other,,Other,,,Other,0.08,,Other,,Other,,
510,BHUKHI KHADI D/S OF GIDC VILAYAT TA; VAGRA DIST BHARUCH,CPCB,24,Gujarat,442,Bharuch,BHARUCH,-,-,-,-,-,-,-,-,21.784199,72.912815,10-08-2020 08:30,Other,,,,,6.9,,,,,,,,8.1,,,Other,,Other,,Other,,Other,,,Other,0.01,,Other,,Other,,
511,BHUKHI KHADI D/S OF GIDC VILAYAT TA; VAGRA DIST BHARUCH,CPCB,24,Gujarat,442,Bharuch,BHARUCH,-,-,-,-,-,-,-,-,21.784199,72.912815,05-09-2020 08:30,Other,,,,,7,,,,,,,,7.9,,,Other,,Other,,Other,,Other,,,Other,0.02,,Other,,Other,,
512,BHUKHI KHADI D/S OF GIDC VILAYAT TA; VAGRA DIST BHARUCH,CPCB,24,Gujarat,442,Bharuch,BHARUCH,-,-,-,-,-,-,-,-,21.784199,72.912815,04-11-2020 08:30,3.92,,,,,6.5,,,,,,,,8.2,,,Clear,,Clear,,Clear,,Clear,,,Clear,0.01,,Clear,,Clear,,
513,BHUKHI KHADI D/S OF GIDC VILAYAT TA; VAGRA DIST BHARUCH,CPCB,24,Gujarat,442,Bharuch,BHARUCH,-,-,-,-,-,-,-,-,21.784199,72.912815,05-12-2020 08:30,Other,,,,,7.5,,,,,,,,8.1,,,Other,,Other,,Other,,Other,,,Other,0.02,,Other,,Other,,
514,BHUKHI KHADI U/S OF GIDC VILAYAT TA; VAGRA DIST BHARUCH.,CPCB,24,Gujarat,442,Bharuch,VAGRA,-,-,-,-,-,-,-,-,21.795463,72.907146,01-07-2019 08:30,,,,,,5.8,,,,,,,,7.3,,,,,,,,,,,,,,,,,,,
515,BHUKHI KHADI U/S OF GIDC VILAYAT TA; VAGRA DIST BHARUCH.,CPCB,24,Gujarat,442,Bharuch,VAGRA,-,-,-,-,-,-,-,-,21.795463,72.907146,01-08-2019 08:30,,,,,,5.6,,,,,,,,7.2,,,,,,,,,,,,,,,,,,,
516,BHUKHI KHADI U/S OF GIDC VILAYAT TA; VAGRA DIST BHARUCH.,CPCB,24,Gujarat,442,Bharuch,VAGRA,-,-,-,-,-,-,-,-,21.795463,72.907146,03-09-2019 08:30,,,,,,5.5,,,,,,,,7.5,,,,,,,,,,,,,,,,,,,
517,BHUKHI KHADI U/S OF GIDC VILAYAT TA; VAGRA DIST BHARUCH.,CPCB,24,Gujarat,442,Bharuch,VAGRA,-,-,-,-,-,-,-,-,21.795463,72.907146,01-10-2019 08:30,,,,,,6.5,,,,,,,,7,,,,,,,,,,,,,,,,,,,
518,BHUKHI KHADI U/S OF GIDC VILAYAT TA; VAGRA DIST BHARUCH.,CPCB,24,Gujarat,442,Bharuch,VAGRA,-,-,-,-,-,-,-,-,21.795463,72.907146,04-11-2019 08:30,,,,,,5.5,,,,,,,,7.6,,,,,,,,,,,,,,,,,,,
519,BHUKHI KHADI U/S OF GIDC VILAYAT TA; VAGRA DIST BHARUCH.,CPCB,24,Gujarat,442,Bharuch,VAGRA,-,-,-,-,-,-,-,-,21.795463,72.907146,02-12-2019 08:30,,,,,,6.1,,,,,,,,8.1,,,,,,,,,,,,,,,,,,,
520,BHUKHI KHADI U/S OF GIDC VILAYAT TA; VAGRA DIST BHARUCH.,CPCB,24,Gujarat,442,Bharuch,VAGRA,-,-,-,-,-,-,-,-,21.795463,72.907146,01-01-2020 08:30,0.65,,,,,7,,,,,,,,7.6,,,,,,,,,,,,,0.04,,,,,,
521,BHUKHI KHADI U/S OF GIDC VILAYAT TA; VAGRA DIST BHARUCH.,CPCB,24,Gujarat,442,Bharuch,VAGRA,-,-,-,-,-,-,-,-,21.795463,72.907146,01-02-2020 08:30,0.62,,,,,6.7,,,,,,,,8.3,,,Other,,Other,,Other,,Other,,,Other,0.04,,Other,,Other,,
522,BHUKHI KHADI U/S OF GIDC VILAYAT TA; VAGRA DIST BHARUCH.,CPCB,24,Gujarat,442,Bharuch,VAGRA,-,-,-,-,-,-,-,-,21.795463,72.907146,02-03-2020 08:30,Clear,,,,,6.6,,,,,,,,7.7,,,Clear,,Clear,,Clear,,Clear,,,Clear,0.05,,Clear,,Clear,,
523,BHUKHI KHADI U/S OF GIDC VILAYAT TA; VAGRA DIST BHARUCH.,CPCB,24,Gujarat,442,Bharuch,VAGRA,-,-,-,-,-,-,-,-,21.795463,72.907146,07-04-2020 08:30,Clear,,,,,7.1,,,,,,,,7.4,,,Clear,,Clear,,0.772,,Clear,,,Clear,0.04,,Clear,,Clear,,
524,BHUKHI KHADI U/S OF GIDC VILAYAT TA; VAGRA DIST BHARUCH.,CPCB,24,Gujarat,442,Bharuch,VAGRA,-,-,-,-,-,-,-,-,21.795463,72.907146,01-05-2020 08:30,0.73,,,,,6.6,,,,,,,,7.8,,,Clear,,Clear,,Clear,,Clear,,,Clear,0.05,,Clear,,Clear,,
525,BHUKHI KHADI U/S OF GIDC VILAYAT TA; VAGRA DIST BHARUCH.,CPCB,24,Gujarat,442,Bharuch,VAGRA,-,-,-,-,-,-,-,-,21.795463,72.907146,01-07-2020 08:30,Other,,,,,6.2,,,,,,,,8.1,,,Other,,Other,,Other,,Other,,,Other,0.06,,Other,,Other,,
526,BHUKHI KHADI U/S OF GIDC VILAYAT TA; VAGRA DIST BHARUCH.,CPCB,24,Gujarat,442,Bharuch,VAGRA,-,-,-,-,-,-,-,-,21.795463,72.907146,10-08-2020 08:30,Other,,,,,6.4,,,,,,,,8,,,Other,,Other,,Other,,Other,,,Other,0.04,,Other,,Other,,
527,BHUKHI KHADI U/S OF GIDC VILAYAT TA; VAGRA DIST BHARUCH.,CPCB,24,Gujarat,442,Bharuch,VAGRA,-,-,-,-,-,-,-,-,21.795463,72.907146,05-09-2020 08:30,Other,,,,,6.4,,,,,,,,7.9,,,Other,,Other,,Other,,Other,,,Other,0.04,,Other,,Other,,
528,BHUKHI KHADI U/S OF GIDC VILAYAT TA; VAGRA DIST BHARUCH.,CPCB,24,Gujarat,442,Bharuch,VAGRA,-,-,-,-,-,-,-,-,21.795463,72.907146,04-11-2020 08:30,1.12,,,,,6.9,,,,,,,,8.3,,,Clear,,Clear,,Clear,,Clear,,,Clear,0.02,,Clear,,Clear,,
529,BHUKHI KHADI U/S OF GIDC VILAYAT TA; VAGRA DIST BHARUCH.,CPCB,24,Gujarat,442,Bharuch,VAGRA,-,-,-,-,-,-,-,-,21.795463,72.907146,05-12-2020 08:30,Other,,,,,7.3,,,,,,,,7.9,,,Other,,Other,,Other,,Other,,,Other,0.04,,Other,,Other,,
530,BINDUSAROVAR SIDDHPUR (DIST.PATAN),CPCB,24,Gujarat,455,Patan,SIDHPUR,-,-,-,-,-,-,-,-,23.908353,72.364462,01-01-2018 08:30,1.23,,,,,6,,,,,,,,7.94,,,,,,,,,,,,,,,,,,,
531,BINDUSAROVAR SIDDHPUR (DIST.PATAN),CPCB,24,Gujarat,455,Patan,SIDHPUR,-,-,-,-,-,-,-,-,23.908353,72.364462,03-02-2018 08:30,0.9,,,,,6.7,,,,,,,,7.98,,,,,,,,,,,,,,,,,,,
532,BINDUSAROVAR SIDDHPUR (DIST.PATAN),CPCB,24,Gujarat,455,Patan,SIDHPUR,-,-,-,-,-,-,-,-,23.908353,72.364462,05-03-2018 08:30,1.7,,,,,4.3,,,,,,,,7.74,,,,,,,,,,,,,,,,,,,
533,BINDUSAROVAR SIDDHPUR (DIST.PATAN),CPCB,24,Gujarat,455,Patan,SIDHPUR,-,-,-,-,-,-,-,-,23.908353,72.364462,02-04-2018 08:30,1.06,,,,,5.4,,,,,,,,7.24,,,,,,,,,,,,,,,,,,,
534,BINDUSAROVAR SIDDHPUR (DIST.PATAN),CPCB,24,Gujarat,455,Patan,SIDHPUR,-,-,-,-,-,-,-,-,23.908353,72.364462,04-05-2018 08:30,3.97,,,,,4.6,,,,,,,,7.8,,,,,,,,,,,,,,,,,,,
535,BINDUSAROVAR SIDDHPUR (DIST.PATAN),CPCB,24,Gujarat,455,Patan,SIDHPUR,-,-,-,-,-,-,-,-,23.908353,72.364462,01-06-2018 08:30,5.6,,,,,3.8,,,,,,,,7.35,,,,,,,,,,,,,,,,,,,
536,BINDUSAROVAR SIDDHPUR (DIST.PATAN),CPCB,24,Gujarat,455,Patan,SIDHPUR,-,-,-,-,-,-,-,-,23.908353,72.364462,02-07-2018 08:30,0.62,,,,,8.7,,,,,,,,7.96,,,,,,,,,,,,,,,,,,,
537,BINDUSAROVAR SIDDHPUR (DIST.PATAN),CPCB,24,Gujarat,455,Patan,SIDHPUR,-,-,-,-,-,-,-,-,23.908353,72.364462,01-08-2018 08:30,0.78,,,,,6.9,,,,,,,,7.96,,,,,,,,,,,,,,,,,,,
538,BINDUSAROVAR SIDDHPUR (DIST.PATAN),CPCB,24,Gujarat,455,Patan,SIDHPUR,-,-,-,-,-,-,-,-,23.908353,72.364462,06-09-2018 08:30,0.78,,,,,6.1,,,,,,,,7.49,,,,,,,,,,,,,,,,,,,
539,BINDUSAROVAR SIDDHPUR (DIST.PATAN),CPCB,24,Gujarat,455,Patan,SIDHPUR,-,-,-,-,-,-,-,-,23.908353,72.364462,01-10-2018 08:30,0.78,,,,,5.1,,,,,,,,8.42,,,,,,,,,,,,,,,,,,,
540,BINDUSAROVAR SIDDHPUR (DIST.PATAN),CPCB,24,Gujarat,455,Patan,SIDHPUR,-,-,-,-,-,-,-,-,23.908353,72.364462,02-11-2018 08:30,1.51,,,,,7,,,,,,,,7.88,,,,,,,,,,,,,,,,,,,
541,BINDUSAROVAR SIDDHPUR (DIST.PATAN),CPCB,24,Gujarat,455,Patan,SIDHPUR,-,-,-,-,-,-,-,-,23.908353,72.364462,01-12-2018 08:30,0.4,,,,,6.9,,,,,,,,7.61,,,,,,,,,,,,,,,,,,,
542,BINDUSAROVAR SIDDHPUR (DIST.PATAN),CPCB,24,Gujarat,455,Patan,SIDHPUR,-,-,-,-,-,-,-,-,23.908353,72.364462,02-01-2019 08:30,2,,,,,6.3,,,,,,,,7.7,,,,,,,,,,,,,,,,,,,
543,BINDUSAROVAR SIDDHPUR (DIST.PATAN),CPCB,24,Gujarat,455,Patan,SIDHPUR,-,-,-,-,-,-,-,-,23.908353,72.364462,01-02-2019 08:30,1.3,,,,,3.7,,,,,,,,8.1,,,,,,,,,,,,,,,,,,,
544,BINDUSAROVAR SIDDHPUR (DIST.PATAN),CPCB,24,Gujarat,455,Patan,SIDHPUR,-,-,-,-,-,-,-,-,23.908353,72.364462,01-03-2019 08:30,1.5,,,,,5.7,,,,,,,,8,,,,,,,,,,,,,,,,,,,
545,BINDUSAROVAR SIDDHPUR (DIST.PATAN),CPCB,24,Gujarat,455,Patan,SIDHPUR,-,-,-,-,-,-,-,-,23.908353,72.364462,01-04-2019 08:30,2.9,,,,,3.2,,,,,,,,7.9,,,,,,,,,,,,,,,,,,,
546,BINDUSAROVAR SIDDHPUR (DIST.PATAN),CPCB,24,Gujarat,455,Patan,SIDHPUR,-,-,-,-,-,-,-,-,23.908353,72.364462,01-05-2019 08:30,1.7,,,,,7,,,,,,,,7.8,,,,,,,,,,,,,,,,,,,
547,BINDUSAROVAR SIDDHPUR (DIST.PATAN),CPCB,24,Gujarat,455,Patan,SIDHPUR,-,-,-,-,-,-,-,-,23.908353,72.364462,01-06-2019 08:30,1.4,,,,,4.8,,,,,,,,7.9,,,,,,,,,,,,,,,,,,,
548,BINDUSAROVAR SIDDHPUR (DIST.PATAN),CPCB,24,Gujarat,455,Patan,SIDHPUR,-,-,-,-,-,-,-,-,23.908353,72.364462,04-07-2019 08:30,1.1,,,,,4.7,,,,,,,,8.2,,,,,,,,,,,,,,,,,,,
549,BINDUSAROVAR SIDDHPUR (DIST.PATAN),CPCB,24,Gujarat,455,Patan,SIDHPUR,-,-,-,-,-,-,-,-,23.908353,72.364462,01-08-2019 08:30,0.7,,,,,6.3,,,,,,,,7.6,,,,,,,,,,,,,,,,,,,
550,BINDUSAROVAR SIDDHPUR (DIST.PATAN),CPCB,24,Gujarat,455,Patan,SIDHPUR,-,-,-,-,-,-,-,-,23.908353,72.364462,03-09-2019 08:30,0.5,,,,,6.1,,,,,,,,7.6,,,,,,,,,,,,,,,,,,,
551,BINDUSAROVAR SIDDHPUR (DIST.PATAN),CPCB,24,Gujarat,455,Patan,SIDHPUR,-,-,-,-,-,-,-,-,23.908353,72.364462,01-10-2019 08:30,0.7,,,,,6.2,,,,,,,,7.8,,,,,,,,,,,,,,,,,,,
552,BINDUSAROVAR SIDDHPUR (DIST.PATAN),CPCB,24,Gujarat,455,Patan,SIDHPUR,-,-,-,-,-,-,-,-,23.908353,72.364462,07-11-2019 08:30,3,,,,,6.9,,,,,,,,7.6,,,,,,,,,,,,,,,,,,,
553,BINDUSAROVAR SIDDHPUR (DIST.PATAN),CPCB,24,Gujarat,455,Patan,SIDHPUR,-,-,-,-,-,-,-,-,23.908353,72.364462,02-12-2019 08:30,0.6,,,,,7.4,,,,,,,,7.9,,,,,,,,,,,,,,,,,,,
554,BINDUSAROVAR SIDDHPUR (DIST.PATAN),CPCB,24,Gujarat,455,Patan,SIDHPUR,-,-,-,-,-,-,-,-,23.908353,72.364462,04-01-2020 08:30,0.84,,,,,7.1,,,,,,,,7.9,,,,,,,,,,,,,6.9,,,,,,
555,BINDUSAROVAR SIDDHPUR (DIST.PATAN),CPCB,24,Gujarat,455,Patan,SIDHPUR,-,-,-,-,-,-,-,-,23.908353,72.364462,04-02-2020 08:30,0.62,,,,,7.3,,,,,,,,7.9,,,Clear,,Clear,,Clear,,Clear,,,Clear,6.3,,Clear,,Clear,,
556,BINDUSAROVAR SIDDHPUR (DIST.PATAN),CPCB,24,Gujarat,455,Patan,SIDHPUR,-,-,-,-,-,-,-,-,23.908353,72.364462,05-03-2020 08:30,1.62,,,,,5.5,,,,,,,,7.8,,,Clear,,Clear,,Clear,,Clear,,,Clear,2.46,,Clear,,Clear,,
557,BINDUSAROVAR SIDDHPUR (DIST.PATAN),CPCB,24,Gujarat,455,Patan,SIDHPUR,-,-,-,-,-,-,-,-,23.908353,72.364462,11-04-2020 08:30,0.47,,,,,7.3,,,,,,,,7.2,,,Clear,,Clear,,0.192,,Clear,,,39,1.8,,Clear,,Clear,,
558,BINDUSAROVAR SIDDHPUR (DIST.PATAN),CPCB,24,Gujarat,455,Patan,SIDHPUR,-,-,-,-,-,-,-,-,23.908353,72.364462,01-05-2020 08:30,0.17,,,,,6.9,,,,,,,,7.5,,,Clear,,Clear,,Clear,,Clear,,,Clear,0.7,,Clear,,Clear,,
559,BINDUSAROVAR SIDDHPUR (DIST.PATAN),CPCB,24,Gujarat,455,Patan,SIDHPUR,-,-,-,-,-,-,-,-,23.908353,72.364462,01-06-2020 08:30,0.31,,,,,6.9,,,,,,,,8.1,,,Light Green,,Light Green,,Light Green,,Light Green,,,Light Green,2.97,,Light Green,,Light Green,,
560,BINDUSAROVAR SIDDHPUR (DIST.PATAN),CPCB,24,Gujarat,455,Patan,SIDHPUR,-,-,-,-,-,-,-,-,23.908353,72.364462,01-07-2020 08:30,0.67,,,,,8.2,,,,,,,,8.2,,,Light Green,,Light Green,,Light Green,,Light Green,,,Light Green,1.44,,Light Green,,Light Green,,
561,BINDUSAROVAR SIDDHPUR (DIST.PATAN),CPCB,24,Gujarat,455,Patan,SIDHPUR,-,-,-,-,-,-,-,-,23.908353,72.364462,04-08-2020 08:30,0.28,,,,,7,,,,,,,,7.7,,,Other,,Other,,Other,,Other,,,Other,0.05,,Other,,Other,,
562,BOREWELL AT DHANGADHRA NEAR DHANGADHRA CHEMICALS,CPCB,24,Gujarat,460,Surendranagar,DHRANGADHRA,-,-,-,-,-,-,-,-,22.980975,71.4739,25-04-2019 08:30,,,,,1120,,2948,,,,,,,7,,,,,0.02,,0.08,256,,73,,,1.2,,,0.01,,,
563,BOREWELL AT DHANGADHRA NEAR DHANGADHRA CHEMICALS,CPCB,24,Gujarat,460,Surendranagar,DHRANGADHRA,-,-,-,-,-,-,-,-,22.980975,71.4739,03-04-2020 08:30,0.27,,,,,3.5,,,,,,,,7.4,,,Clear,,Clear,,Clear,,Clear,,,Clear,1.42,,Clear,,Clear,,
564,BOREWELL AT DHANGADHRA NEAR DHANGADHRA CHEMICALS,CPCB,24,Gujarat,460,Surendranagar,DHRANGADHRA,-,-,-,-,-,-,-,-,22.980975,71.4739,20-10-2020 08:30,Clear,,,,,Clear,,,,,,,,7.3,,,Clear,,Clear,,Clear,,Clear,,,Clear,0.7,,Clear,,6.57,,
565,BORE WELL AT MSW DISPOSAL SITE OF SURAT MUNICIPAL CORPORATION AT VILL. KHAJOD DIST. SURAT.,CPCB,24,Gujarat,459,Surat,SURAT CITY,-,-,-,-,-,-,-,-,21.116142,72.788028,05-04-2020 08:30,Clear,,,,,Clear,,,,,,,,Clear,,,Clear,,Clear,,Clear,,Clear,,,Clear,Clear,,Clear,,Clear,,
566,BOREWELL AT PIRAMAL GLASS VILLAGE TARSADI AT KOSAMBA INDUSTRIAL AREA SURAT,CPCB,24,Gujarat,459,Surat,MANGROL,-,-,-,-,-,-,-,-,21.458587,72.942997,02-04-2018 08:30,,,,,689,,2040,,,,,,,7.69,,,,180,,,,92.1,,43.7,,,,,,,,,
567,BOREWELL AT PIRAMAL GLASS VILLAGE TARSADI AT KOSAMBA INDUSTRIAL AREA SURAT,CPCB,24,Gujarat,459,Surat,MANGROL,-,-,-,-,-,-,-,-,21.458587,72.942997,01-10-2018 08:30,,,,,1005,,2180,,,,,,,7.64,,,,160,,0.02,0.573,76.15,,60.8,,,,,,,,,
568,BOREWELL AT PIRAMAL GLASS VILLAGE TARSADI AT KOSAMBA INDUSTRIAL AREA SURAT,CPCB,24,Gujarat,459,Surat,MANGROL,-,-,-,-,-,-,-,-,21.458587,72.942997,04-04-2019 08:30,,,,,638,,2358,,,,,,,7.3,,,0.01,330,0.02,0.06,0.48,78.2,,63.2,,,,,,0.01,,,
569,BOREWELL AT PIRAMAL GLASS VILLAGE TARSADI AT KOSAMBA INDUSTRIAL AREA SURAT,CPCB,24,Gujarat,459,Surat,MANGROL,-,-,-,-,-,-,-,-,21.458587,72.942997,01-10-2019 08:30,,,,,290,,2228,,,,,,,7.2,,,,430,,,,72.1,,58.4,,,,,,0.01,,,
570,BOREWELL AT PIRAMAL GLASS VILLAGE TARSADI AT KOSAMBA INDUSTRIAL AREA SURAT,CPCB,24,Gujarat,459,Surat,MANGROL,-,-,-,-,-,-,-,-,21.458587,72.942997,07-04-2020 08:30,0.84,,,,,5.9,,,,,,,,7.5,,,Clear,,Clear,,0.25,,Clear,,,Clear,0.07,,Clear,,Clear,,
571,BOREWELL AT PIRAMAL GLASS VILLAGE TARSADI AT KOSAMBA INDUSTRIAL AREA SURAT,CPCB,24,Gujarat,459,Surat,MANGROL,-,-,-,-,-,-,-,-,21.458587,72.942997,01-10-2020 08:30,0.28,,,,,2.9,,,,,,,,7.9,,,Clear,,Clear,,Clear,,Clear,,,Clear,0.09,,Clear,,2.48,,
572,BOREWELL AT PRIMARY HEALTH CENTER KADODARA SURAT,CPCB,24,Gujarat,459,Surat,PALSANA,-,-,-,-,-,-,-,-,21.170075,72.96507,03-04-2018 08:30,,,,,289,,982,,,,,,,8.11,,,,140,,,,96.1,,46.2,,,,,,,,,
573,BOREWELL AT PRIMARY HEALTH CENTER KADODARA SURAT,CPCB,24,Gujarat,459,Surat,PALSANA,-,-,-,-,-,-,-,-,21.170075,72.96507,03-10-2018 08:30,,,,,250,,958,,,,,,,8.3,,,,160,,,0.498,68.14,,41.34,,,,,,,,,
574,BOREWELL AT PRIMARY HEALTH CENTER KADODARA SURAT,CPCB,24,Gujarat,459,Surat,PALSANA,-,-,-,-,-,-,-,-,21.170075,72.96507,02-04-2019 08:30,,,,,227,,978,,,,,,,7.8,,,0.01,580,0.02,0.06,0.09,80.2,,36.5,,,,,,0.01,,,
575,BOREWELL AT PRIMARY HEALTH CENTER KADODARA SURAT,CPCB,24,Gujarat,459,Surat,PALSANA,-,-,-,-,-,-,-,-,21.170075,72.96507,03-10-2019 08:30,,,,,283,,1268,,,,,,,7.7,,,,610,,,,72.1,,38.9,,,,,,0.01,,,
576,BOREWELL AT PRIMARY HEALTH CENTER KADODARA SURAT,CPCB,24,Gujarat,459,Surat,PALSANA,-,-,-,-,-,-,-,-,21.170075,72.96507,06-04-2020 08:30,0.28,,,,,5.9,,,,,,,,7.2,,,Clear,,Clear,,Clear,,Clear,,,Clear,0.06,,Clear,,Clear,,
577,BOREWELL AT PRIMARY HEALTH CENTER KADODARA SURAT,CPCB,24,Gujarat,459,Surat,PALSANA,-,-,-,-,-,-,-,-,21.170075,72.96507,01-10-2020 08:30,0.28,,,,,3.8,,,,,,,,7.8,,,Clear,,Clear,,Clear,,Clear,,,Clear,0.09,,Clear,,Clear,,
578,BORE WELL AT STP MADHAPAR DIST. RAJKOT.,CPCB,24,Gujarat,457,Rajkot,RAJKOT,-,-,-,-,-,-,-,-,22.325303,70.768797,13-04-2018 08:30,,,,,210,,1138,,,,,,,7.31,,,,100,,0.097,0.095,126,,94,,,1.532,,,,,,
579,BORE WELL AT STP MADHAPAR DIST. RAJKOT.,CPCB,24,Gujarat,457,Rajkot,RAJKOT,-,-,-,-,-,-,-,-,22.325303,70.768797,25-10-2018 08:30,,,,,224,,1072,,,,,,,7.1,,,,320,,,,120,,87,,,1.083,,,,,,
580,BORE WELL AT STP MADHAPAR DIST. RAJKOT.,CPCB,24,Gujarat,457,Rajkot,RAJKOT,-,-,-,-,-,-,-,-,22.325303,70.768797,22-04-2019 08:30,,,,,244,,1256,,,,,,,7.5,,,0.01,421,0.02,0.06,0.05,136,,105,,,1.37,,,0.01,,,
581,BORE WELL AT STP MADHAPAR DIST. RAJKOT.,CPCB,24,Gujarat,457,Rajkot,RAJKOT,-,-,-,-,-,-,-,-,22.325303,70.768797,05-10-2019 08:30,,,,,580,,3372,,,,,,,7.5,,,0.01,317,0.02,0.06,0.06,,,,,,1.01,,,0.01,,,
582,BORE WELL AT STP MADHAPAR DIST. RAJKOT.,CPCB,24,Gujarat,457,Rajkot,RAJKOT,-,-,-,-,-,-,-,-,22.325303,70.768797,08-04-2020 08:30,Clear,,,,,Clear,,,,,,,,Clear,,,Clear,,Clear,,Clear,,Clear,,,Clear,Clear,,Clear,,Clear,,
583,BORE WELL AT VORAGAMDI,CPCB,24,Gujarat,461,Vadodara,VADODARA,-,-,-,-,-,-,-,-,22.220328,73.221501,01-10-2019 08:30,,,,,176,,842,,,,,,,7.4,,,,398,0.55,,0.19,99.4,,67.1,,,0.46,,,,,,
584,BORE WELL AT VORAGAMDI,CPCB,24,Gujarat,461,Vadodara,VADODARA,-,-,-,-,-,-,-,-,22.220328,73.221501,03-04-2020 08:30,0.28,,,,,2.1,,,,,,,,6.7,,,Clear,,Clear,,0.12,,Clear,,,Clear,0.54,,Clear,,Clear,,
585,BORE WELL AT VORAGAMDI,CPCB,24,Gujarat,461,Vadodara,VADODARA,-,-,-,-,-,-,-,-,22.220328,73.221501,03-10-2020 08:30,Clear,,,,,2.4,,,,,,,,7.8,,,Clear,,Clear,,Clear,,Clear,,,Clear,0.25,,Clear,,Clear,,
586,BOREWELL CETP-NARODA GIDC NARODA-AHMEDABAD,CPCB,24,Gujarat,438,Ahmedabad,AHMADABAD CITY,-,-,-,-,-,-,-,-,23.081253,72.667725,03-04-2018 08:30,,,,,180,,868,,,,,,,7.47,,,,415,,,,34,,33,,,1.838,,,,,,
587,BOREWELL CETP-NARODA GIDC NARODA-AHMEDABAD,CPCB,24,Gujarat,438,Ahmedabad,AHMADABAD CITY,-,-,-,-,-,-,-,-,23.081253,72.667725,03-10-2018 08:30,,,,,200,,874,,,,,,,7.75,,,,422,,,0.52,47,,24,,,1.269,,,,,,
588,BOREWELL CETP-NARODA GIDC NARODA-AHMEDABAD,CPCB,24,Gujarat,438,Ahmedabad,AHMADABAD CITY,-,-,-,-,-,-,-,-,23.081253,72.667725,01-04-2019 08:30,,,,,169,,886,,,,,,,7.4,,,0.01,444,0.02,0.02,0.06,44.1,,21.6,,,0.64,,,0.01,,,
589,BOREWELL CETP-NARODA GIDC NARODA-AHMEDABAD,CPCB,24,Gujarat,438,Ahmedabad,AHMADABAD CITY,-,-,-,-,-,-,-,-,23.081253,72.667725,02-10-2019 08:30,,,,,343,,954,,,,,,,7.4,,,,416,0.02,0.06,0.04,42,,26,,,0.54,,,0.04,,,
590,BOREWELL CETP-NARODA GIDC NARODA-AHMEDABAD,CPCB,24,Gujarat,438,Ahmedabad,AHMADABAD CITY,-,-,-,-,-,-,-,-,23.081253,72.667725,09-04-2020 08:30,0.14,,,,,Clear,,,,,,,,7.5,,,Clear,,Clear,,0.24,,Clear,,,Clear,0.05,,Clear,,8,,
591,BOREWELL CETP-NARODA GIDC NARODA-AHMEDABAD,CPCB,24,Gujarat,438,Ahmedabad,AHMADABAD CITY,-,-,-,-,-,-,-,-,23.081253,72.667725,01-10-2020 08:30,Other,,,,,Other,,,,,,,,8.2,,,Other,,Other,,Other,,Other,,,Other,1.1,,Other,,2,,
592,BOREWELL D/S TSDF SITE GIDC INDUSTRIAL AREA VAPI,CPCB,24,Gujarat,462,Valsad,PARDI,-,-,-,-,-,-,-,-,20.366667,72.900001,04-04-2018 08:30,,,,,142,,474,,,,,,,7.78,,,,261,,,,30.06,,14.56,,,,,,,,,
593,BOREWELL D/S TSDF SITE GIDC INDUSTRIAL AREA VAPI,CPCB,24,Gujarat,462,Valsad,PARDI,-,-,-,-,-,-,-,-,20.366667,72.900001,05-10-2018 08:30,,,,,52,,492,,,,,,,7.4,,,,321.6,,,,40.08,,42.64,,,,,,,,,
594,BOREWELL D/S TSDF SITE GIDC INDUSTRIAL AREA VAPI,CPCB,24,Gujarat,462,Valsad,PARDI,-,-,-,-,-,-,-,-,20.366667,72.900001,04-04-2019 08:30,,,,,162,,444,,,,,,,8,,,0.01,220,0.002,0.02,0.45,24.1,,21.8,,,0.35,0.02,,0.14,,,
595,BOREWELL D/S TSDF SITE GIDC INDUSTRIAL AREA VAPI,CPCB,24,Gujarat,462,Valsad,PARDI,-,-,-,-,-,-,-,-,20.366667,72.900001,03-10-2019 08:30,,,,,119,,366,,,,,,,7.8,,,,,,,,36.1,,29.1,,,0.34,,,,,,
596,BOREWELL D/S TSDF SITE GIDC INDUSTRIAL AREA VAPI,CPCB,24,Gujarat,462,Valsad,PARDI,-,-,-,-,-,-,-,-,20.366667,72.900001,09-04-2020 08:30,0.2,,,,,4.6,,,,,,,,7,,,Clear,,Clear,,0.109,,Clear,,,Clear,0.27,,Clear,,Clear,,
597,BOREWELL D/S TSDF SITE GIDC INDUSTRIAL AREA VAPI,CPCB,24,Gujarat,462,Valsad,PARDI,-,-,-,-,-,-,-,-,20.366667,72.900001,01-10-2020 08:30,0.28,,,,,5.6,,,,,,,,7.4,,,Clear,,Clear,,0.591,,Clear,,,Clear,0.9,,Clear,,Clear,,
598,BOREWELL KADI INDUSTRIAL AREA,CPCB,24,Gujarat,451,Mahesana,KADI,-,-,-,-,-,-,-,-,23.309945,72.264236,01-01-2018 08:30,,,,,345,,910,,,,,,,7.98,,,,250,,,,,,,,,3.39,,,,,,
599,BOREWELL KADI INDUSTRIAL AREA,CPCB,24,Gujarat,451,Mahesana,KADI,-,-,-,-,-,-,-,-,23.309945,72.264236,01-02-2018 08:30,,,,,343,,684,,,,,,,7.92,,,,410,,,,,,,,,2.88,,,,,,
600,BOREWELL KADI INDUSTRIAL AREA,CPCB,24,Gujarat,451,Mahesana,KADI,-,-,-,-,-,-,-,-,23.309945,72.264236,02-04-2018 08:30,,,,,330,,954,,,,,,,7.82,,,,330,,,,28,,57,,,1.789,,,,,,
601,BOREWELL KADI INDUSTRIAL AREA,CPCB,24,Gujarat,451,Mahesana,KADI,-,-,-,-,-,-,-,-,23.309945,72.264236,01-10-2018 08:30,,,,,300,,962,,,,,,,8.06,,,,294,,,,60,,40,,,0.803,,,,,,
602,BOREWELL KADI INDUSTRIAL AREA,CPCB,24,Gujarat,451,Mahesana,KADI,-,-,-,-,-,-,-,-,23.309945,72.264236,02-04-2019 08:30,,,,,322,,1034,,,,,,,7.9,,,0.01,279,0.02,0.06,0.06,37.7,,47.7,,,,,,0.01,,,
603,BOREWELL KADI INDUSTRIAL AREA,CPCB,24,Gujarat,451,Mahesana,KADI,-,-,-,-,-,-,-,-,23.309945,72.264236,04-10-2019 08:30,,,,,291,,950,,,,,,,7.8,,,,311,,,0.03,28,,40,,,1.38,,,,,,
604,BOREWELL KADI INDUSTRIAL AREA,CPCB,24,Gujarat,451,Mahesana,KADI,-,-,-,-,-,-,-,-,23.309945,72.264236,01-04-2020 08:30,0.19,,,,,3.4,,,,,,,,7.9,,,Clear,,Clear,,0.05,,Clear,,,Clear,1.08,,Clear,,Clear,,
605,BOREWELL NEAR CENTER OF EXCELLENCE BUILDING GIDC VATVA AHMEDABAD,CPCB,24,Gujarat,438,Ahmedabad,AHMADABAD CITY,-,-,-,-,-,-,-,-,22.998773,72.554637,03-04-2018 08:30,,,,,625,,1768,,,,,,,7.35,,,,252,,,,69,,49,,,2.258,,,,,,
606,BOREWELL NEAR CENTER OF EXCELLENCE BUILDING GIDC VATVA AHMEDABAD,CPCB,24,Gujarat,438,Ahmedabad,AHMADABAD CITY,-,-,-,-,-,-,-,-,22.998773,72.554637,03-10-2018 08:30,,,,,530,,1390,,,,,,,7.69,,,,368,,,0.74,61,,41,,,1.309,,,,,,
607,BOREWELL NEAR CENTER OF EXCELLENCE BUILDING GIDC VATVA AHMEDABAD,CPCB,24,Gujarat,438,Ahmedabad,AHMADABAD CITY,-,-,-,-,-,-,-,-,22.998773,72.554637,01-04-2019 08:30,,,,,470,,1368,,,,,,,7.4,,,0.01,399,0.02,0.06,0.06,46.5,,41.3,,,0.54,,,0.01,,,
608,BOREWELL NEAR CENTER OF EXCELLENCE BUILDING GIDC VATVA AHMEDABAD,CPCB,24,Gujarat,438,Ahmedabad,AHMADABAD CITY,-,-,-,-,-,-,-,-,22.998773,72.554637,02-10-2019 08:30,,,,,460,,1418,,,,,,,7.3,,,,363,0.02,0.06,0.05,54,,25,,,2.72,,,0.04,,,
609,BOREWELL NEAR CENTER OF EXCELLENCE BUILDING GIDC VATVA AHMEDABAD,CPCB,24,Gujarat,438,Ahmedabad,AHMADABAD CITY,-,-,-,-,-,-,-,-,22.998773,72.554637,09-04-2020 08:30,0.17,,,,,Clear,,,,,,,,7.4,,,Clear,,Clear,,0.04,,Clear,,,Clear,0.02,,Clear,,7,,
610,BOREWELL NEAR CENTER OF EXCELLENCE BUILDING GIDC VATVA AHMEDABAD,CPCB,24,Gujarat,438,Ahmedabad,AHMADABAD CITY,-,-,-,-,-,-,-,-,22.998773,72.554637,03-10-2020 08:30,Other,,,,,Other,,,,,,,,8,,,Other,,Other,,Other,,Other,,,Other,0.4,,Other,,5,,
611,BOREWELL NEAR GIDC ODHAV INDUSTRIAL ASSOCIATION BUILDING GIDC ODHAV AHMEDABAD,CPCB,24,Gujarat,438,Ahmedabad,AHMADABAD CITY,-,-,-,-,-,-,-,-,23.021548,72.663581,03-04-2018 08:30,,,,,238,,950,,,,,,,7.45,,,,392,,,,20,,50,,,1.874,,,,,,
612,BOREWELL NEAR GIDC ODHAV INDUSTRIAL ASSOCIATION BUILDING GIDC ODHAV AHMEDABAD,CPCB,24,Gujarat,438,Ahmedabad,AHMADABAD CITY,-,-,-,-,-,-,-,-,23.021548,72.663581,03-10-2018 08:30,,,,,240,,1054,,,,,,,7.54,,,,450,,,0.84,79,,22,,,0.647,,,,,,
613,BOREWELL NEAR GIDC ODHAV INDUSTRIAL ASSOCIATION BUILDING GIDC ODHAV AHMEDABAD,CPCB,24,Gujarat,438,Ahmedabad,AHMADABAD CITY,-,-,-,-,-,-,-,-,23.021548,72.663581,01-04-2019 08:30,,,,,231,,1026,,,,,,,7.4,,,0.01,390,0.02,0.03,0.06,42.5,,26.5,,,1.51,,,0.01,,,
614,BOREWELL NEAR GIDC ODHAV INDUSTRIAL ASSOCIATION BUILDING GIDC ODHAV AHMEDABAD,CPCB,24,Gujarat,438,Ahmedabad,AHMADABAD CITY,-,-,-,-,-,-,-,-,23.021548,72.663581,02-10-2019 08:30,,,,,354,,1034,,,,,,,7.4,,,,442,0.02,0.06,0.05,49,,20,,,2.23,,,0.03,,,
615,BOREWELL NEAR GIDC ODHAV INDUSTRIAL ASSOCIATION BUILDING GIDC ODHAV AHMEDABAD,CPCB,24,Gujarat,438,Ahmedabad,AHMADABAD CITY,-,-,-,-,-,-,-,-,23.021548,72.663581,09-04-2020 08:30,0.2,,,,,Clear,,,,,,,,7.4,,,Clear,,Clear,,0.04,,Clear,,,Clear,0.01,,Clear,,6,,
616,BOREWELL NEAR GIDC ODHAV INDUSTRIAL ASSOCIATION BUILDING GIDC ODHAV AHMEDABAD,CPCB,24,Gujarat,438,Ahmedabad,AHMADABAD CITY,-,-,-,-,-,-,-,-,23.021548,72.663581,03-10-2020 08:30,Other,,,,,Other,,,,,,,,8.1,,,Other,,Other,,0.236,,Other,,,Other,1.1,,Other,,5,,
617,BOREWELL NEAR MUNICIPAL SOLID WASTE SITE- GYASPUR NAROL AHMEDABAD,CPCB,24,Gujarat,438,Ahmedabad,AHMADABAD CITY,-,-,-,-,-,-,-,-,22.977868,72.543816,02-02-2018 08:30,,,,,1149,,3716,,,,,,,8.27,,,,690,,,,59,,159,,,,,,,,,
618,BOREWELL NEAR MUNICIPAL SOLID WASTE SITE- GYASPUR NAROL AHMEDABAD,CPCB,24,Gujarat,438,Ahmedabad,AHMADABAD CITY,-,-,-,-,-,-,-,-,22.977868,72.543816,05-03-2018 08:30,,,,,1077,,3522,,,,,,,7.44,,,,760,,,,193,,35,,,,,,,,,
619,BOREWELL NEAR MUNICIPAL SOLID WASTE SITE- GYASPUR NAROL AHMEDABAD,CPCB,24,Gujarat,438,Ahmedabad,AHMADABAD CITY,-,-,-,-,-,-,-,-,22.977868,72.543816,03-04-2018 08:30,,,,,1010,,3482,,,,,,,7.26,,,,605,,,,44,,113,,,2.606,,,,,,
620,BOREWELL NEAR MUNICIPAL SOLID WASTE SITE- GYASPUR NAROL AHMEDABAD,CPCB,24,Gujarat,438,Ahmedabad,AHMADABAD CITY,-,-,-,-,-,-,-,-,22.977868,72.543816,01-05-2018 08:30,,,,,1050,,3498,,,,,,,7.47,,,,525,,,,119,,57,,,,,,,,,
621,BOREWELL NEAR MUNICIPAL SOLID WASTE SITE- GYASPUR NAROL AHMEDABAD,CPCB,24,Gujarat,438,Ahmedabad,AHMADABAD CITY,-,-,-,-,-,-,-,-,22.977868,72.543816,02-06-2018 08:30,,,,,1309,,3570,,,,,,,7.62,,,,450,,,,41,,,,,2.66,,,,,,
622,BOREWELL NEAR MUNICIPAL SOLID WASTE SITE- GYASPUR NAROL AHMEDABAD,CPCB,24,Gujarat,438,Ahmedabad,AHMADABAD CITY,-,-,-,-,-,-,-,-,22.977868,72.543816,03-07-2018 08:30,,,,,970,,3280,,,,,,,7.83,,,,665,,,,204,,,,,2.558,,,,,,
623,BOREWELL NEAR MUNICIPAL SOLID WASTE SITE- GYASPUR NAROL AHMEDABAD,CPCB,24,Gujarat,438,Ahmedabad,AHMADABAD CITY,-,-,-,-,-,-,-,-,22.977868,72.543816,01-08-2018 08:30,,,,,900,,35.18,,,,,,,7.57,,,,700,,,,152,,,,,0.396,,,,,,
624,BOREWELL NEAR MUNICIPAL SOLID WASTE SITE- GYASPUR NAROL AHMEDABAD,CPCB,24,Gujarat,438,Ahmedabad,AHMADABAD CITY,-,-,-,-,-,-,-,-,22.977868,72.543816,06-09-2018 08:30,,,,,964,,3554,,,,,,,7.86,,,,600,,,,53,,,,,1.215,,,,,,
625,BOREWELL NEAR MUNICIPAL SOLID WASTE SITE- GYASPUR NAROL AHMEDABAD,CPCB,24,Gujarat,438,Ahmedabad,AHMADABAD CITY,-,-,-,-,-,-,-,-,22.977868,72.543816,03-10-2018 08:30,,,,,944,,3454,,,,,,,8.69,,,,589,,,,55,,,,,1.244,,,,,,
626,BOREWELL NEAR MUNICIPAL SOLID WASTE SITE- GYASPUR NAROL AHMEDABAD,CPCB,24,Gujarat,438,Ahmedabad,AHMADABAD CITY,-,-,-,-,-,-,-,-,22.977868,72.543816,03-11-2018 08:30,,,,,923,,3554,,,,,,,7.56,,,,800,,,,84,,,,,0.683,,,,,,
627,BOREWELL NEAR MUNICIPAL SOLID WASTE SITE- GYASPUR NAROL AHMEDABAD,CPCB,24,Gujarat,438,Ahmedabad,AHMADABAD CITY,-,-,-,-,-,-,-,-,22.977868,72.543816,01-12-2018 08:30,,,,,940,,3432,,,,,,,7.41,,,,757,,,,84.56,,94.6,,,0.694,,,,,,
628,BOREWELL NEAR MUNICIPAL SOLID WASTE SITE- GYASPUR NAROL AHMEDABAD,CPCB,24,Gujarat,438,Ahmedabad,AHMADABAD CITY,-,-,-,-,-,-,-,-,22.977868,72.543816,01-01-2019 08:30,,,,,810,,3354,,,,,,,4.6,,,,757,,,,75,,109,,,1.2,,,,,,
629,BOREWELL NEAR MUNICIPAL SOLID WASTE SITE- GYASPUR NAROL AHMEDABAD,CPCB,24,Gujarat,438,Ahmedabad,AHMADABAD CITY,-,-,-,-,-,-,-,-,22.977868,72.543816,04-02-2019 08:30,,,,,939,,3336,,,,,,,7.5,,,,791,,,,116,,68,,,1.01,,,,,,
630,BOREWELL NEAR MUNICIPAL SOLID WASTE SITE- GYASPUR NAROL AHMEDABAD,CPCB,24,Gujarat,438,Ahmedabad,AHMADABAD CITY,-,-,-,-,-,-,-,-,22.977868,72.543816,02-03-2019 08:30,,,,,591,,2202,,,,,,,7.7,,,,645,,,,53,,69,,,0.51,,,,,,
631,BOREWELL NEAR MUNICIPAL SOLID WASTE SITE- GYASPUR NAROL AHMEDABAD,CPCB,24,Gujarat,438,Ahmedabad,AHMADABAD CITY,-,-,-,-,-,-,-,-,22.977868,72.543816,02-04-2019 08:30,,,,,603,,2106,,,,,,,7.4,,,0.01,670,0.02,0.06,0.06,52.5,,65.4,,,0.58,,,0.01,,,
632,BOREWELL NEAR MUNICIPAL SOLID WASTE SITE- GYASPUR NAROL AHMEDABAD,CPCB,24,Gujarat,438,Ahmedabad,AHMADABAD CITY,-,-,-,-,-,-,-,-,22.977868,72.543816,01-05-2019 08:30,,,,,944,,3222,,,,,,,7.5,,,,707.4,,,,42,,116,,,0.7,,,,,,
633,BOREWELL NEAR MUNICIPAL SOLID WASTE SITE- GYASPUR NAROL AHMEDABAD,CPCB,24,Gujarat,438,Ahmedabad,AHMADABAD CITY,-,-,-,-,-,-,-,-,22.977868,72.543816,01-06-2019 08:30,,,,,573,,2260,,,,,,,7.4,,,,606,,,,30,,79,,,3.07,,,,,,
634,BOREWELL NEAR MUNICIPAL SOLID WASTE SITE- GYASPUR NAROL AHMEDABAD,CPCB,24,Gujarat,438,Ahmedabad,AHMADABAD CITY,-,-,-,-,-,-,-,-,22.977868,72.543816,01-07-2019 08:30,,,,,520,,2266,,,,,,,7.4,,,,653,,,,59,,56,,,0.69,,,,,,
635,BOREWELL NEAR MUNICIPAL SOLID WASTE SITE- GYASPUR NAROL AHMEDABAD,CPCB,24,Gujarat,438,Ahmedabad,AHMADABAD CITY,-,-,-,-,-,-,-,-,22.977868,72.543816,02-08-2019 08:30,,,,,990,,4150,,,,,,,7.2,,,,1132,,,,75,,112,,,0.66,,,,,,
636,BOREWELL NEAR MUNICIPAL SOLID WASTE SITE- GYASPUR NAROL AHMEDABAD,CPCB,24,Gujarat,438,Ahmedabad,AHMADABAD CITY,-,-,-,-,-,-,-,-,22.977868,72.543816,03-09-2019 08:30,,,,,731,,2300,,,,,,,7.3,,,,681,,,,120,,29,,,0.71,,,,,,
637,BOREWELL NEAR MUNICIPAL SOLID WASTE SITE- GYASPUR NAROL AHMEDABAD,CPCB,24,Gujarat,438,Ahmedabad,AHMADABAD CITY,-,-,-,-,-,-,-,-,22.977868,72.543816,03-10-2019 08:30,,,,,599,,2220,,,,,,,7.4,,,,710,0.02,0.06,,91,,30,,,0.73,,,0.03,,,
638,BOREWELL NEAR MUNICIPAL SOLID WASTE SITE- GYASPUR NAROL AHMEDABAD,CPCB,24,Gujarat,438,Ahmedabad,AHMADABAD CITY,-,-,-,-,-,-,-,-,22.977868,72.543816,05-11-2019 08:30,,,,,600,,2110,,,,,,,7.4,,,,664,,,,99,,39,,,0.74,,,,,,
639,BOREWELL NEAR MUNICIPAL SOLID WASTE SITE- GYASPUR NAROL AHMEDABAD,CPCB,24,Gujarat,438,Ahmedabad,AHMADABAD CITY,-,-,-,-,-,-,-,-,22.977868,72.543816,02-12-2019 08:30,,,,,610,,2272,,,,,,,8.1,,,,718,,,,58,,51,,,0.71,,,,,,
640,BOREWELL NEAR MUNICIPAL SOLID WASTE SITE- GYASPUR NAROL AHMEDABAD,CPCB,24,Gujarat,438,Ahmedabad,AHMADABAD CITY,-,-,-,-,-,-,-,-,22.977868,72.543816,02-01-2020 08:30,0.28,,,,,5.6,,,,,,,,7.4,,,,,,,,,,,,,2.13,,,,12,,
641,BOREWELL NEAR MUNICIPAL SOLID WASTE SITE- GYASPUR NAROL AHMEDABAD,CPCB,24,Gujarat,438,Ahmedabad,AHMADABAD CITY,-,-,-,-,-,-,-,-,22.977868,72.543816,01-02-2020 08:30,0.17,,,,,5.5,,,,,,,,7.3,,,Clear,,Clear,,Clear,,Clear,,,Clear,0.48,,Clear,,11,,
642,BOREWELL NEAR MUNICIPAL SOLID WASTE SITE- GYASPUR NAROL AHMEDABAD,CPCB,24,Gujarat,438,Ahmedabad,AHMADABAD CITY,-,-,-,-,-,-,-,-,22.977868,72.543816,04-03-2020 08:30,2.8,,,,,5.4,,,,,,,,7.4,,,Clear,,Clear,,Clear,,Clear,,,Clear,1.96,,Clear,,11,,
643,BOREWELL NEAR MUNICIPAL SOLID WASTE SITE- GYASPUR NAROL AHMEDABAD,CPCB,24,Gujarat,438,Ahmedabad,AHMADABAD CITY,-,-,-,-,-,-,-,-,22.977868,72.543816,04-04-2020 08:30,0.25,,,,,5.9,,,,,,,,7.4,,,Clear,,Clear,,0.041,,Clear,,,Clear,0.83,,Clear,,12,,
644,BOREWELL NEAR MUNICIPAL SOLID WASTE SITE- GYASPUR NAROL AHMEDABAD,CPCB,24,Gujarat,438,Ahmedabad,AHMADABAD CITY,-,-,-,-,-,-,-,-,22.977868,72.543816,01-05-2020 08:30,0.22,,,,,4.3,,,,,,,,8.5,,,Clear,,Clear,,Clear,,Clear,,,Clear,0.72,,Clear,,13,,
645,BOREWELL NEAR MUNICIPAL SOLID WASTE SITE- GYASPUR NAROL AHMEDABAD,CPCB,24,Gujarat,438,Ahmedabad,AHMADABAD CITY,-,-,-,-,-,-,-,-,22.977868,72.543816,05-08-2020 08:30,Clear,,,,,4.2,,,,,,,,8.3,,,Clear,,Clear,,Clear,,Clear,,,Clear,0.71,,Clear,,13.17,,
646,BOREWELL NEAR MUNICIPAL SOLID WASTE SITE- GYASPUR NAROL AHMEDABAD,CPCB,24,Gujarat,438,Ahmedabad,AHMADABAD CITY,-,-,-,-,-,-,-,-,22.977868,72.543816,02-12-2020 08:30,Clear,,,,,Clear,,,,,,,,7.36,,,Clear,,Clear,,Clear,,Clear,,,Clear,0.7,,Clear,,Clear,,
647,BOREWELL NEAR MUNICIPAL SOLID WASTE SITE NAKARWADI RAJKOT,CPCB,24,Gujarat,457,Rajkot,RAJKOT,-,-,-,-,-,-,-,-,22.303828,70.802397,22-04-2019 08:30,,,,,448,,1156,,,,,,,7.4,,,0.01,52.2,0.02,0.06,0.03,172,,11,,,1.49,,,0.01,,,
648,BOREWELL NEAR MUNICIPAL SOLID WASTE SITE NAKARWADI RAJKOT,CPCB,24,Gujarat,457,Rajkot,RAJKOT,-,-,-,-,-,-,-,-,22.303828,70.802397,05-10-2019 08:30,,,,,112,,530,,,,,,,7.8,,,0.01,210,0.02,0.06,0.06,,,,,,1.1,,,0.01,,,
649,BOREWELL NEAR MUNICIPAL SOLID WASTE SITE NAKARWADI RAJKOT,CPCB,24,Gujarat,457,Rajkot,RAJKOT,-,-,-,-,-,-,-,-,22.303828,70.802397,09-04-2020 08:30,Clear,,,,,Clear,,,,,,,,Clear,,,Clear,,Clear,,Clear,,Clear,,,Clear,Clear,,Clear,,Clear,,
650,BOREWELL NEAR TSDF OF BHARUCH ENVIRO INFRASTRUCTURE LIMITED ANKLESHWAR BHARUCH,CPCB,24,Gujarat,442,Bharuch,BHARUCH,-,-,-,-,-,-,-,-,21.704767,72.995722,03-04-2018 08:30,,,,,978,,2608,,,,,,,7.14,,,,460,,,0.035,136.3,,75.3,,,0.5,,,,,,
651,BOREWELL NEAR TSDF OF BHARUCH ENVIRO INFRASTRUCTURE LIMITED ANKLESHWAR BHARUCH,CPCB,24,Gujarat,442,Bharuch,BHARUCH,-,-,-,-,-,-,-,-,21.704767,72.995722,02-10-2018 08:30,,,,,734,,1858,,,,,,,7,,,,,,,0.088,120.2,,55.89,,,,,,,,,
652,BOREWELL NEAR TSDF OF BHARUCH ENVIRO INFRASTRUCTURE LIMITED ANKLESHWAR BHARUCH,CPCB,24,Gujarat,442,Bharuch,BHARUCH,-,-,-,-,-,-,-,-,21.704767,72.995722,01-10-2019 08:30,,,,,1001,,2480,,,,,,,6.8,,,0.0001,492,0.0004,0.03,1.97,141.1,,56.4,,,0.31,0.07,,0.03,,,
653,BOREWELL NEAR TSDF OF BHARUCH ENVIRO INFRASTRUCTURE LIMITED ANKLESHWAR BHARUCH,CPCB,24,Gujarat,442,Bharuch,BHARUCH,-,-,-,-,-,-,-,-,21.704767,72.995722,07-04-2020 08:30,Clear,,,,,6,,,,,,,,7.1,,,Clear,,0.018,,0.155,,Clear,,,Clear,0.29,,Clear,,Clear,,
654,BOREWELL NEAR TSDF OF BHARUCH ENVIRO INFRASTRUCTURE LIMITED ANKLESHWAR BHARUCH,CPCB,24,Gujarat,442,Bharuch,BHARUCH,-,-,-,-,-,-,-,-,21.704767,72.995722,01-10-2020 08:30,Clear,,,,,Clear,,,,,,,,7.4,,,Clear,,Clear,,0.572,,Clear,,,Clear,Clear,,Clear,,9.21,,
655,BOREWELL NEAR TSDF OF GUJARAT MARITIME BOARD ALANG BHAVNAGAR,CPCB,24,Gujarat,443,Bhavnagar,TALAJA,-,-,-,-,-,-,-,-,21.399603,72.174589,02-04-2018 08:30,,,,,280,,1174,,,,,,,7.68,,,,250,,,0.066,112,,51,,,,,,0.025,,,
656,BOREWELL NEAR TSDF OF GUJARAT MARITIME BOARD ALANG BHAVNAGAR,CPCB,24,Gujarat,443,Bhavnagar,TALAJA,-,-,-,-,-,-,-,-,21.399603,72.174589,03-10-2018 08:30,,,,,270,,1326,,,,,,,8.01,,,,240,,,,100,,58,,,,,,,,,
657,BOREWELL NEAR TSDF OF GUJARAT MARITIME BOARD ALANG BHAVNAGAR,CPCB,24,Gujarat,443,Bhavnagar,TALAJA,-,-,-,-,-,-,-,-,21.399603,72.174589,01-04-2019 08:30,,,,,230,,1208,,,,,,,8,,,0.01,220,0.02,0.06,0.05,96,,68,,,,,,0.01,,,
658,BOREWELL NEAR TSDF OF GUJARAT MARITIME BOARD ALANG BHAVNAGAR,CPCB,24,Gujarat,443,Bhavnagar,TALAJA,-,-,-,-,-,-,-,-,21.399603,72.174589,03-10-2019 08:30,,,,,240,,1280,,,,,,,8.1,,,0.01,200,0.02,0.06,0.05,64,,44,,,0.34,,,0.01,,,
659,BOREWELL NEAR TSDF OF GUJARAT MARITIME BOARD ALANG BHAVNAGAR,CPCB,24,Gujarat,443,Bhavnagar,TALAJA,-,-,-,-,-,-,-,-,21.399603,72.174589,09-04-2020 08:30,2.8,,,,,2.2,,,,,,,,7.9,,,Clear,,Clear,,0.081,,Clear,,,Clear,0.43,,Clear,,5,,
660,BOREWELL NEAR TSDF OF GUJARAT MARITIME BOARD ALANG BHAVNAGAR,CPCB,24,Gujarat,443,Bhavnagar,TALAJA,-,-,-,-,-,-,-,-,21.399603,72.174589,08-10-2020 08:30,1.75,,,,,4.2,,,,,,,,7.3,,,Clear,,Clear,,0.708,,Clear,,,Clear,0.57,,Clear,,Clear,,
661,BOREWELL NEAR TSDF SITE OF GREEN ENVIRONMNET SERVICES CO. OP.LTD VATVA AHMEDABAD,CPCB,24,Gujarat,438,Ahmedabad,DASKROI,-,-,-,-,-,-,-,-,22.955938,72.639459,03-04-2018 08:30,,,,,530,,1406,,,,,,,7.31,,,,570,,,,53,,19,,,2.098,,,,,,
662,BOREWELL NEAR TSDF SITE OF GREEN ENVIRONMNET SERVICES CO. OP.LTD VATVA AHMEDABAD,CPCB,24,Gujarat,438,Ahmedabad,DASKROI,-,-,-,-,-,-,-,-,22.955938,72.639459,03-10-2018 08:30,,,,,490,,1556,,,,,,,7.42,,,,486,,0.03,0.53,24,,79,,,1.15,,,,,,
663,BOREWELL NEAR TSDF SITE OF GREEN ENVIRONMNET SERVICES CO. OP.LTD VATVA AHMEDABAD,CPCB,24,Gujarat,438,Ahmedabad,DASKROI,-,-,-,-,-,-,-,-,22.955938,72.639459,01-04-2019 08:30,,,,,442,,1566,,,,,,,7.3,,,0.01,500,0.02,0.06,0.06,45.3,,50.8,,,0.99,,,0.01,,,
664,BOREWELL NEAR TSDF SITE OF GREEN ENVIRONMNET SERVICES CO. OP.LTD VATVA AHMEDABAD,CPCB,24,Gujarat,438,Ahmedabad,DASKROI,-,-,-,-,-,-,-,-,22.955938,72.639459,02-10-2019 08:30,,,,,416,,1676,,,,,,,7.3,,,,506,0.02,0.06,0.04,59,,35,,,0.33,,,0.04,,,
665,BOREWELL NEAR TSDF SITE OF GREEN ENVIRONMNET SERVICES CO. OP.LTD VATVA AHMEDABAD,CPCB,24,Gujarat,438,Ahmedabad,DASKROI,-,-,-,-,-,-,-,-,22.955938,72.639459,09-04-2020 08:30,0.2,,,,,Clear,,,,,,,,7.4,,,Clear,,Clear,,0.05,,Clear,,,Clear,0.02,,Clear,,10,,
666,BOREWELL NEAR TSDF SITE OF GREEN ENVIRONMNET SERVICES CO. OP.LTD VATVA AHMEDABAD,CPCB,24,Gujarat,438,Ahmedabad,DASKROI,-,-,-,-,-,-,-,-,22.955938,72.639459,03-10-2020 08:30,Other,,,,,Other,,,,,,,,8.1,,,Other,,Other,,0.146,,Other,,,Other,0.7,,Other,,5,,
667,BOREWELL NEAR TSDF SITE OF NARODA ENVIRO PROJECT.LTD ODHAVE AHMEDABAD,CPCB,24,Gujarat,438,Ahmedabad,AHMADABAD CITY,-,-,-,-,-,-,-,-,23.082136,72.66846,03-04-2018 08:30,,,,,366,,1126,,,,,,,7.46,,,,390,,,,32,,38,,,2.078,,,,,,
668,BOREWELL NEAR TSDF SITE OF NARODA ENVIRO PROJECT.LTD ODHAVE AHMEDABAD,CPCB,24,Gujarat,438,Ahmedabad,AHMADABAD CITY,-,-,-,-,-,-,-,-,23.082136,72.66846,03-10-2018 08:30,,,,,267,,1098,,,,,,,7.91,,,,431,,0.01,0.2,42,,26,,,1.649,,,,,,
669,BOREWELL NEAR TSDF SITE OF NARODA ENVIRO PROJECT.LTD ODHAVE AHMEDABAD,CPCB,24,Gujarat,438,Ahmedabad,AHMADABAD CITY,-,-,-,-,-,-,-,-,23.082136,72.66846,01-04-2019 08:30,,,,,240,,1064,,,,,,,7.8,,,0.01,516,0.02,0.06,0.06,20,,30.2,,,2.07,,,0.01,,,
670,BOREWELL NEAR TSDF SITE OF NARODA ENVIRO PROJECT.LTD ODHAVE AHMEDABAD,CPCB,24,Gujarat,438,Ahmedabad,AHMADABAD CITY,-,-,-,-,-,-,-,-,23.082136,72.66846,02-10-2019 08:30,,,,,267,,1390,,,,,,,7.4,,,,516,0.02,0.06,0.04,45,,23,,,0.94,,,0.03,,,
671,BOREWELL NEAR TSDF SITE OF NARODA ENVIRO PROJECT.LTD ODHAVE AHMEDABAD,CPCB,24,Gujarat,438,Ahmedabad,AHMADABAD CITY,-,-,-,-,-,-,-,-,23.082136,72.66846,09-04-2020 08:30,0.17,,,,,Clear,,,,,,,,8.2,,,Clear,,Clear,,0.04,,Clear,,,Clear,0.06,,Clear,,9,,
672,BOREWELL NEAR TSDF SITE OF NARODA ENVIRO PROJECT.LTD ODHAVE AHMEDABAD,CPCB,24,Gujarat,438,Ahmedabad,AHMADABAD CITY,-,-,-,-,-,-,-,-,23.082136,72.66846,03-10-2020 08:30,Other,,,,,Other,,,,,,,,8.1,,,Other,,Other,,0.566,,Other,,,Other,2.2,,Other,,5,,
673,BOREWELL NEAR TSDF SITE OF SAURASHTRA ENVIRO PROJECT LTD. JUNA KATARIYA BHACHAU,CPCB,24,Gujarat,449,Kachchh,BHACHAU,-,-,-,-,-,-,-,-,23.291042,70.3416,02-04-2018 08:30,,,,,1020,,1750,,,,,,,7.29,,,,480,,0.016,0.044,64.12,,119.2,,,2.9,,,0.027,,,
674,BOREWELL NEAR TSDF SITE OF SAURASHTRA ENVIRO PROJECT LTD. JUNA KATARIYA BHACHAU,CPCB,24,Gujarat,449,Kachchh,BHACHAU,-,-,-,-,-,-,-,-,23.291042,70.3416,01-10-2018 08:30,,,,,1020,,2348,,,,,,,8.33,,,,,,,0.008,32,,117,,,2.8,,,,,,
675,BOREWELL NEAR TSDF SITE OF SAURASHTRA ENVIRO PROJECT LTD. JUNA KATARIYA BHACHAU,CPCB,24,Gujarat,449,Kachchh,BHACHAU,-,-,-,-,-,-,-,-,23.291042,70.3416,02-04-2019 08:30,,,,,520,,1522,,,,,,,8.2,,,0.01,,0.02,0.06,0.09,24,,185,,,2.6,,,0.02,,,
676,BOREWELL NEAR TSDF SITE OF SAURASHTRA ENVIRO PROJECT LTD. JUNA KATARIYA BHACHAU,CPCB,24,Gujarat,449,Kachchh,BHACHAU,-,-,-,-,-,-,-,-,23.291042,70.3416,08-04-2020 08:30,0.56,,,,,3.2,,,,,,,,7.3,,,Clear,,Clear,,Clear,,Clear,,,Clear,0.16,,0.002,,3.62,,
677,BOREWELL NERA TSDF OF NANDESARI ENVIRO CONTROL LIMITED NADESARI VADODARA,CPCB,24,Gujarat,461,Vadodara,VADODARA,-,-,-,-,-,-,-,-,22.413725,73.090994,07-04-2018 08:30,,,,,2200,,6712,,,,,,,7.14,,,,320,,,,713.4,,355.07,,,0.84,,,,,,
678,BOREWELL NERA TSDF OF NANDESARI ENVIRO CONTROL LIMITED NADESARI VADODARA,CPCB,24,Gujarat,461,Vadodara,VADODARA,-,-,-,-,-,-,-,-,22.413725,73.090994,05-10-2018 08:30,,,,,3080,,9468,,,,,,,6.99,,,,540,,,0.38,1182.3,,38.91,,,0.68,0.373,,0.17,,,
679,BOREWELL NERA TSDF OF NANDESARI ENVIRO CONTROL LIMITED NADESARI VADODARA,CPCB,24,Gujarat,461,Vadodara,VADODARA,-,-,-,-,-,-,-,-,22.413725,73.090994,03-04-2019 08:30,,,,,2100,,5714,,,,,,,6.9,,,0.01,350,0.02,0.06,0.78,1042,,61,,,0.7,0.04,,0.03,,,
680,BOREWELL NERA TSDF OF NANDESARI ENVIRO CONTROL LIMITED NADESARI VADODARA,CPCB,24,Gujarat,461,Vadodara,VADODARA,-,-,-,-,-,-,-,-,22.413725,73.090994,07-10-2019 08:30,,,,,3500,,10340,,,,,,,7,,,,594,,,0.27,757.5,,160.5,,,0.36,,,,,,
681,BOREWELL NERA TSDF OF NANDESARI ENVIRO CONTROL LIMITED NADESARI VADODARA,CPCB,24,Gujarat,461,Vadodara,VADODARA,-,-,-,-,-,-,-,-,22.413725,73.090994,03-04-2020 08:30,0.56,,,,,1.7,,,,,,,,6.8,,,Other,,Other,,0.29,,Other,,,Other,0.72,,Other,,Other,,
682,BOREWELL NERA TSDF OF NANDESARI ENVIRO CONTROL LIMITED NADESARI VADODARA,CPCB,24,Gujarat,461,Vadodara,VADODARA,-,-,-,-,-,-,-,-,22.413725,73.090994,01-10-2020 08:30,Clear,,,,,3.8,,,,,,,,6.8,,,Clear,,Clear,,Clear,,Clear,,,Clear,0.84,,Clear,,Clear,,
683,BOREWELL OF AJI GIDC RAJKOT,CPCB,24,Gujarat,457,Rajkot,RAJKOT,-,-,-,-,-,-,-,-,22.279594,70.835138,07-04-2018 08:30,,,,,280,,1218,,,,,,,8.06,,,,95,,0.31,,84,,80,,,1.727,,,0.026,,,
684,BOREWELL OF AJI GIDC RAJKOT,CPCB,24,Gujarat,457,Rajkot,RAJKOT,-,-,-,-,-,-,-,-,22.279594,70.835138,25-10-2018 08:30,,,,,284,,1108,,,,,,,7.25,,,,290,,,0.39,119,,66,,,0.984,,,,,,
685,BOREWELL OF AJI GIDC RAJKOT,CPCB,24,Gujarat,457,Rajkot,RAJKOT,-,-,-,-,-,-,-,-,22.279594,70.835138,20-04-2019 08:30,,,,,196,,872,,,,,,,7.5,,,0.01,301.1,0.02,0.06,0.08,80,,54,,,1.3,,,0.08,,,
686,BOREWELL OF AJI GIDC RAJKOT,CPCB,24,Gujarat,457,Rajkot,RAJKOT,-,-,-,-,-,-,-,-,22.279594,70.835138,05-10-2019 08:30,,,,,264,,1342,,,,,,,7.9,,,0.002,356,0.02,0.17,0.06,,,,,,0.95,,,0.01,,,
687,BOREWELL OF AJI GIDC RAJKOT,CPCB,24,Gujarat,457,Rajkot,RAJKOT,-,-,-,-,-,-,-,-,22.279594,70.835138,09-04-2020 08:30,Clear,,,,,Clear,,,,,,,,Clear,,,Clear,,Clear,,Clear,,Clear,,,Clear,Clear,,Clear,,Clear,,
688,BORE WELL OF CHHATRAL GIDC.,CPCB,24,Gujarat,459,Surat,CHORASI,-,-,-,-,-,-,-,-,21.093078,72.857456,01-01-2018 08:30,,,,,595,,1458,,,,,,,7.36,,,,350,,,,105,,,,,1.993,,,,,,
689,BORE WELL OF CHHATRAL GIDC.,CPCB,24,Gujarat,459,Surat,CHORASI,-,-,-,-,-,-,-,-,21.093078,72.857456,02-02-2018 08:30,,,,,570,,1460,,,,,,,7.69,,,,100,,,,141,,55,,,3.66,,,,,,
690,BORE WELL OF CHHATRAL GIDC.,CPCB,24,Gujarat,459,Surat,CHORASI,-,-,-,-,-,-,-,-,21.093078,72.857456,04-04-2018 08:30,,,,,625,,1516,,,,,,,7.23,,,,370,,,,12,,73,,,2.05,,,,,,
691,BORE WELL OF CHHATRAL GIDC.,CPCB,24,Gujarat,459,Surat,CHORASI,-,-,-,-,-,-,-,-,21.093078,72.857456,02-05-2018 08:30,,,,,595,,1470,,,,,,,7.38,,,,350,,,,61,,82,,,,,,,,,
692,BORE WELL OF CHHATRAL GIDC.,CPCB,24,Gujarat,459,Surat,CHORASI,-,-,-,-,-,-,-,-,21.093078,72.857456,13-06-2018 08:30,,,,,651,,1954,,,,,,,7.45,,,,300,,,,100,,45,,,,,,,,,
693,BORE WELL OF CHHATRAL GIDC.,CPCB,24,Gujarat,459,Surat,CHORASI,-,-,-,-,-,-,-,-,21.093078,72.857456,02-07-2018 08:30,,,,,573,,1502,,,,,,,8.87,,,,322,,,,108,,50,,,1.737,,,,,,
694,BORE WELL OF CHHATRAL GIDC.,CPCB,24,Gujarat,459,Surat,CHORASI,-,-,-,-,-,-,-,-,21.093078,72.857456,07-08-2018 08:30,,,,,522,,1470,,,,,,,7.19,,,,258,,,,65,,53,,,1.545,,,,,,
695,BORE WELL OF CHHATRAL GIDC.,CPCB,24,Gujarat,459,Surat,CHORASI,-,-,-,-,-,-,-,-,21.093078,72.857456,07-09-2018 08:30,,,,,548,,1536,,,,,,,7.6,,,,326,,,,56,,102,,,1.121,,,,,,
696,BORE WELL OF CHHATRAL GIDC.,CPCB,24,Gujarat,459,Surat,CHORASI,-,-,-,-,-,-,-,-,21.093078,72.857456,01-10-2018 08:30,,,,,570,,1504,,,,,,,7.45,,,,382,,,0.21,42,,72,,,0.904,,,,,,
697,BORE WELL OF CHHATRAL GIDC.,CPCB,24,Gujarat,459,Surat,CHORASI,-,-,-,-,-,-,-,-,21.093078,72.857456,03-11-2018 08:30,,,,,592,,1544,,,,,,,7.73,,,,395,,,,43,,68,,,1.259,,,,,,
698,BORE WELL OF CHHATRAL GIDC.,CPCB,24,Gujarat,459,Surat,CHORASI,-,-,-,-,-,-,-,-,21.093078,72.857456,21-12-2018 08:30,,,,,552,,1474,,,,,,,7.14,,,,332,,,,69,,56,,,1.005,,,,,,
699,BORE WELL OF CHHATRAL GIDC.,CPCB,24,Gujarat,459,Surat,CHORASI,-,-,-,-,-,-,-,-,21.093078,72.857456,05-01-2019 08:30,,,,,510,,1486,,,,,,,7.1,,,,379,,,,75,,40,,,1.65,,,,,,
700,BORE WELL OF CHHATRAL GIDC.,CPCB,24,Gujarat,459,Surat,CHORASI,-,-,-,-,-,-,-,-,21.093078,72.857456,04-02-2019 08:30,,,,,600,,1526,,,,,,,7.9,,,,387,,,,111,,46,,,0.67,,,,,,
701,BORE WELL OF CHHATRAL GIDC.,CPCB,24,Gujarat,459,Surat,CHORASI,-,-,-,-,-,-,-,-,21.093078,72.857456,06-03-2019 08:30,,,,,564,,1434,,,,,,,7.2,,,,369,,,,62,,71,,,,,,,,,
702,BORE WELL OF CHHATRAL GIDC.,CPCB,24,Gujarat,459,Surat,CHORASI,-,-,-,-,-,-,-,-,21.093078,72.857456,03-04-2019 08:30,,,,,650,,1442,,,,,,,7,,,0.01,306,0.02,0.06,0.06,68.1,,54.2,,,1.09,,,0.01,,,
703,BORE WELL OF CHHATRAL GIDC.,CPCB,24,Gujarat,459,Surat,CHORASI,-,-,-,-,-,-,-,-,21.093078,72.857456,06-05-2019 08:30,,,,,562,,1764,,,,,,,7,,,,321.6,,,,12,,94,,,3.11,,,,,,
704,BORE WELL OF CHHATRAL GIDC.,CPCB,24,Gujarat,459,Surat,CHORASI,-,-,-,-,-,-,-,-,21.093078,72.857456,03-10-2019 08:30,,,,,534,,1502,,,,,,,7.1,,,0.01,372,0.02,0.06,0.02,84,,47,,,1.32,,,0.03,,,
705,BORE WELL OF CHHATRAL GIDC.,CPCB,24,Gujarat,459,Surat,CHORASI,-,-,-,-,-,-,-,-,21.093078,72.857456,01-01-2020 08:30,,,,,,,,,,,,,,,,,,,,,,,,,,,,,,,,,
706,BORE WELL OF CHHATRAL GIDC.,CPCB,24,Gujarat,459,Surat,CHORASI,-,-,-,-,-,-,-,-,21.093078,72.857456,01-02-2020 08:30,Clear,,,,,Clear,,,,,,,,Clear,,,Clear,,Clear,,Clear,,Clear,,,Clear,Clear,,Clear,,Clear,,
707,BORE WELL OF CHHATRAL GIDC.,CPCB,24,Gujarat,459,Surat,CHORASI,-,-,-,-,-,-,-,-,21.093078,72.857456,02-03-2020 08:30,Clear,,,,,Clear,,,,,,,,Clear,,,Clear,,Clear,,Clear,,Clear,,,Clear,Clear,,Clear,,Clear,,
708,BORE WELL OF CHHATRAL GIDC.,CPCB,24,Gujarat,459,Surat,CHORASI,-,-,-,-,-,-,-,-,21.093078,72.857456,07-04-2020 08:30,0.17,,,,,1.9,,,,,,,,7,,,Clear,,Clear,,0.05,,Clear,,,Clear,1.09,,Clear,,10,,
709,BORE WELL OF CHHATRAL GIDC.,CPCB,24,Gujarat,459,Surat,CHORASI,-,-,-,-,-,-,-,-,21.093078,72.857456,01-05-2020 08:30,Clear,,,,,Clear,,,,,,,,Clear,,,Clear,,Clear,,Clear,,Clear,,,Clear,Clear,,Clear,,Clear,,
710,BORE WELL OF CHHATRAL GIDC.,CPCB,24,Gujarat,459,Surat,CHORASI,-,-,-,-,-,-,-,-,21.093078,72.857456,01-07-2020 08:30,,,,,,,,,,,,,,,,,,,,,,,,,,,,,,,,,
711,BOREWELL OF GAYATRI PRAGNA SCHOOL BHADARWAD ROAD BAZAR FALIA SARIGAM VALSAD,CPCB,24,Gujarat,462,Valsad,UMBERGAON,-,-,-,-,-,-,-,-,20.284672,72.855067,02-04-2018 08:30,,,,,256,,824,,,,,,,7.35,,,,,,,,28.06,,12.12,,,,,,,,,
712,BOREWELL OF GAYATRI PRAGNA SCHOOL BHADARWAD ROAD BAZAR FALIA SARIGAM VALSAD,CPCB,24,Gujarat,462,Valsad,UMBERGAON,-,-,-,-,-,-,-,-,20.284672,72.855067,01-10-2018 08:30,,,,,57,,634,,,,,,,7.26,,,,304,,,0.2,42.08,,43.61,,,0.314,,,0.2,,,
713,BOREWELL OF GAYATRI PRAGNA SCHOOL BHADARWAD ROAD BAZAR FALIA SARIGAM VALSAD,CPCB,24,Gujarat,462,Valsad,UMBERGAON,-,-,-,-,-,-,-,-,20.284672,72.855067,01-04-2019 08:30,,,,,201,,942,,,,,,,8,,,0.01,240,0.02,0.06,0.25,64.1,,65.4,,,,,,0.06,,,
714,BOREWELL OF GAYATRI PRAGNA SCHOOL BHADARWAD ROAD BAZAR FALIA SARIGAM VALSAD,CPCB,24,Gujarat,462,Valsad,UMBERGAON,-,-,-,-,-,-,-,-,20.284672,72.855067,08-04-2020 08:30,0.26,,,,,4.5,,,,,,,,7.2,,,Clear,,Clear,,0.111,,Clear,,,Clear,0.23,,Clear,,0.11,,
715,BOREWELL OF GIDC ANTALIA WATER SUPPLY BILLIMORA GANDEVI,CPCB,24,Gujarat,453,Navsari,GANDEVI,-,-,-,-,-,-,-,-,20.768722,73.00164,05-04-2018 08:30,,,,,389,,1498,,,,,,,7.94,,,,180,,,,104,,65.6,,,,,,,,,
716,BOREWELL OF GIDC ANTALIA WATER SUPPLY BILLIMORA GANDEVI,CPCB,24,Gujarat,453,Navsari,GANDEVI,-,-,-,-,-,-,-,-,20.768722,73.00164,03-10-2018 08:30,,,,,210,,766,,,,,,,8.1,,,,160,,,,44,,29,,,,,,,,,
717,BOREWELL OF GIDC ANTALIA WATER SUPPLY BILLIMORA GANDEVI,CPCB,24,Gujarat,453,Navsari,GANDEVI,-,-,-,-,-,-,-,-,20.768722,73.00164,01-04-2019 08:30,,,,,511,,1870,,,,,,,7.7,,,0.01,530,0.02,0.06,0.16,72.1,,31.6,,,,,,0.01,,,
718,BOREWELL OF GIDC ANTALIA WATER SUPPLY BILLIMORA GANDEVI,CPCB,24,Gujarat,453,Navsari,GANDEVI,-,-,-,-,-,-,-,-,20.768722,73.00164,01-10-2019 08:30,,,,,215,,1444,,,,,,,7.4,,,,570,,,,76.2,,29.2,,,,,,,,,
719,BOREWELL OF GIDC ANTALIA WATER SUPPLY BILLIMORA GANDEVI,CPCB,24,Gujarat,453,Navsari,GANDEVI,-,-,-,-,-,-,-,-,20.768722,73.00164,09-04-2020 08:30,0.56,,,,,Clear,,,,,,,,7.5,,,Clear,,Clear,,Clear,,Clear,,,Clear,0.06,,Clear,,2.86,,
720,BOREWELL OF GIDC ANTALIA WATER SUPPLY BILLIMORA GANDEVI,CPCB,24,Gujarat,453,Navsari,GANDEVI,-,-,-,-,-,-,-,-,20.768722,73.00164,03-10-2020 08:30,0.56,,,,,Clear,,,,,,,,8,,,Clear,,Clear,,0.17,,Clear,,,Clear,0.36,,Clear,,1.33,,
721,BOREWELL OF GIDC JHAGADIA,CPCB,24,Gujarat,442,Bharuch,JHAGADIA,-,-,-,-,-,-,-,-,21.636969,73.131793,04-04-2018 08:30,,,,,178,,794,,,,,,,7.75,,,,500,,,0.031,72.14,,41.3,,,0.383,,,,,,
722,BOREWELL OF GIDC JHAGADIA,CPCB,24,Gujarat,442,Bharuch,JHAGADIA,-,-,-,-,-,-,-,-,21.636969,73.131793,01-10-2018 08:30,,,,,186,,920,,,,,,,7.2,,,,560,,,,52.1,,26.73,,,,,,,,,
723,BOREWELL OF GIDC JHAGADIA,CPCB,24,Gujarat,442,Bharuch,JHAGADIA,-,-,-,-,-,-,-,-,21.636969,73.131793,09-04-2020 08:30,Clear,,,,,Clear,,,,,,,,Clear,,,Clear,,Clear,,Clear,,Clear,,,Clear,Clear,,Clear,,Clear,,
724,BOREWELL OF GIDC JHAGADIA,CPCB,24,Gujarat,442,Bharuch,JHAGADIA,-,-,-,-,-,-,-,-,21.636969,73.131793,08-10-2020 08:30,Clear,,,,,Clear,,,,,,,,7.4,,,Clear,,Clear,,0.193,,Clear,,,Clear,Clear,,Clear,,Clear,,
725,BOREWELL OF GIDC JUNAGADH,CPCB,24,Gujarat,448,Junagadh,JUNAGADH,-,-,-,-,-,-,-,-,21.521532,70.457033,02-04-2018 08:30,,,,,950,,2628,,,,,,,7.5,,,,120,,0.316,0.379,201,,100,,,1.58,,,0.015,,,
726,BOREWELL OF GIDC JUNAGADH,CPCB,24,Gujarat,448,Junagadh,JUNAGADH,-,-,-,-,-,-,-,-,21.521532,70.457033,09-10-2018 08:30,,,,,1010,,3728,,,,,,,7.1,,,,270,,,0.235,263,,170,,,0.9,,,,,,
727,BOREWELL OF GIDC JUNAGADH,CPCB,24,Gujarat,448,Junagadh,JUNAGADH,-,-,-,-,-,-,-,-,21.521532,70.457033,08-04-2019 08:30,,,,,1220,,3092,,,,,,,7.1,,,0.01,370.5,0.02,0.06,0.09,334,,108,,,1.31,0.16,,0.06,,,
728,BOREWELL OF GIDC JUNAGADH,CPCB,24,Gujarat,448,Junagadh,JUNAGADH,-,-,-,-,-,-,-,-,21.521532,70.457033,09-04-2020 08:30,0.27,,,,,3.2,,,,,,,,8.2,,,Clear,,Clear,,0.358,,Clear,,,Clear,1.52,,Clear,,Clear,,
729,BOREWELL OF GIDC JUNAGADH,CPCB,24,Gujarat,448,Junagadh,JUNAGADH,-,-,-,-,-,-,-,-,21.521532,70.457033,08-10-2020 08:30,Clear,,,,,Clear,,,,,,,,7.7,,,Clear,,Clear,,0.2,,Clear,,,Clear,1,,Clear,,4.88,,
730,BOREWELL OF GIDC KALOL B/H GIDC OFFICE GIDC KALOL GANDHINAGAR,CPCB,24,Gujarat,446,Gandhinagar,KALOL,-,-,-,-,-,-,-,-,23.246247,72.509283,04-04-2018 08:30,,,,,850,,1964,,,,,,,7.06,,,,505,,,,158,,32,,,1.958,,,,,,
731,BOREWELL OF GIDC KALOL B/H GIDC OFFICE GIDC KALOL GANDHINAGAR,CPCB,24,Gujarat,446,Gandhinagar,KALOL,-,-,-,-,-,-,-,-,23.246247,72.509283,09-10-2018 08:30,,,,,562,,1558,,,,,,,7.76,,,,474,,0.03,,108,,32,,,0.647,,,,,,
732,BOREWELL OF GIDC KALOL B/H GIDC OFFICE GIDC KALOL GANDHINAGAR,CPCB,24,Gujarat,446,Gandhinagar,KALOL,-,-,-,-,-,-,-,-,23.246247,72.509283,25-04-2019 08:30,,,,,545,,1810,,,,,,,7.2,,,0.01,524,0.02,0.06,0.06,121,,52,,,3.44,,,0.01,,,
733,BOREWELL OF GIDC KALOL B/H GIDC OFFICE GIDC KALOL GANDHINAGAR,CPCB,24,Gujarat,446,Gandhinagar,KALOL,-,-,-,-,-,-,-,-,23.246247,72.509283,07-10-2019 08:30,,,,,446,,1340,,,,,,,7.6,,,0.01,429,0.02,0.06,0.03,37,,51,,,1.43,,,0.03,,,
734,BOREWELL OF GIDC KALOL B/H GIDC OFFICE GIDC KALOL GANDHINAGAR,CPCB,24,Gujarat,446,Gandhinagar,KALOL,-,-,-,-,-,-,-,-,23.246247,72.509283,01-02-2020 08:30,Clear,,,,,Clear,,,,,,,,Clear,,,Clear,,Clear,,Clear,,Clear,,,Clear,Clear,,Clear,,Clear,,
735,BOREWELL OF GIDC KALOL B/H GIDC OFFICE GIDC KALOL GANDHINAGAR,CPCB,24,Gujarat,446,Gandhinagar,KALOL,-,-,-,-,-,-,-,-,23.246247,72.509283,02-03-2020 08:30,Clear,,,,,Clear,,,,,,,,Clear,,,Clear,,Clear,,Clear,,Clear,,,Clear,Clear,,Clear,,Clear,,
736,BOREWELL OF GIDC KALOL B/H GIDC OFFICE GIDC KALOL GANDHINAGAR,CPCB,24,Gujarat,446,Gandhinagar,KALOL,-,-,-,-,-,-,-,-,23.246247,72.509283,09-04-2020 08:30,0.19,,,,,4.7,,,,,,,,8.2,,,Clear,,Clear,,0.08,,Clear,,,Clear,0.02,,Clear,,3,,
737,BOREWELL OF GIDC KALOL B/H GIDC OFFICE GIDC KALOL GANDHINAGAR,CPCB,24,Gujarat,446,Gandhinagar,KALOL,-,-,-,-,-,-,-,-,23.246247,72.509283,01-05-2020 08:30,Clear,,,,,Clear,,,,,,,,Clear,,,Clear,,Clear,,Clear,,Clear,,,Clear,Clear,,Clear,,Clear,,
738,BOREWELL OF GIDC KALOL B/H GIDC OFFICE GIDC KALOL GANDHINAGAR,CPCB,24,Gujarat,446,Gandhinagar,KALOL,-,-,-,-,-,-,-,-,23.246247,72.509283,01-07-2020 08:30,,,,,,,,,,,,,,,,,,,,,,,,,,,,,,,,,
739,BOREWELL OF GIDC KANSARI,CPCB,24,Gujarat,441,Banaskantha,BHABHAR,-,-,-,-,-,-,-,-,24.325839,72.14038,03-04-2018 08:30,,,,,620,,2534,,,,,,,8.36,,,,540,,,0.23,60.12,,124.03,,,0.52,,,,,,
740,BOREWELL OF GIDC KANSARI,CPCB,24,Gujarat,441,Banaskantha,BHABHAR,-,-,-,-,-,-,-,-,24.325839,72.14038,01-10-2018 08:30,,,,,1080,,2520,,,,,,,7.76,,,,510,,,0.19,76.15,,165.37,,,0.54,0.29,,,,,
741,BOREWELL OF GIDC KANSARI,CPCB,24,Gujarat,441,Banaskantha,BHABHAR,-,-,-,-,-,-,-,-,24.325839,72.14038,02-04-2019 08:30,,,,,800,,2624,,,,,,,7.7,,,0.01,580,0.02,0.06,0.21,72.1,,119.2,,,0.5,,,0.07,,,
742,BOREWELL OF GIDC KANSARI,CPCB,24,Gujarat,441,Banaskantha,BHABHAR,-,-,-,-,-,-,-,-,24.325839,72.14038,05-10-2019 08:30,,,,,1100,,2818,,,,,,,7.3,,,0.01,564,0.02,0.06,0.22,132.2,,121.6,,,0.42,,,0.01,,,
743,BOREWELL OF GIDC KANSARI,CPCB,24,Gujarat,441,Banaskantha,BHABHAR,-,-,-,-,-,-,-,-,24.325839,72.14038,07-04-2020 08:30,0.28,,,,,1.7,,,,,,,,7.5,,,Clear,,Clear,,0.24,,Clear,,,Clear,0.52,,Clear,,15.9,,
744,BOREWELL OF GIDC-NADIAD AT GIDC OFFICE GIDC NADIAD KHEDA,CPCB,24,Gujarat,450,Kheda,NADIAD,-,-,-,-,-,-,-,-,22.710311,72.852892,06-02-2018 08:30,,,,,480,,1764,,,,,,,7.88,,,,554,,,,28.05,,26.75,,,0.42,,,,,,
745,BOREWELL OF GIDC-NADIAD AT GIDC OFFICE GIDC NADIAD KHEDA,CPCB,24,Gujarat,450,Kheda,NADIAD,-,-,-,-,-,-,-,-,22.710311,72.852892,04-04-2018 08:30,,,,,700,,1642,,,,,,,8.37,,,,610,,,,36.07,,68.09,,,0.74,,,,,,
746,BOREWELL OF GIDC-NADIAD AT GIDC OFFICE GIDC NADIAD KHEDA,CPCB,24,Gujarat,450,Kheda,NADIAD,-,-,-,-,-,-,-,-,22.710311,72.852892,05-10-2018 08:30,,,,,249,,1696,,,,,,,7.58,,,,600,,,,36.07,,48.64,,,0.54,,,,,,
747,BOREWELL OF GIDC-NADIAD AT GIDC OFFICE GIDC NADIAD KHEDA,CPCB,24,Gujarat,450,Kheda,NADIAD,-,-,-,-,-,-,-,-,22.710311,72.852892,02-04-2019 08:30,,,,,500,,1764,,,,,,,7.6,,,0.01,,0.002,0.02,0.24,40.1,,29.2,,,0.42,0.02,,0.04,,,
748,BOREWELL OF GIDC-NADIAD AT GIDC OFFICE GIDC NADIAD KHEDA,CPCB,24,Gujarat,450,Kheda,NADIAD,-,-,-,-,-,-,-,-,22.710311,72.852892,07-04-2020 08:30,0.28,,,,,Clear,,,,,,,,7.7,,,Clear,,Clear,,0.23,,Clear,,,Clear,0.18,,Clear,,13.1,,
749,BOREWELL OF GIDC OFFICE SHANKAR TEKRI UDHYOGNAGAR JAMNANGAR,CPCB,24,Gujarat,447,Jamnagar,JAMNAGAR,-,-,-,-,-,-,-,-,22.470878,70.059275,02-04-2018 08:30,,,,,420,,1142,,,,,,,7.86,,,0.001,250,0.001,0.105,,60.12,,24.32,,,0.324,,,0.03,,,
750,BOREWELL OF GIDC OFFICE SHANKAR TEKRI UDHYOGNAGAR JAMNANGAR,CPCB,24,Gujarat,447,Jamnagar,JAMNAGAR,-,-,-,-,-,-,-,-,22.470878,70.059275,15-10-2018 08:30,,,,,830,,2254,,,,,,,7.5,,,,210,,0.017,,,,48.64,,,,0.007,,,,,
751,BOREWELL OF GIDC OFFICE SHANKAR TEKRI UDHYOGNAGAR JAMNANGAR,CPCB,24,Gujarat,447,Jamnagar,JAMNAGAR,-,-,-,-,-,-,-,-,22.470878,70.059275,08-04-2019 08:30,,,,,430,,1164,,,,,,,7.7,,,0.01,,0.02,0.06,0.06,80,,26.7,,,0.32,,,0.01,,,
752,BOREWELL OF GIDC OFFICE SHANKAR TEKRI UDHYOGNAGAR JAMNANGAR,CPCB,24,Gujarat,447,Jamnagar,JAMNAGAR,-,-,-,-,-,-,-,-,22.470878,70.059275,03-10-2019 08:30,,,,,440,,1202,,,,,,,7.2,,,0.001,,0.02,0.01,0.09,112,,29,,,,0.02,,0.07,,,
753,BOREWELL OF GIDC OFFICE SHANKAR TEKRI UDHYOGNAGAR JAMNANGAR,CPCB,24,Gujarat,447,Jamnagar,JAMNAGAR,-,-,-,-,-,-,-,-,22.470878,70.059275,06-04-2020 08:30,Clear,,,,,Clear,,,,,,,,7.4,,,Clear,,Clear,,0.196,,Clear,,,Clear,0.32,,0.006,,Clear,,
754,BOREWELL OF GIDC OFFICE SHANKAR TEKRI UDHYOGNAGAR JAMNANGAR,CPCB,24,Gujarat,447,Jamnagar,JAMNAGAR,-,-,-,-,-,-,-,-,22.470878,70.059275,06-10-2020 08:30,Clear,,,,,Clear,,,,,,,,7.5,,,Clear,,Clear,,0.213,,Clear,,,Clear,Clear,,Clear,,Clear,,
755,BOREWELL OF GIDC PANOLI,CPCB,24,Gujarat,442,Bharuch,ANKLESVAR,-,-,-,-,-,-,-,-,21.630465,73.022882,03-04-2018 08:30,,,,,913,,2436,,,,,,,7.58,,,,348,,,0.074,160.3,,68,,,0.478,,,,,,
756,BOREWELL OF GIDC PANOLI,CPCB,24,Gujarat,442,Bharuch,ANKLESVAR,-,-,-,-,-,-,-,-,21.630465,73.022882,01-10-2018 08:30,,,,,929,,2490,,,,,,,7.6,,,,,,,0.032,112.2,,41.31,,,,,,,,,
757,BOREWELL OF GIDC PANOLI,CPCB,24,Gujarat,442,Bharuch,ANKLESVAR,-,-,-,-,-,-,-,-,21.630465,73.022882,03-10-2019 08:30,,,,,832,,2340,,,,,,,7.3,,,0.0001,436,0.0004,0.04,1.51,109,,25.3,,,,0.07,,0.2,,,
758,BOREWELL OF GIDC PANOLI,CPCB,24,Gujarat,442,Bharuch,ANKLESVAR,-,-,-,-,-,-,-,-,21.630465,73.022882,08-04-2020 08:30,Clear,,,,,Clear,,,,,,,,7.9,,,Clear,,0.009,,0.215,,Clear,,,Clear,0.19,,Clear,,Clear,,
759,BOREWELL OF GIDC PANOLI,CPCB,24,Gujarat,442,Bharuch,ANKLESVAR,-,-,-,-,-,-,-,-,21.630465,73.022882,08-10-2020 08:30,Clear,,,,,Clear,,,,,,,,7.2,,,Clear,,Clear,,0.241,,Clear,,,Clear,0.4,,Clear,,Clear,,
760,BOREWELL OF GIDC SOJITRA,CPCB,24,Gujarat,440,Anand,SOJITRA,-,-,-,-,-,-,-,-,22.538881,72.720061,03-04-2018 08:30,,,,,590,,1862,,,,,,,8.14,,,,590,,,0.27,44.08,,26.75,,,0.64,,,,,,
761,BOREWELL OF GIDC SOJITRA,CPCB,24,Gujarat,440,Anand,SOJITRA,-,-,-,-,-,-,-,-,22.538881,72.720061,01-10-2018 08:30,,,,,630,,1838,,,,,,,7.98,,,,610,,,0.27,124.2,,29.18,,,0.5,0.027,,0.715,,,
762,BOREWELL OF GIDC SOJITRA,CPCB,24,Gujarat,440,Anand,SOJITRA,-,-,-,-,-,-,-,-,22.538881,72.720061,02-04-2019 08:30,,,,,620,,1876,,,,,,,7.8,,,0.01,590,0.02,0.06,0.22,112.2,,24.3,,,0.4,,,0.35,,,
763,BOREWELL OF GIDC SOJITRA,CPCB,24,Gujarat,440,Anand,SOJITRA,-,-,-,-,-,-,-,-,22.538881,72.720061,05-10-2019 08:30,,,,,556,,1850,,,,,,,7.5,,,0.01,600,0.02,0.06,0.19,76.2,,97.3,,,0.46,,,0.01,,,
764,BOREWELL OF GIDC SOJITRA,CPCB,24,Gujarat,440,Anand,SOJITRA,-,-,-,-,-,-,-,-,22.538881,72.720061,07-04-2020 08:30,0.56,,,,,3.8,,,,,,,,7.5,,,Clear,,Clear,,0.21,,Clear,,,Clear,0.44,,Clear,,9.03,,
765,BOREWELL OF GIDC VARTEJ BHAVNAGAR,CPCB,24,Gujarat,443,Bhavnagar,BHAVNAGAR,-,-,-,-,-,-,-,-,21.747898,72.074867,04-04-2018 08:30,,,,,470,,1806,,,,,,,8.21,,,,190,,,,144,,34,,,0.31,,,0.066,,,
766,BOREWELL OF GIDC VARTEJ BHAVNAGAR,CPCB,24,Gujarat,443,Bhavnagar,BHAVNAGAR,-,-,-,-,-,-,-,-,21.747898,72.074867,04-10-2018 08:30,,,,,460,,2044,,,,,,,8.05,,,,190,,,,104,,64,,,,,,,,,
767,BOREWELL OF GIDC VARTEJ BHAVNAGAR,CPCB,24,Gujarat,443,Bhavnagar,BHAVNAGAR,-,-,-,-,-,-,-,-,21.747898,72.074867,01-04-2019 08:30,,,,,230,,2054,,,,,,,7.7,,,0.01,200,0.02,0.06,0.04,128,,53,,,0.34,,,0.01,,,
768,BOREWELL OF GIDC VARTEJ BHAVNAGAR,CPCB,24,Gujarat,443,Bhavnagar,BHAVNAGAR,-,-,-,-,-,-,-,-,21.747898,72.074867,01-10-2019 08:30,,,,,360,,2132,,,,,,,7.9,,,0.01,210,0.02,0.06,0.06,108,,46,,,,,,0.01,,,
769,BOREWELL OF GIDC VARTEJ BHAVNAGAR,CPCB,24,Gujarat,443,Bhavnagar,BHAVNAGAR,-,-,-,-,-,-,-,-,21.747898,72.074867,07-04-2020 08:30,2.24,,,,,2,,,,,,,,8,,,Clear,,Clear,,0.068,,Clear,,,Clear,0.43,,Clear,,7,,
770,BOREWELL OF GIDC VARTEJ BHAVNAGAR,CPCB,24,Gujarat,443,Bhavnagar,BHAVNAGAR,-,-,-,-,-,-,-,-,21.747898,72.074867,01-12-2020 08:30,,,,,,,,,,,,,,,,,,,,,,,,,,,,,,,,,
771,BOREWELL OF KALIAWADI GRID ROAD NAVSARI,CPCB,24,Gujarat,453,Navsari,NAVSARI,-,-,-,-,-,-,-,-,20.949681,72.915022,05-04-2018 08:30,,,,,413,,1592,,,,,,,8.1,,,,170,,,,52,,51,,,,,,,,,
772,BOREWELL OF KALIAWADI GRID ROAD NAVSARI,CPCB,24,Gujarat,453,Navsari,NAVSARI,-,-,-,-,-,-,-,-,20.949681,72.915022,03-10-2018 08:30,,,,,340,,1240,,,,,,,8.3,,,,160,,,,116,,41.34,,,,,,,,,
773,BOREWELL OF KALIAWADI GRID ROAD NAVSARI,CPCB,24,Gujarat,453,Navsari,NAVSARI,-,-,-,-,-,-,-,-,20.949681,72.915022,01-04-2019 08:30,,,,,625,,1920,,,,,,,8,,,0.01,380,0.02,0.06,0.06,72.1,,36.5,,,,,,0.01,,,
774,BOREWELL OF KALIAWADI GRID ROAD NAVSARI,CPCB,24,Gujarat,453,Navsari,NAVSARI,-,-,-,-,-,-,-,-,20.949681,72.915022,01-10-2019 08:30,,,,,211,,1754,,,,,,,7.7,,,,460,,,,76.2,,38.9,,,,,,,,,
775,BOREWELL OF KALIAWADI GRID ROAD NAVSARI,CPCB,24,Gujarat,453,Navsari,NAVSARI,-,-,-,-,-,-,-,-,20.949681,72.915022,09-04-2020 08:30,0.84,,,,,Clear,,,,,,,,7.5,,,Clear,,Clear,,0.19,,Clear,,,Clear,0.15,,0.02,,2.25,,
776,BOREWELL OF KALIAWADI GRID ROAD NAVSARI,CPCB,24,Gujarat,453,Navsari,NAVSARI,-,-,-,-,-,-,-,-,20.949681,72.915022,02-10-2020 08:30,0.84,,,,,Clear,,,,,,,,7.8,,,Clear,,Clear,,0.17,,Clear,,,Clear,0.22,,Clear,,1.6,,
777,BOREWELL OF L & T LTD. PLOT NO. 144/146 SARKHEJ-BAVLA ROAD SANAND AHMEDABAD,CPCB,24,Gujarat,438,Ahmedabad,SANAND,-,-,-,-,-,-,-,-,22.894975,72.417879,04-04-2018 08:30,,,,,1543,,3854,,,,,,,7.1,,,,401,,,,184,,141,,,2.674,,,,,,
778,BOREWELL OF L & T LTD. PLOT NO. 144/146 SARKHEJ-BAVLA ROAD SANAND AHMEDABAD,CPCB,24,Gujarat,438,Ahmedabad,SANAND,-,-,-,-,-,-,-,-,22.894975,72.417879,04-10-2018 08:30,,,,,1410,,3834,,,,,,,7.34,,,,285,,,,176,,191,,,,,,,,,
779,BOREWELL OF L & T LTD. PLOT NO. 144/146 SARKHEJ-BAVLA ROAD SANAND AHMEDABAD,CPCB,24,Gujarat,438,Ahmedabad,SANAND,-,-,-,-,-,-,-,-,22.894975,72.417879,05-04-2019 08:30,,,,,1325,,3948,,,,,,,7.2,,,0.01,388,0.02,0.06,0.12,208.1,,210.6,,,,,,2.46,,,
780,BOREWELL OF L & T LTD. PLOT NO. 144/146 SARKHEJ-BAVLA ROAD SANAND AHMEDABAD,CPCB,24,Gujarat,438,Ahmedabad,SANAND,-,-,-,-,-,-,-,-,22.894975,72.417879,01-10-2019 08:30,,,,,1090,,3666,,,,,,,7,,,,363,0.02,0.06,0.03,162,,131,,,0.57,,,0.03,,,
781,BOREWELL OF L & T LTD. PLOT NO. 144/146 SARKHEJ-BAVLA ROAD SANAND AHMEDABAD,CPCB,24,Gujarat,438,Ahmedabad,SANAND,-,-,-,-,-,-,-,-,22.894975,72.417879,08-04-2020 08:30,0.17,,,,,4.7,,,,,,,,7.3,,,Clear,,Clear,,0.07,,Clear,,,Clear,0.9,,Clear,,14,,
782,BOREWELL OF L & T LTD. PLOT NO. 144/146 SARKHEJ-BAVLA ROAD SANAND AHMEDABAD,CPCB,24,Gujarat,438,Ahmedabad,SANAND,-,-,-,-,-,-,-,-,22.894975,72.417879,06-10-2020 08:30,Clear,,,,,Clear,,,,,,,,7.4,,,Clear,,Clear,,Clear,,Clear,,,Clear,Clear,,Clear,,5,,
783,BOREWELL OF MR. HITENDRABHAI LAKHMANBHAI KER SHIV SAI PARK NEW SMASHAN ROAD GANDHINAGAR,CPCB,24,Gujarat,447,Jamnagar,JAMNAGAR,-,-,-,-,-,-,-,-,22.498056,70.058611,14-05-2019 08:30,,,,,540,,1460,,,,,,,8.1,,,0.01,,0.02,0.06,0.06,8,,4,,,,,,0.01,,,
784,BOREWELL OF MR. HITENDRABHAI LAKHMANBHAI KER SHIV SAI PARK NEW SMASHAN ROAD GANDHINAGAR,CPCB,24,Gujarat,447,Jamnagar,JAMNAGAR,-,-,-,-,-,-,-,-,22.498056,70.058611,04-10-2019 08:30,,,,,520,,1434,,,,,,,8.2,,,0.002,,0.02,0.06,0.05,12,,4,,,,,,0.01,,,
785,BOREWELL OF MR. HITENDRABHAI LAKHMANBHAI KER SHIV SAI PARK NEW SMASHAN ROAD GANDHINAGAR,CPCB,24,Gujarat,447,Jamnagar,JAMNAGAR,-,-,-,-,-,-,-,-,22.498056,70.058611,06-04-2020 08:30,Clear,,,,,Clear,,,,,,,,8.3,,,0.001,,0.001,,0.231,,Clear,,,Clear,0.29,,0.001,,Clear,,
786,BOREWELL OF MR. HITENDRABHAI LAKHMANBHAI KER SHIV SAI PARK NEW SMASHAN ROAD GANDHINAGAR,CPCB,24,Gujarat,447,Jamnagar,JAMNAGAR,-,-,-,-,-,-,-,-,22.498056,70.058611,06-10-2020 08:30,Clear,,,,,Clear,,,,,,,,8,,,Clear,,Clear,,0.194,,Clear,,,0.004,Clear,,Clear,,Clear,,
787,BOREWELL OF M/S ALFA ECA (I) LTD. UNIT-1 SR.NO. 249 UMA IND. ESTATE VASNA  IYAVA SANAND AHMEDABAD,CPCB,24,Gujarat,438,Ahmedabad,AHMADABAD CITY,-,-,-,-,-,-,-,-,23.027687,72.518736,04-04-2018 08:30,,,,,476,,1124,,,,,,,7.64,,,,223,,,,70,,36,,,2.16,,,,,,
788,BOREWELL OF M/S ALFA ECA (I) LTD. UNIT-1 SR.NO. 249 UMA IND. ESTATE VASNA  IYAVA SANAND AHMEDABAD,CPCB,24,Gujarat,438,Ahmedabad,AHMADABAD CITY,-,-,-,-,-,-,-,-,23.027687,72.518736,04-10-2018 08:30,,,,,470,,1184,,,,,,,7.35,,,,200,,,,79,,42,,,1.096,,,,,,
789,BOREWELL OF M/S ALFA ECA (I) LTD. UNIT-1 SR.NO. 249 UMA IND. ESTATE VASNA  IYAVA SANAND AHMEDABAD,CPCB,24,Gujarat,438,Ahmedabad,AHMADABAD CITY,-,-,-,-,-,-,-,-,23.027687,72.518736,05-04-2019 08:30,,,,,319,,1140,,,,,,,7.7,,,0.01,196,0.02,0.06,0.19,37.3,,74.7,,,,,,0.01,,,
790,BOREWELL OF M/S ALFA ECA (I) LTD. UNIT-1 SR.NO. 249 UMA IND. ESTATE VASNA  IYAVA SANAND AHMEDABAD,CPCB,24,Gujarat,438,Ahmedabad,AHMADABAD CITY,-,-,-,-,-,-,-,-,23.027687,72.518736,01-10-2019 08:30,,,,,410,,1244,,,,,,,7.6,,,,239,0.02,0.06,0.03,52,,43,,,0.61,,,0.02,,,
791,BOREWELL OF M/S ALFA ECA (I) LTD. UNIT-1 SR.NO. 249 UMA IND. ESTATE VASNA  IYAVA SANAND AHMEDABAD,CPCB,24,Gujarat,438,Ahmedabad,AHMADABAD CITY,-,-,-,-,-,-,-,-,23.027687,72.518736,08-04-2020 08:30,0.14,,,,,4.6,,,,,,,,7.9,,,Clear,,Clear,,0.03,,Clear,,,0.02,0.95,,Clear,,6,,
792,BOREWELL OF M/S ALFA ECA (I) LTD. UNIT-1 SR.NO. 249 UMA IND. ESTATE VASNA  IYAVA SANAND AHMEDABAD,CPCB,24,Gujarat,438,Ahmedabad,AHMADABAD CITY,-,-,-,-,-,-,-,-,23.027687,72.518736,06-10-2020 08:30,Clear,,,,,Clear,,,,,,,,7.6,,,Clear,,Clear,,Clear,,Clear,,,Clear,0.9,,Clear,,6,,
793,BORE WELL OF NAVSARI GIDC INDUSTRIES ASSOCIATION OFFICE.,CPCB,24,Gujarat,453,Navsari,NAVSARI,-,-,-,-,-,-,-,-,20.94645,72.949736,05-04-2018 08:30,,,,,338,,1280,,,,,,,8.09,,,,190,,,,48,,58,,,,,,,,,
794,BORE WELL OF NAVSARI GIDC INDUSTRIES ASSOCIATION OFFICE.,CPCB,24,Gujarat,453,Navsari,NAVSARI,-,-,-,-,-,-,-,-,20.94645,72.949736,03-10-2018 08:30,,,,,80,,1100,,,,,,,8.1,,,,150,,,,76.15,,58.37,,,,,,,,,
795,BORE WELL OF NAVSARI GIDC INDUSTRIES ASSOCIATION OFFICE.,CPCB,24,Gujarat,453,Navsari,NAVSARI,-,-,-,-,-,-,-,-,20.94645,72.949736,01-04-2019 08:30,,,,,501,,1590,,,,,,,8,,,0.01,470,0.02,0.06,0.15,72.1,,34.1,,,,,,0.01,,,
796,BORE WELL OF NAVSARI GIDC INDUSTRIES ASSOCIATION OFFICE.,CPCB,24,Gujarat,453,Navsari,NAVSARI,-,-,-,-,-,-,-,-,20.94645,72.949736,01-10-2019 08:30,,,,,205,,1536,,,,,,,7.5,,,,430,,,,80.2,,31.6,,,,,,,,,
797,BORE WELL OF NAVSARI GIDC INDUSTRIES ASSOCIATION OFFICE.,CPCB,24,Gujarat,453,Navsari,NAVSARI,-,-,-,-,-,-,-,-,20.94645,72.949736,09-04-2020 08:30,0.84,,,,,Clear,,,,,,,,7.4,,,Clear,,Clear,,0.21,,Clear,,,Clear,0.16,,Clear,,2.6,,
798,BORE WELL OF NAVSARI GIDC INDUSTRIES ASSOCIATION OFFICE.,CPCB,24,Gujarat,453,Navsari,NAVSARI,-,-,-,-,-,-,-,-,20.94645,72.949736,02-10-2020 08:30,0.56,,,,,Clear,,,,,,,,7.9,,,Clear,,Clear,,0.21,,Clear,,,Clear,0.35,,Clear,,1.52,,
799,BORE WELL OF PALSANA VILLAGE.,CPCB,24,Gujarat,459,Surat,PALSANA,-,-,-,-,-,-,-,-,21.082075,72.985392,03-04-2018 08:30,,,,,183,,712,,,,,,,8.31,,,,190,,,,72.1,,48.6,,,,,,,,,
800,BORE WELL OF PALSANA VILLAGE.,CPCB,24,Gujarat,459,Surat,PALSANA,-,-,-,-,-,-,-,-,21.082075,72.985392,08-10-2018 08:30,,,,,556,,1550,,,,,,,8.09,,,,383,,,0.06,65,,71,,,0.712,,,0.06,,,
801,BORE WELL OF PALSANA VILLAGE.,CPCB,24,Gujarat,459,Surat,PALSANA,-,-,-,-,-,-,-,-,21.082075,72.985392,02-04-2019 08:30,,,,,311,,994,,,,,,,7.6,,,0.01,560,0.02,0.06,0.06,44.1,,31.6,,,,,,0.01,,,
802,BORE WELL OF PALSANA VILLAGE.,CPCB,24,Gujarat,459,Surat,PALSANA,-,-,-,-,-,-,-,-,21.082075,72.985392,03-10-2019 08:30,,,,,122,,832,,,,,,,7.4,,,,180,,,,40.1,,36.5,,,,,,0.01,,,
803,BORE WELL OF PALSANA VILLAGE.,CPCB,24,Gujarat,459,Surat,PALSANA,-,-,-,-,-,-,-,-,21.082075,72.985392,01-02-2020 08:30,Clear,,,,,Clear,,,,,,,,Clear,,,Clear,,Clear,,Clear,,Clear,,,Clear,Clear,,Clear,,Clear,,
804,BORE WELL OF PALSANA VILLAGE.,CPCB,24,Gujarat,459,Surat,PALSANA,-,-,-,-,-,-,-,-,21.082075,72.985392,02-03-2020 08:30,Clear,,,,,Clear,,,,,,,,Clear,,,Clear,,Clear,,Clear,,Clear,,,Clear,Clear,,Clear,,Clear,,
805,BORE WELL OF PALSANA VILLAGE.,CPCB,24,Gujarat,459,Surat,PALSANA,-,-,-,-,-,-,-,-,21.082075,72.985392,09-04-2020 08:30,0.16,,,,,4.5,,,,,,,,8.3,,,Clear,,Clear,,0.03,,Clear,,,Clear,0.5,,Clear,,7,,
806,BORE WELL OF PALSANA VILLAGE.,CPCB,24,Gujarat,459,Surat,PALSANA,-,-,-,-,-,-,-,-,21.082075,72.985392,01-05-2020 08:30,Clear,,,,,Clear,,,,,,,,Clear,,,Clear,,Clear,,Clear,,Clear,,,Clear,Clear,,Clear,,Clear,,
807,BORE WELL OF PALSANA VILLAGE.,CPCB,24,Gujarat,459,Surat,PALSANA,-,-,-,-,-,-,-,-,21.082075,72.985392,01-07-2020 08:30,,,,,,,,,,,,,,,,,,,,,,,,,,,,,,,,,
808,BORE WELL OF PIRANA TERMINAL PUMPING STATION PIRANA NR. V. N. BRIDGE AHMEDABAD.,CPCB,24,Gujarat,438,Ahmedabad,AHMADABAD CITY,-,-,-,-,-,-,-,-,22.991197,72.566917,01-01-2018 08:30,,,,,442,,1892,,,,,,,7.58,,,,700,,,0.021,56,,117,,,,,,0.018,,,
809,BORE WELL OF PIRANA TERMINAL PUMPING STATION PIRANA NR. V. N. BRIDGE AHMEDABAD.,CPCB,24,Gujarat,438,Ahmedabad,AHMADABAD CITY,-,-,-,-,-,-,-,-,22.991197,72.566917,03-04-2018 08:30,,,,,412,,1338,,,,,,,7.27,,,,570,,,,48,,87,,,,,,,,,
810,BORE WELL OF PIRANA TERMINAL PUMPING STATION PIRANA NR. V. N. BRIDGE AHMEDABAD.,CPCB,24,Gujarat,438,Ahmedabad,AHMADABAD CITY,-,-,-,-,-,-,-,-,22.991197,72.566917,03-07-2018 08:30,,,,,490,,1800,,,,,,,7.71,,,,660,,,,152,,6,,,2.13,,,,,,
811,BORE WELL OF PIRANA TERMINAL PUMPING STATION PIRANA NR. V. N. BRIDGE AHMEDABAD.,CPCB,24,Gujarat,438,Ahmedabad,AHMADABAD CITY,-,-,-,-,-,-,-,-,22.991197,72.566917,02-04-2019 08:30,,,,,414,,1672,,,,,,,7.1,,,0.01,663,0.02,0.06,0.06,60.9,,85.4,,,,,,0.01,,,
812,BORE WELL OF PIRANA TERMINAL PUMPING STATION PIRANA NR. V. N. BRIDGE AHMEDABAD.,CPCB,24,Gujarat,438,Ahmedabad,AHMADABAD CITY,-,-,-,-,-,-,-,-,22.991197,72.566917,03-10-2019 08:30,,,,,373,,1764,,,,,,,7.2,,,,655,0.02,0.06,0.04,72,,47,,,,,,0.04,,,
813,BORE WELL OF PIRANA TERMINAL PUMPING STATION PIRANA NR. V. N. BRIDGE AHMEDABAD.,CPCB,24,Gujarat,438,Ahmedabad,AHMADABAD CITY,-,-,-,-,-,-,-,-,22.991197,72.566917,02-01-2020 08:30,0.31,,,,,5.4,,,,,,,,7.5,,,,,,,,,,,,,1.6,,,,5,,
814,BORE WELL OF PIRANA TERMINAL PUMPING STATION PIRANA NR. V. N. BRIDGE AHMEDABAD.,CPCB,24,Gujarat,438,Ahmedabad,AHMADABAD CITY,-,-,-,-,-,-,-,-,22.991197,72.566917,04-04-2020 08:30,0.2,,,,,3.8,,,,,,,,7,,,Clear,,Clear,,0.21,,Clear,,,Clear,2.17,,Clear,,12,,
815,BORE WELL OF PIRANA TERMINAL PUMPING STATION PIRANA NR. V. N. BRIDGE AHMEDABAD.,CPCB,24,Gujarat,438,Ahmedabad,AHMADABAD CITY,-,-,-,-,-,-,-,-,22.991197,72.566917,05-10-2020 08:30,Other,,,,,5.4,,,,,,,,7,,,Other,,Other,,Other,,Other,,,Other,1.96,,Other,,4,,
816,BORE WELL OF SACHIN GIDC.,CPCB,24,Gujarat,459,Surat,CHORASI,-,-,-,-,-,-,-,-,21.093078,72.857456,04-04-2018 08:30,,,,,1489,,5546,,,,,,,7.54,,,,140,,,,104.2,,68.2,,,,,,,,,
817,BORE WELL OF SACHIN GIDC.,CPCB,24,Gujarat,459,Surat,CHORASI,-,-,-,-,-,-,-,-,21.093078,72.857456,08-10-2018 08:30,,,,,1570,,5636,,,,,,,7.42,,,,150,,0.074,,264.53,,182.4,,,,,,0.029,,,
818,BORE WELL OF SACHIN GIDC.,CPCB,24,Gujarat,459,Surat,CHORASI,-,-,-,-,-,-,-,-,21.093078,72.857456,03-04-2019 08:30,,,,,1825,,5152,,,,,,,7.3,,,0.01,160,0.02,0.06,0.13,268.5,,177.5,,,,,,0.01,,,
819,BORE WELL OF SACHIN GIDC.,CPCB,24,Gujarat,459,Surat,CHORASI,-,-,-,-,-,-,-,-,21.093078,72.857456,04-10-2019 08:30,,,,,272,,1952,,,,,,,7.6,,,,350,,,,268.8,,167.8,,,,,,0.01,,,
820,BORE WELL OF SACHIN GIDC.,CPCB,24,Gujarat,459,Surat,CHORASI,-,-,-,-,-,-,-,-,21.093078,72.857456,05-04-2020 08:30,0.84,,,,,7,,,,,,,,7.2,,,Clear,,Clear,,0.57,,Clear,,,Clear,0.08,,Clear,,6.04,,
821,BORE WELL OF SACHIN GIDC.,CPCB,24,Gujarat,459,Surat,CHORASI,-,-,-,-,-,-,-,-,21.093078,72.857456,01-10-2020 08:30,0.28,,,,,2.7,,,,,,,,7.9,,,Clear,,Clear,,Clear,,Clear,,,Clear,0.13,,Clear,,3.19,,
822,BORE WELL OF SANTEJ VILLAGE.,CPCB,24,Gujarat,446,Gandhinagar,KALOL,-,-,-,-,-,-,-,-,23.101706,72.474661,06-10-2018 08:30,,,,,336,,1104,,,,,,,7.67,,,,280,,0.1,0.04,71,,69,,,1.041,,,,,,
823,BORE WELL OF SANTEJ VILLAGE.,CPCB,24,Gujarat,446,Gandhinagar,KALOL,-,-,-,-,-,-,-,-,23.101706,72.474661,05-04-2019 08:30,,,,,326,,1012,,,,,,,7.4,,,0.01,308,0.02,0.06,0.61,24.8,,91.2,,,,,,0.01,,,
824,BORE WELL OF SANTEJ VILLAGE.,CPCB,24,Gujarat,446,Gandhinagar,KALOL,-,-,-,-,-,-,-,-,23.101706,72.474661,04-10-2019 08:30,,,,,317,,1066,,,,,,,7.4,,,0.01,283,0.02,0.06,0.02,57,,44,,,0.45,,,0.03,,,
825,BORE WELL OF SANTEJ VILLAGE.,CPCB,24,Gujarat,446,Gandhinagar,KALOL,-,-,-,-,-,-,-,-,23.101706,72.474661,01-02-2020 08:30,Clear,,,,,Clear,,,,,,,,Clear,,,Clear,,Clear,,Clear,,Clear,,,Clear,Clear,,Clear,,Clear,,
826,BORE WELL OF SANTEJ VILLAGE.,CPCB,24,Gujarat,446,Gandhinagar,KALOL,-,-,-,-,-,-,-,-,23.101706,72.474661,02-03-2020 08:30,Clear,,,,,Clear,,,,,,,,Clear,,,Clear,,Clear,,Clear,,Clear,,,Clear,Clear,,Clear,,Clear,,
827,BORE WELL OF SANTEJ VILLAGE.,CPCB,24,Gujarat,446,Gandhinagar,KALOL,-,-,-,-,-,-,-,-,23.101706,72.474661,09-04-2020 08:30,0.25,,,,,4.2,,,,,,,,8.2,,,Clear,,Clear,,0.04,,Clear,,,Clear,0.95,,Clear,,7,,
828,BORE WELL OF SANTEJ VILLAGE.,CPCB,24,Gujarat,446,Gandhinagar,KALOL,-,-,-,-,-,-,-,-,23.101706,72.474661,01-05-2020 08:30,Clear,,,,,Clear,,,,,,,,Clear,,,Clear,,Clear,,Clear,,Clear,,,Clear,Clear,,Clear,,Clear,,
829,BORE WELL OF SANTEJ VILLAGE.,CPCB,24,Gujarat,446,Gandhinagar,KALOL,-,-,-,-,-,-,-,-,23.101706,72.474661,01-07-2020 08:30,,,,,,,,,,,,,,,,,,,,,,,,,,,,,,,,,
830,BOREWELL OF SHRI KANKESHWAR MAHADEV MANDIR OPP. MSW DUMPSITE VIBHAPAR,CPCB,24,Gujarat,447,Jamnagar,JAMNAGAR,-,-,-,-,-,-,-,-,22.479167,70.0975,14-05-2019 08:30,,,,,790,,2130,,,,,,,7.2,,,0.01,,0.02,0.06,0.06,180,,92,,,0.32,,,0.01,,,
831,BOREWELL OF SHRI KANKESHWAR MAHADEV MANDIR OPP. MSW DUMPSITE VIBHAPAR,CPCB,24,Gujarat,447,Jamnagar,JAMNAGAR,-,-,-,-,-,-,-,-,22.479167,70.0975,07-10-2019 08:30,,,,,660,,1818,,,,,,,7.5,,,0.005,,0.02,0.01,0.12,160,,36.5,,,,0.01,,0.01,,,
832,BOREWELL OF SHRI KANKESHWAR MAHADEV MANDIR OPP. MSW DUMPSITE VIBHAPAR,CPCB,24,Gujarat,447,Jamnagar,JAMNAGAR,-,-,-,-,-,-,-,-,22.479167,70.0975,08-04-2020 08:30,Other,,,,,Other,,,,,,,,7.1,,,Other,,Other,,0.167,,Other,,,Other,0.27,,Other,,Other,,
833,BOREWELL OF SHRI KANKESHWAR MAHADEV MANDIR OPP. MSW DUMPSITE VIBHAPAR,CPCB,24,Gujarat,447,Jamnagar,JAMNAGAR,-,-,-,-,-,-,-,-,22.479167,70.0975,06-10-2020 08:30,Clear,,,,,Clear,,,,,,,,7.3,,,Clear,,Clear,,0.286,,Clear,,,Clear,Clear,,Clear,,Clear,,
834,BOREWELL OF SHRI MAHAVIR METAL CRAFT PVT. LTD. PLOT NO. 3059 ROAD NO.6 NR. MAHAVIR CIRCLE PHASE-III,CPCB,24,Gujarat,447,Jamnagar,JAMNAGAR,-,-,-,-,-,-,-,-,22.418404,70.042366,02-04-2018 08:30,,,,,860,,2332,,,,,,,8.33,,,,280,,,,132.26,,58.37,,,,,,0.009,,,
835,BOREWELL OF SHRI MAHAVIR METAL CRAFT PVT. LTD. PLOT NO. 3059 ROAD NO.6 NR. MAHAVIR CIRCLE PHASE-III,CPCB,24,Gujarat,447,Jamnagar,JAMNAGAR,-,-,-,-,-,-,-,-,22.418404,70.042366,15-10-2018 08:30,,,,,560,,1502,,,,,,,7.3,,,,270,,0.008,,112.22,,34.05,,,,0.003,,,,,
836,BOREWELL OF SHRI MAHAVIR METAL CRAFT PVT. LTD. PLOT NO. 3059 ROAD NO.6 NR. MAHAVIR CIRCLE PHASE-III,CPCB,24,Gujarat,447,Jamnagar,JAMNAGAR,-,-,-,-,-,-,-,-,22.418404,70.042366,08-04-2019 08:30,,,,,720,,1936,,,,,,,7.4,,,0.01,,0.02,0.34,0.06,176.4,,29,,,,,,0.01,,,
837,BOREWELL OF SHRI MAHAVIR METAL CRAFT PVT. LTD. PLOT NO. 3059 ROAD NO.6 NR. MAHAVIR CIRCLE PHASE-III,CPCB,24,Gujarat,447,Jamnagar,JAMNAGAR,-,-,-,-,-,-,-,-,22.418404,70.042366,03-10-2019 08:30,,,,,620,,1696,,,,,,,7.3,,,0.001,,0.02,0.16,0.05,152,,12.2,,,,0.01,,0.01,,,
838,BOREWELL OF SHRI MAHAVIR METAL CRAFT PVT. LTD. PLOT NO. 3059 ROAD NO.6 NR. MAHAVIR CIRCLE PHASE-III,CPCB,24,Gujarat,447,Jamnagar,JAMNAGAR,-,-,-,-,-,-,-,-,22.418404,70.042366,18-04-2020 08:30,Clear,,,,,4.2,,,,,,,,7.2,,,Clear,,0.001,,0.205,,Clear,,,Clear,0.29,,0.003,,Clear,,
839,BOREWELL OF SHRI MAHAVIR METAL CRAFT PVT. LTD. PLOT NO. 3059 ROAD NO.6 NR. MAHAVIR CIRCLE PHASE-III,CPCB,24,Gujarat,447,Jamnagar,JAMNAGAR,-,-,-,-,-,-,-,-,22.418404,70.042366,06-10-2020 08:30,Clear,,,,,Clear,,,,,,,,7.4,,,Clear,,Clear,,0.293,,Clear,,,Clear,Clear,,Clear,,Clear,,
840,BORE WELL OF SOMESHWAR RICE MILL NR. BAVLA ECO PROJECT (CETP ) VILL. BAVLA DIST. AHMEDABAD.,CPCB,24,Gujarat,438,Ahmedabad,SANAND,-,-,-,-,-,-,-,-,22.855423,72.365734,04-04-2018 08:30,,,,,826,,2574,,,,,,,7.86,,,,356,,,1.292,50,,84,,,2.27,,,0.494,,,
841,BORE WELL OF SOMESHWAR RICE MILL NR. BAVLA ECO PROJECT (CETP ) VILL. BAVLA DIST. AHMEDABAD.,CPCB,24,Gujarat,438,Ahmedabad,SANAND,-,-,-,-,-,-,-,-,22.855423,72.365734,04-10-2018 08:30,,,,,830,,2606,,,,,,,7.79,,,,348,,,,91,,81,,,1.15,,,,,,
842,BORE WELL OF SOMESHWAR RICE MILL NR. BAVLA ECO PROJECT (CETP ) VILL. BAVLA DIST. AHMEDABAD.,CPCB,24,Gujarat,438,Ahmedabad,SANAND,-,-,-,-,-,-,-,-,22.855423,72.365734,05-04-2019 08:30,,,,,802,,2872,,,,,,,7.5,,,0.01,196,0.02,0.02,0.15,33.7,,133.5,,,0.88,,,0.01,,,
843,BORE WELL OF SOMESHWAR RICE MILL NR. BAVLA ECO PROJECT (CETP ) VILL. BAVLA DIST. AHMEDABAD.,CPCB,24,Gujarat,438,Ahmedabad,SANAND,-,-,-,-,-,-,-,-,22.855423,72.365734,01-10-2019 08:30,,,,,812,,3014,,,,,,,7.3,,,,409,0.02,0.06,0.03,65,,94,,,0.36,,,0.03,,,
844,BORE WELL OF SOMESHWAR RICE MILL NR. BAVLA ECO PROJECT (CETP ) VILL. BAVLA DIST. AHMEDABAD.,CPCB,24,Gujarat,438,Ahmedabad,SANAND,-,-,-,-,-,-,-,-,22.855423,72.365734,08-04-2020 08:30,0.17,,,,,4.7,,,,,,,,7.4,,,Clear,,Clear,,0.03,,Clear,,,Clear,0.68,,Clear,,15,,
845,BORE WELL OF SOMESHWAR RICE MILL NR. BAVLA ECO PROJECT (CETP ) VILL. BAVLA DIST. AHMEDABAD.,CPCB,24,Gujarat,438,Ahmedabad,SANAND,-,-,-,-,-,-,-,-,22.855423,72.365734,06-10-2020 08:30,Clear,,,,,Clear,,,,,,,,7.4,,,Clear,,Clear,,Clear,,Clear,,,Clear,0.6,,Clear,,6,,
846,BOREWELL OF TOWN RAJPIPLA DIST.NARMADA,CPCB,24,Gujarat,452,Narmada,NANDOD,-,-,-,-,-,-,-,-,21.871467,73.500417,04-04-2018 08:30,,,,,92,,492,,,,,,,7.73,,,,312,,,0.042,104.2,,46.2,,,0.311,,,,,,
847,BOREWELL OF TOWN RAJPIPLA DIST.NARMADA,CPCB,24,Gujarat,452,Narmada,NANDOD,-,-,-,-,-,-,-,-,21.871467,73.500417,01-10-2018 08:30,,,,,68,,492,,,,,,,7.7,,,,320,,,,76.15,,41.31,,,,,,,,,
848,BOREWELL OF TOWN RAJPIPLA DIST.NARMADA,CPCB,24,Gujarat,452,Narmada,NANDOD,-,-,-,-,-,-,-,-,21.871467,73.500417,03-10-2019 08:30,,,,,63,,448,,,,,,,7.6,,,0.0001,344,0.0004,0.01,0.25,60.9,,20.4,,,,0.05,,0.04,,,
849,BOREWELL OF TOWN RAJPIPLA DIST.NARMADA,CPCB,24,Gujarat,452,Narmada,NANDOD,-,-,-,-,-,-,-,-,21.871467,73.500417,09-04-2020 08:30,Clear,,,,,Clear,,,,,,,,7.5,,,Clear,,0.019,,0.393,,Clear,,,Clear,0.22,,Clear,,Clear,,
850,BOREWELL OF TOWN RAJPIPLA DIST.NARMADA,CPCB,24,Gujarat,452,Narmada,NANDOD,-,-,-,-,-,-,-,-,21.871467,73.500417,05-10-2020 08:30,Clear,,,,,Clear,,,,,,,,7.3,,,Clear,,Clear,,0.199,,Clear,,,Clear,Clear,,Clear,,Clear,,
851,BORE WELL SNR. VINAYAK JAL SUDDHIKARAN SAHAKARI MANDALI LTD. (CETP ) VILL. BAVLA DIST. AHMEDABAD.,CPCB,24,Gujarat,438,Ahmedabad,AHMADABAD CITY,-,-,-,-,-,-,-,-,23.080616,72.66693,04-04-2018 08:30,,,,,978,,2822,,,,,,,7.29,,,,450,,,,90,,150,,,2.41,,,,,,
852,BORE WELL SNR. VINAYAK JAL SUDDHIKARAN SAHAKARI MANDALI LTD. (CETP ) VILL. BAVLA DIST. AHMEDABAD.,CPCB,24,Gujarat,438,Ahmedabad,AHMADABAD CITY,-,-,-,-,-,-,-,-,23.080616,72.66693,04-10-2018 08:30,,,,,830,,2542,,,,,,,7.48,,,,383,,,,115,,122,,,0.719,,,,,,
853,BORE WELL SNR. VINAYAK JAL SUDDHIKARAN SAHAKARI MANDALI LTD. (CETP ) VILL. BAVLA DIST. AHMEDABAD.,CPCB,24,Gujarat,438,Ahmedabad,AHMADABAD CITY,-,-,-,-,-,-,-,-,23.080616,72.66693,05-04-2019 08:30,,,,,1184,,3522,,,,,,,7.2,,,0.01,634,0.02,0.06,0.13,36.1,,190.9,,,,,,0.03,,,
854,BORE WELL SNR. VINAYAK JAL SUDDHIKARAN SAHAKARI MANDALI LTD. (CETP ) VILL. BAVLA DIST. AHMEDABAD.,CPCB,24,Gujarat,438,Ahmedabad,AHMADABAD CITY,-,-,-,-,-,-,-,-,23.080616,72.66693,01-10-2019 08:30,,,,,1180,,3880,,,,,,,7,,,,654,0.02,0.03,0.03,104,,121,,,0.62,,,0.01,,,
855,BORE WELL SNR. VINAYAK JAL SUDDHIKARAN SAHAKARI MANDALI LTD. (CETP ) VILL. BAVLA DIST. AHMEDABAD.,CPCB,24,Gujarat,438,Ahmedabad,AHMADABAD CITY,-,-,-,-,-,-,-,-,23.080616,72.66693,08-04-2020 08:30,0.19,,,,,4.5,,,,,,,,7.2,,,Clear,,Clear,,0.05,,Clear,,,Clear,0.99,,Clear,,19,,
856,BORE WELL SNR. VINAYAK JAL SUDDHIKARAN SAHAKARI MANDALI LTD. (CETP ) VILL. BAVLA DIST. AHMEDABAD.,CPCB,24,Gujarat,438,Ahmedabad,AHMADABAD CITY,-,-,-,-,-,-,-,-,23.080616,72.66693,06-10-2020 08:30,Clear,,,,,Clear,,,,,,,,7.5,,,Clear,,Clear,,0.12,,Clear,,,Clear,Clear,,Clear,,5,,
857,B/W- HAZARDOUS W. DISPOSAL SITE (GUJ. ENVIRO P.& I. LTD. ),CPCB,24,Gujarat,459,Surat,SURAT CITY,-,-,-,-,-,-,-,-,21.105792,72.805043,04-04-2018 08:30,,,,,672,,2718,,,,,,,7.51,,,,240,,,,112.2,,58.3,,,,,,,,,
858,B/W- HAZARDOUS W. DISPOSAL SITE (GUJ. ENVIRO P.& I. LTD. ),CPCB,24,Gujarat,459,Surat,SURAT CITY,-,-,-,-,-,-,-,-,21.105792,72.805043,08-10-2018 08:30,,,,,90,,,,,,,,,8.05,,,,170,,0.04,,72.14,,41.34,,,,,,,,,
859,B/W- HAZARDOUS W. DISPOSAL SITE (GUJ. ENVIRO P.& I. LTD. ),CPCB,24,Gujarat,459,Surat,SURAT CITY,-,-,-,-,-,-,-,-,21.105792,72.805043,03-04-2019 08:30,,,,,85,,328,,,,,,,8.1,,,0.01,200,0.02,0.06,0.2,260.5,,182.5,,,,,,0.01,,,
860,B/W- HAZARDOUS W. DISPOSAL SITE (GUJ. ENVIRO P.& I. LTD. ),CPCB,24,Gujarat,459,Surat,SURAT CITY,-,-,-,-,-,-,-,-,21.105792,72.805043,04-10-2019 08:30,,,,,280,,2012,,,,,,,7.6,,,,310,,,,268.5,,92.4,,,,,,0.01,,,
861,B/W- HAZARDOUS W. DISPOSAL SITE (GUJ. ENVIRO P.& I. LTD. ),CPCB,24,Gujarat,459,Surat,SURAT CITY,-,-,-,-,-,-,-,-,21.105792,72.805043,04-04-2020 08:30,1.12,,,,,4.9,,,,,,,,7.4,,,Clear,,Clear,,0.59,,Clear,,,Clear,0.06,,Clear,,7.55,,
862,B/W- HAZARDOUS W. DISPOSAL SITE (GUJ. ENVIRO P.& I. LTD. ),CPCB,24,Gujarat,459,Surat,SURAT CITY,-,-,-,-,-,-,-,-,21.105792,72.805043,01-10-2020 08:30,0.56,,,,,3.5,,,,,,,,8,,,Clear,,Clear,,Clear,,Clear,,,Clear,0.09,,Clear,,0.71,,
863,B/W NEAR INDL. AREA BORASARA & NAVAPURA DIST. SURAT.,CPCB,24,Gujarat,459,Surat,SURAT CITY,-,-,-,-,-,-,-,-,21.196517,72.830936,02-04-2018 08:30,,,,,489,,1612,,,,,,,8.07,,,,210,,,,84.1,,53.5,,,,,,0.022,,,
864,B/W NEAR INDL. AREA BORASARA & NAVAPURA DIST. SURAT.,CPCB,24,Gujarat,459,Surat,SURAT CITY,-,-,-,-,-,-,-,-,21.196517,72.830936,04-04-2019 08:30,,,,,34.1,,2160,,,,,,,7.7,,,0.01,460,0.02,0.06,0.07,76.2,,34.1,,,,,,0.01,,,
865,B/W NEAR INDL. AREA BORASARA & NAVAPURA DIST. SURAT.,CPCB,24,Gujarat,459,Surat,SURAT CITY,-,-,-,-,-,-,-,-,21.196517,72.830936,01-10-2019 08:30,,,,,280,,2012,,,,,,,7.7,,,,490,,,,76.2,,26.8,,,,,,0.01,,,
866,B/W NEAR INDL. AREA BORASARA & NAVAPURA DIST. SURAT.,CPCB,24,Gujarat,459,Surat,SURAT CITY,-,-,-,-,-,-,-,-,21.196517,72.830936,07-04-2020 08:30,0.56,,,,,7,,,,,,,,7.4,,,Clear,,Clear,,Clear,,Clear,,,Clear,0.07,,Clear,,6.66,,
867,B/W NEAR INDL. AREA BORASARA & NAVAPURA DIST. SURAT.,CPCB,24,Gujarat,459,Surat,SURAT CITY,-,-,-,-,-,-,-,-,21.196517,72.830936,01-10-2020 08:30,0.28,,,,,3,,,,,,,,7.9,,,Clear,,Clear,,Clear,,Clear,,,Clear,0.08,,Clear,,2.1,,
868,B/W OF DISASTER PREVENTION AND MANAGEMANT CENTER(DPMC) GIDE ANKLE SHWAR FOR (MINARS),CPCB,24,Gujarat,442,Bharuch,ANKLESVAR,-,-,-,-,-,-,-,-,21.616613,73.00895,07-04-2020 08:30,Clear,,,,,5.7,,,,,,,,7.9,,,Clear,,0.009,,0.047,,Clear,,,Clear,0.25,,Clear,,Clear,,
869,B/W OF DISASTER PREVENTION AND MANAGEMANT CENTER(DPMC) GIDE ANKLE SHWAR FOR (MINARS),CPCB,24,Gujarat,442,Bharuch,ANKLESVAR,-,-,-,-,-,-,-,-,21.616613,73.00895,08-10-2020 08:30,Clear,,,,,Clear,,,,,,,,7.6,,,Clear,,Clear,,0.237,,Clear,,,Clear,Clear,,Clear,,6.73,,
870,B/W OF JASHWANTBHAI PARMAR S. NO. 18 AT: VILLAGE KALAMSAR TA KHAMBHAT,CPCB,24,Gujarat,440,Anand,KHAMBHAT,-,-,-,-,-,-,-,-,22.291602,72.73921,29-04-2019 08:30,,,,,300,,970,,,,,,,7.9,,,0.01,460,0.02,0.02,0.33,32.1,,19.5,,,0.38,,,0.06,,,
871,B/W OF JASHWANTBHAI PARMAR S. NO. 18 AT: VILLAGE KALAMSAR TA KHAMBHAT,CPCB,24,Gujarat,440,Anand,KHAMBHAT,-,-,-,-,-,-,-,-,22.291602,72.73921,05-10-2019 08:30,,,,,176,,884,,,,,,,8,,,0.01,416,0.02,0.06,0.21,33.7,,21.4,,,0.44,,,0.01,,,
872,B/W OF JASHWANTBHAI PARMAR S. NO. 18 AT: VILLAGE KALAMSAR TA KHAMBHAT,CPCB,24,Gujarat,440,Anand,KHAMBHAT,-,-,-,-,-,-,-,-,22.291602,72.73921,07-04-2020 08:30,0.28,,,,,1.7,,,,,,,,8.1,,,Clear,,Clear,,0.22,,Clear,,,Clear,0.36,,Clear,,7.39,,
873,CHANDOLA LAKE AT AHMEDABAD,CPCB,24,Gujarat,438,Ahmedabad,AHMADABAD CITY,-,-,-,-,-,-,-,-,22.987972,72.589067,01-01-2018 08:30,2.18,,,,,3.3,,,,,,,,8.43,,,,,,,,,,,,,,,,,,,
874,CHANDOLA LAKE AT AHMEDABAD,CPCB,24,Gujarat,438,Ahmedabad,AHMADABAD CITY,-,-,-,-,-,-,-,-,22.987972,72.589067,02-02-2018 08:30,1.29,,,,,4.6,,,,,,,,7.91,,,,,,,,,,,,,,,,,,,
875,CHANDOLA LAKE AT AHMEDABAD,CPCB,24,Gujarat,438,Ahmedabad,AHMADABAD CITY,-,-,-,-,-,-,-,-,22.987972,72.589067,05-03-2018 08:30,1.23,,,,,6.6,,,,,,,,8.05,,,,,,,,,,,,,,,,,,,
876,CHANDOLA LAKE AT AHMEDABAD,CPCB,24,Gujarat,438,Ahmedabad,AHMADABAD CITY,-,-,-,-,-,-,-,-,22.987972,72.589067,01-05-2018 08:30,1.12,,,,,6.5,,,,,,,,9.2,,,,,,,,,,,,,,,,,9,,
877,CHANDOLA LAKE AT AHMEDABAD,CPCB,24,Gujarat,438,Ahmedabad,AHMADABAD CITY,-,-,-,-,-,-,-,-,22.987972,72.589067,01-08-2018 08:30,1.06,,,,,6.5,,,,,,,,8.07,,,,,,,,,,,,,,,,,8,,
878,CHANDOLA LAKE AT AHMEDABAD,CPCB,24,Gujarat,438,Ahmedabad,AHMADABAD CITY,-,-,-,-,-,-,-,-,22.987972,72.589067,06-09-2018 08:30,1.06,,,,,9.1,,,,,,,,8.7,,,,,,,,,,,,,,,,,6,,
879,CHANDOLA LAKE AT AHMEDABAD,CPCB,24,Gujarat,438,Ahmedabad,AHMADABAD CITY,-,-,-,-,-,-,-,-,22.987972,72.589067,03-10-2018 08:30,0.84,,,,,8.4,,,,,,,,8.02,,,,,,,,,,,,,,,,,6,,
880,CHANDOLA LAKE AT AHMEDABAD,CPCB,24,Gujarat,438,Ahmedabad,AHMADABAD CITY,-,-,-,-,-,-,-,-,22.987972,72.589067,03-11-2018 08:30,2.3,,,,,8,,,,,,,,8.47,,,,,,,,,,,,,,,,,,,
881,CHANDOLA LAKE AT AHMEDABAD,CPCB,24,Gujarat,438,Ahmedabad,AHMADABAD CITY,-,-,-,-,-,-,-,-,22.987972,72.589067,01-12-2018 08:30,,,,,,,,,,,,,,,,,,,,,,,,,,,,,,,,,
882,CHANDOLA LAKE AT AHMEDABAD,CPCB,24,Gujarat,438,Ahmedabad,AHMADABAD CITY,-,-,-,-,-,-,-,-,22.987972,72.589067,03-09-2019 08:30,1.8,,,,,7.5,,,,,,,,7.4,,,,,,,,,,,,,,,,,,,
883,CHANDOLA LAKE AT AHMEDABAD,CPCB,24,Gujarat,438,Ahmedabad,AHMADABAD CITY,-,-,-,-,-,-,-,-,22.987972,72.589067,01-10-2019 08:30,1.6,,,,,8.2,,,,,,,,8.3,,,,,,,,,,,,,,,,,,,
884,CHANDOLA LAKE AT AHMEDABAD,CPCB,24,Gujarat,438,Ahmedabad,AHMADABAD CITY,-,-,-,-,-,-,-,-,22.987972,72.589067,04-11-2019 08:30,1.7,,,,,6.1,,,,,,,,8.1,,,,,,,,,,,,,,,,,,,
885,CHANDOLA LAKE AT AHMEDABAD,CPCB,24,Gujarat,438,Ahmedabad,AHMADABAD CITY,-,-,-,-,-,-,-,-,22.987972,72.589067,02-12-2019 08:30,2.4,,,,,7.9,,,,,,,,7.9,,,,,,,,,,,,,,,,,,,
886,CHANDOLA LAKE AT AHMEDABAD,CPCB,24,Gujarat,438,Ahmedabad,AHMADABAD CITY,-,-,-,-,-,-,-,-,22.987972,72.589067,02-01-2020 08:30,0.19,,,,,7.3,,,,,,,,8.2,,,,,,,,,,,,,,,,,,,
887,CHANDOLA LAKE AT AHMEDABAD,CPCB,24,Gujarat,438,Ahmedabad,AHMADABAD CITY,-,-,-,-,-,-,-,-,22.987972,72.589067,01-02-2020 08:30,1.18,,,,,8.2,,,,,,,,8.3,,,Clear,,Clear,,Clear,,Clear,,,Clear,Clear,,Clear,,Clear,,
888,CHANDOLA LAKE AT AHMEDABAD,CPCB,24,Gujarat,438,Ahmedabad,AHMADABAD CITY,-,-,-,-,-,-,-,-,22.987972,72.589067,04-03-2020 08:30,Other,,,,,Other,,,,,,,,Other,,,Other,,Other,,Other,,Other,,,Other,Other,,Other,,Other,,
889,CHANDOLA LAKE AT AHMEDABAD,CPCB,24,Gujarat,438,Ahmedabad,AHMADABAD CITY,-,-,-,-,-,-,-,-,22.987972,72.589067,04-04-2020 08:30,0.56,,,,,6.1,,,,,,,,7.3,,,Clear,,Clear,,0.61,,Clear,,,0.02,0.09,,Clear,,Clear,,
890,CHANDOLA LAKE AT AHMEDABAD,CPCB,24,Gujarat,438,Ahmedabad,AHMADABAD CITY,-,-,-,-,-,-,-,-,22.987972,72.589067,01-05-2020 08:30,1.23,,,,,7.8,,,,,,,,8,,,,,,,,,,,,,0.07,,,,,,
891,CHANDOLA LAKE AT AHMEDABAD,CPCB,24,Gujarat,438,Ahmedabad,AHMADABAD CITY,-,-,-,-,-,-,-,-,22.987972,72.589067,02-06-2020 08:30,,,,,,,,,,,,,,,,,,,,,,,,,,,,,,,,,
892,CHANDOLA LAKE AT AHMEDABAD,CPCB,24,Gujarat,438,Ahmedabad,AHMADABAD CITY,-,-,-,-,-,-,-,-,22.987972,72.589067,05-08-2020 08:30,Other,,,,,6.8,,,,,,,,8.1,,,Other,,Other,,Other,,Other,,,Other,0.13,,Other,,Other,,
893,CHANDOLA LAKE AT AHMEDABAD,CPCB,24,Gujarat,438,Ahmedabad,AHMADABAD CITY,-,-,-,-,-,-,-,-,22.987972,72.589067,02-09-2020 08:30,Other,,,,,6.7,,,,,,,,7.4,,,Other,,Other,,Other,,Other,,,Other,0.13,,Other,,Other,,
894,CHANDOLA LAKE AT AHMEDABAD,CPCB,24,Gujarat,438,Ahmedabad,AHMADABAD CITY,-,-,-,-,-,-,-,-,22.987972,72.589067,03-10-2020 08:30,Other,,,,,5.7,,,,,,,,7.5,,,Other,,Other,,Other,,Other,,,Other,0.16,,Other,,Other,,
895,CHANDOLA LAKE AT AHMEDABAD,CPCB,24,Gujarat,438,Ahmedabad,AHMADABAD CITY,-,-,-,-,-,-,-,-,22.987972,72.589067,03-11-2020 08:30,Other,,,,,6.7,,,,,,,,7.5,,,Other,,Other,,Other,,Other,,,Other,0.12,,Other,,Other,,
896,CHANDOLA LAKE AT AHMEDABAD,CPCB,24,Gujarat,438,Ahmedabad,AHMADABAD CITY,-,-,-,-,-,-,-,-,22.987972,72.589067,02-12-2020 08:30,1.17,,,,,6.6,,,,,,,,7.62,,,Clear,,Clear,,Clear,,Clear,,,Clear,Clear,,Clear,,Clear,,
897,CITY LAKE OF NADIAD,CPCB,24,Gujarat,440,Anand,SOJITRA,-,-,-,-,-,-,-,-,22.600453,72.763836,01-01-2019 08:30,0.6,,,,,3.4,,,,,,,,8.3,,,,,,,,,,,,,,,,,,,
898,CITY LAKE OF NADIAD,CPCB,24,Gujarat,440,Anand,SOJITRA,-,-,-,-,-,-,-,-,22.600453,72.763836,05-02-2019 08:30,0.8,,,,,4.3,,,,,,,,8.4,,,,,,,,,,,,,,,,,,,
899,CITY LAKE OF NADIAD,CPCB,24,Gujarat,440,Anand,SOJITRA,-,-,-,-,-,-,-,-,22.600453,72.763836,01-03-2019 08:30,0.6,,,,,2.7,,,,,,,,8.4,,,,,,,,,,,,,,,,,,,
900,CITY LAKE OF NADIAD,CPCB,24,Gujarat,440,Anand,SOJITRA,-,-,-,-,-,-,-,-,22.600453,72.763836,02-04-2019 08:30,,,,,,3.8,,,,,,,,8.4,,,,,,,,,,,,,,,,,7.46,,
901,CITY LAKE OF NADIAD,CPCB,24,Gujarat,440,Anand,SOJITRA,-,-,-,-,-,-,-,-,22.600453,72.763836,02-05-2019 08:30,,,,,,8,,,,,,,,8.4,,,,,,,,,,,,,,,,,,,
902,CITY LAKE OF NADIAD,CPCB,24,Gujarat,440,Anand,SOJITRA,-,-,-,-,-,-,-,-,22.600453,72.763836,01-06-2019 08:30,,,,,,5.9,,,,,,,,8.4,,,,,,,,,,,,,,,,,,,
903,CITY LAKE OF NADIAD,CPCB,24,Gujarat,440,Anand,SOJITRA,-,-,-,-,-,-,-,-,22.600453,72.763836,05-07-2019 08:30,0.6,,,,,5.6,,,,,,,,8.3,,,,,,,,,,,,,,,,,,,
904,CITY LAKE OF NADIAD,CPCB,24,Gujarat,440,Anand,SOJITRA,-,-,-,-,-,-,-,-,22.600453,72.763836,01-08-2019 08:30,0.6,,,,,6.5,,,,,,,,8.4,,,,,,,,,,,,,,,,,,,
905,CITY LAKE OF NADIAD,CPCB,24,Gujarat,440,Anand,SOJITRA,-,-,-,-,-,-,-,-,22.600453,72.763836,04-09-2019 08:30,0.6,,,,,3.1,,,,,,,,8.2,,,,,,,,,,,,,,,,,,,
906,CITY LAKE OF NADIAD,CPCB,24,Gujarat,440,Anand,SOJITRA,-,-,-,-,-,-,-,-,22.600453,72.763836,03-01-2020 08:30,0.56,,,,,5.3,,,,,,,,8.1,,,,,,,,,,,,,0.02,,,,3.92,,
907,CITY LAKE OF NADIAD,CPCB,24,Gujarat,440,Anand,SOJITRA,-,-,-,-,-,-,-,-,22.600453,72.763836,04-02-2020 08:30,0.56,,,,,5.5,,,,,,,,8.5,,,Light Green,,Light Green,,Light Green,,Light Green,,,Light Green,0.02,,Light Green,,15.28,,
908,CITY LAKE OF NADIAD,CPCB,24,Gujarat,440,Anand,SOJITRA,-,-,-,-,-,-,-,-,22.600453,72.763836,06-03-2020 08:30,0.56,,,,,3.2,,,,,,,,8.4,,,Light Green,,Light Green,,Light Green,,Light Green,,,Light Green,0.08,,Light Green,,17.05,,
909,CITY LAKE OF NADIAD,CPCB,24,Gujarat,440,Anand,SOJITRA,-,-,-,-,-,-,-,-,22.600453,72.763836,07-04-2020 08:30,0.28,,,,,5.5,,,,,,,,8.4,,,Turbid Green,,Turbid Green,,0.23,,Turbid Green,,,Turbid Green,0.56,,Turbid Green,,6.01,,
910,CITY LAKE OF NADIAD,CPCB,24,Gujarat,440,Anand,SOJITRA,-,-,-,-,-,-,-,-,22.600453,72.763836,06-05-2020 08:30,0.56,,,,,3.2,,,,,,,,8.4,,,Clear,,Clear,,Clear,,Clear,,,Clear,0.48,,Clear,,9.22,,
911,CITY LAKE OF NADIAD,CPCB,24,Gujarat,440,Anand,SOJITRA,-,-,-,-,-,-,-,-,22.600453,72.763836,04-06-2020 08:30,0.56,,,,,3.1,,,,,,,,8.5,,,Light Green,,Light Green,,Light Green,,Light Green,,,Light Green,0.18,,Light Green,,11.7,,
912,CITY LAKE OF NADIAD,CPCB,24,Gujarat,440,Anand,SOJITRA,-,-,-,-,-,-,-,-,22.600453,72.763836,03-07-2020 08:30,0.54,,,,,4.7,,,,,,,,8.5,,,Light Green,,Light Green,,Light Green,,Light Green,,,Light Green,0.16,,Light Green,,9.08,,
913,CITY LAKE OF NADIAD,CPCB,24,Gujarat,440,Anand,SOJITRA,-,-,-,-,-,-,-,-,22.600453,72.763836,06-08-2020 08:30,1.29,,,,,3.2,,,,,,,,8.2,,,Other,,Other,,Other,,Other,,,Other,0.27,,Other,,5.79,,
914,CITY LAKE OF NADIAD,CPCB,24,Gujarat,440,Anand,SOJITRA,-,-,-,-,-,-,-,-,22.600453,72.763836,01-09-2020 08:30,0.28,,,,,7,,,,,,,,8.2,,,Other,,Other,,Other,,Other,,,Other,0.26,,Other,,6.44,,
915,CITY LAKE OF NADIAD,CPCB,24,Gujarat,440,Anand,SOJITRA,-,-,-,-,-,-,-,-,22.600453,72.763836,06-10-2020 08:30,Other,,,,,6.2,,,,,,,,8.67,,,Other,,Other,,Other,,Other,,,Other,Other,,Other,,4.5,,
916,CITY LAKE OF NADIAD,CPCB,24,Gujarat,440,Anand,SOJITRA,-,-,-,-,-,-,-,-,22.600453,72.763836,02-11-2020 08:30,1.29,,,,,6.8,,,,,,,,8.2,,,Clear,,Clear,,Clear,,Clear,,,Clear,0.27,,Clear,,1.89,,
917,CITY LAKE OF NADIAD,CPCB,24,Gujarat,440,Anand,SOJITRA,-,-,-,-,-,-,-,-,22.600453,72.763836,03-12-2020 08:30,0.56,,,,,5.3,,,,,,,,7.4,,,Other,,Other,,Other,,Other,,,Other,0.23,,Other,,4.87,,
918,DAMANGANGA AT D/S OF GIDC WEIR VAPI,CPCB,24,Gujarat,462,Valsad,UMBERGAON,-,-,-,-,-,-,-,-,20.336422,72.915724,11-05-2018 08:30,,,,,,6.4,,,,,,,,7.9,,,,,,,,,,,,,,,,,,,
919,DAMANGANGA AT D/S OF GIDC WEIR VAPI,CPCB,24,Gujarat,462,Valsad,UMBERGAON,-,-,-,-,-,-,-,-,20.336422,72.915724,11-08-2018 08:30,,,,,,,,,,,,,,8.2,,,,,,,,,,,,,,,,,,,
920,DAMANGANGA AT D/S OF GIDC WEIR VAPI,CPCB,24,Gujarat,462,Valsad,UMBERGAON,-,-,-,-,-,-,-,-,20.336422,72.915724,28-11-2018 08:30,,,,,,8.4,,,,,,,,8.9,,,,,,,,,,,,,,,,,,,
921,DAMANGANGA AT D/S OF GIDC WEIR VAPI,CPCB,24,Gujarat,462,Valsad,UMBERGAON,-,-,-,-,-,-,-,-,20.336422,72.915724,26-02-2020 08:30,Clear,,,,,7.7,,,,,,,,8.6,,,Clear,,Clear,,0.08,,Clear,,,0.03,0.81,,Clear,,0.57,,
922,DAMANGANGA AT D/S OF GIDC WEIR VAPI,CPCB,24,Gujarat,462,Valsad,UMBERGAON,-,-,-,-,-,-,-,-,20.336422,72.915724,21-10-2020 08:30,0.42,,,,,8.1,,,,,,,,7.4,,,Clear,,Clear,,Clear,,Clear,,,Clear,0.84,,Clear,,3.51,,
923,DAMANGANGA AT D/S OF MADHUBAN DAMAN,CPCB,24,Gujarat,441,DAMAN,DAMAN,-,-,-,-,-,-,-,-,20.411819,72.833264,30-01-2018 08:30,,,,,,6.1,,,,,,,,8.14,,,,,,,,,,,,,,,,,,,
924,DAMANGANGA AT D/S OF MADHUBAN DAMAN,CPCB,24,Gujarat,441,DAMAN,DAMAN,-,-,-,-,-,-,-,-,20.411819,72.833264,25-02-2018 08:30,,,,,,5.8,,,,,,,,8.22,,,,,,,,,,,,,,,,,,,
925,DAMANGANGA AT D/S OF MADHUBAN DAMAN,CPCB,24,Gujarat,441,DAMAN,DAMAN,-,-,-,-,-,-,-,-,20.411819,72.833264,25-03-2018 08:30,,,,,,5.2,,,,,,,,7.85,,,,,,,,,,,,,,,,,,,
926,DAMANGANGA AT D/S OF MADHUBAN DAMAN,CPCB,24,Gujarat,441,DAMAN,DAMAN,-,-,-,-,-,-,-,-,20.411819,72.833264,26-04-2018 08:30,,,,,,6.3,,,,,,,,7.91,,,,,,,,,,,,,,,,,,,
927,DAMANGANGA AT D/S OF MADHUBAN DAMAN,CPCB,24,Gujarat,441,DAMAN,DAMAN,-,-,-,-,-,-,-,-,20.411819,72.833264,06-06-2018 08:30,,,,,,6.6,,,,,,,,8.03,,,,,,,,,,,,,,,,,,,
928,DAMANGANGA AT D/S OF MADHUBAN DAMAN,CPCB,24,Gujarat,441,DAMAN,DAMAN,-,-,-,-,-,-,-,-,20.411819,72.833264,24-07-2018 08:30,,,,,,5.9,,,,,,,,7.72,,,,,,,,,,,,,,,,,,,
929,DAMANGANGA AT D/S OF MADHUBAN DAMAN,CPCB,24,Gujarat,441,DAMAN,DAMAN,-,-,-,-,-,-,-,-,20.411819,72.833264,03-08-2018 08:30,,,,,,6.1,,,,,,,,8.24,,,,,,,,,,,,,,,,,,,
930,DAMANGANGA AT D/S OF MADHUBAN DAMAN,CPCB,24,Gujarat,441,DAMAN,DAMAN,-,-,-,-,-,-,-,-,20.411819,72.833264,12-09-2018 08:30,,,,,,5.6,,,,,,,,7.21,,,,,,,,,,,,,,,,,,,
931,DAMANGANGA AT D/S OF MADHUBAN DAMAN,CPCB,24,Gujarat,441,DAMAN,DAMAN,-,-,-,-,-,-,-,-,20.411819,72.833264,15-10-2018 08:30,,,,,,5.8,,,,,,,,7.46,,,,,,,,,,,,,,,,,,,
932,DAMANGANGA AT D/S OF MADHUBAN DAMAN,CPCB,24,Gujarat,441,DAMAN,DAMAN,-,-,-,-,-,-,-,-,20.411819,72.833264,16-11-2018 08:30,,,,,,5.1,,,,,,,,7.89,,,,,,,,,,,,,,,,,,,
933,DAMANGANGA AT D/S OF MADHUBAN DAMAN,CPCB,24,Gujarat,441,DAMAN,DAMAN,-,-,-,-,-,-,-,-,20.411819,72.833264,14-12-2018 08:30,,,,,,6.7,,,,,,,,7.8,,,,,,,,,,,,,,,,,,,
934,DAMANGANGA AT D/S OF MADHUBAN DAMAN,CPCB,24,Gujarat,441,DAMAN,DAMAN,-,-,-,-,-,-,-,-,20.411819,72.833264,23-01-2019 08:30,,,,,,7.1,,,,,,,,7.9,,,,,,,,,,,,,,,,,,,
935,DAMANGANGA AT D/S OF MADHUBAN DAMAN,CPCB,24,Gujarat,441,DAMAN,DAMAN,-,-,-,-,-,-,-,-,20.411819,72.833264,22-02-2019 08:30,,,,,,6.8,,,,,,,,7.5,,,,,,,,,,,,,,,,,,,
936,DAMANGANGA AT D/S OF MADHUBAN DAMAN,CPCB,24,Gujarat,441,DAMAN,DAMAN,-,-,-,-,-,-,-,-,20.411819,72.833264,25-03-2019 08:30,,,,,,7.2,,,,,,,,7.9,,,,,,,,,,,,,,,,,,,
937,DAMANGANGA AT D/S OF MADHUBAN DAMAN,CPCB,24,Gujarat,441,DAMAN,DAMAN,-,-,-,-,-,-,-,-,20.411819,72.833264,12-04-2019 08:30,,,,,,6.7,,,,,,,,7.9,,,,,,,,,,,,,,,,,,,
938,DAMANGANGA AT D/S OF MADHUBAN DAMAN,CPCB,24,Gujarat,441,DAMAN,DAMAN,-,-,-,-,-,-,-,-,20.411819,72.833264,17-05-2019 08:30,,,,,,6.9,,,,,,,,7.7,,,,,,,,,,,,,,,,,,,
939,DAMANGANGA AT D/S OF MADHUBAN DAMAN,CPCB,24,Gujarat,441,DAMAN,DAMAN,-,-,-,-,-,-,-,-,20.411819,72.833264,20-06-2019 08:30,,,,,,6.6,,,,,,,,7.9,,,,,,,,,,,,,,,,,,,
940,DAMANGANGA AT D/S OF MADHUBAN DAMAN,CPCB,24,Gujarat,441,DAMAN,DAMAN,-,-,-,-,-,-,-,-,20.411819,72.833264,18-07-2019 08:30,,,,,,6.4,,,,,,,,7.3,,,,,,,,,,,,,,,,,,,
941,DAMANGANGA AT D/S OF MADHUBAN DAMAN,CPCB,24,Gujarat,441,DAMAN,DAMAN,-,-,-,-,-,-,-,-,20.411819,72.833264,21-08-2019 08:30,,,,,,6.5,,,,,,,,7.4,,,,,,,,,,,,,,,,,,,
942,DAMANGANGA AT D/S OF MADHUBAN DAMAN,CPCB,24,Gujarat,441,DAMAN,DAMAN,-,-,-,-,-,-,-,-,20.411819,72.833264,25-09-2019 08:30,,,,,,5.6,,,,,,,,7.3,,,,,,,,,,,,,,,,,,,
943,DAMANGANGA AT D/S OF MADHUBAN DAMAN,CPCB,24,Gujarat,441,DAMAN,DAMAN,-,-,-,-,-,-,-,-,20.411819,72.833264,18-10-2019 08:30,,,,,,4.2,,,,,,,,7.9,,,,,,,,,,,,,,,,,,,
944,DAMANGANGA AT D/S OF MADHUBAN DAMAN,CPCB,24,Gujarat,441,DAMAN,DAMAN,-,-,-,-,-,-,-,-,20.411819,72.833264,13-11-2019 08:30,,,,,,4.5,,,,,,,,7.3,,,,,,,,,,,,,,,,,,,
945,DAMANGANGA AT D/S OF MADHUBAN DAMAN,CPCB,24,Gujarat,441,DAMAN,DAMAN,-,-,-,-,-,-,-,-,20.411819,72.833264,17-12-2019 08:30,,,,,,5.9,,,,,,,,7.8,,,,,,,,,,,,,,,,,,,
946,DAMANGANGA AT D/S OF MADHUBAN DAMAN,CPCB,24,Gujarat,441,DAMAN,DAMAN,-,-,-,-,-,-,-,-,20.411819,72.833264,29-01-2020 08:30,,,,,,6.6,,,,,,,,7.6,,,,,,,0.176,,,,,,0.2,,,,,,
947,DAMANGANGA AT D/S OF MADHUBAN DAMAN,CPCB,24,Gujarat,441,DAMAN,DAMAN,-,-,-,-,-,-,-,-,20.411819,72.833264,12-02-2020 08:30,Clear,,,,,6.7,,,,,,,,7.9,,,Clear,,0.006,,0.138,,Clear,,,Clear,0.1,,Clear,,Clear,,
948,DAMANGANGA AT D/S OF MADHUBAN DAMAN,CPCB,24,Gujarat,441,DAMAN,DAMAN,-,-,-,-,-,-,-,-,20.411819,72.833264,20-03-2020 08:30,Clear,,,,,6.4,,,,,,,,7.7,,,Clear,,0.006,,0.134,,Clear,,,Clear,0.1,,Clear,,Clear,,
949,DAMANGANGA AT D/S OF MADHUBAN DAMAN,CPCB,24,Gujarat,441,DAMAN,DAMAN,-,-,-,-,-,-,-,-,20.411819,72.833264,14-04-2020 08:30,Clear,,,,,6.1,,,,,,,,7.7,,,Clear,,Clear,,0.109,,Clear,,,Clear,0.1,,Clear,,Clear,,
950,DAMANGANGA AT D/S OF MADHUBAN DAMAN,CPCB,24,Gujarat,441,DAMAN,DAMAN,-,-,-,-,-,-,-,-,20.411819,72.833264,07-05-2020 08:30,Clear,,,,,6.2,,,,,,,,7.7,,,Clear,,Clear,,0.116,,Clear,,,Clear,0.1,,Clear,,Clear,,
951,DAMANGANGA AT D/S OF MADHUBAN DAMAN,CPCB,24,Gujarat,441,DAMAN,DAMAN,-,-,-,-,-,-,-,-,20.411819,72.833264,28-07-2020 08:30,Clear,,,,,6.5,,,,,,,,7.7,,,Clear,,Clear,,0.116,,Clear,,,Clear,0.6,,Clear,,Clear,,
952,DAMANGANGA AT D/S OF MADHUBAN DAMAN,CPCB,24,Gujarat,441,DAMAN,DAMAN,-,-,-,-,-,-,-,-,20.411819,72.833264,26-08-2020 08:30,Clear,,,,,6.5,,,,,,,,7.6,,,Clear,,Clear,,0.588,,Clear,,,Clear,0.1,,Clear,,Clear,,
953,DAMANGANGA AT D/S OF MADHUBAN DAMAN,CPCB,24,Gujarat,441,DAMAN,DAMAN,-,-,-,-,-,-,-,-,20.411819,72.833264,21-09-2020 08:30,Clear,,,,,7.1,,,,,,,,7.6,,,Clear,,Clear,,0.24,,Clear,,,Clear,0.2,,Clear,,Clear,,
954,DAMANGANGA AT D/S OF MADHUBAN DAMAN,CPCB,24,Gujarat,441,DAMAN,DAMAN,-,-,-,-,-,-,-,-,20.411819,72.833264,13-10-2020 08:30,Clear,,,,,7.1,,,,,,,,7.3,,,Clear,,Clear,,0.609,,Clear,,,Clear,0.1,,Clear,,Clear,,
955,DAMANGANGA AT D/S OF MADHUBAN DAMAN,CPCB,24,Gujarat,441,DAMAN,DAMAN,-,-,-,-,-,-,-,-,20.411819,72.833264,24-11-2020 08:30,Clear,,,,,7.2,,,,,,,,7.7,,,Clear,,Clear,,0.154,,Clear,,,Clear,0.1,,Clear,,Clear,,
956,DAMANGANGA AT D/S OF MADHUBAN DAMAN,CPCB,24,Gujarat,441,DAMAN,DAMAN,-,-,-,-,-,-,-,-,20.411819,72.833264,29-12-2020 08:30,Clear,,,,,7.1,,,,,,,,7.6,,,0.01,,0.003,,0.169,,0.001,,,Clear,Clear,,0.01,,Clear,,
957,DAMANGANGA AT KACHIGAON U\S AT GIDC WIER,CPCB,24,Gujarat,462,Valsad,UMBERGAON,-,-,-,-,-,-,-,-,20.358825,72.881708,07-01-2018 08:30,,,,,,6.9,,,,,,,,7.97,,,,,,,,,,,,,,,,,,,
958,DAMANGANGA AT KACHIGAON U\S AT GIDC WIER,CPCB,24,Gujarat,462,Valsad,UMBERGAON,-,-,-,-,-,-,-,-,20.358825,72.881708,02-02-2018 08:30,,,,,,7.1,,,,,,,,7.93,,,,,,,,,,,,,,,,,,,
959,DAMANGANGA AT KACHIGAON U\S AT GIDC WIER,CPCB,24,Gujarat,462,Valsad,UMBERGAON,-,-,-,-,-,-,-,-,20.358825,72.881708,03-03-2018 08:30,,,,,,7.1,,,,,,,,7.93,,,,,,,,,,,,,,,,,,,
960,DAMANGANGA AT KACHIGAON U\S AT GIDC WIER,CPCB,24,Gujarat,462,Valsad,UMBERGAON,-,-,-,-,-,-,-,-,20.358825,72.881708,05-04-2018 08:30,,,,,,6.9,,,,,,,,7.93,,,,,,,,,,,,,,,,,,,
961,DAMANGANGA AT KACHIGAON U\S AT GIDC WIER,CPCB,24,Gujarat,462,Valsad,UMBERGAON,-,-,-,-,-,-,-,-,20.358825,72.881708,09-05-2018 08:30,,,,,,7.1,,,,,,,,7.95,,,,,,,,,,,,,,,,,,,
962,DAMANGANGA AT KACHIGAON U\S AT GIDC WIER,CPCB,24,Gujarat,462,Valsad,UMBERGAON,-,-,-,-,-,-,-,-,20.358825,72.881708,06-06-2018 08:30,,,,,,7,,,,,,,,7.99,,,,,,,,,,,,,,,,,,,
963,DAMANGANGA AT KACHIGAON U\S AT GIDC WIER,CPCB,24,Gujarat,462,Valsad,UMBERGAON,-,-,-,-,-,-,-,-,20.358825,72.881708,03-07-2018 08:30,,,,,,7,,,,,,,,8.05,,,,,,,,,,,,,,,,,,,
964,DAMANGANGA AT KACHIGAON U\S AT GIDC WIER,CPCB,24,Gujarat,462,Valsad,UMBERGAON,-,-,-,-,-,-,-,-,20.358825,72.881708,10-08-2018 08:30,,,,,,7.1,,,,,,,,7.11,,,,,,,,,,,,,,,,,,,
965,DAMANGANGA AT KACHIGAON U\S AT GIDC WIER,CPCB,24,Gujarat,462,Valsad,UMBERGAON,-,-,-,-,-,-,-,-,20.358825,72.881708,06-09-2018 08:30,,,,,,7,,,,,,,,7.18,,,,,,,,,,,,,,,,,,,
966,DAMANGANGA AT KACHIGAON U\S AT GIDC WIER,CPCB,24,Gujarat,462,Valsad,UMBERGAON,-,-,-,-,-,-,-,-,20.358825,72.881708,06-10-2018 08:30,,,,,,7,,,,,,,,7.15,,,,,,,,,,,,,,,,,,,
967,DAMANGANGA AT KACHIGAON U\S AT GIDC WIER,CPCB,24,Gujarat,462,Valsad,UMBERGAON,-,-,-,-,-,-,-,-,20.358825,72.881708,22-11-2018 08:30,,,,,,6.9,,,,,,,,7.18,,,,,,,,,,,,,,,,,,,
968,DAMANGANGA AT KACHIGAON U\S AT GIDC WIER,CPCB,24,Gujarat,462,Valsad,UMBERGAON,-,-,-,-,-,-,-,-,20.358825,72.881708,05-12-2018 08:30,,,,,,6.9,,,,,,,,7.1,,,,,,,,,,,,,,,,,,,
969,DAMANGANGA AT KACHIGAON U\S AT GIDC WIER,CPCB,24,Gujarat,462,Valsad,UMBERGAON,-,-,-,-,-,-,-,-,20.358825,72.881708,02-01-2019 08:30,,,,,,6.9,,,,,,,,7.3,,,,,,,,,,,,,,,,,,,
970,DAMANGANGA AT KACHIGAON U\S AT GIDC WIER,CPCB,24,Gujarat,462,Valsad,UMBERGAON,-,-,-,-,-,-,-,-,20.358825,72.881708,09-02-2019 08:30,,,,,,7.4,,,,,,,,7.8,,,,,,,,,,,,,,,,,,,
971,DAMANGANGA AT KACHIGAON U\S AT GIDC WIER,CPCB,24,Gujarat,462,Valsad,UMBERGAON,-,-,-,-,-,-,-,-,20.358825,72.881708,02-03-2019 08:30,,,,,,6.9,,,,,,,,7.9,,,,,,,,,,,,,,,,,,,
972,DAMANGANGA AT KACHIGAON U\S AT GIDC WIER,CPCB,24,Gujarat,462,Valsad,UMBERGAON,-,-,-,-,-,-,-,-,20.358825,72.881708,02-04-2019 08:30,,,,,,7.5,,,,,,,,7.9,,,,,,,,,,,,,,,,,,,
973,DAMANGANGA AT KACHIGAON U\S AT GIDC WIER,CPCB,24,Gujarat,462,Valsad,UMBERGAON,-,-,-,-,-,-,-,-,20.358825,72.881708,04-07-2019 08:30,,,,,,7.2,,,,,,,,7.9,,,,,,,,,,,,,,,,,,,
974,DAMANGANGA AT KACHIGAON U\S AT GIDC WIER,CPCB,24,Gujarat,462,Valsad,UMBERGAON,-,-,-,-,-,-,-,-,20.358825,72.881708,02-08-2019 08:30,,,,,,6.8,,,,,,,,7.1,,,,,,,,,,,,,,,,,,,
975,DAMANGANGA AT KACHIGAON U\S AT GIDC WIER,CPCB,24,Gujarat,462,Valsad,UMBERGAON,-,-,-,-,-,-,-,-,20.358825,72.881708,04-09-2019 08:30,,,,,,7.2,,,,,,,,7.5,,,,,,,,,,,,,,,,,,,
976,DAMANGANGA AT KACHIGAON U\S AT GIDC WIER,CPCB,24,Gujarat,462,Valsad,UMBERGAON,-,-,-,-,-,-,-,-,20.358825,72.881708,04-10-2019 08:30,,,,,,6.8,,,,,,,,7.8,,,,,,,,,,,,,,,,,,,
977,DAMANGANGA AT KACHIGAON U\S AT GIDC WIER,CPCB,24,Gujarat,462,Valsad,UMBERGAON,-,-,-,-,-,-,-,-,20.358825,72.881708,06-11-2019 08:30,,,,,,6.6,,,,,,,,7.6,,,,,,,,,,,,,,,,,,,
978,DAMANGANGA AT KACHIGAON U\S AT GIDC WIER,CPCB,24,Gujarat,462,Valsad,UMBERGAON,-,-,-,-,-,-,-,-,20.358825,72.881708,05-12-2019 08:30,,,,,,6.4,,,,,,,,7.6,,,,,,,,,,,,,,,,,,,
979,DAMANGANGA AT KACHIGAON U\S AT GIDC WIER,CPCB,24,Gujarat,462,Valsad,UMBERGAON,-,-,-,-,-,-,-,-,20.358825,72.881708,04-01-2020 08:30,0.11,,,,,6.6,,,,,,,,7.5,,,,,,,,,,,,,0.24,,,,,,
980,DAMANGANGA AT KACHIGAON U\S AT GIDC WIER,CPCB,24,Gujarat,462,Valsad,UMBERGAON,-,-,-,-,-,-,-,-,20.358825,72.881708,05-02-2020 08:30,0.32,,,,,6.9,,,,,,,,8.2,,,Clear,,Clear,,Clear,,Clear,,,Clear,0.28,,Clear,,Clear,,
981,DAMANGANGA AT KACHIGAON U\S AT GIDC WIER,CPCB,24,Gujarat,462,Valsad,UMBERGAON,-,-,-,-,-,-,-,-,20.358825,72.881708,03-03-2020 08:30,0.16,,,,,6.8,,,,,,,,7.3,,,Clear,,Clear,,Clear,,Clear,,,Clear,0.24,,Clear,,Clear,,
982,DAMANGANGA AT KACHIGAON U\S AT GIDC WIER,CPCB,24,Gujarat,462,Valsad,UMBERGAON,-,-,-,-,-,-,-,-,20.358825,72.881708,09-04-2020 08:30,0.29,,,,,7,,,,,,,,7.1,,,Clear,,Clear,,Clear,,Clear,,,Clear,0.12,,Clear,,Clear,,
983,DAMANGANGA AT KACHIGAON U\S AT GIDC WIER,CPCB,24,Gujarat,462,Valsad,UMBERGAON,-,-,-,-,-,-,-,-,20.358825,72.881708,04-05-2020 08:30,0.12,,,,,7.1,,,,,,,,7,,,Clear,,Clear,,Clear,,Clear,,,Clear,0.08,,Clear,,Clear,,
984,DAMANGANGA AT KACHIGAON U\S AT GIDC WIER,CPCB,24,Gujarat,462,Valsad,UMBERGAON,-,-,-,-,-,-,-,-,20.358825,72.881708,02-06-2020 08:30,0.1,,,,,7.2,,,,,,,,7.4,,,Clear,,Clear,,Clear,,Clear,,,Clear,0.24,,Clear,,Clear,,
985,DAMANGANGA AT KACHIGAON U\S AT GIDC WIER,CPCB,24,Gujarat,462,Valsad,UMBERGAON,-,-,-,-,-,-,-,-,20.358825,72.881708,04-07-2020 08:30,0.11,,,,,7.1,,,,,,,,7.6,,,Clear,,Clear,,Clear,,Clear,,,Clear,0.25,,Clear,,Clear,,
986,DAMANGANGA AT KACHIGAON U\S AT GIDC WIER,CPCB,24,Gujarat,462,Valsad,UMBERGAON,-,-,-,-,-,-,-,-,20.358825,72.881708,05-08-2020 08:30,0.1,,,,,7.1,,,,,,,,7.7,,,Clear,,Clear,,Clear,,Clear,,,Clear,0.21,,Clear,,Clear,,
987,DAMANGANGA AT KACHIGAON U\S AT GIDC WIER,CPCB,24,Gujarat,462,Valsad,UMBERGAON,-,-,-,-,-,-,-,-,20.358825,72.881708,01-09-2020 08:30,0.11,,,,,7.2,,,,,,,,7.3,,,Clear,,Clear,,Clear,,Clear,,,Clear,0.25,,Clear,,Clear,,
988,DAMANGANGA AT KACHIGAON U\S AT GIDC WIER,CPCB,24,Gujarat,462,Valsad,UMBERGAON,-,-,-,-,-,-,-,-,20.358825,72.881708,05-10-2020 08:30,0.28,,,,,7,,,,,,,,7.8,,,Clear,,Clear,,0.54,,Clear,,,Clear,0.3,,Clear,,Clear,,
989,DAMANGANGA AT KACHIGAON U\S AT GIDC WIER,CPCB,24,Gujarat,462,Valsad,UMBERGAON,-,-,-,-,-,-,-,-,20.358825,72.881708,03-11-2020 08:30,0.28,,,,,7.1,,,,,,,,7.8,,,Clear,,Clear,,Clear,,Clear,,,Clear,Clear,,Clear,,Clear,,
990,DAMANGANGA AT KACHIGAON U\S AT GIDC WIER,CPCB,24,Gujarat,462,Valsad,UMBERGAON,-,-,-,-,-,-,-,-,20.358825,72.881708,04-12-2020 08:30,0.28,,,,,7.1,,,,,,,,7.8,,,Clear,,Clear,,Clear,,Clear,,,Clear,0.2,,Clear,,Clear,,
991,DEESA BOREWELL,CPCB,24,Gujarat,441,Banaskantha,BHABHAR,-,-,-,-,-,-,-,-,24.257083,72.193084,02-04-2018 08:30,,,,,80,,460,,,,,,,7.55,,,,280,,,,31,,37,,,1.31,,,,,,
992,DEESA BOREWELL,CPCB,24,Gujarat,441,Banaskantha,BHABHAR,-,-,-,-,-,-,-,-,24.257083,72.193084,09-10-2018 08:30,,,,,127,,512,,,,,,,7.76,,,,273,,,0.04,56,,40,,,1.78,,,,,,
993,DEESA BOREWELL,CPCB,24,Gujarat,441,Banaskantha,BHABHAR,-,-,-,-,-,-,-,-,24.257083,72.193084,01-04-2019 08:30,,,,,80,,496,,,,,,,7.5,,,0.01,252,0.02,0.06,0.06,57.3,,19.7,,,2.78,,,0.01,,,
994,DEESA BOREWELL,CPCB,24,Gujarat,441,Banaskantha,BHABHAR,-,-,-,-,-,-,-,-,24.257083,72.193084,01-10-2019 08:30,,,,,80,,498,,,,,,,7.7,,,0.01,238,0.02,0.06,0.02,21,,29,,,3.04,,,0.02,,,
995,DEESA BOREWELL,CPCB,24,Gujarat,441,Banaskantha,BHABHAR,-,-,-,-,-,-,-,-,24.257083,72.193084,09-04-2020 08:30,0.25,,,,,Clear,,,,,,,,7.4,,,Clear,,Clear,,0.04,,Clear,,,Clear,1.9,,Clear,,2,,
996,DHADAR RIVER AT KOTHADA,CPCB,24,Gujarat,457,Rajkot,JAMKANDORNA,-,-,-,-,-,-,-,-,22.023279,70.368724,05-01-2018 08:30,,,,,,2.9,,,,,,,,7.34,,,,,,,,,,,,,,,,,,,
997,DHADAR RIVER AT KOTHADA,CPCB,24,Gujarat,457,Rajkot,JAMKANDORNA,-,-,-,-,-,-,-,-,22.023279,70.368724,02-02-2018 08:30,,,,,,1.2,,,,,,,,6.86,,,,,,,,,,,,,,,,,,,
998,DHADAR RIVER AT KOTHADA,CPCB,24,Gujarat,457,Rajkot,JAMKANDORNA,-,-,-,-,-,-,-,-,22.023279,70.368724,01-03-2018 08:30,,,,,,2.7,,,,,,,,7.59,,,,,,,,,,,,,,,,,,,
999,DHADAR RIVER AT KOTHADA,CPCB,24,Gujarat,457,Rajkot,JAMKANDORNA,-,-,-,-,-,-,-,-,22.023279,70.368724,07-04-2018 08:30,,,,,,2.5,,,,,,,,7.67,,,,,,,,,,,,,,,,,,,
"1,000",DHADAR RIVER AT KOTHADA,CPCB,24,Gujarat,457,Rajkot,JAMKANDORNA,-,-,-,-,-,-,-,-,22.023279,70.368724,07-05-2018 08:30,,,,,,3.2,,,,,,,,8.1,,,,,,,,,,,,,,,,,,,
"1,001",DHADAR RIVER AT KOTHADA,CPCB,24,Gujarat,457,Rajkot,JAMKANDORNA,-,-,-,-,-,-,-,-,22.023279,70.368724,07-06-2018 08:30,,,,,,3.4,,,,,,,,8.03,,,,,,,,,,,,,,,,,,,
"1,002",DHADAR RIVER AT KOTHADA,CPCB,24,Gujarat,457,Rajkot,JAMKANDORNA,-,-,-,-,-,-,-,-,22.023279,70.368724,07-07-2018 08:30,,,,,,2.3,,,,,,,,7.57,,,,,,,,,,,,,,,,,,,
"1,003",DHADAR RIVER AT KOTHADA,CPCB,24,Gujarat,457,Rajkot,JAMKANDORNA,-,-,-,-,-,-,-,-,22.023279,70.368724,07-08-2018 08:30,,,,,,,,,,,,,,7.62,,,,,,,,,,,,,,,,,,,
"1,004",DHADAR RIVER AT KOTHADA,CPCB,24,Gujarat,457,Rajkot,JAMKANDORNA,-,-,-,-,-,-,-,-,22.023279,70.368724,05-09-2018 08:30,,,,,,,,,,,,,,7.66,,,,,,,,,,,,,,,,,,,
"1,005",DHADAR RIVER AT KOTHADA,CPCB,24,Gujarat,457,Rajkot,JAMKANDORNA,-,-,-,-,-,-,-,-,22.023279,70.368724,03-10-2018 08:30,,,,,,,,,,,,,,7.84,,,,,,,,,,,,,,,,,,,
"1,006",DHADAR RIVER AT KOTHADA,CPCB,24,Gujarat,457,Rajkot,JAMKANDORNA,-,-,-,-,-,-,-,-,22.023279,70.368724,01-11-2018 08:30,,,,,,,,,,,,,,7.77,,,,,,,,,,,,,,,,,,,
"1,007",DHADAR RIVER AT KOTHADA,CPCB,24,Gujarat,457,Rajkot,JAMKANDORNA,-,-,-,-,-,-,-,-,22.023279,70.368724,07-12-2018 08:30,,,,,,,,,,,,,,7.5,,,,,,,,,,,,,,,,,,,
"1,008",DHADAR RIVER AT KOTHADA,CPCB,24,Gujarat,457,Rajkot,JAMKANDORNA,-,-,-,-,-,-,-,-,22.023279,70.368724,03-01-2019 08:30,,,,,,,,,,,,,,7.8,,,,,,,,,,,,,,,,,,,
"1,009",DHADAR RIVER AT KOTHADA,CPCB,24,Gujarat,457,Rajkot,JAMKANDORNA,-,-,-,-,-,-,-,-,22.023279,70.368724,06-02-2019 08:30,,,,,,,,,,,,,,7.5,,,,,,,,,,,,,,,,,,,
"1,010",DHADAR RIVER AT KOTHADA,CPCB,24,Gujarat,457,Rajkot,JAMKANDORNA,-,-,-,-,-,-,-,-,22.023279,70.368724,01-03-2019 08:30,,,,,,,,,,,,,,7.5,,,,,,,,,,,,,,,,,,,
"1,011",DHADAR RIVER AT KOTHADA,CPCB,24,Gujarat,457,Rajkot,JAMKANDORNA,-,-,-,-,-,-,-,-,22.023279,70.368724,04-04-2019 08:30,,,,,,,,,,,,,,7.9,,,,,,,,,,,,,,,,,,,
"1,012",DHADAR RIVER AT KOTHADA,CPCB,24,Gujarat,457,Rajkot,JAMKANDORNA,-,-,-,-,-,-,-,-,22.023279,70.368724,04-05-2019 08:30,,,,,,,,,,,,,,7.9,,,,,,,,,,,,,,,,,,,
"1,013",DHADAR RIVER AT KOTHADA,CPCB,24,Gujarat,457,Rajkot,JAMKANDORNA,-,-,-,-,-,-,-,-,22.023279,70.368724,03-06-2019 08:30,,,,,,,,,,,,,,7.9,,,,,,,,,,,,,,,,,,,
"1,014",DHADAR RIVER AT KOTHADA,CPCB,24,Gujarat,457,Rajkot,JAMKANDORNA,-,-,-,-,-,-,-,-,22.023279,70.368724,04-07-2019 08:30,,,,,,,,,,,,,,7.3,,,,,,,,,,,,,,,,,,,
"1,015",DHADAR RIVER AT KOTHADA,CPCB,24,Gujarat,457,Rajkot,JAMKANDORNA,-,-,-,-,-,-,-,-,22.023279,70.368724,16-08-2019 08:30,,,,,,1.8,,,,,,,,7.1,,,,,,,,,,,,,,,,,,,
"1,016",DHADAR RIVER AT KOTHADA,CPCB,24,Gujarat,457,Rajkot,JAMKANDORNA,-,-,-,-,-,-,-,-,22.023279,70.368724,06-09-2019 08:30,,,,,,,,,,,,,,7.2,,,,,,,,,,,,,,,,,,,
"1,017",DHADAR RIVER AT KOTHADA,CPCB,24,Gujarat,457,Rajkot,JAMKANDORNA,-,-,-,-,-,-,-,-,22.023279,70.368724,04-10-2019 08:30,,,,,,,,,,,,,,7.3,,,,,,,,,,,,,,,,,,,
"1,018",DHADAR RIVER AT KOTHADA,CPCB,24,Gujarat,457,Rajkot,JAMKANDORNA,-,-,-,-,-,-,-,-,22.023279,70.368724,05-11-2019 08:30,,,,,,,,,,,,,,7.4,,,,,,,,,,,,,,,,,,,
"1,019",DHADAR RIVER AT KOTHADA,CPCB,24,Gujarat,457,Rajkot,JAMKANDORNA,-,-,-,-,-,-,-,-,22.023279,70.368724,07-12-2019 08:30,,,,,,,,,,,,,,7.7,,,,,,,,,,,,,,,,,,,
"1,020",DHADAR RIVER AT KOTHADA,CPCB,24,Gujarat,457,Rajkot,JAMKANDORNA,-,-,-,-,-,-,-,-,22.023279,70.368724,03-01-2020 08:30,0.56,,,,,,,,,,,,,7.6,,,,,,,,,,,,,0.52,,,,,,
"1,021",DHADAR RIVER AT KOTHADA,CPCB,24,Gujarat,457,Rajkot,JAMKANDORNA,-,-,-,-,-,-,-,-,22.023279,70.368724,04-02-2020 08:30,10.64,,,,,Clear,,,,,,,,7.2,,,Clear,,Clear,,Clear,,Clear,,,Clear,0.72,,Clear,,Clear,,
"1,022",DHADAR RIVER AT KOTHADA,CPCB,24,Gujarat,457,Rajkot,JAMKANDORNA,-,-,-,-,-,-,-,-,22.023279,70.368724,03-03-2020 08:30,0.56,,,,,Other,,,,,,,,7.5,,,Other,,Other,,Other,,Other,,,Other,0.4,,Other,,Other,,
"1,023",DHADAR RIVER AT KOTHADA,CPCB,24,Gujarat,457,Rajkot,JAMKANDORNA,-,-,-,-,-,-,-,-,22.023279,70.368724,07-04-2020 08:30,0.56,,,,,3.8,,,,,,,,7.6,,,Other,,Other,,0.17,,Other,,,Other,0.62,,Other,,Other,,
"1,024",DHADAR RIVER AT KOTHADA,CPCB,24,Gujarat,457,Rajkot,JAMKANDORNA,-,-,-,-,-,-,-,-,22.023279,70.368724,04-05-2020 08:30,4.48,,,,,2.8,,,,,,,,7.6,,,Clear,,Clear,,Clear,,Clear,,,Clear,0.62,,Clear,,Clear,,
"1,025",DHADAR RIVER AT KOTHADA,CPCB,24,Gujarat,457,Rajkot,JAMKANDORNA,-,-,-,-,-,-,-,-,22.023279,70.368724,02-06-2020 08:30,6.72,,,,,Clear,,,,,,,,7.5,,,Clear,,Clear,,Clear,,Clear,,,Clear,0.62,,Clear,,Clear,,
"1,026",DHADAR RIVER AT KOTHADA,CPCB,24,Gujarat,457,Rajkot,JAMKANDORNA,-,-,-,-,-,-,-,-,22.023279,70.368724,03-07-2020 08:30,Clear,,,,,Clear,,,,,,,,7.8,,,Clear,,Clear,,Clear,,Clear,,,Clear,0.16,,Clear,,Clear,,
"1,027",DHADAR RIVER AT KOTHADA,CPCB,24,Gujarat,457,Rajkot,JAMKANDORNA,-,-,-,-,-,-,-,-,22.023279,70.368724,06-08-2020 08:30,Clear,,,,,Clear,,,,,,,,7.5,,,Clear,,Clear,,Clear,,Clear,,,Clear,0.1,,Clear,,Clear,,
"1,028",DHADAR RIVER AT KOTHADA,CPCB,24,Gujarat,457,Rajkot,JAMKANDORNA,-,-,-,-,-,-,-,-,22.023279,70.368724,05-09-2020 08:30,Clear,,,,,4.1,,,,,,,,7.1,,,Clear,,Clear,,Clear,,Clear,,,Clear,0.55,,Clear,,Clear,,
"1,029",DHADAR RIVER AT KOTHADA,CPCB,24,Gujarat,457,Rajkot,JAMKANDORNA,-,-,-,-,-,-,-,-,22.023279,70.368724,05-10-2020 08:30,Clear,,,,,2.4,,,,,,,,7.6,,,Clear,,Clear,,Clear,,Clear,,,Clear,0.65,,Clear,,Clear,,
"1,030",DHADAR RIVER AT KOTHADA,CPCB,24,Gujarat,457,Rajkot,JAMKANDORNA,-,-,-,-,-,-,-,-,22.023279,70.368724,04-11-2020 08:30,Clear,,,,,3.9,,,,,,,,7.3,,,Clear,,Clear,,Clear,,Clear,,,Clear,0.5,,Clear,,Clear,,
"1,031",DHADAR RIVER AT KOTHADA,CPCB,24,Gujarat,457,Rajkot,JAMKANDORNA,-,-,-,-,-,-,-,-,22.023279,70.368724,03-12-2020 08:30,Clear,,,,,2.3,,,,,,,,7.6,,,Clear,,Clear,,Clear,,Clear,,,Clear,Clear,,Clear,,Clear,,
"1,032",DHAROI DAM DIST. MEHSANA.,CPCB,24,Gujarat,458,Sabarkantha,BAYAD,-,-,-,-,-,-,-,-,24.004247,72.854736,01-01-2018 08:30,0.4,,,,,7.3,,,,,,,,8.16,,,,,,,,,,,,,,,,,2,,
"1,033",DHAROI DAM DIST. MEHSANA.,CPCB,24,Gujarat,458,Sabarkantha,BAYAD,-,-,-,-,-,-,-,-,24.004247,72.854736,01-02-2018 08:30,0.4,,,,,7.3,,,,,,,,8.16,,,,,,,,,,,,,,,,,2,,
"1,034",DHAROI DAM DIST. MEHSANA.,CPCB,24,Gujarat,458,Sabarkantha,BAYAD,-,-,-,-,-,-,-,-,24.004247,72.854736,01-03-2018 08:30,0.4,,,,,5.3,,,,,,,,7.72,,,,,,,,,,,,,,,,,1,,
"1,035",DHAROI DAM DIST. MEHSANA.,CPCB,24,Gujarat,458,Sabarkantha,BAYAD,-,-,-,-,-,-,-,-,24.004247,72.854736,02-04-2018 08:30,0.4,,,,,8.5,,,,,,,,8.1,,,,,,,,,,,,,,,,,2,,
"1,036",DHAROI DAM DIST. MEHSANA.,CPCB,24,Gujarat,458,Sabarkantha,BAYAD,-,-,-,-,-,-,-,-,24.004247,72.854736,01-05-2018 08:30,3.08,,,,,6.3,,,,,,,,7.76,,,,,,,,,,,,,,,,,2,,
"1,037",DHAROI DAM DIST. MEHSANA.,CPCB,24,Gujarat,458,Sabarkantha,BAYAD,-,-,-,-,-,-,-,-,24.004247,72.854736,01-06-2018 08:30,0.4,,,,,5.3,,,,,,,,7.5,,,,,,,,,,,,,,,,,2,,
"1,038",DHAROI DAM DIST. MEHSANA.,CPCB,24,Gujarat,458,Sabarkantha,BAYAD,-,-,-,-,-,-,-,-,24.004247,72.854736,02-07-2018 08:30,0.4,,,,,7,,,,,,,,8.51,,,,,,,,,,,,,,,,,1.3,,
"1,039",DHAROI DAM DIST. MEHSANA.,CPCB,24,Gujarat,458,Sabarkantha,BAYAD,-,-,-,-,-,-,-,-,24.004247,72.854736,01-08-2018 08:30,0.4,,,,,6.9,,,,,,,,8.54,,,,,,,,,,,,,,,,,3,,
"1,040",DHAROI DAM DIST. MEHSANA.,CPCB,24,Gujarat,458,Sabarkantha,BAYAD,-,-,-,-,-,-,-,-,24.004247,72.854736,01-09-2018 08:30,0.4,,,,,7.1,,,,,,,,8.14,,,,,,,,,,,,,,,,,1,,
"1,041",DHAROI DAM DIST. MEHSANA.,CPCB,24,Gujarat,458,Sabarkantha,BAYAD,-,-,-,-,-,-,-,-,24.004247,72.854736,01-10-2018 08:30,0.4,,,,,8.3,,,,,,,,8.42,,,,,,,,,,,,,,,,,3,,
"1,042",DHAROI DAM DIST. MEHSANA.,CPCB,24,Gujarat,458,Sabarkantha,BAYAD,-,-,-,-,-,-,-,-,24.004247,72.854736,01-11-2018 08:30,0.4,,,,,7,,,,,,,,7.3,,,,,,,,,,,,,,,,,3,,
"1,043",DHAROI DAM DIST. MEHSANA.,CPCB,24,Gujarat,458,Sabarkantha,BAYAD,-,-,-,-,-,-,-,-,24.004247,72.854736,01-12-2018 08:30,0.4,,,,,7.2,,,,,,,,8.1,,,,,,,,,,,,,,,,,,,
"1,044",DHAROI DAM DIST. MEHSANA.,CPCB,24,Gujarat,458,Sabarkantha,BAYAD,-,-,-,-,-,-,-,-,24.004247,72.854736,01-01-2019 08:30,,,,,,8.1,,,,,,,,7.9,,,,,,,,,,,,,,,,,,,
"1,045",DHAROI DAM DIST. MEHSANA.,CPCB,24,Gujarat,458,Sabarkantha,BAYAD,-,-,-,-,-,-,-,-,24.004247,72.854736,01-02-2019 08:30,,,,,,7.8,,,,,,,,8.2,,,,,,,,,,,,,,,,,,,
"1,046",DHAROI DAM DIST. MEHSANA.,CPCB,24,Gujarat,458,Sabarkantha,BAYAD,-,-,-,-,-,-,-,-,24.004247,72.854736,02-03-2019 08:30,,,,,,7.8,,,,,,,,8.1,,,,,,,,,,,,,,,,,,,
"1,047",DHAROI DAM DIST. MEHSANA.,CPCB,24,Gujarat,458,Sabarkantha,BAYAD,-,-,-,-,-,-,-,-,24.004247,72.854736,01-04-2019 08:30,,,,,,7.1,,,,,,,,7.8,,,,,,,,,,,,,,,,,,,
"1,048",DHAROI DAM DIST. MEHSANA.,CPCB,24,Gujarat,458,Sabarkantha,BAYAD,-,-,-,-,-,-,-,-,24.004247,72.854736,01-05-2019 08:30,,,,,,7.3,,,,,,,,7.9,,,,,,,,,,,,,,,,,,,
"1,049",DHAROI DAM DIST. MEHSANA.,CPCB,24,Gujarat,458,Sabarkantha,BAYAD,-,-,-,-,-,-,-,-,24.004247,72.854736,03-06-2019 08:30,,,,,,6.6,,,,,,,,8,,,,,,,,,,,,,,,,,,,
"1,050",DHAROI DAM DIST. MEHSANA.,CPCB,24,Gujarat,458,Sabarkantha,BAYAD,-,-,-,-,-,-,-,-,24.004247,72.854736,01-07-2019 08:30,,,,,,8,,,,,,,,8.4,,,,,,,,,,,,,,,,,,,
"1,051",DHAROI DAM DIST. MEHSANA.,CPCB,24,Gujarat,458,Sabarkantha,BAYAD,-,-,-,-,-,-,-,-,24.004247,72.854736,01-08-2019 08:30,,,,,,7.4,,,,,,,,7.9,,,,,,,,,,,,,,,,,,,
"1,052",DHAROI DAM DIST. MEHSANA.,CPCB,24,Gujarat,458,Sabarkantha,BAYAD,-,-,-,-,-,-,-,-,24.004247,72.854736,04-09-2019 08:30,,,,,,7.2,,,,,,,,7.7,,,,,,,,,,,,,,,,,,,
"1,053",DHAROI DAM DIST. MEHSANA.,CPCB,24,Gujarat,458,Sabarkantha,BAYAD,-,-,-,-,-,-,-,-,24.004247,72.854736,03-10-2019 08:30,,,,,,7.2,,,,,,,,7.8,,,,,,,,,,,,,,,,,,,
"1,054",DHAROI DAM DIST. MEHSANA.,CPCB,24,Gujarat,458,Sabarkantha,BAYAD,-,-,-,-,-,-,-,-,24.004247,72.854736,02-11-2019 08:30,,,,,,7.5,,,,,,,,8.2,,,,,,,,,,,,,,,,,,,
"1,055",DHAROI DAM DIST. MEHSANA.,CPCB,24,Gujarat,458,Sabarkantha,BAYAD,-,-,-,-,-,-,-,-,24.004247,72.854736,03-12-2019 08:30,,,,,,7.4,,,,,,,,8.3,,,,,,,,,,,,,,,,,,,
"1,056",DHAROI DAM DIST. MEHSANA.,CPCB,24,Gujarat,458,Sabarkantha,BAYAD,-,-,-,-,-,-,-,-,24.004247,72.854736,02-01-2020 08:30,0.19,,,,,7.8,,,,,,,,8.2,,,,,,,0.024,,,,,,0.21,,,,2,,
"1,057",DHAROI DAM DIST. MEHSANA.,CPCB,24,Gujarat,458,Sabarkantha,BAYAD,-,-,-,-,-,-,-,-,24.004247,72.854736,03-02-2020 08:30,0.19,,,,,8.1,,,,,,,,8.3,,,Clear,,Clear,,Clear,,Clear,,,Clear,0.27,,Clear,,2,,
"1,058",DHAROI DAM DIST. MEHSANA.,CPCB,24,Gujarat,458,Sabarkantha,BAYAD,-,-,-,-,-,-,-,-,24.004247,72.854736,02-03-2020 08:30,1.29,,,,,7.6,,,,,,,,8.3,,,Clear,,Clear,,0.29,,Clear,,,Clear,0.02,,Clear,,1,,
"1,059",DHAROI DAM DIST. MEHSANA.,CPCB,24,Gujarat,458,Sabarkantha,BAYAD,-,-,-,-,-,-,-,-,24.004247,72.854736,03-04-2020 08:30,0.16,,,,,6.5,,,,,,,,8,,,Clear,,Clear,,0.023,,Clear,,,Clear,0.01,,Clear,,Clear,,
"1,060",DHAROI DAM DIST. MEHSANA.,CPCB,24,Gujarat,458,Sabarkantha,BAYAD,-,-,-,-,-,-,-,-,24.004247,72.854736,01-05-2020 08:30,0.25,,,,,7.3,,,,,,,,8.2,,,Clear,,Clear,,0.026,,Clear,,,Clear,0.03,,Clear,,Clear,,
"1,061",DHAROI DAM DIST. MEHSANA.,CPCB,24,Gujarat,458,Sabarkantha,BAYAD,-,-,-,-,-,-,-,-,24.004247,72.854736,01-06-2020 08:30,0.2,,,,,5,,,,,,,,8.1,,,Clear,,Clear,,Clear,,Clear,,,Clear,0.01,,Clear,,2,,
"1,062",DHAROI DAM DIST. MEHSANA.,CPCB,24,Gujarat,458,Sabarkantha,BAYAD,-,-,-,-,-,-,-,-,24.004247,72.854736,01-07-2020 08:30,0.31,,,,,5.3,,,,,,,,8.2,,,Clear,,Clear,,Clear,,Clear,,,Clear,0.02,,Clear,,1,,
"1,063",DHAROI DAM DIST. MEHSANA.,CPCB,24,Gujarat,458,Sabarkantha,BAYAD,-,-,-,-,-,-,-,-,24.004247,72.854736,04-08-2020 08:30,0.28,,,,,7,,,,,,,,7.9,,,Clear,,Clear,,0.09,,Clear,,,Clear,0.18,,Clear,,0.61,,
"1,064",DHAROI DAM DIST. MEHSANA.,CPCB,24,Gujarat,458,Sabarkantha,BAYAD,-,-,-,-,-,-,-,-,24.004247,72.854736,01-09-2020 08:30,0.31,,,,,7.2,,,,,,,,7.6,,,Clear,,Clear,,Clear,,Clear,,,Clear,0.26,,Clear,,0.79,,
"1,065",DHAROI DAM DIST. MEHSANA.,CPCB,24,Gujarat,458,Sabarkantha,BAYAD,-,-,-,-,-,-,-,-,24.004247,72.854736,02-11-2020 08:30,0.34,,,,,7.1,,,,,,,,7.6,,,Clear,,Clear,,0.09,,Clear,,,Clear,0.08,,Clear,,Clear,,
"1,066",DHAROI DAM DIST. MEHSANA.,CPCB,24,Gujarat,458,Sabarkantha,BAYAD,-,-,-,-,-,-,-,-,24.004247,72.854736,01-12-2020 08:30,1,,,,,7.1,,,,,,,,7.7,,,Clear,,Clear,,0.81,,Clear,,,Clear,0.08,,Clear,,Clear,,
"1,067",DISCHARGE POINT OF DISTILLERY DAMAN,CPCB,24,Gujarat,441,DAMAN,DAMAN,-,-,-,-,-,-,-,-,20.395111,72.863331,30-01-2018 08:30,,,,,,4.4,,,,,,,,7.94,,,,,,,,,,,,,,,,,,,
"1,068",DISCHARGE POINT OF DISTILLERY DAMAN,CPCB,24,Gujarat,441,DAMAN,DAMAN,-,-,-,-,-,-,-,-,20.395111,72.863331,25-02-2018 08:30,,,,,,5.6,,,,,,,,7.3,,,,,,,,,,,,,,,,,,,
"1,069",DISCHARGE POINT OF DISTILLERY DAMAN,CPCB,24,Gujarat,441,DAMAN,DAMAN,-,-,-,-,-,-,-,-,20.395111,72.863331,25-03-2018 08:30,,,,,,6.4,,,,,,,,8,,,,,,,,,,,,,,,,,,,
"1,070",DISCHARGE POINT OF DISTILLERY DAMAN,CPCB,24,Gujarat,441,DAMAN,DAMAN,-,-,-,-,-,-,-,-,20.395111,72.863331,26-04-2018 08:30,,,,,,5.9,,,,,,,,7.63,,,,,,,,,,,,,,,,,,,
"1,071",DISCHARGE POINT OF DISTILLERY DAMAN,CPCB,24,Gujarat,441,DAMAN,DAMAN,-,-,-,-,-,-,-,-,20.395111,72.863331,24-05-2018 08:30,,,,,,6.8,,,,,,,,7.6,,,,,,,,,,,,,,,,,,,
"1,072",DISCHARGE POINT OF DISTILLERY DAMAN,CPCB,24,Gujarat,441,DAMAN,DAMAN,-,-,-,-,-,-,-,-,20.395111,72.863331,06-06-2018 08:30,,,,,,4.1,,,,,,,,8.4,,,,,,,,,,,,,,,,,,,
"1,073",DISCHARGE POINT OF DISTILLERY DAMAN,CPCB,24,Gujarat,441,DAMAN,DAMAN,-,-,-,-,-,-,-,-,20.395111,72.863331,12-09-2018 08:30,,,,,,5.2,,,,,,,,7.51,,,,,,,,,,,,,,,,,,,
"1,074",DISCHARGE POINT OF DISTILLERY DAMAN,CPCB,24,Gujarat,441,DAMAN,DAMAN,-,-,-,-,-,-,-,-,20.395111,72.863331,14-12-2018 08:30,,,,,,5.9,,,,,,,,7.4,,,,,,,,,,,,,,,,,,,
"1,075",DISCHARGE POINT OF DISTILLERY DAMAN,CPCB,24,Gujarat,441,DAMAN,DAMAN,-,-,-,-,-,-,-,-,20.395111,72.863331,23-01-2019 08:30,,,,,,4.5,,,,,,,,7.6,,,,,,,,,,,,,,,,,,,
"1,076",DISCHARGE POINT OF DISTILLERY DAMAN,CPCB,24,Gujarat,441,DAMAN,DAMAN,-,-,-,-,-,-,-,-,20.395111,72.863331,22-02-2019 08:30,,,,,,4.3,,,,,,,,7.6,,,,,,,,,,,,,,,,,,,
"1,077",DISCHARGE POINT OF DISTILLERY DAMAN,CPCB,24,Gujarat,441,DAMAN,DAMAN,-,-,-,-,-,-,-,-,20.395111,72.863331,25-03-2019 08:30,,,,,,6.2,,,,,,,,8.2,,,,,,,,,,,,,,,,,,,
"1,078",DISCHARGE POINT OF DISTILLERY DAMAN,CPCB,24,Gujarat,441,DAMAN,DAMAN,-,-,-,-,-,-,-,-,20.395111,72.863331,12-04-2019 08:30,,,,,,5.3,,,,,,,,7.7,,,,,,,,,,,,,,,,,,,
"1,079",DISCHARGE POINT OF DISTILLERY DAMAN,CPCB,24,Gujarat,441,DAMAN,DAMAN,-,-,-,-,-,-,-,-,20.395111,72.863331,17-05-2019 08:30,,,,,,4.9,,,,,,,,8.3,,,,,,,,,,,,,,,,,,,
"1,080",DISCHARGE POINT OF DISTILLERY DAMAN,CPCB,24,Gujarat,441,DAMAN,DAMAN,-,-,-,-,-,-,-,-,20.395111,72.863331,18-10-2019 08:30,,,,,,5.1,,,,,,,,7.9,,,,,,,,,,,,,,,,,,,
"1,081",DISCHARGE POINT OF DISTILLERY DAMAN,CPCB,24,Gujarat,441,DAMAN,DAMAN,-,-,-,-,-,-,-,-,20.395111,72.863331,13-11-2019 08:30,,,,,,5.3,,,,,,,,7.8,,,,,,,,,,,,,,,,,,,
"1,082",DISCHARGE POINT OF DISTILLERY DAMAN,CPCB,24,Gujarat,441,DAMAN,DAMAN,-,-,-,-,-,-,-,-,20.395111,72.863331,17-12-2019 08:30,,,,,,4.5,,,,,,,,7.8,,,,,,,,,,,,,,,,,,,
"1,083",DISCHARGE POINT OF DISTILLERY DAMAN,CPCB,24,Gujarat,441,DAMAN,DAMAN,-,-,-,-,-,-,-,-,20.395111,72.863331,29-01-2020 08:30,,,,,,4.8,,,,,,,,8,,,,,0.187,,0.927,,,,,,2.5,,,,,,
"1,084",DISCHARGE POINT OF DISTILLERY DAMAN,CPCB,24,Gujarat,441,DAMAN,DAMAN,-,-,-,-,-,-,-,-,20.395111,72.863331,12-02-2020 08:30,7.2,,,,,4.7,,,,,,,,7.3,,,Clear,,0.116,,0.833,,Clear,,,Clear,1,,Clear,,Clear,,
"1,085",DISCHARGE POINT OF DISTILLERY DAMAN,CPCB,24,Gujarat,441,DAMAN,DAMAN,-,-,-,-,-,-,-,-,20.395111,72.863331,24-11-2020 08:30,Other,,,,,4.5,,,,,,,,7.4,,,Other,,0.072,,1.4397,,Other,,,Other,2,,Other,,Other,,
"1,086",DISCHARGE POINT OF DISTILLERY DAMAN,CPCB,24,Gujarat,441,DAMAN,DAMAN,-,-,-,-,-,-,-,-,20.395111,72.863331,29-12-2020 08:30,3.5,,,,,4.9,,,,,,,,7.9,,,0.01,,0.147,,0.894,,0.001,,,Other,1,,0.01,,Other,,
"1,087",D/S OF M/S SURAT BEVERAGES VILLAGE DADRA SILVASSA,CPCB,24,Gujarat,462,Valsad,VALSAD,-,-,-,-,-,-,-,-,20.312231,72.953768,30-01-2018 08:30,,,,,,5.2,,,,,,,,7.95,,,,,,,,,,,,,,,,,,,
"1,088",D/S OF M/S SURAT BEVERAGES VILLAGE DADRA SILVASSA,CPCB,24,Gujarat,462,Valsad,VALSAD,-,-,-,-,-,-,-,-,20.312231,72.953768,25-02-2018 08:30,,,,,,6.3,,,,,,,,8.02,,,,,,,,,,,,,,,,,,,
"1,089",D/S OF M/S SURAT BEVERAGES VILLAGE DADRA SILVASSA,CPCB,24,Gujarat,462,Valsad,VALSAD,-,-,-,-,-,-,-,-,20.312231,72.953768,25-03-2018 08:30,,,,,,5.4,,,,,,,,7.8,,,,,,,,,,,,,,,,,,,
"1,090",D/S OF M/S SURAT BEVERAGES VILLAGE DADRA SILVASSA,CPCB,24,Gujarat,462,Valsad,VALSAD,-,-,-,-,-,-,-,-,20.312231,72.953768,26-04-2018 08:30,,,,,,5.8,,,,,,,,8.06,,,,,,,,,,,,,,,,,,,
"1,091",D/S OF M/S SURAT BEVERAGES VILLAGE DADRA SILVASSA,CPCB,24,Gujarat,462,Valsad,VALSAD,-,-,-,-,-,-,-,-,20.312231,72.953768,24-05-2018 08:30,,,,,,7,,,,,,,,7.88,,,,,,,,,,,,,,,,,,,
"1,092",D/S OF M/S SURAT BEVERAGES VILLAGE DADRA SILVASSA,CPCB,24,Gujarat,462,Valsad,VALSAD,-,-,-,-,-,-,-,-,20.312231,72.953768,06-06-2018 08:30,,,,,,6.3,,,,,,,,7.53,,,,,,,,,,,,,,,,,,,
"1,093",D/S OF M/S SURAT BEVERAGES VILLAGE DADRA SILVASSA,CPCB,24,Gujarat,462,Valsad,VALSAD,-,-,-,-,-,-,-,-,20.312231,72.953768,24-07-2018 08:30,,,,,,6.5,,,,,,,,7.76,,,,,,,,,,,,,,,,,,,
"1,094",D/S OF M/S SURAT BEVERAGES VILLAGE DADRA SILVASSA,CPCB,24,Gujarat,462,Valsad,VALSAD,-,-,-,-,-,-,-,-,20.312231,72.953768,03-08-2018 08:30,,,,,,6.1,,,,,,,,8.1,,,,,,,,,,,,,,,,,,,
"1,095",D/S OF M/S SURAT BEVERAGES VILLAGE DADRA SILVASSA,CPCB,24,Gujarat,462,Valsad,VALSAD,-,-,-,-,-,-,-,-,20.312231,72.953768,12-09-2018 08:30,,,,,,5.8,,,,,,,,7.42,,,,,,,,,,,,,,,,,,,
"1,096",D/S OF M/S SURAT BEVERAGES VILLAGE DADRA SILVASSA,CPCB,24,Gujarat,462,Valsad,VALSAD,-,-,-,-,-,-,-,-,20.312231,72.953768,15-10-2018 08:30,,,,,,5.4,,,,,,,,7.62,,,,,,,,,,,,,,,,,,,
"1,097",D/S OF M/S SURAT BEVERAGES VILLAGE DADRA SILVASSA,CPCB,24,Gujarat,462,Valsad,VALSAD,-,-,-,-,-,-,-,-,20.312231,72.953768,16-11-2018 08:30,,,,,,6,,,,,,,,7.66,,,,,,,,,,,,,,,,,,,
"1,098",D/S OF M/S SURAT BEVERAGES VILLAGE DADRA SILVASSA,CPCB,24,Gujarat,462,Valsad,VALSAD,-,-,-,-,-,-,-,-,20.312231,72.953768,14-12-2018 08:30,,,,,,6.3,,,,,,,,7.8,,,,,,,,,,,,,,,,,,,
"1,099",D/S OF M/S SURAT BEVERAGES VILLAGE DADRA SILVASSA,CPCB,24,Gujarat,462,Valsad,VALSAD,-,-,-,-,-,-,-,-,20.312231,72.953768,23-01-2019 08:30,,,,,,6.6,,,,,,,,8,,,,,,,,,,,,,,,,,,,
"1,100",D/S OF M/S SURAT BEVERAGES VILLAGE DADRA SILVASSA,CPCB,24,Gujarat,462,Valsad,VALSAD,-,-,-,-,-,-,-,-,20.312231,72.953768,22-02-2019 08:30,,,,,,7.1,,,,,,,,8.6,,,,,,,,,,,,,,,,,,,
"1,101",D/S OF M/S SURAT BEVERAGES VILLAGE DADRA SILVASSA,CPCB,24,Gujarat,462,Valsad,VALSAD,-,-,-,-,-,-,-,-,20.312231,72.953768,25-03-2019 08:30,,,,,,7.3,,,,,,,,7.8,,,,,,,,,,,,,,,,,,,
"1,102",D/S OF M/S SURAT BEVERAGES VILLAGE DADRA SILVASSA,CPCB,24,Gujarat,462,Valsad,VALSAD,-,-,-,-,-,-,-,-,20.312231,72.953768,12-04-2019 08:30,,,,,,6.5,,,,,,,,8.5,,,,,,,,,,,,,,,,,,,
"1,103",D/S OF M/S SURAT BEVERAGES VILLAGE DADRA SILVASSA,CPCB,24,Gujarat,462,Valsad,VALSAD,-,-,-,-,-,-,-,-,20.312231,72.953768,17-05-2019 08:30,,,,,,5.4,,,,,,,,7.2,,,,,,,,,,,,,,,,,,,
"1,104",D/S OF M/S SURAT BEVERAGES VILLAGE DADRA SILVASSA,CPCB,24,Gujarat,462,Valsad,VALSAD,-,-,-,-,-,-,-,-,20.312231,72.953768,20-06-2019 08:30,,,,,,5.8,,,,,,,,9.3,,,,,,,,,,,,,,,,,,,
"1,105",D/S OF M/S SURAT BEVERAGES VILLAGE DADRA SILVASSA,CPCB,24,Gujarat,462,Valsad,VALSAD,-,-,-,-,-,-,-,-,20.312231,72.953768,18-07-2019 08:30,,,,,,6.2,,,,,,,,7.7,,,,,,,,,,,,,,,,,,,
"1,106",D/S OF M/S SURAT BEVERAGES VILLAGE DADRA SILVASSA,CPCB,24,Gujarat,462,Valsad,VALSAD,-,-,-,-,-,-,-,-,20.312231,72.953768,21-08-2019 08:30,,,,,,6.4,,,,,,,,7.8,,,,,,,,,,,,,,,,,,,
"1,107",D/S OF M/S SURAT BEVERAGES VILLAGE DADRA SILVASSA,CPCB,24,Gujarat,462,Valsad,VALSAD,-,-,-,-,-,-,-,-,20.312231,72.953768,25-09-2019 08:30,,,,,,6.8,,,,,,,,7.4,,,,,,,,,,,,,,,,,,,
"1,108",D/S OF M/S SURAT BEVERAGES VILLAGE DADRA SILVASSA,CPCB,24,Gujarat,462,Valsad,VALSAD,-,-,-,-,-,-,-,-,20.312231,72.953768,18-10-2019 08:30,,,,,,6.5,,,,,,,,7.8,,,,,,,,,,,,,,,,,,,
"1,109",D/S OF M/S SURAT BEVERAGES VILLAGE DADRA SILVASSA,CPCB,24,Gujarat,462,Valsad,VALSAD,-,-,-,-,-,-,-,-,20.312231,72.953768,13-11-2019 08:30,,,,,,6.8,,,,,,,,8.6,,,,,,,,,,,,,,,,,,,
"1,110",D/S OF M/S SURAT BEVERAGES VILLAGE DADRA SILVASSA,CPCB,24,Gujarat,462,Valsad,VALSAD,-,-,-,-,-,-,-,-,20.312231,72.953768,17-12-2019 08:30,,,,,,6.6,,,,,,,,8.2,,,,,,,,,,,,,,,,,,,
"1,111",D/S OF M/S SURAT BEVERAGES VILLAGE DADRA SILVASSA,CPCB,24,Gujarat,462,Valsad,VALSAD,-,-,-,-,-,-,-,-,20.312231,72.953768,29-01-2020 08:30,,,,,,6.2,,,,,,,,8,,,,,,,0.146,,,,,,0.2,,,,,,
"1,112",D/S OF M/S SURAT BEVERAGES VILLAGE DADRA SILVASSA,CPCB,24,Gujarat,462,Valsad,VALSAD,-,-,-,-,-,-,-,-,20.312231,72.953768,12-02-2020 08:30,Clear,,,,,6.4,,,,,,,,7.9,,,Clear,,Clear,,0.282,,Clear,,,Clear,0.7,,Clear,,Clear,,
"1,113",D/S OF M/S SURAT BEVERAGES VILLAGE DADRA SILVASSA,CPCB,24,Gujarat,462,Valsad,VALSAD,-,-,-,-,-,-,-,-,20.312231,72.953768,20-03-2020 08:30,Clear,,,,,6.1,,,,,,,,7.7,,,Clear,,Clear,,0.102,,Clear,,,Clear,0.8,,Clear,,Clear,,
"1,114",D/S OF M/S SURAT BEVERAGES VILLAGE DADRA SILVASSA,CPCB,24,Gujarat,462,Valsad,VALSAD,-,-,-,-,-,-,-,-,20.312231,72.953768,24-06-2020 08:30,Clear,,,,,6.8,,,,,,,,8.2,,,Clear,,Clear,,Clear,,Clear,,,Clear,0.1,,Clear,,Clear,,
"1,115",D/S OF M/S SURAT BEVERAGES VILLAGE DADRA SILVASSA,CPCB,24,Gujarat,462,Valsad,VALSAD,-,-,-,-,-,-,-,-,20.312231,72.953768,28-07-2020 08:30,Clear,,,,,5.8,,,,,,,,7.5,,,Clear,,Clear,,0.457,,Clear,,,Clear,0.2,,Clear,,Clear,,
"1,116",D/S OF M/S SURAT BEVERAGES VILLAGE DADRA SILVASSA,CPCB,24,Gujarat,462,Valsad,VALSAD,-,-,-,-,-,-,-,-,20.312231,72.953768,26-08-2020 08:30,Clear,,,,,5.1,,,,,,,,7.8,,,Clear,,Clear,,0.547,,Clear,,,Clear,0.1,,Clear,,Clear,,
"1,117",D/S OF M/S SURAT BEVERAGES VILLAGE DADRA SILVASSA,CPCB,24,Gujarat,462,Valsad,VALSAD,-,-,-,-,-,-,-,-,20.312231,72.953768,21-09-2020 08:30,Clear,,,,,6.9,,,,,,,,7.8,,,Clear,,Clear,,0.336,,Clear,,,Clear,0.2,,Clear,,Clear,,
"1,118",D/S OF M/S SURAT BEVERAGES VILLAGE DADRA SILVASSA,CPCB,24,Gujarat,462,Valsad,VALSAD,-,-,-,-,-,-,-,-,20.312231,72.953768,13-10-2020 08:30,Clear,,,,,7,,,,,,,,7.8,,,Clear,,Clear,,0.176,,Clear,,,Clear,0.1,,Clear,,Clear,,
"1,119",D/S OF M/S SURAT BEVERAGES VILLAGE DADRA SILVASSA,CPCB,24,Gujarat,462,Valsad,VALSAD,-,-,-,-,-,-,-,-,20.312231,72.953768,24-11-2020 08:30,2.4,,,,,7.2,,,,,,,,8.3,,,Clear,,Clear,,0.381,,Clear,,,Clear,0.1,,Clear,,Clear,,
"1,120",D/S OF M/S SURAT BEVERAGES VILLAGE DADRA SILVASSA,CPCB,24,Gujarat,462,Valsad,VALSAD,-,-,-,-,-,-,-,-,20.312231,72.953768,29-12-2020 08:30,2,,,,,6.8,,,,,,,,7.5,,,0.01,,0.003,,0.288,,0.001,,,Clear,1.8,,0.01,,Clear,,
"1,121",GABHENI VILLAGE SURAT (INDUSTRIAL),CPCB,24,Gujarat,459,Surat,CHORASI,-,-,-,-,-,-,-,-,21.086356,72.827622,04-04-2018 08:30,,,,,302,,1292,,,,,,,7.25,,,,150,,,,96.1,,46.2,,,,,,,,,
"1,122",GABHENI VILLAGE SURAT (INDUSTRIAL),CPCB,24,Gujarat,459,Surat,CHORASI,-,-,-,-,-,-,-,-,21.086356,72.827622,08-10-2018 08:30,,,,,160,,522,,,,,,,8.2,,,,140,,0.042,,36.07,,29.18,,,,,,,,,
"1,123",GABHENI VILLAGE SURAT (INDUSTRIAL),CPCB,24,Gujarat,459,Surat,CHORASI,-,-,-,-,-,-,-,-,21.086356,72.827622,03-04-2019 08:30,,,,,195,,1340,,,,,,,7.7,,,0.01,350,0.02,0.06,0.2,60.1,,12.2,,,0.44,,,0.01,,,
"1,124",GABHENI VILLAGE SURAT (INDUSTRIAL),CPCB,24,Gujarat,459,Surat,CHORASI,-,-,-,-,-,-,-,-,21.086356,72.827622,04-10-2019 08:30,,,,,126,,928,,,,,,,7.7,,,,240,,,,44.1,,17,,,,,,0.01,,,
"1,125",GABHENI VILLAGE SURAT (INDUSTRIAL),CPCB,24,Gujarat,459,Surat,CHORASI,-,-,-,-,-,-,-,-,21.086356,72.827622,05-04-2020 08:30,0.56,,,,,7,,,,,,,,7.1,,,Clear,,Clear,,Clear,,Clear,,,Clear,0.06,,Clear,,1.16,,
"1,126",GABHENI VILLAGE SURAT (INDUSTRIAL),CPCB,24,Gujarat,459,Surat,CHORASI,-,-,-,-,-,-,-,-,21.086356,72.827622,01-10-2020 08:30,0.56,,,,,4.8,,,,,,,,7.6,,,Clear,,Clear,,Clear,,Clear,,,Clear,0.02,,Clear,,1.4,,
"1,127",GIDC DAHOD DAHOD,CPCB,24,Gujarat,445,Dohad,DOHAD,-,-,-,-,-,-,-,-,22.840225,74.253625,03-04-2018 08:30,,,,,120,,548,,,,,,,7.95,,,,310,,,0.08,64.12,,65.9,,,0.56,,,,,,
"1,128",GIDC DAHOD DAHOD,CPCB,24,Gujarat,445,Dohad,DOHAD,-,-,-,-,-,-,-,-,22.840225,74.253625,11-10-2018 08:30,,,,,310,,852,,,,,,,7.1,,,,310,,,,108.2,,87.55,,,0.62,,,0.08,,,
"1,129",GIDC DAHOD DAHOD,CPCB,24,Gujarat,445,Dohad,DOHAD,-,-,-,-,-,-,-,-,22.840225,74.253625,02-04-2019 08:30,,,,,110,,580,,,,,,,7,,,0.01,330,0.02,0.06,0.06,140.3,,46.2,,,0.46,,,0.08,,,
"1,130",GIDC DAHOD DAHOD,CPCB,24,Gujarat,445,Dohad,DOHAD,-,-,-,-,-,-,-,-,22.840225,74.253625,08-04-2020 08:30,0.28,,,,,2.9,,,,,,,,6.8,,,Clear,,Clear,,0.21,,Clear,,,Clear,0.48,,Clear,,6.43,,
"1,131",GIDC DAHOD DAHOD,CPCB,24,Gujarat,445,Dohad,DOHAD,-,-,-,-,-,-,-,-,22.840225,74.253625,06-10-2020 08:30,0.42,,,,,2,,,,,,,,7.1,,,Clear,,Clear,,0.387,,Clear,,,Clear,1.89,,Clear,,1.65,,
"1,132",GIDC WATER RESERVOIR VILL: BHERSAM TA: VAGRA DIST: BHARUCH,CPCB,24,Gujarat,442,Bharuch,VAGRA,-,-,-,-,-,-,-,-,21.786202,72.855786,06-05-2019 08:30,,,,,,6.7,,,,,,,,8.5,,,,,,,,,,,,,,,,,,,
"1,133",GIDC WATER RESERVOIR VILL: BHERSAM TA: VAGRA DIST: BHARUCH,CPCB,24,Gujarat,442,Bharuch,VAGRA,-,-,-,-,-,-,-,-,21.786202,72.855786,01-10-2019 08:30,,,,,,6.7,,,,,,,,8.3,,,,,,,,,,,,,,,,,,,
"1,134",GIDC WATER RESERVOIR VILL: BHERSAM TA: VAGRA DIST: BHARUCH,CPCB,24,Gujarat,442,Bharuch,VAGRA,-,-,-,-,-,-,-,-,21.786202,72.855786,07-04-2020 08:30,Clear,,,,,8,,,,,,,,7.9,,,Clear,,Clear,,0.088,,Clear,,,Clear,0.03,,Clear,,Clear,,
"1,135",GOMTI LAKE OPP RANCHODAJI TEMPLE DAKOR KHEDA,CPCB,24,Gujarat,450,Kheda,THASRA,-,-,-,-,-,-,-,-,22.756175,73.146486,02-01-2018 08:30,0.56,,,,,4.9,,,,,,,,7.37,,,,,,,,,,,,,,,,,,,
"1,136",GOMTI LAKE OPP RANCHODAJI TEMPLE DAKOR KHEDA,CPCB,24,Gujarat,450,Kheda,THASRA,-,-,-,-,-,-,-,-,22.756175,73.146486,06-02-2018 08:30,0.56,,,,,4.7,,,,,,,,7.49,,,,,,,,,,,,,,,,,,,
"1,137",GOMTI LAKE OPP RANCHODAJI TEMPLE DAKOR KHEDA,CPCB,24,Gujarat,450,Kheda,THASRA,-,-,-,-,-,-,-,-,22.756175,73.146486,05-03-2018 08:30,1.4,,,,,3.8,,,,,,,,7.53,,,,,,,,,,,,,,,,,,,
"1,138",GOMTI LAKE OPP RANCHODAJI TEMPLE DAKOR KHEDA,CPCB,24,Gujarat,450,Kheda,THASRA,-,-,-,-,-,-,-,-,22.756175,73.146486,01-05-2018 08:30,0.56,,,,,5.2,,,,,,,,8.06,,,,,,,,,,,,,,,,,,,
"1,139",GOMTI LAKE OPP RANCHODAJI TEMPLE DAKOR KHEDA,CPCB,24,Gujarat,450,Kheda,THASRA,-,-,-,-,-,-,-,-,22.756175,73.146486,02-06-2018 08:30,0.4,,,,,4.8,,,,,,,,7.66,,,,,,,,,,,,,,,,,,,
"1,140",GOMTI LAKE OPP RANCHODAJI TEMPLE DAKOR KHEDA,CPCB,24,Gujarat,450,Kheda,THASRA,-,-,-,-,-,-,-,-,22.756175,73.146486,02-07-2018 08:30,0.56,,,,,5.8,,,,,,,,8.04,,,,,,,,,,,,,,,,,,,
"1,141",GOMTI LAKE OPP RANCHODAJI TEMPLE DAKOR KHEDA,CPCB,24,Gujarat,450,Kheda,THASRA,-,-,-,-,-,-,-,-,22.756175,73.146486,01-08-2018 08:30,0.56,,,,,5.2,,,,,,,,7.9,,,,,,,,,,,,,,,,,,,
"1,142",GOMTI LAKE OPP RANCHODAJI TEMPLE DAKOR KHEDA,CPCB,24,Gujarat,450,Kheda,THASRA,-,-,-,-,-,-,-,-,22.756175,73.146486,06-09-2018 08:30,0.4,,,,,4.5,,,,,,,,7.62,,,,,,,,,,,,,,,,,,,
"1,143",GOMTI LAKE OPP RANCHODAJI TEMPLE DAKOR KHEDA,CPCB,24,Gujarat,450,Kheda,THASRA,-,-,-,-,-,-,-,-,22.756175,73.146486,05-10-2018 08:30,0.4,,,,,3.1,,,,,,,,7.52,,,,,,,,,,,,,,,,,1.28,,
"1,144",GOMTI LAKE OPP RANCHODAJI TEMPLE DAKOR KHEDA,CPCB,24,Gujarat,450,Kheda,THASRA,-,-,-,-,-,-,-,-,22.756175,73.146486,01-11-2018 08:30,0.4,,,,,3.2,,,,,,,,7.6,,,,,,,,,,,,,,,,,,,
"1,145",GOMTI LAKE OPP RANCHODAJI TEMPLE DAKOR KHEDA,CPCB,24,Gujarat,450,Kheda,THASRA,-,-,-,-,-,-,-,-,22.756175,73.146486,03-12-2018 08:30,0.4,,,,,3.2,,,,,,,,8.11,,,,,,,,,,,,,,,,,,,
"1,146",GOMTI LAKE OPP RANCHODAJI TEMPLE DAKOR KHEDA,CPCB,24,Gujarat,450,Kheda,THASRA,-,-,-,-,-,-,-,-,22.756175,73.146486,01-01-2019 08:30,,,,,,3.3,,,,,,,,8.5,,,,,,,,,,,,,,,,,,,
"1,147",GOMTI LAKE OPP RANCHODAJI TEMPLE DAKOR KHEDA,CPCB,24,Gujarat,450,Kheda,THASRA,-,-,-,-,-,-,-,-,22.756175,73.146486,05-02-2019 08:30,0.8,,,,,4.9,,,,,,,,7.7,,,,,,,,,,,,,,,,,,,
"1,148",GOMTI LAKE OPP RANCHODAJI TEMPLE DAKOR KHEDA,CPCB,24,Gujarat,450,Kheda,THASRA,-,-,-,-,-,-,-,-,22.756175,73.146486,05-03-2019 08:30,,,,,,4.5,,,,,,,,7.7,,,,,,,,,,,,,,,,,,,
"1,149",GOMTI LAKE OPP RANCHODAJI TEMPLE DAKOR KHEDA,CPCB,24,Gujarat,450,Kheda,THASRA,-,-,-,-,-,-,-,-,22.756175,73.146486,02-04-2019 08:30,0.6,,,,,3.7,,,,,,,,7.3,,,,,,,,,,,,,,,,,1.31,,
"1,150",GOMTI LAKE OPP RANCHODAJI TEMPLE DAKOR KHEDA,CPCB,24,Gujarat,450,Kheda,THASRA,-,-,-,-,-,-,-,-,22.756175,73.146486,02-05-2019 08:30,0.6,,,,,3.1,,,,,,,,7.2,,,,,,,,,,,,,,,,,,,
"1,151",GOMTI LAKE OPP RANCHODAJI TEMPLE DAKOR KHEDA,CPCB,24,Gujarat,450,Kheda,THASRA,-,-,-,-,-,-,-,-,22.756175,73.146486,01-06-2019 08:30,0.6,,,,,5.2,,,,,,,,7.5,,,,,,,,,,,,,,,,,,,
"1,152",GOMTI LAKE OPP RANCHODAJI TEMPLE DAKOR KHEDA,CPCB,24,Gujarat,450,Kheda,THASRA,-,-,-,-,-,-,-,-,22.756175,73.146486,05-07-2019 08:30,0.6,,,,,4.7,,,,,,,,7.2,,,,,,,,,,,,,,,,,,,
"1,153",GOMTI LAKE OPP RANCHODAJI TEMPLE DAKOR KHEDA,CPCB,24,Gujarat,450,Kheda,THASRA,-,-,-,-,-,-,-,-,22.756175,73.146486,02-08-2019 08:30,0.6,,,,,6.8,,,,,,,,7.7,,,,,,,,,,,,,,,,,,,
"1,154",GOMTI LAKE OPP RANCHODAJI TEMPLE DAKOR KHEDA,CPCB,24,Gujarat,450,Kheda,THASRA,-,-,-,-,-,-,-,-,22.756175,73.146486,04-09-2019 08:30,0.6,,,,,6.1,,,,,,,,7.9,,,,,,,,,,,,,,,,,,,
"1,155",GOMTI LAKE OPP RANCHODAJI TEMPLE DAKOR KHEDA,CPCB,24,Gujarat,450,Kheda,THASRA,-,-,-,-,-,-,-,-,22.756175,73.146486,03-01-2020 08:30,0.56,,,,,4.1,,,,,,,,7.6,,,,,,,,,,,,,0.02,,,,0.76,,
"1,156",GOMTI LAKE OPP RANCHODAJI TEMPLE DAKOR KHEDA,CPCB,24,Gujarat,450,Kheda,THASRA,-,-,-,-,-,-,-,-,22.756175,73.146486,03-02-2020 08:30,0.56,,,,,6.3,,,,,,,,7.5,,,Turbid Green,,Turbid Green,,Turbid Green,,Turbid Green,,,Turbid Green,0.02,,Turbid Green,,3.03,,
"1,157",GOMTI LAKE OPP RANCHODAJI TEMPLE DAKOR KHEDA,CPCB,24,Gujarat,450,Kheda,THASRA,-,-,-,-,-,-,-,-,22.756175,73.146486,06-03-2020 08:30,0.56,,,,,5.1,,,,,,,,7.3,,,Turbid Green,,Turbid Green,,Turbid Green,,Turbid Green,,,Turbid Green,0.08,,Turbid Green,,2.43,,
"1,158",GOMTI LAKE OPP RANCHODAJI TEMPLE DAKOR KHEDA,CPCB,24,Gujarat,450,Kheda,THASRA,-,-,-,-,-,-,-,-,22.756175,73.146486,07-04-2020 08:30,0.28,,,,,4.8,,,,,,,,7.3,,,Clear,,Clear,,0.14,,Clear,,,Clear,0.36,,Clear,,1.11,,
"1,159",GOMTI LAKE OPP RANCHODAJI TEMPLE DAKOR KHEDA,CPCB,24,Gujarat,450,Kheda,THASRA,-,-,-,-,-,-,-,-,22.756175,73.146486,06-05-2020 08:30,0.56,,,,,4.3,,,,,,,,7.2,,,Turbid Green,,Turbid Green,,Turbid Green,,Turbid Green,,,Turbid Green,0.58,,Turbid Green,,1.05,,
"1,160",GOMTI LAKE OPP RANCHODAJI TEMPLE DAKOR KHEDA,CPCB,24,Gujarat,450,Kheda,THASRA,-,-,-,-,-,-,-,-,22.756175,73.146486,04-06-2020 08:30,0.56,,,,,5.6,,,,,,,,7.8,,,Other,,Other,,Other,,Other,,,Other,0.36,,Other,,1.28,,
"1,161",GOMTI LAKE OPP RANCHODAJI TEMPLE DAKOR KHEDA,CPCB,24,Gujarat,450,Kheda,THASRA,-,-,-,-,-,-,-,-,22.756175,73.146486,03-07-2020 08:30,0.27,,,,,5.5,,,,,,,,7.6,,,Other,,Other,,Other,,Other,,,Other,0.1,,Other,,1.27,,
"1,162",GOMTI LAKE OPP RANCHODAJI TEMPLE DAKOR KHEDA,CPCB,24,Gujarat,450,Kheda,THASRA,-,-,-,-,-,-,-,-,22.756175,73.146486,06-08-2020 08:30,1.34,,,,,5.4,,,,,,,,8.2,,,Clear,,Clear,,Clear,,Clear,,,Clear,0.14,,Clear,,1.96,,
"1,163",GOMTI LAKE OPP RANCHODAJI TEMPLE DAKOR KHEDA,CPCB,24,Gujarat,450,Kheda,THASRA,-,-,-,-,-,-,-,-,22.756175,73.146486,01-09-2020 08:30,0.59,,,,,5.5,,,,,,,,7.6,,,Clear,,Clear,,Clear,,Clear,,,Clear,0.21,,Clear,,0.92,,
"1,164",GOMTI LAKE OPP RANCHODAJI TEMPLE DAKOR KHEDA,CPCB,24,Gujarat,450,Kheda,THASRA,-,-,-,-,-,-,-,-,22.756175,73.146486,06-10-2020 08:30,Clear,,,,,6,,,,,,,,7.73,,,Clear,,Clear,,0.33,,Clear,,,Clear,Clear,,Clear,,0.42,,
"1,165",GOMTI LAKE OPP RANCHODAJI TEMPLE DAKOR KHEDA,CPCB,24,Gujarat,450,Kheda,THASRA,-,-,-,-,-,-,-,-,22.756175,73.146486,02-11-2020 08:30,0.84,,,,,5.8,,,,,,,,7.6,,,Other,,Other,,Other,,Other,,,Other,0.17,,Other,,0.84,,
"1,166",GOMTI LAKE OPP RANCHODAJI TEMPLE DAKOR KHEDA,CPCB,24,Gujarat,450,Kheda,THASRA,-,-,-,-,-,-,-,-,22.756175,73.146486,03-12-2020 08:30,0.89,,,,,5.3,,,,,,,,7.9,,,Clear,,Clear,,Clear,,Clear,,,Clear,0.21,,Clear,,1.14,,
"1,167",GROUND WATER AT AMRELI,CPCB,24,Gujarat,439,Amreli,AMRELI,-,-,-,-,-,-,-,-,21.62,71.230006,03-04-2018 08:30,,,,,120,,846,,,,,,,8.08,,,,310,,,0.035,68,,24,,,,,,0.02,,,
"1,168",GROUND WATER AT AMRELI,CPCB,24,Gujarat,439,Amreli,AMRELI,-,-,-,-,-,-,-,-,21.62,71.230006,05-10-2018 08:30,,,,,140,,786,,,,,,,7.99,,,,190,,,,52,,22,,,,,,,,,
"1,169",GROUND WATER AT AMRELI,CPCB,24,Gujarat,439,Amreli,AMRELI,-,-,-,-,-,-,-,-,21.62,71.230006,02-04-2019 08:30,,,,,130,,952,,,,,,,7.9,,,0.01,190,0.02,0.06,0.06,76,,22,,,,,,0.01,,,
"1,170",GROUND WATER AT AMRELI,CPCB,24,Gujarat,439,Amreli,AMRELI,-,-,-,-,-,-,-,-,21.62,71.230006,01-10-2019 08:30,,,,,120,,940,,,,,,,8,,,0.01,290,0.02,0.06,0.26,32,,22,,,,,,0.01,,,
"1,171",GROUND WATER AT AMRELI,CPCB,24,Gujarat,439,Amreli,AMRELI,-,-,-,-,-,-,-,-,21.62,71.230006,09-04-2020 08:30,1.12,,,,,2.3,,,,,,,,8,,,Clear,,Clear,,0.125,,Clear,,,Clear,0.28,,Clear,,12,,
"1,172",GROUND WATER AT AMRELI,CPCB,24,Gujarat,439,Amreli,AMRELI,-,-,-,-,-,-,-,-,21.62,71.230006,06-10-2020 08:30,1.75,,,,,4.5,,,,,,,,8.3,,,Clear,,Clear,,1.344,,Clear,,,Clear,0.45,,Clear,,Clear,,
"1,173",GROUND WATER AT BHAVNAGAR,CPCB,24,Gujarat,443,Bhavnagar,BHAVNAGAR,-,-,-,-,-,-,-,-,21.764472,72.151931,04-04-2018 08:30,,,,,150,,962,,,,,,,8.1,,,,270,,,0.022,50,,20,,,,,,0.02,,,
"1,174",GROUND WATER AT BHAVNAGAR,CPCB,24,Gujarat,443,Bhavnagar,BHAVNAGAR,-,-,-,-,-,-,-,-,21.764472,72.151931,04-10-2018 08:30,,,,,230,,1080,,,,,,,7.95,,,,240,,,,48,,20,,,,,,,,,
"1,175",GROUND WATER AT BHAVNAGAR,CPCB,24,Gujarat,443,Bhavnagar,BHAVNAGAR,-,-,-,-,-,-,-,-,21.764472,72.151931,01-04-2019 08:30,,,,,130,,896,,,,,,,8.1,,,0.01,290,0.02,0.06,0.02,48,,17,,,,,,0.01,,,
"1,176",GROUND WATER AT BHAVNAGAR,CPCB,24,Gujarat,443,Bhavnagar,BHAVNAGAR,-,-,-,-,-,-,-,-,21.764472,72.151931,01-10-2019 08:30,,,,,140,,984,,,,,,,8,,,0.01,260,0.02,0.06,0.06,20,,15,,,,,,0.01,,,
"1,177",GROUND WATER AT BHAVNAGAR,CPCB,24,Gujarat,443,Bhavnagar,BHAVNAGAR,-,-,-,-,-,-,-,-,21.764472,72.151931,07-04-2020 08:30,1.68,,,,,2.2,,,,,,,,8,,,Clear,,Clear,,0.152,,Clear,,,Clear,0.53,,Clear,,9,,
"1,178",GROUND WATER AT BHAVNAGAR,CPCB,24,Gujarat,443,Bhavnagar,BHAVNAGAR,-,-,-,-,-,-,-,-,21.764472,72.151931,09-10-2020 08:30,1.46,,,,,3.6,,,,,,,,7.5,,,Clear,,Clear,,0.648,,Clear,,,Clear,0.51,,Clear,,8.07,,
"1,179",GROUND WATER AT BHUJ,CPCB,24,Gujarat,449,Kachchh,BHUJ,-,-,-,-,-,-,-,-,23.242,69.666933,05-04-2018 08:30,,,,,880,,2436,,,,,,,7.64,,,,220,,,,100.2,,160.5,,,3.1,,,,,,
"1,180",GROUND WATER AT BHUJ,CPCB,24,Gujarat,449,Kachchh,BHUJ,-,-,-,-,-,-,-,-,23.242,69.666933,02-04-2019 08:30,,,,,640,,2302,,,,,,,7.4,,,0.01,270,0.02,0.06,0.2,40,,252,,,,0.02,,0.01,,,
"1,181",GROUND WATER AT BHUJ,CPCB,24,Gujarat,449,Kachchh,BHUJ,-,-,-,-,-,-,-,-,23.242,69.666933,01-10-2019 08:30,,,,,810,,2090,,,,,,,7.2,,,,180,,,,203,,99,,,,,,,,,
"1,182",GROUND WATER AT BHUJ,CPCB,24,Gujarat,449,Kachchh,BHUJ,-,-,-,-,-,-,-,-,23.242,69.666933,08-04-2020 08:30,0.28,,,,,3.3,,,,,,,,7.4,,,Clear,,Clear,,Clear,,Clear,,,Clear,0.16,,Clear,,Clear,,
"1,183",GROUND WATER AT BHUJ,CPCB,24,Gujarat,449,Kachchh,BHUJ,-,-,-,-,-,-,-,-,23.242,69.666933,08-10-2020 08:30,0.28,,,,,4.1,,,,,,,,7.3,,,Clear,,Clear,,Clear,,Clear,,,Clear,0.19,,Clear,,Clear,,
"1,184",GROUND WATER AT DAHOD,CPCB,24,Gujarat,445,Dohad,DOHAD,-,-,-,-,-,-,-,-,22.837931,74.253147,03-04-2018 08:30,,,,,70,,452,,,,,,,8.35,,,,310,,,0.19,44.08,,72.96,,,0.68,,,,,,
"1,185",GROUND WATER AT DAHOD,CPCB,24,Gujarat,445,Dohad,DOHAD,-,-,-,-,-,-,-,-,22.837931,74.253147,11-10-2018 08:30,,,,,130,,514,,,,,,,8,,,,320,,,0.22,88.17,,48.64,,,0.38,,,0.03,,,
"1,186",GROUND WATER AT DAHOD,CPCB,24,Gujarat,445,Dohad,DOHAD,-,-,-,-,-,-,-,-,22.837931,74.253147,02-04-2019 08:30,,,,,70,,480,,,,,,,7.7,,,0.01,300,0.02,0.06,0.22,24,,48.6,,,0.52,,,0.01,,,
"1,187",GROUND WATER AT DAHOD,CPCB,24,Gujarat,445,Dohad,DOHAD,-,-,-,-,-,-,-,-,22.837931,74.253147,08-04-2020 08:30,0.28,,,,,2.5,,,,,,,,7.7,,,Clear,,Clear,,Clear,,Clear,,,Clear,0.42,,Clear,,4.13,,
"1,188",GROUND WATER AT DAHOD,CPCB,24,Gujarat,445,Dohad,DOHAD,-,-,-,-,-,-,-,-,22.837931,74.253147,06-10-2020 08:30,0.36,,,,,2.1,,,,,,,,7.8,,,Clear,,Clear,,0.087,,Clear,,,Clear,0.67,,Clear,,1.81,,
"1,189",GROUND WATER AT HIMATNAGAR,CPCB,24,Gujarat,458,Sabarkantha,BAYAD,-,-,-,-,-,-,-,-,23.612325,72.960308,09-10-2018 08:30,,,,,120,,524,,,,,,,8.1,,,,,,,,60,,,,,,,,0.16,,,
"1,190",GROUND WATER AT HIMATNAGAR,CPCB,24,Gujarat,458,Sabarkantha,BAYAD,-,-,-,-,-,-,-,-,23.612325,72.960308,02-04-2019 08:30,,,,,50,,394,,,,,,,7.8,,,,,0.02,0.06,,51.3,,,,,,,,0.01,,,
"1,191",GROUND WATER AT HIMATNAGAR,CPCB,24,Gujarat,458,Sabarkantha,BAYAD,-,-,-,-,-,-,-,-,23.612325,72.960308,09-04-2020 08:30,0.19,,,,,4.4,,,,,,,,7.9,,,Clear,,Clear,,Clear,,Clear,,,Clear,0.04,,Clear,,Clear,,
"1,192",GROUND WATER AT JAMNAGAR,CPCB,24,Gujarat,447,Jamnagar,JAMNAGAR,-,-,-,-,-,-,-,-,22.470703,70.057739,02-04-2018 08:30,,,,,210,,582,,,,,,,7.81,,,,230,,0.002,,48,,19.46,,,0.32,,,0.061,,,
"1,193",GROUND WATER AT JAMNAGAR,CPCB,24,Gujarat,447,Jamnagar,JAMNAGAR,-,-,-,-,-,-,-,-,22.470703,70.057739,05-04-2019 08:30,,,,,170,,460,,,,,,,7.3,,,0.01,,0.02,0.06,0.17,48,,12,,,,,,0.08,,,
"1,194",GROUND WATER AT JAMNAGAR,CPCB,24,Gujarat,447,Jamnagar,JAMNAGAR,-,-,-,-,-,-,-,-,22.470703,70.057739,04-10-2019 08:30,,,,,210,,560,,,,,,,7.7,,,0.001,,0.02,0.01,0.14,48.1,,14.6,,,,0.01,,0.02,,,
"1,195",GROUND WATER AT JAMNAGAR,CPCB,24,Gujarat,447,Jamnagar,JAMNAGAR,-,-,-,-,-,-,-,-,22.470703,70.057739,07-04-2020 08:30,Clear,,,,,Clear,,,,,,,,7.4,,,Clear,,0.001,,0.234,,Clear,,,Clear,0.27,,0.005,,Clear,,
"1,196",GROUND WATER AT JAMNAGAR,CPCB,24,Gujarat,447,Jamnagar,JAMNAGAR,-,-,-,-,-,-,-,-,22.470703,70.057739,06-10-2020 08:30,Clear,,,,,Clear,,,,,,,,7.4,,,Clear,,Clear,,0.127,,Clear,,,Clear,Clear,,Clear,,Clear,,
"1,197",GROUND WATER AT JUNAGADH,CPCB,24,Gujarat,448,Junagadh,JUNAGADH,-,-,-,-,-,-,-,-,21.522041,70.45785,02-04-2018 08:30,,,,,180,,676,,,,,,,8,,,,90,,0.348,0.427,79,,21,,,1.57,,,0.028,,,
"1,198",GROUND WATER AT JUNAGADH,CPCB,24,Gujarat,448,Junagadh,JUNAGADH,-,-,-,-,-,-,-,-,21.522041,70.45785,12-10-2018 08:30,,,,,160,,712,,,,,,,7.6,,,,190,,,0.025,88,,20,,,0.87,,,,,,
"1,199",GROUND WATER AT JUNAGADH,CPCB,24,Gujarat,448,Junagadh,JUNAGADH,-,-,-,-,-,-,-,-,21.522041,70.45785,08-04-2019 08:30,,,,,170,,720,,,,,,,7.6,,,0.01,351,0.02,0.06,0.17,105,,26,,,1.44,,,0.06,,,
"1,200",GROUND WATER AT JUNAGADH,CPCB,24,Gujarat,448,Junagadh,JUNAGADH,-,-,-,-,-,-,-,-,21.522041,70.45785,09-04-2020 08:30,0.27,,,,,3.2,,,,,,,,7.9,,,Clear,,Clear,,0.286,,Clear,,,Clear,1.58,,Clear,,Clear,,
"1,201",GROUND WATER AT JUNAGADH,CPCB,24,Gujarat,448,Junagadh,JUNAGADH,-,-,-,-,-,-,-,-,21.522041,70.45785,08-10-2020 08:30,Clear,,,,,Clear,,,,,,,,7.9,,,Clear,,Clear,,0.2,,Clear,,,Clear,1.3,,Clear,,3.68,,
"1,202",GROUND WATER AT MEHASANA,CPCB,24,Gujarat,451,Mahesana,MAHESANA,-,-,-,-,-,-,-,-,23.587992,72.369308,02-01-2018 08:30,,,,,657,,1960,,,,,,,7.96,,,,447,,,,,,,,,4.15,,,,,,
"1,203",GROUND WATER AT MEHASANA,CPCB,24,Gujarat,451,Mahesana,MAHESANA,-,-,-,-,-,-,-,-,23.587992,72.369308,03-02-2018 08:30,,,,,652,,1696,,,,,,,7.76,,,,390,,,,,,,,,2.93,,,,,,
"1,204",GROUND WATER AT MEHASANA,CPCB,24,Gujarat,451,Mahesana,MAHESANA,-,-,-,-,-,-,-,-,23.587992,72.369308,02-04-2018 08:30,,,,,606,,1736,,,,,,,7.41,,,,320,,,,103,,61,,,1.646,,,,,,
"1,205",GROUND WATER AT MEHASANA,CPCB,24,Gujarat,451,Mahesana,MAHESANA,-,-,-,-,-,-,-,-,23.587992,72.369308,01-10-2018 08:30,,,,,90,,358,,,,,,,7.88,,,,165,,,,46,,11,,,1.005,,,,,,
"1,206",GROUND WATER AT MEHASANA,CPCB,24,Gujarat,451,Mahesana,MAHESANA,-,-,-,-,-,-,-,-,23.587992,72.369308,01-04-2019 08:30,,,,,60,,206,,,,,,,8,,,0.01,136,0.02,0.06,0.06,29.7,,16.1,,,,,,0.01,,,
"1,207",GROUND WATER AT MEHASANA,CPCB,24,Gujarat,451,Mahesana,MAHESANA,-,-,-,-,-,-,-,-,23.587992,72.369308,04-10-2019 08:30,,,,,540,,1786,,,,,,,7.6,,,,367,,,0.02,51,,71,,,,,,,,,
"1,208",GROUND WATER AT MEHASANA,CPCB,24,Gujarat,451,Mahesana,MAHESANA,-,-,-,-,-,-,-,-,23.587992,72.369308,01-04-2020 08:30,0.19,,,,,6.5,,,,,,,,7.5,,,Clear,,Clear,,0.03,,Clear,,,Clear,0.9,,Clear,,Clear,,
"1,209",GROUND WATER AT NADIAD,CPCB,24,Gujarat,450,Kheda,NADIAD,-,-,-,-,-,-,-,-,22.70001,72.870001,06-02-2018 08:30,,,,,220,,898,,,,,,,8.09,,,,540,,,,112.2,,29.12,,,0.52,,,,,,
"1,210",GROUND WATER AT NADIAD,CPCB,24,Gujarat,450,Kheda,NADIAD,-,-,-,-,-,-,-,-,22.70001,72.870001,04-04-2018 08:30,,,,,220,,1044,,,,,,,8.23,,,,570,,,,76.15,,59.9,,,0.62,,,,,,
"1,211",GROUND WATER AT NADIAD,CPCB,24,Gujarat,450,Kheda,NADIAD,-,-,-,-,-,-,-,-,22.70001,72.870001,05-10-2018 08:30,,,,,530,,1002,,,,,,,7.79,,,,560,,,,32.06,,46.2,,,0.4,,,,,,
"1,212",GROUND WATER AT NADIAD,CPCB,24,Gujarat,450,Kheda,NADIAD,-,-,-,-,-,-,-,-,22.70001,72.870001,02-04-2019 08:30,,,,,180,,1046,,,,,,,7.7,,,0.01,,0.02,0.03,0.22,28.1,,26.8,,,0.44,0.02,,0.07,,,
"1,213",GROUND WATER AT NADIAD,CPCB,24,Gujarat,450,Kheda,NADIAD,-,-,-,-,-,-,-,-,22.70001,72.870001,07-04-2020 08:30,0.28,,,,,Clear,,,,,,,,7.5,,,Clear,,Clear,,0.21,,Clear,,,Clear,0.4,,Clear,,4.16,,
"1,214",GROUND WATER AT PALANPUR,CPCB,24,Gujarat,441,Banaskantha,BHABHAR,-,-,-,-,-,-,-,-,24.17405,72.4331,02-04-2018 08:30,,,,,293,,896,,,,,,,7.43,,,,240,,,,127,,41,,,1.425,,,,,,
"1,215",GROUND WATER AT PALANPUR,CPCB,24,Gujarat,441,Banaskantha,BHABHAR,-,-,-,-,-,-,-,-,24.17405,72.4331,09-10-2018 08:30,,,,,225,,914,,,,,,,7.72,,,,296,,,0.03,112,,19,,,2.04,,,,,,
"1,216",GROUND WATER AT PALANPUR,CPCB,24,Gujarat,441,Banaskantha,BHABHAR,-,-,-,-,-,-,-,-,24.17405,72.4331,01-04-2019 08:30,,,,,219,,948,,,,,,,7.3,,,0.01,241,0.02,0.06,0.06,104.2,,65.2,,,3.73,,,0.01,,,
"1,217",GROUND WATER AT PALANPUR,CPCB,24,Gujarat,441,Banaskantha,BHABHAR,-,-,-,-,-,-,-,-,24.17405,72.4331,01-10-2019 08:30,,,,,160,,808,,,,,,,7.6,,,,240,0.02,0.06,0.03,83,,47,,,2.03,,,0.02,,,
"1,218",GROUND WATER AT PALANPUR,CPCB,24,Gujarat,441,Banaskantha,BHABHAR,-,-,-,-,-,-,-,-,24.17405,72.4331,09-04-2020 08:30,0.31,,,,,Clear,,,,,,,,7.2,,,Clear,,Clear,,0.05,,Clear,,,Clear,1.93,,Clear,,Clear,,
"1,219",GROUND WATER AT RAJKOT,CPCB,24,Gujarat,457,Rajkot,RAJKOT,-,-,-,-,-,-,-,-,22.303892,70.802158,07-04-2018 08:30,,,,,130,,622,,,,,,,7.89,,,,110,,,4.35,65.4,,32.93,,,1.77,,,0.06,,,
"1,220",GROUND WATER AT RAJKOT,CPCB,24,Gujarat,457,Rajkot,RAJKOT,-,-,-,-,-,-,-,-,22.303892,70.802158,05-10-2019 08:30,,,,,112,,776,,,,,,,7.5,,,0.01,305,0.02,0.06,0.06,,,,,,0.91,,,0.4,,,
"1,221",GROUND WATER AT RAJKOT,CPCB,24,Gujarat,457,Rajkot,RAJKOT,-,-,-,-,-,-,-,-,22.303892,70.802158,08-04-2020 08:30,0.27,,,,,3.8,,,,,,,,7.6,,,Clear,,Clear,,Clear,,Clear,,,Clear,1.67,,Clear,,2.1,,
"1,222",GROUND WATER AT SIDDHPUR (DIST.PATAN),CPCB,24,Gujarat,455,Patan,SIDHPUR,-,-,-,-,-,-,-,-,23.919619,72.366836,02-04-2018 08:30,,,,,226,,830,,,,,,,7.53,,,,380,,,,30,,32,,,1.333,,,,,,
"1,223",GROUND WATER AT SIDDHPUR (DIST.PATAN),CPCB,24,Gujarat,455,Patan,SIDHPUR,-,-,-,-,-,-,-,-,23.919619,72.366836,01-10-2018 08:30,,,,,244,,1120,,,,,,,8.56,,,,343,,,0.21,26,,26,,,0.549,,,,,,
"1,224",GROUND WATER AT SIDDHPUR (DIST.PATAN),CPCB,24,Gujarat,455,Patan,SIDHPUR,-,-,-,-,-,-,-,-,23.919619,72.366836,01-04-2019 08:30,,,,,227,,962,,,,,,,7.8,,,0.01,361.6,0.02,0.06,0.06,17.6,,21.6,,,3.7,,,0.01,,,
"1,225",GROUND WATER AT SIDDHPUR (DIST.PATAN),CPCB,24,Gujarat,455,Patan,SIDHPUR,-,-,-,-,-,-,-,-,23.919619,72.366836,01-10-2019 08:30,,,,,212,,1024,,,,,,,7.8,,,,375,0.02,0.06,0.03,26,,20,,,2.71,,,0.03,,,
"1,226",GROUND WATER AT SIDDHPUR (DIST.PATAN),CPCB,24,Gujarat,455,Patan,SIDHPUR,-,-,-,-,-,-,-,-,23.919619,72.366836,11-04-2020 08:30,0.28,,,,,Clear,,,,,,,,7.8,,,Clear,,Clear,,0.16,,Clear,,,Clear,1.98,,Clear,,Clear,,
"1,227",GROUND WATER AT SURENDRANAGAR,CPCB,24,Gujarat,460,Surendranagar,WADHWAN,-,-,-,-,-,-,-,-,22.720141,71.649491,03-04-2020 08:30,0.27,,,,,Clear,,,,,,,,7.9,,,Clear,,Clear,,0.352,,Clear,,,Clear,1.67,,Clear,,Clear,,
"1,228",GROUND WATER AT SURENDRANAGAR,CPCB,24,Gujarat,460,Surendranagar,WADHWAN,-,-,-,-,-,-,-,-,22.720141,71.649491,03-10-2020 08:30,Clear,,,,,Clear,,,,,,,,8,,,Clear,,Clear,,0.16,,Clear,,,Clear,1.2,,Clear,,Clear,,
"1,229",HAMISAR TALAV BHUJ,CPCB,24,Gujarat,449,Kachchh,BHUJ,-,-,-,-,-,-,-,-,23.251444,69.663361,04-01-2018 08:30,0.4,,,,,5.1,,,,,,,,7.98,,,,,,,,,,,,,,,,,,,
"1,230",HAMISAR TALAV BHUJ,CPCB,24,Gujarat,449,Kachchh,BHUJ,-,-,-,-,-,-,-,-,23.251444,69.663361,01-02-2018 08:30,0.4,,,,,5.2,,,,,,,,7.49,,,,,,,,,,,,,,,,,4.46,,
"1,231",HAMISAR TALAV BHUJ,CPCB,24,Gujarat,449,Kachchh,BHUJ,-,-,-,-,-,-,-,-,23.251444,69.663361,06-03-2018 08:30,0.98,,,,,5.1,,,,,,,,7.71,,,,,,,,,,,,,,,,,4.2,,
"1,232",HAMISAR TALAV BHUJ,CPCB,24,Gujarat,449,Kachchh,BHUJ,-,-,-,-,-,-,-,-,23.251444,69.663361,05-04-2018 08:30,0.4,,,,,4.8,,,,,,,,7.01,,,,,,,,,,,,,,,,,,,
"1,233",HAMISAR TALAV BHUJ,CPCB,24,Gujarat,449,Kachchh,BHUJ,-,-,-,-,-,-,-,-,23.251444,69.663361,02-05-2018 08:30,0.4,,,,,3.1,,,,,,,,8.01,,,,,,,,,,,,,,,,,6.05,,
"1,234",HAMISAR TALAV BHUJ,CPCB,24,Gujarat,449,Kachchh,BHUJ,-,-,-,-,-,-,-,-,23.251444,69.663361,02-06-2018 08:30,0.4,,,,,3,,,,,,,,7.82,,,,,,,,,,,,,,,,,3.69,,
"1,235",HAMISAR TALAV BHUJ,CPCB,24,Gujarat,449,Kachchh,BHUJ,-,-,-,-,-,-,-,-,23.251444,69.663361,03-07-2018 08:30,0.49,,,,,2.3,,,,,,,,7.6,,,,,,,,,,,,,,,,,0.8,,
"1,236",HAMISAR TALAV BHUJ,CPCB,24,Gujarat,449,Kachchh,BHUJ,-,-,-,-,-,-,-,-,23.251444,69.663361,02-08-2018 08:30,0.4,,,,,2.1,,,,,,,,8.38,,,,,,,,,,,,,,,,,5.89,,
"1,237",HAMISAR TALAV BHUJ,CPCB,24,Gujarat,449,Kachchh,BHUJ,-,-,-,-,-,-,-,-,23.251444,69.663361,05-09-2018 08:30,0.56,,,,,2.3,,,,,,,,8.11,,,,,,,,,,,,,,,,,11.74,,
"1,238",HAMISAR TALAV BHUJ,CPCB,24,Gujarat,449,Kachchh,BHUJ,-,-,-,-,-,-,-,-,23.251444,69.663361,02-01-2019 08:30,,,,,,,,,,,,,,2,,,,,,,,,,,,,,,,,,,
"1,239",HAMISAR TALAV BHUJ,CPCB,24,Gujarat,449,Kachchh,BHUJ,-,-,-,-,-,-,-,-,23.251444,69.663361,02-02-2019 08:30,,,,,,,,,,,,,,2,,,,,,,,,,,,,,,,,,,
"1,240",HAMISAR TALAV BHUJ,CPCB,24,Gujarat,449,Kachchh,BHUJ,-,-,-,-,-,-,-,-,23.251444,69.663361,03-09-2019 08:30,0.6,,,,,5.5,,,,,,,,7.1,,,,,,,,,,,,,,,,,1.79,,
"1,241",HAMISAR TALAV BHUJ,CPCB,24,Gujarat,449,Kachchh,BHUJ,-,-,-,-,-,-,-,-,23.251444,69.663361,01-10-2019 08:30,0.6,,,,,6.6,,,,,,,,7.1,,,,,,,,,,,,,,,,,1.34,,
"1,242",HAMISAR TALAV BHUJ,CPCB,24,Gujarat,449,Kachchh,BHUJ,-,-,-,-,-,-,-,-,23.251444,69.663361,02-11-2019 08:30,,,,,,6.9,,,,,,,,7.2,,,,,,,,,,,,,,,,,5.47,,
"1,243",HAMISAR TALAV BHUJ,CPCB,24,Gujarat,449,Kachchh,BHUJ,-,-,-,-,-,-,-,-,23.251444,69.663361,04-12-2019 08:30,0.6,,,,,6.9,,,,,,,,7.7,,,,,,,,,,,,,,,,,2.76,,
"1,244",HAMISAR TALAV BHUJ,CPCB,24,Gujarat,449,Kachchh,BHUJ,-,-,-,-,-,-,-,-,23.251444,69.663361,01-01-2020 08:30,0.56,,,,,6.9,,,,,,,,7.7,,,,,,,,,,,,,0.01,,,,,,
"1,245",HAMISAR TALAV BHUJ,CPCB,24,Gujarat,449,Kachchh,BHUJ,-,-,-,-,-,-,-,-,23.251444,69.663361,01-02-2020 08:30,0.28,,,,,6.9,,,,,,,,7.5,,,Clear,,Clear,,Clear,,Clear,,,Clear,0.02,,Clear,,Clear,,
"1,246",HAMISAR TALAV BHUJ,CPCB,24,Gujarat,449,Kachchh,BHUJ,-,-,-,-,-,-,-,-,23.251444,69.663361,03-03-2020 08:30,0.28,,,,,6.8,,,,,,,,7.5,,,Clear,,Clear,,Clear,,Clear,,,Clear,0.02,,Clear,,3.98,,
"1,247",HAMISAR TALAV BHUJ,CPCB,24,Gujarat,449,Kachchh,BHUJ,-,-,-,-,-,-,-,-,23.251444,69.663361,08-04-2020 08:30,0.56,,,,,6.9,,,,,,,,7.1,,,Clear,,Clear,,Clear,,Clear,,,Clear,0.04,,0.001,,3.77,,
"1,248",HAMISAR TALAV BHUJ,CPCB,24,Gujarat,449,Kachchh,BHUJ,-,-,-,-,-,-,-,-,23.251444,69.663361,01-05-2020 08:30,0.56,,,,,6.7,,,,,,,,7,,,Clear,,Clear,,Clear,,Clear,,,Clear,0.04,,Clear,,3.34,,
"1,249",HAMISAR TALAV BHUJ,CPCB,24,Gujarat,449,Kachchh,BHUJ,-,-,-,-,-,-,-,-,23.251444,69.663361,01-06-2020 08:30,0.56,,,,,6.2,,,,,,,,7.2,,,Clear,,Clear,,Clear,,Clear,,,Clear,0.12,,Clear,,6.22,,
"1,250",HAMISAR TALAV BHUJ,CPCB,24,Gujarat,449,Kachchh,BHUJ,-,-,-,-,-,-,-,-,23.251444,69.663361,01-07-2020 08:30,0.56,,,,,6.1,,,,,,,,7.1,,,Clear,,Clear,,Clear,,Clear,,,Clear,0.14,,Clear,,7.12,,
"1,251",HAMISAR TALAV BHUJ,CPCB,24,Gujarat,449,Kachchh,BHUJ,-,-,-,-,-,-,-,-,23.251444,69.663361,04-08-2020 08:30,0.56,,,,,6.6,,,,,,,,7.4,,,Clear,,Clear,,Clear,,Clear,,,Clear,0.1,,Clear,,6,,
"1,252",HAMISAR TALAV BHUJ,CPCB,24,Gujarat,449,Kachchh,BHUJ,-,-,-,-,-,-,-,-,23.251444,69.663361,03-09-2020 08:30,0.56,,,,,6.7,,,,,,,,7.2,,,Clear,,Clear,,Clear,,Clear,,,Clear,0.15,,Clear,,5,,
"1,253",HAMISAR TALAV BHUJ,CPCB,24,Gujarat,449,Kachchh,BHUJ,-,-,-,-,-,-,-,-,23.251444,69.663361,08-10-2020 08:30,0.56,,,,,6.8,,,,,,,,7.3,,,Clear,,Clear,,Clear,,Clear,,,Clear,0.12,,Clear,,Clear,,
"1,254",HAMISAR TALAV BHUJ,CPCB,24,Gujarat,449,Kachchh,BHUJ,-,-,-,-,-,-,-,-,23.251444,69.663361,05-11-2020 08:30,0.56,,,,,6.9,,,,,,,,7.5,,,Clear,,Clear,,Clear,,Clear,,,Clear,0.1,,Clear,,5,,
"1,255",HAMISAR TALAV BHUJ,CPCB,24,Gujarat,449,Kachchh,BHUJ,-,-,-,-,-,-,-,-,23.251444,69.663361,08-12-2020 08:30,0.56,,,,,6.7,,,,,,,,7.7,,,Clear,,Clear,,Clear,,Clear,,,Clear,0.14,,Clear,,Clear,,
"1,256",JILLA PANCHAYAT SCHOOL NEAR GRAM PANCHAYAT KATA FALIA VILLAGE NAMDHA VALSAD,CPCB,24,Gujarat,462,Valsad,VALSAD,-,-,-,-,-,-,-,-,20.608052,72.929151,05-04-2018 08:30,,,,,152,,420,,,,,,,7.42,,,,268,,,,40.08,,16.98,,,,,,,,,
"1,257",JILLA PANCHAYAT SCHOOL NEAR GRAM PANCHAYAT KATA FALIA VILLAGE NAMDHA VALSAD,CPCB,24,Gujarat,462,Valsad,VALSAD,-,-,-,-,-,-,-,-,20.608052,72.929151,06-10-2018 08:30,,,,,115,,504,,,,,,,7.22,,,,319.2,,,0.5,44.1,,48.46,,,,,,1.79,,,
"1,258",JILLA PANCHAYAT SCHOOL NEAR GRAM PANCHAYAT KATA FALIA VILLAGE NAMDHA VALSAD,CPCB,24,Gujarat,462,Valsad,VALSAD,-,-,-,-,-,-,-,-,20.608052,72.929151,04-04-2019 08:30,,,,,3419,,802,,,,,,,8,,,0.01,270,0.002,0.02,0.38,84.2,,104,,,,0.02,,0.46,,,
"1,259",JILLA PANCHAYAT SCHOOL NEAR GRAM PANCHAYAT KATA FALIA VILLAGE NAMDHA VALSAD,CPCB,24,Gujarat,462,Valsad,VALSAD,-,-,-,-,-,-,-,-,20.608052,72.929151,04-10-2019 08:30,,,,,106,,470,,,,,,,7.8,,,,,,,,40.1,,26.7,,,0.43,,,,,,
"1,260",JILLA PANCHAYAT SCHOOL NEAR GRAM PANCHAYAT KATA FALIA VILLAGE NAMDHA VALSAD,CPCB,24,Gujarat,462,Valsad,VALSAD,-,-,-,-,-,-,-,-,20.608052,72.929151,09-04-2020 08:30,0.29,,,,,4.3,,,,,,,,6.6,,,Clear,,Clear,,0.165,,Clear,,,Clear,0.18,,Clear,,Clear,,
"1,261",JILLA PANCHAYAT SCHOOL NEAR GRAM PANCHAYAT KATA FALIA VILLAGE NAMDHA VALSAD,CPCB,24,Gujarat,462,Valsad,VALSAD,-,-,-,-,-,-,-,-,20.608052,72.929151,05-10-2020 08:30,,,,,,,,,,,,,,,,,,,,,,,,,,,,,,,,,
"1,262",KANKORIA LAKE AT AHMEDABAD NR. BALVATIKA,CPCB,24,Gujarat,438,Ahmedabad,AHMADABAD CITY,-,-,-,-,-,-,-,-,23.006731,72.601622,02-01-2018 08:30,1.18,,,,,9.1,,,,,,,,8.64,,,,,,,,,,,,,,,,,5,,
"1,263",KANKORIA LAKE AT AHMEDABAD NR. BALVATIKA,CPCB,24,Gujarat,438,Ahmedabad,AHMADABAD CITY,-,-,-,-,-,-,-,-,23.006731,72.601622,01-02-2018 08:30,2.57,,,,,7,,,,,,,,8.77,,,,,,,,,,,,,,,,,,,
"1,264",KANKORIA LAKE AT AHMEDABAD NR. BALVATIKA,CPCB,24,Gujarat,438,Ahmedabad,AHMADABAD CITY,-,-,-,-,-,-,-,-,23.006731,72.601622,01-03-2018 08:30,1.51,,,,,9.6,,,,,,,,9.04,,,,,,,,,,,,,,,,,,,
"1,265",KANKORIA LAKE AT AHMEDABAD NR. BALVATIKA,CPCB,24,Gujarat,438,Ahmedabad,AHMADABAD CITY,-,-,-,-,-,-,-,-,23.006731,72.601622,02-04-2018 08:30,2.97,,,,,8.5,,,,,,,,9.23,,,,,,,,,,,,,,,,,,,
"1,266",KANKORIA LAKE AT AHMEDABAD NR. BALVATIKA,CPCB,24,Gujarat,438,Ahmedabad,AHMADABAD CITY,-,-,-,-,-,-,-,-,23.006731,72.601622,02-05-2018 08:30,1.45,,,,,5.9,,,,,,,,8.77,,,,,,,,,,,,,,,,,13,,
"1,267",KANKORIA LAKE AT AHMEDABAD NR. BALVATIKA,CPCB,24,Gujarat,438,Ahmedabad,AHMADABAD CITY,-,-,-,-,-,-,-,-,23.006731,72.601622,01-06-2018 08:30,4.25,,,,,5.8,,,,,,,,8.29,,,,,,,,,,,,,,,,,15,,
"1,268",KANKORIA LAKE AT AHMEDABAD NR. BALVATIKA,CPCB,24,Gujarat,438,Ahmedabad,AHMADABAD CITY,-,-,-,-,-,-,-,-,23.006731,72.601622,02-07-2018 08:30,0.4,,,,,5.1,,,,,,,,9.01,,,,,,,,,,,,,,,,,,,
"1,269",KANKORIA LAKE AT AHMEDABAD NR. BALVATIKA,CPCB,24,Gujarat,438,Ahmedabad,AHMADABAD CITY,-,-,-,-,-,-,-,-,23.006731,72.601622,02-08-2018 08:30,1.85,,,,,6.8,,,,,,,,8.89,,,,,,,,,,,,,,,,,,,
"1,270",KANKORIA LAKE AT AHMEDABAD NR. BALVATIKA,CPCB,24,Gujarat,438,Ahmedabad,AHMADABAD CITY,-,-,-,-,-,-,-,-,23.006731,72.601622,04-09-2018 08:30,1.34,,,,,3.7,,,,,,,,8.86,,,,,,,,,,,,,,,,,,,
"1,271",KANKORIA LAKE AT AHMEDABAD NR. BALVATIKA,CPCB,24,Gujarat,438,Ahmedabad,AHMADABAD CITY,-,-,-,-,-,-,-,-,23.006731,72.601622,01-10-2018 08:30,0.4,,,,,7.5,,,,,,,,8.83,,,,,,,,,,,,,,,,,18,,
"1,272",KANKORIA LAKE AT AHMEDABAD NR. BALVATIKA,CPCB,24,Gujarat,438,Ahmedabad,AHMADABAD CITY,-,-,-,-,-,-,-,-,23.006731,72.601622,01-11-2018 08:30,2.13,,,,,5.4,,,,,,,,8.93,,,,,,,,,,,,,,,,,,,
"1,273",KANKORIA LAKE AT AHMEDABAD NR. BALVATIKA,CPCB,24,Gujarat,438,Ahmedabad,AHMADABAD CITY,-,-,-,-,-,-,-,-,23.006731,72.601622,01-12-2018 08:30,0.73,,,,,6.9,,,,,,,,8.85,,,,,,,,,,,,,,,,,,,
"1,274",KANKORIA LAKE AT AHMEDABAD NR. BALVATIKA,CPCB,24,Gujarat,438,Ahmedabad,AHMADABAD CITY,-,-,-,-,-,-,-,-,23.006731,72.601622,02-01-2019 08:30,1,,,,,7.1,,,,,,,,8.7,,,,,,,,,,,,,,,,,,,
"1,275",KANKORIA LAKE AT AHMEDABAD NR. BALVATIKA,CPCB,24,Gujarat,438,Ahmedabad,AHMADABAD CITY,-,-,-,-,-,-,-,-,23.006731,72.601622,04-02-2019 08:30,1.3,,,,,7.4,,,,,,,,8.6,,,,,,,,,,,,,,,,,,,
"1,276",KANKORIA LAKE AT AHMEDABAD NR. BALVATIKA,CPCB,24,Gujarat,438,Ahmedabad,AHMADABAD CITY,-,-,-,-,-,-,-,-,23.006731,72.601622,02-03-2019 08:30,0.9,,,,,7.2,,,,,,,,8.1,,,,,,,,,,,,,,,,,,,
"1,277",KANKORIA LAKE AT AHMEDABAD NR. BALVATIKA,CPCB,24,Gujarat,438,Ahmedabad,AHMADABAD CITY,-,-,-,-,-,-,-,-,23.006731,72.601622,02-04-2019 08:30,1.2,,,,,8.1,,,,,,,,8.2,,,,,,,,,,,,,,,,,14,,
"1,278",KANKORIA LAKE AT AHMEDABAD NR. BALVATIKA,CPCB,24,Gujarat,438,Ahmedabad,AHMADABAD CITY,-,-,-,-,-,-,-,-,23.006731,72.601622,02-05-2019 08:30,1.2,,,,,8.8,,,,,,,,8.4,,,,,,,,,,,,,,,,,20,,
"1,279",KANKORIA LAKE AT AHMEDABAD NR. BALVATIKA,CPCB,24,Gujarat,438,Ahmedabad,AHMADABAD CITY,-,-,-,-,-,-,-,-,23.006731,72.601622,01-06-2019 08:30,2.2,,,,,7.2,,,,,,,,8.4,,,,,,,,,,,,,,,,,,,
"1,280",KANKORIA LAKE AT AHMEDABAD NR. BALVATIKA,CPCB,24,Gujarat,438,Ahmedabad,AHMADABAD CITY,-,-,-,-,-,-,-,-,23.006731,72.601622,01-07-2019 08:30,1.2,,,,,6,,,,,,,,8.9,,,,,,,,,,,,,,,,,,,
"1,281",KANKORIA LAKE AT AHMEDABAD NR. BALVATIKA,CPCB,24,Gujarat,438,Ahmedabad,AHMADABAD CITY,-,-,-,-,-,-,-,-,23.006731,72.601622,02-08-2019 08:30,1.6,,,,,7.3,,,,,,,,8.9,,,,,,,,,,,,,,,,,,,
"1,282",KANKORIA LAKE AT AHMEDABAD NR. BALVATIKA,CPCB,24,Gujarat,438,Ahmedabad,AHMADABAD CITY,-,-,-,-,-,-,-,-,23.006731,72.601622,03-09-2019 08:30,1.9,,,,,6.7,,,,,,,,8.9,,,,,,,,,,,,,,,,,,,
"1,283",KANKORIA LAKE AT AHMEDABAD NR. BALVATIKA,CPCB,24,Gujarat,438,Ahmedabad,AHMADABAD CITY,-,-,-,-,-,-,-,-,23.006731,72.601622,01-10-2019 08:30,1.1,,,,,8.5,,,,,,,,9.1,,,,,,,,,,,,,,,,,,,
"1,284",KANKORIA LAKE AT AHMEDABAD NR. BALVATIKA,CPCB,24,Gujarat,438,Ahmedabad,AHMADABAD CITY,-,-,-,-,-,-,-,-,23.006731,72.601622,04-11-2019 08:30,1.4,,,,,7.2,,,,,,,,8.9,,,,,,,,,,,,,,,,,,,
"1,285",KANKORIA LAKE AT AHMEDABAD NR. BALVATIKA,CPCB,24,Gujarat,438,Ahmedabad,AHMADABAD CITY,-,-,-,-,-,-,-,-,23.006731,72.601622,03-12-2019 08:30,1.9,,,,,8.1,,,,,,,,8.8,,,,,,,,,,,,,,,,,,,
"1,286",KANKORIA LAKE AT AHMEDABAD NR. BALVATIKA,CPCB,24,Gujarat,438,Ahmedabad,AHMADABAD CITY,-,-,-,-,-,-,-,-,23.006731,72.601622,01-01-2020 08:30,0.9,,,,,8.1,,,,,,,,8.9,,,,,,,,,,,,,0.3,,,,,,
"1,287",KANKORIA LAKE AT AHMEDABAD NR. BALVATIKA,CPCB,24,Gujarat,438,Ahmedabad,AHMADABAD CITY,-,-,-,-,-,-,-,-,23.006731,72.601622,01-02-2020 08:30,1.68,,,,,8.3,,,,,,,,8.8,,,Other,,Other,,Other,,Other,,,Other,0.01,,Other,,Other,,
"1,288",KANKORIA LAKE AT AHMEDABAD NR. BALVATIKA,CPCB,24,Gujarat,438,Ahmedabad,AHMADABAD CITY,-,-,-,-,-,-,-,-,23.006731,72.601622,03-03-2020 08:30,0.22,,,,,8.7,,,,,,,,8.8,,,Other,,Other,,Other,,Other,,,Other,0.28,,Other,,Other,,
"1,289",KANKORIA LAKE AT AHMEDABAD NR. BALVATIKA,CPCB,24,Gujarat,438,Ahmedabad,AHMADABAD CITY,-,-,-,-,-,-,-,-,23.006731,72.601622,03-04-2020 08:30,2.02,,,,,6,,,,,,,,8.8,,,Light Green,,Light Green,,0.29,,Light Green,,,Light Green,0.11,,Light Green,,Light Green,,
"1,290",KANKORIA LAKE AT AHMEDABAD NR. BALVATIKA,CPCB,24,Gujarat,438,Ahmedabad,AHMADABAD CITY,-,-,-,-,-,-,-,-,23.006731,72.601622,01-05-2020 08:30,1.68,,,,,6,,,,,,,,7.9,,,,,,,,,,,,,0.1,,,,,,
"1,291",KANKORIA LAKE AT AHMEDABAD NR. BALVATIKA,CPCB,24,Gujarat,438,Ahmedabad,AHMADABAD CITY,-,-,-,-,-,-,-,-,23.006731,72.601622,01-06-2020 08:30,1.29,,,,,5.2,,,,,,,,8.8,,,Other,,Other,,Other,,Other,,,Other,0.05,,Other,,Other,,
"1,292",KANKORIA LAKE AT AHMEDABAD NR. BALVATIKA,CPCB,24,Gujarat,438,Ahmedabad,AHMADABAD CITY,-,-,-,-,-,-,-,-,23.006731,72.601622,04-08-2020 08:30,Other,,,,,8.2,,,,,,,,8.8,,,Other,,Other,,Other,,Other,,,Other,0.33,,Other,,Other,,
"1,293",KANKORIA LAKE AT AHMEDABAD NR. BALVATIKA,CPCB,24,Gujarat,438,Ahmedabad,AHMADABAD CITY,-,-,-,-,-,-,-,-,23.006731,72.601622,01-09-2020 08:30,Other,,,,,5.9,,,,,,,,8.4,,,Other,,Other,,Other,,Other,,,Other,0.02,,Other,,Other,,
"1,294",KANKORIA LAKE AT AHMEDABAD NR. BALVATIKA,CPCB,24,Gujarat,438,Ahmedabad,AHMADABAD CITY,-,-,-,-,-,-,-,-,23.006731,72.601622,03-10-2020 08:30,Light Green,,,,,6.3,,,,,,,,8.7,,,Light Green,,Light Green,,Light Green,,Light Green,,,Light Green,0.33,,Light Green,,Light Green,,
"1,295",KANKORIA LAKE AT AHMEDABAD NR. BALVATIKA,CPCB,24,Gujarat,438,Ahmedabad,AHMADABAD CITY,-,-,-,-,-,-,-,-,23.006731,72.601622,02-11-2020 08:30,Other,,,,,7.8,,,,,,,,8.7,,,Other,,Other,,Other,,Other,,,Other,0.34,,Other,,Other,,
"1,296",KANKORIA LAKE AT AHMEDABAD NR. BALVATIKA,CPCB,24,Gujarat,438,Ahmedabad,AHMADABAD CITY,-,-,-,-,-,-,-,-,23.006731,72.601622,01-12-2020 08:30,1.12,,,,,6.8,,,,,,,,8.71,,,Other,,Other,,Other,,Other,,,Other,Other,,Other,,Other,,
"1,297",KAVERI RIVER ON BRIDGE AT BILLIMORA-VALSAD ROAD,CPCB,24,Gujarat,453,Navsari,CHIKHLI,-,-,-,-,-,-,-,-,20.756033,73.066786,07-02-2018 08:30,,,,,,6.4,,,,,,,,7.99,,,,,,,,,,,,,,,,,,,
"1,298",KAVERI RIVER ON BRIDGE AT BILLIMORA-VALSAD ROAD,CPCB,24,Gujarat,453,Navsari,CHIKHLI,-,-,-,-,-,-,-,-,20.756033,73.066786,01-03-2018 08:30,,,,,,6.4,,,,,,,,8.27,,,,,,,,,,,,,,,,,,,
"1,299",KAVERI RIVER ON BRIDGE AT BILLIMORA-VALSAD ROAD,CPCB,24,Gujarat,453,Navsari,CHIKHLI,-,-,-,-,-,-,-,-,20.756033,73.066786,05-04-2018 08:30,,,,,,6.9,,,,,,,,8.1,,,,,,,,,,,,,,,,,,,
"1,300",KAVERI RIVER ON BRIDGE AT BILLIMORA-VALSAD ROAD,CPCB,24,Gujarat,453,Navsari,CHIKHLI,-,-,-,-,-,-,-,-,20.756033,73.066786,03-05-2018 08:30,,,,,,6.9,,,,,,,,8.36,,,,,,,,,,,,,,,,,,,
"1,301",KAVERI RIVER ON BRIDGE AT BILLIMORA-VALSAD ROAD,CPCB,24,Gujarat,453,Navsari,CHIKHLI,-,-,-,-,-,-,-,-,20.756033,73.066786,06-06-2018 08:30,,,,,,6.9,,,,,,,,8.28,,,,,,,,,,,,,,,,,,,
"1,302",KAVERI RIVER ON BRIDGE AT BILLIMORA-VALSAD ROAD,CPCB,24,Gujarat,453,Navsari,CHIKHLI,-,-,-,-,-,-,-,-,20.756033,73.066786,05-07-2018 08:30,,,,,,7,,,,,,,,7.59,,,,,,,,,,,,,,,,,,,
"1,303",KAVERI RIVER ON BRIDGE AT BILLIMORA-VALSAD ROAD,CPCB,24,Gujarat,453,Navsari,CHIKHLI,-,-,-,-,-,-,-,-,20.756033,73.066786,01-08-2018 08:30,,,,,,6.8,,,,,,,,8.05,,,,,,,,,,,,,,,,,,,
"1,304",KAVERI RIVER ON BRIDGE AT BILLIMORA-VALSAD ROAD,CPCB,24,Gujarat,453,Navsari,CHIKHLI,-,-,-,-,-,-,-,-,20.756033,73.066786,07-09-2018 08:30,,,,,,7.1,,,,,,,,8.1,,,,,,,,,,,,,,,,,,,
"1,305",KAVERI RIVER ON BRIDGE AT BILLIMORA-VALSAD ROAD,CPCB,24,Gujarat,453,Navsari,CHIKHLI,-,-,-,-,-,-,-,-,20.756033,73.066786,03-10-2018 08:30,,,,,,6.9,,,,,,,,7.2,,,,,,,,,,,,,,,,,,,
"1,306",KAVERI RIVER ON BRIDGE AT BILLIMORA-VALSAD ROAD,CPCB,24,Gujarat,453,Navsari,CHIKHLI,-,-,-,-,-,-,-,-,20.756033,73.066786,20-11-2018 08:30,,,,,,6.9,,,,,,,,7.6,,,,,,,,,,,,,,,,,,,
"1,307",KAVERI RIVER ON BRIDGE AT BILLIMORA-VALSAD ROAD,CPCB,24,Gujarat,453,Navsari,CHIKHLI,-,-,-,-,-,-,-,-,20.756033,73.066786,01-12-2018 08:30,,,,,,6.8,,,,,,,,7.5,,,,,,,,,,,,,,,,,,,
"1,308",KAVERI RIVER ON BRIDGE AT BILLIMORA-VALSAD ROAD,CPCB,24,Gujarat,453,Navsari,CHIKHLI,-,-,-,-,-,-,-,-,20.756033,73.066786,12-02-2019 08:30,,,,,,7.3,,,,,,,,8,,,,,,,,,,,,,,,,,,,
"1,309",KAVERI RIVER ON BRIDGE AT BILLIMORA-VALSAD ROAD,CPCB,24,Gujarat,453,Navsari,CHIKHLI,-,-,-,-,-,-,-,-,20.756033,73.066786,06-03-2019 08:30,,,,,,7,,,,,,,,7.7,,,,,,,,,,,,,,,,,,,
"1,310",KAVERI RIVER ON BRIDGE AT BILLIMORA-VALSAD ROAD,CPCB,24,Gujarat,453,Navsari,CHIKHLI,-,-,-,-,-,-,-,-,20.756033,73.066786,01-04-2019 08:30,,,,,,6.4,,,,,,,,7.8,,,,,,,,,,,,,,,,,,,
"1,311",KAVERI RIVER ON BRIDGE AT BILLIMORA-VALSAD ROAD,CPCB,24,Gujarat,453,Navsari,CHIKHLI,-,-,-,-,-,-,-,-,20.756033,73.066786,02-05-2019 08:30,,,,,,6.5,,,,,,,,7.7,,,,,,,,,,,,,,,,,,,
"1,312",KAVERI RIVER ON BRIDGE AT BILLIMORA-VALSAD ROAD,CPCB,24,Gujarat,453,Navsari,CHIKHLI,-,-,-,-,-,-,-,-,20.756033,73.066786,06-06-2019 08:30,,,,,,6,,,,,,,,7.8,,,,,,,,,,,,,,,,,,,
"1,313",KAVERI RIVER ON BRIDGE AT BILLIMORA-VALSAD ROAD,CPCB,24,Gujarat,453,Navsari,CHIKHLI,-,-,-,-,-,-,-,-,20.756033,73.066786,04-07-2019 08:30,,,,,,6.9,,,,,,,,7.5,,,,,,,,,,,,,,,,,,,
"1,314",KAVERI RIVER ON BRIDGE AT BILLIMORA-VALSAD ROAD,CPCB,24,Gujarat,453,Navsari,CHIKHLI,-,-,-,-,-,-,-,-,20.756033,73.066786,03-08-2019 08:30,,,,,,7.1,,,,,,,,7.7,,,,,,,,,,,,,,,,,,,
"1,315",KAVERI RIVER ON BRIDGE AT BILLIMORA-VALSAD ROAD,CPCB,24,Gujarat,453,Navsari,CHIKHLI,-,-,-,-,-,-,-,-,20.756033,73.066786,03-09-2019 08:30,,,,,,7,,,,,,,,7.7,,,,,,,,,,,,,,,,,,,
"1,316",KAVERI RIVER ON BRIDGE AT BILLIMORA-VALSAD ROAD,CPCB,24,Gujarat,453,Navsari,CHIKHLI,-,-,-,-,-,-,-,-,20.756033,73.066786,01-10-2019 08:30,,,,,,6.9,,,,,,,,7.6,,,,,,,,,,,,,,,,,,,
"1,317",KAVERI RIVER ON BRIDGE AT BILLIMORA-VALSAD ROAD,CPCB,24,Gujarat,453,Navsari,CHIKHLI,-,-,-,-,-,-,-,-,20.756033,73.066786,02-11-2019 08:30,,,,,,6.9,,,,,,,,7.1,,,,,,,,,,,,,,,,,,,
"1,318",KAVERI RIVER ON BRIDGE AT BILLIMORA-VALSAD ROAD,CPCB,24,Gujarat,453,Navsari,CHIKHLI,-,-,-,-,-,-,-,-,20.756033,73.066786,04-12-2019 08:30,,,,,,6.9,,,,,,,,8,,,,,,,,,,,,,,,,,,,
"1,319",KAVERI RIVER ON BRIDGE AT BILLIMORA-VALSAD ROAD,CPCB,24,Gujarat,453,Navsari,CHIKHLI,-,-,-,-,-,-,-,-,20.756033,73.066786,08-01-2020 08:30,0.84,,,,,7.1,,,,,,,,7.9,,,,,,,,,,,,,0.06,,,,,,
"1,320",KAVERI RIVER ON BRIDGE AT BILLIMORA-VALSAD ROAD,CPCB,24,Gujarat,453,Navsari,CHIKHLI,-,-,-,-,-,-,-,-,20.756033,73.066786,04-02-2020 08:30,0.56,,,,,6.8,,,,,,,,7.7,,,Other,,Other,,Other,,Other,,,Other,0.06,,Other,,Other,,
"1,321",KAVERI RIVER ON BRIDGE AT BILLIMORA-VALSAD ROAD,CPCB,24,Gujarat,453,Navsari,CHIKHLI,-,-,-,-,-,-,-,-,20.756033,73.066786,04-03-2020 08:30,0.84,,,,,7,,,,,,,,7.6,,,Other,,Other,,Other,,Other,,,Other,0.08,,Other,,Other,,
"1,322",KAVERI RIVER ON BRIDGE AT BILLIMORA-VALSAD ROAD,CPCB,24,Gujarat,453,Navsari,CHIKHLI,-,-,-,-,-,-,-,-,20.756033,73.066786,09-04-2020 08:30,0.56,,,,,7,,,,,,,,7.2,,,Other,,Other,,Other,,Other,,,Other,0.07,,Other,,Other,,
"1,323",KAVERI RIVER ON BRIDGE AT BILLIMORA-VALSAD ROAD,CPCB,24,Gujarat,453,Navsari,CHIKHLI,-,-,-,-,-,-,-,-,20.756033,73.066786,02-05-2020 08:30,0.84,,,,,7,,,,,,,,7.5,,,Other,,Other,,Other,,Other,,,Other,0.12,,Other,,Other,,
"1,324",KAVERI RIVER ON BRIDGE AT BILLIMORA-VALSAD ROAD,CPCB,24,Gujarat,453,Navsari,CHIKHLI,-,-,-,-,-,-,-,-,20.756033,73.066786,04-06-2020 08:30,0.56,,,,,7,,,,,,,,7.3,,,Other,,Other,,Other,,Other,,,Other,0.13,,Other,,Other,,
"1,325",KAVERI RIVER ON BRIDGE AT BILLIMORA-VALSAD ROAD,CPCB,24,Gujarat,453,Navsari,CHIKHLI,-,-,-,-,-,-,-,-,20.756033,73.066786,01-07-2020 08:30,0.84,,,,,7,,,,,,,,7.7,,,Clear,,Clear,,Clear,,Clear,,,Clear,0.11,,Clear,,Clear,,
"1,326",KAVERI RIVER ON BRIDGE AT BILLIMORA-VALSAD ROAD,CPCB,24,Gujarat,453,Navsari,CHIKHLI,-,-,-,-,-,-,-,-,20.756033,73.066786,04-08-2020 08:30,0.84,,,,,5.3,,,,,,,,7.7,,,Other,,Other,,Other,,Other,,,Other,0.16,,Other,,Other,,
"1,327",KAVERI RIVER ON BRIDGE AT BILLIMORA-VALSAD ROAD,CPCB,24,Gujarat,453,Navsari,CHIKHLI,-,-,-,-,-,-,-,-,20.756033,73.066786,05-09-2020 08:30,0.56,,,,,7,,,,,,,,7.2,,,Other,,Other,,Other,,Other,,,Other,0.04,,Other,,Other,,
"1,328",KAVERI RIVER ON BRIDGE AT BILLIMORA-VALSAD ROAD,CPCB,24,Gujarat,453,Navsari,CHIKHLI,-,-,-,-,-,-,-,-,20.756033,73.066786,03-10-2020 08:30,0.88,,,,,7.4,,,,,,,,7.6,,,Clear,,Clear,,0.09,,Clear,,,Clear,0.09,,Clear,,0.87,,
"1,329",KAVERI RIVER ON BRIDGE AT BILLIMORA-VALSAD ROAD,CPCB,24,Gujarat,453,Navsari,CHIKHLI,-,-,-,-,-,-,-,-,20.756033,73.066786,03-11-2020 08:30,0.28,,,,,6.4,,,,,,,,7.8,,,Clear,,Clear,,Clear,,Clear,,,Clear,0.28,,Clear,,Clear,,
"1,330",KAVERI RIVER ON BRIDGE AT BILLIMORA-VALSAD ROAD,CPCB,24,Gujarat,453,Navsari,CHIKHLI,-,-,-,-,-,-,-,-,20.756033,73.066786,02-12-2020 08:30,0.84,,,,,5.9,,,,,,,,7.9,,,Other,,Other,,Other,,Other,,,Other,1.27,,Other,,0.71,,
"1,331",KHARI AT LALI VILLAGE NEAR AHMEDABAD,CPCB,24,Gujarat,450,Kheda,KHEDA,-,-,-,-,-,-,-,-,22.868749,72.627351,02-01-2018 08:30,,,,,,,,,,,,,,6.65,,,,,,,,,,,,,,,,,,,
"1,332",KHARI AT LALI VILLAGE NEAR AHMEDABAD,CPCB,24,Gujarat,450,Kheda,KHEDA,-,-,-,-,-,-,-,-,22.868749,72.627351,01-02-2018 08:30,,,,,,,,,,,,,,7.6,,,,,,,,,,,,,,,,,,,
"1,333",KHARI AT LALI VILLAGE NEAR AHMEDABAD,CPCB,24,Gujarat,450,Kheda,KHEDA,-,-,-,-,-,-,-,-,22.868749,72.627351,01-03-2018 08:30,,,,,,,,,,,,,,6.44,,,,,,,,,,,,,,,,,,,
"1,334",KHARI AT LALI VILLAGE NEAR AHMEDABAD,CPCB,24,Gujarat,450,Kheda,KHEDA,-,-,-,-,-,-,-,-,22.868749,72.627351,03-04-2018 08:30,,,,,,,,,,,,,,7.24,,,,,,,,,,,,,,,,,,,
"1,335",KHARI AT LALI VILLAGE NEAR AHMEDABAD,CPCB,24,Gujarat,450,Kheda,KHEDA,-,-,-,-,-,-,-,-,22.868749,72.627351,01-05-2018 08:30,,,,,,,,,,,,,,6.66,,,,,,,,,,,,,,,,,,,
"1,336",KHARI AT LALI VILLAGE NEAR AHMEDABAD,CPCB,24,Gujarat,450,Kheda,KHEDA,-,-,-,-,-,-,-,-,22.868749,72.627351,04-06-2018 08:30,,,,,,0.6,,,,,,,,7.35,,,,,,,,,,,,,,,,,,,
"1,337",KHARI AT LALI VILLAGE NEAR AHMEDABAD,CPCB,24,Gujarat,450,Kheda,KHEDA,-,-,-,-,-,-,-,-,22.868749,72.627351,02-07-2018 08:30,,,,,,,,,,,,,,8.4,,,,,,,,,,,,,,,,,,,
"1,338",KHARI AT LALI VILLAGE NEAR AHMEDABAD,CPCB,24,Gujarat,450,Kheda,KHEDA,-,-,-,-,-,-,-,-,22.868749,72.627351,03-08-2018 08:30,,,,,,,,,,,,,,,,,,,,,,,,,,,,,,,,,
"1,339",KHARI AT LALI VILLAGE NEAR AHMEDABAD,CPCB,24,Gujarat,450,Kheda,KHEDA,-,-,-,-,-,-,-,-,22.868749,72.627351,04-09-2018 08:30,,,,,,,,,,,,,,8.03,,,,,,,,,,,,,,,,,,,
"1,340",KHARI AT LALI VILLAGE NEAR AHMEDABAD,CPCB,24,Gujarat,450,Kheda,KHEDA,-,-,-,-,-,-,-,-,22.868749,72.627351,03-10-2018 08:30,,,,,,,,,,,,,,7.17,,,,,,,,,,,,,,,,,,,
"1,341",KHARI AT LALI VILLAGE NEAR AHMEDABAD,CPCB,24,Gujarat,450,Kheda,KHEDA,-,-,-,-,-,-,-,-,22.868749,72.627351,02-11-2018 08:30,,,,,,,,,,,,,,7.57,,,,,,,,,,,,,,,,,,,
"1,342",KHARI AT LALI VILLAGE NEAR AHMEDABAD,CPCB,24,Gujarat,450,Kheda,KHEDA,-,-,-,-,-,-,-,-,22.868749,72.627351,03-12-2018 08:30,,,,,,,,,,,,,,6.92,,,,,,,,,,,,,,,,,,,
"1,343",KHARI AT LALI VILLAGE NEAR AHMEDABAD,CPCB,24,Gujarat,450,Kheda,KHEDA,-,-,-,-,-,-,-,-,22.868749,72.627351,02-01-2019 08:30,,,,,,,,,,,,,,,,,,,,,,,,,,,,,,,,,
"1,344",KHARI AT LALI VILLAGE NEAR AHMEDABAD,CPCB,24,Gujarat,450,Kheda,KHEDA,-,-,-,-,-,-,-,-,22.868749,72.627351,01-02-2019 08:30,,,,,,,,,,,,,,6.3,,,,,,,,,,,,,,,,,,,
"1,345",KHARI AT LALI VILLAGE NEAR AHMEDABAD,CPCB,24,Gujarat,450,Kheda,KHEDA,-,-,-,-,-,-,-,-,22.868749,72.627351,01-03-2019 08:30,,,,,,,,,,,,,,5.3,,,,,,,,,,,,,,,,,,,
"1,346",KHARI AT LALI VILLAGE NEAR AHMEDABAD,CPCB,24,Gujarat,450,Kheda,KHEDA,-,-,-,-,-,-,-,-,22.868749,72.627351,01-04-2019 08:30,,,,,,,,,,,,,,7,,,,,,,,,,,,,,,,,,,
"1,347",KHARI AT LALI VILLAGE NEAR AHMEDABAD,CPCB,24,Gujarat,450,Kheda,KHEDA,-,-,-,-,-,-,-,-,22.868749,72.627351,03-05-2019 08:30,,,,,,,,,,,,,,7.2,,,,,,,,,,,,,,,,,,,
"1,348",KHARI AT LALI VILLAGE NEAR AHMEDABAD,CPCB,24,Gujarat,450,Kheda,KHEDA,-,-,-,-,-,-,-,-,22.868749,72.627351,01-06-2019 08:30,,,,,,,,,,,,,,6.7,,,,,,,,,,,,,,,,,,,
"1,349",KHARI AT LALI VILLAGE NEAR AHMEDABAD,CPCB,24,Gujarat,450,Kheda,KHEDA,-,-,-,-,-,-,-,-,22.868749,72.627351,03-07-2019 08:30,,,,,,,,,,,,,,6.6,,,,,,,,,,,,,,,,,,,
"1,350",KHARI AT LALI VILLAGE NEAR AHMEDABAD,CPCB,24,Gujarat,450,Kheda,KHEDA,-,-,-,-,-,-,-,-,22.868749,72.627351,03-08-2019 08:30,,,,,,,,,,,,,,5.3,,,,,,,,,,,,,,,,,,,
"1,351",KHARI AT LALI VILLAGE NEAR AHMEDABAD,CPCB,24,Gujarat,450,Kheda,KHEDA,-,-,-,-,-,-,-,-,22.868749,72.627351,05-09-2019 08:30,,,,,,1.5,,,,,,,,6.8,,,,,,,,,,,,,,,,,,,
"1,352",KHARI AT LALI VILLAGE NEAR AHMEDABAD,CPCB,24,Gujarat,450,Kheda,KHEDA,-,-,-,-,-,-,-,-,22.868749,72.627351,03-10-2019 08:30,,,,,,,,,,,,,,6.8,,,,,,,,,,,,,,,,,,,
"1,353",KHARI AT LALI VILLAGE NEAR AHMEDABAD,CPCB,24,Gujarat,450,Kheda,KHEDA,-,-,-,-,-,-,-,-,22.868749,72.627351,06-11-2019 08:30,,,,,,,,,,,,,,6.9,,,,,,,,,,,,,,,,,,,
"1,354",KHARI AT LALI VILLAGE NEAR AHMEDABAD,CPCB,24,Gujarat,450,Kheda,KHEDA,-,-,-,-,-,-,-,-,22.868749,72.627351,04-12-2019 08:30,,,,,,,,,,,,,,7.3,,,,,,,,,,,,,,,,,,,
"1,355",KHARI AT LALI VILLAGE NEAR AHMEDABAD,CPCB,24,Gujarat,450,Kheda,KHEDA,-,-,-,-,-,-,-,-,22.868749,72.627351,03-01-2020 08:30,22.85,,,,,,,,,,,,,7.2,,,,,,,,,,,,,,,,,8,,
"1,356",KHARI AT LALI VILLAGE NEAR AHMEDABAD,CPCB,24,Gujarat,450,Kheda,KHEDA,-,-,-,-,-,-,-,-,22.868749,72.627351,04-02-2020 08:30,25.93,,,,,Other,,,,,,,,7.3,,,Other,,Other,,Other,,Other,,,Other,0.29,,Other,,7,,
"1,357",KHARI AT LALI VILLAGE NEAR AHMEDABAD,CPCB,24,Gujarat,450,Kheda,KHEDA,-,-,-,-,-,-,-,-,22.868749,72.627351,02-03-2020 08:30,27.66,,,,,Other,,,,,,,,7.3,,,Other,,Other,,Other,,Other,,,Other,0.47,,Other,,10,,
"1,358",KHARI AT LALI VILLAGE NEAR AHMEDABAD,CPCB,24,Gujarat,450,Kheda,KHEDA,-,-,-,-,-,-,-,-,22.868749,72.627351,08-04-2020 08:30,23.3,,,,,Other,,,,,,,,7.5,,,Other,,Other,,4.02,,Other,,,Other,0.14,,Other,,6,,
"1,359",KHARI AT LALI VILLAGE NEAR AHMEDABAD,CPCB,24,Gujarat,450,Kheda,KHEDA,-,-,-,-,-,-,-,-,22.868749,72.627351,02-05-2020 08:30,21.73,,,,,Other,,,,,,,,7.4,,,Other,,Other,,Other,,Other,,,Other,0.12,,Other,,6,,
"1,360",KHARI AT LALI VILLAGE NEAR AHMEDABAD,CPCB,24,Gujarat,450,Kheda,KHEDA,-,-,-,-,-,-,-,-,22.868749,72.627351,02-06-2020 08:30,19.15,,,,,Other,,,,,,,,7.2,,,Other,,Other,,Other,,Other,,,Other,0.01,,Other,,5,,
"1,361",KHARI AT LALI VILLAGE NEAR AHMEDABAD,CPCB,24,Gujarat,450,Kheda,KHEDA,-,-,-,-,-,-,-,-,22.868749,72.627351,03-07-2020 08:30,17.08,,,,,0.1,,,,,,,,7.3,,,Other,,Other,,Other,,Other,,,Other,1.04,,Other,,6,,
"1,362",KHARI AT LALI VILLAGE NEAR AHMEDABAD,CPCB,24,Gujarat,450,Kheda,KHEDA,-,-,-,-,-,-,-,-,22.868749,72.627351,05-08-2020 08:30,17.64,,,,,0.1,,,,,,,,8,,,Other,,Other,,Other,,Other,,,Other,1.26,,Other,,9.74,,
"1,363",KHARI AT LALI VILLAGE NEAR AHMEDABAD,CPCB,24,Gujarat,450,Kheda,KHEDA,-,-,-,-,-,-,-,-,22.868749,72.627351,03-09-2020 08:30,10.02,,,,,0.1,,,,,,,,7.9,,,Other,,Other,,Other,,Other,,,Other,1.38,,Other,,6.94,,
"1,364",KHARI AT LALI VILLAGE NEAR AHMEDABAD,CPCB,24,Gujarat,450,Kheda,KHEDA,-,-,-,-,-,-,-,-,22.868749,72.627351,03-10-2020 08:30,22.97,,,,,Other,,,,,,,,7.8,,,Other,,Other,,6.93,,Other,,,Other,1.2,,Other,,7,,
"1,365",KHARI AT LALI VILLAGE NEAR AHMEDABAD,CPCB,24,Gujarat,450,Kheda,KHEDA,-,-,-,-,-,-,-,-,22.868749,72.627351,03-11-2020 08:30,12.82,,,,,Other,,,,,,,,7.7,,,Other,,Other,,Other,,Other,,,Other,1.1,,Other,,7,,
"1,366",KHARI AT LALI VILLAGE NEAR AHMEDABAD,CPCB,24,Gujarat,450,Kheda,KHEDA,-,-,-,-,-,-,-,-,22.868749,72.627351,02-12-2020 08:30,15.9,,,,,Other,,,,,,,,7.9,,,Other,,Other,,Other,,Other,,,Other,1.1,,Other,,7,,
"1,367",KIM RIVER AT SAHOL BRIDGE OLPAD HANSOT ROAD DIST. SURAT,CPCB,24,Gujarat,442,Bharuch,OKHAMANDAL,-,-,-,-,-,-,-,-,21.461094,72.726327,04-01-2018 08:30,,,,,,6.8,,,,,,,,7.52,,,,,,,,,,,,,,,,,,,
"1,368",KIM RIVER AT SAHOL BRIDGE OLPAD HANSOT ROAD DIST. SURAT,CPCB,24,Gujarat,442,Bharuch,OKHAMANDAL,-,-,-,-,-,-,-,-,21.461094,72.726327,03-02-2018 08:30,,,,,,5.1,,,,,,,,7.47,,,,,,,,,,,,,,,,,,,
"1,369",KIM RIVER AT SAHOL BRIDGE OLPAD HANSOT ROAD DIST. SURAT,CPCB,24,Gujarat,442,Bharuch,OKHAMANDAL,-,-,-,-,-,-,-,-,21.461094,72.726327,01-03-2018 08:30,,,,,,,,,,,,,,7.54,,,,,,,,,,,,,,,,,,,
"1,370",KIM RIVER AT SAHOL BRIDGE OLPAD HANSOT ROAD DIST. SURAT,CPCB,24,Gujarat,442,Bharuch,OKHAMANDAL,-,-,-,-,-,-,-,-,21.461094,72.726327,02-04-2018 08:30,,,,,,6,,,,,,,,7.18,,,,,,,,,,,,,,,,,,,
"1,371",KIM RIVER AT SAHOL BRIDGE OLPAD HANSOT ROAD DIST. SURAT,CPCB,24,Gujarat,442,Bharuch,OKHAMANDAL,-,-,-,-,-,-,-,-,21.461094,72.726327,01-05-2018 08:30,,,,,,6,,,,,,,,7.3,,,,,,,,,,,,,,,,,,,
"1,372",KIM RIVER AT SAHOL BRIDGE OLPAD HANSOT ROAD DIST. SURAT,CPCB,24,Gujarat,442,Bharuch,OKHAMANDAL,-,-,-,-,-,-,-,-,21.461094,72.726327,01-06-2018 08:30,,,,,,5.4,,,,,,,,8.36,,,,,,,,,,,,,,,,,,,
"1,373",KIM RIVER AT SAHOL BRIDGE OLPAD HANSOT ROAD DIST. SURAT,CPCB,24,Gujarat,442,Bharuch,OKHAMANDAL,-,-,-,-,-,-,-,-,21.461094,72.726327,05-07-2018 08:30,,,,,,6,,,,,,,,7.5,,,,,,,,,,,,,,,,,,,
"1,374",KIM RIVER AT SAHOL BRIDGE OLPAD HANSOT ROAD DIST. SURAT,CPCB,24,Gujarat,442,Bharuch,OKHAMANDAL,-,-,-,-,-,-,-,-,21.461094,72.726327,03-08-2018 08:30,,,,,,6.7,,,,,,,,7.48,,,,,,,,,,,,,,,,,,,
"1,375",KIM RIVER AT SAHOL BRIDGE OLPAD HANSOT ROAD DIST. SURAT,CPCB,24,Gujarat,442,Bharuch,OKHAMANDAL,-,-,-,-,-,-,-,-,21.461094,72.726327,01-09-2018 08:30,,,,,,6.7,,,,,,,,7.43,,,,,,,,,,,,,,,,,,,
"1,376",KIM RIVER AT SAHOL BRIDGE OLPAD HANSOT ROAD DIST. SURAT,CPCB,24,Gujarat,442,Bharuch,OKHAMANDAL,-,-,-,-,-,-,-,-,21.461094,72.726327,01-10-2018 08:30,,,,,,6.8,,,,,,,,7.65,,,,,,,,,,,,,,,,,,,
"1,377",KIM RIVER AT SAHOL BRIDGE OLPAD HANSOT ROAD DIST. SURAT,CPCB,24,Gujarat,442,Bharuch,OKHAMANDAL,-,-,-,-,-,-,-,-,21.461094,72.726327,01-11-2018 08:30,,,,,,6.8,,,,,,,,7.29,,,,,,,,,,,,,,,,,,,
"1,378",KIM RIVER AT SAHOL BRIDGE OLPAD HANSOT ROAD DIST. SURAT,CPCB,24,Gujarat,442,Bharuch,OKHAMANDAL,-,-,-,-,-,-,-,-,21.461094,72.726327,03-12-2018 08:30,,,,,,6.7,,,,,,,,7.8,,,,,,,,,,,,,,,,,,,
"1,379",KIM RIVER AT SAHOL BRIDGE OLPAD HANSOT ROAD DIST. SURAT,CPCB,24,Gujarat,442,Bharuch,OKHAMANDAL,-,-,-,-,-,-,-,-,21.461094,72.726327,07-01-2019 08:30,,,,,,6.9,,,,,,,,7.7,,,,,,,,,,,,,,,,,,,
"1,380",KIM RIVER AT SAHOL BRIDGE OLPAD HANSOT ROAD DIST. SURAT,CPCB,24,Gujarat,442,Bharuch,OKHAMANDAL,-,-,-,-,-,-,-,-,21.461094,72.726327,02-02-2019 08:30,,,,,,6.9,,,,,,,,7.8,,,,,,,,,,,,,,,,,,,
"1,381",KIM RIVER AT SAHOL BRIDGE OLPAD HANSOT ROAD DIST. SURAT,CPCB,24,Gujarat,442,Bharuch,OKHAMANDAL,-,-,-,-,-,-,-,-,21.461094,72.726327,06-03-2019 08:30,,,,,,7,,,,,,,,7.7,,,,,,,,,,,,,,,,,,,
"1,382",KIM RIVER AT SAHOL BRIDGE OLPAD HANSOT ROAD DIST. SURAT,CPCB,24,Gujarat,442,Bharuch,OKHAMANDAL,-,-,-,-,-,-,-,-,21.461094,72.726327,04-04-2019 08:30,,,,,,6.3,,,,,,,,7.8,,,,,,,,,,,,,,,,,,,
"1,383",KIM RIVER AT SAHOL BRIDGE OLPAD HANSOT ROAD DIST. SURAT,CPCB,24,Gujarat,442,Bharuch,OKHAMANDAL,-,-,-,-,-,-,-,-,21.461094,72.726327,01-05-2019 08:30,,,,,,6.2,,,,,,,,7.9,,,,,,,,,,,,,,,,,,,
"1,384",KIM RIVER AT SAHOL BRIDGE OLPAD HANSOT ROAD DIST. SURAT,CPCB,24,Gujarat,442,Bharuch,OKHAMANDAL,-,-,-,-,-,-,-,-,21.461094,72.726327,03-06-2019 08:30,,,,,,6.5,,,,,,,,7.8,,,,,,,,,,,,,,,,,,,
"1,385",KIM RIVER AT SAHOL BRIDGE OLPAD HANSOT ROAD DIST. SURAT,CPCB,24,Gujarat,442,Bharuch,OKHAMANDAL,-,-,-,-,-,-,-,-,21.461094,72.726327,04-07-2019 08:30,,,,,,6.5,,,,,,,,7.4,,,,,,,,,,,,,,,,,,,
"1,386",KIM RIVER AT SAHOL BRIDGE OLPAD HANSOT ROAD DIST. SURAT,CPCB,24,Gujarat,442,Bharuch,OKHAMANDAL,-,-,-,-,-,-,-,-,21.461094,72.726327,03-08-2019 08:30,,,,,,7.3,,,,,,,,7.5,,,,,,,,,,,,,,,,,,,
"1,387",KIM RIVER AT SAHOL BRIDGE OLPAD HANSOT ROAD DIST. SURAT,CPCB,24,Gujarat,442,Bharuch,OKHAMANDAL,-,-,-,-,-,-,-,-,21.461094,72.726327,03-09-2019 08:30,,,,,,7,,,,,,,,7.7,,,,,,,,,,,,,,,,,,,
"1,388",KIM RIVER AT SAHOL BRIDGE OLPAD HANSOT ROAD DIST. SURAT,CPCB,24,Gujarat,442,Bharuch,OKHAMANDAL,-,-,-,-,-,-,-,-,21.461094,72.726327,01-10-2019 08:30,,,,,,7.1,,,,,,,,7.4,,,,,,,,,,,,,,,,,,,
"1,389",KIM RIVER AT SAHOL BRIDGE OLPAD HANSOT ROAD DIST. SURAT,CPCB,24,Gujarat,442,Bharuch,OKHAMANDAL,-,-,-,-,-,-,-,-,21.461094,72.726327,07-11-2019 08:30,,,,,,7.1,,,,,,,,7.7,,,,,,,,,,,,,,,,,,,
"1,390",KIM RIVER AT SAHOL BRIDGE OLPAD HANSOT ROAD DIST. SURAT,CPCB,24,Gujarat,442,Bharuch,OKHAMANDAL,-,-,-,-,-,-,-,-,21.461094,72.726327,04-12-2019 08:30,,,,,,7,,,,,,,,7.3,,,,,,,,,,,,,,,,,,,
"1,391",KIM RIVER AT SAHOL BRIDGE OLPAD HANSOT ROAD DIST. SURAT,CPCB,24,Gujarat,442,Bharuch,OKHAMANDAL,-,-,-,-,-,-,-,-,21.461094,72.726327,02-01-2020 08:30,0.56,,,,,6.9,,,,,,,,7.7,,,,,,,,,,,,,0.06,,,,,,
"1,392",KIM RIVER AT SAHOL BRIDGE OLPAD HANSOT ROAD DIST. SURAT,CPCB,24,Gujarat,442,Bharuch,OKHAMANDAL,-,-,-,-,-,-,-,-,21.461094,72.726327,03-02-2020 08:30,0.28,,,,,7,,,,,,,,7.4,,,Clear,,Clear,,Clear,,Clear,,,Clear,0.14,,Clear,,Clear,,
"1,393",KIM RIVER AT SAHOL BRIDGE OLPAD HANSOT ROAD DIST. SURAT,CPCB,24,Gujarat,442,Bharuch,OKHAMANDAL,-,-,-,-,-,-,-,-,21.461094,72.726327,04-03-2020 08:30,0.56,,,,,7,,,,,,,,7.1,,,Clear,,Clear,,Clear,,Clear,,,Clear,0.04,,Clear,,Clear,,
"1,394",KIM RIVER AT SAHOL BRIDGE OLPAD HANSOT ROAD DIST. SURAT,CPCB,24,Gujarat,442,Bharuch,OKHAMANDAL,-,-,-,-,-,-,-,-,21.461094,72.726327,07-04-2020 08:30,0.84,,,,,7,,,,,,,,7.2,,,Clear,,Clear,,Clear,,Clear,,,Clear,0.07,,Clear,,Clear,,
"1,395",KIM RIVER AT SAHOL BRIDGE OLPAD HANSOT ROAD DIST. SURAT,CPCB,24,Gujarat,442,Bharuch,OKHAMANDAL,-,-,-,-,-,-,-,-,21.461094,72.726327,06-05-2020 08:30,0.56,,,,,7,,,,,,,,7.1,,,Clear,,Clear,,Clear,,Clear,,,Clear,0.05,,Clear,,Clear,,
"1,396",KIM RIVER AT SAHOL BRIDGE OLPAD HANSOT ROAD DIST. SURAT,CPCB,24,Gujarat,442,Bharuch,OKHAMANDAL,-,-,-,-,-,-,-,-,21.461094,72.726327,04-06-2020 08:30,0.84,,,,,7,,,,,,,,7.4,,,Clear,,Clear,,Clear,,Clear,,,Clear,0.08,,Clear,,Clear,,
"1,397",KIM RIVER AT SAHOL BRIDGE OLPAD HANSOT ROAD DIST. SURAT,CPCB,24,Gujarat,442,Bharuch,OKHAMANDAL,-,-,-,-,-,-,-,-,21.461094,72.726327,07-07-2020 08:30,0.84,,,,,7,,,,,,,,8.2,,,Clear,,Clear,,Clear,,Clear,,,Clear,0.02,,Clear,,Clear,,
"1,398",KIM RIVER AT SAHOL BRIDGE OLPAD HANSOT ROAD DIST. SURAT,CPCB,24,Gujarat,442,Bharuch,OKHAMANDAL,-,-,-,-,-,-,-,-,21.461094,72.726327,06-08-2020 08:30,1.12,,,,,4.8,,,,,,,,7.5,,,Clear,,Clear,,Clear,,Clear,,,Clear,0.05,,Clear,,Clear,,
"1,399",KIM RIVER AT SAHOL BRIDGE OLPAD HANSOT ROAD DIST. SURAT,CPCB,24,Gujarat,442,Bharuch,OKHAMANDAL,-,-,-,-,-,-,-,-,21.461094,72.726327,01-09-2020 08:30,0.84,,,,,6.8,,,,,,,,7.2,,,Clear,,Clear,,Clear,,Clear,,,Clear,0.04,,Clear,,Clear,,
"1,400",KIM RIVER AT SAHOL BRIDGE OLPAD HANSOT ROAD DIST. SURAT,CPCB,24,Gujarat,442,Bharuch,OKHAMANDAL,-,-,-,-,-,-,-,-,21.461094,72.726327,01-10-2020 08:30,0.28,,,,,5.6,,,,,,,,7.6,,,Clear,,Clear,,Clear,,Clear,,,Clear,0.08,,Clear,,Clear,,
"1,401",KIM RIVER AT SAHOL BRIDGE OLPAD HANSOT ROAD DIST. SURAT,CPCB,24,Gujarat,442,Bharuch,OKHAMANDAL,-,-,-,-,-,-,-,-,21.461094,72.726327,02-11-2020 08:30,1.68,,,,,7.2,,,,,,,,7.6,,,Clear,,Clear,,Clear,,Clear,,,Clear,0.13,,Clear,,Clear,,
"1,402",KIM RIVER AT SAHOL BRIDGE OLPAD HANSOT ROAD DIST. SURAT,CPCB,24,Gujarat,442,Bharuch,OKHAMANDAL,-,-,-,-,-,-,-,-,21.461094,72.726327,01-12-2020 08:30,2.8,,,,,5.6,,,,,,,,7.5,,,Clear,,Clear,,Clear,,Clear,,,Clear,0.29,,Clear,,Clear,,
"1,403",KOLAK AT PATALIA BDG.,CPCB,24,Gujarat,462,Valsad,PARDI,-,-,-,-,-,-,-,-,20.461511,72.886556,05-01-2018 08:30,,,,,,5.5,,,,,,,,7.49,,,,,,,,,,,,,,,,,,,
"1,404",KOLAK AT PATALIA BDG.,CPCB,24,Gujarat,462,Valsad,PARDI,-,-,-,-,-,-,-,-,20.461511,72.886556,01-02-2018 08:30,,,,,,5.7,,,,,,,,7.88,,,,,,,,,,,,,,,,,,,
"1,405",KOLAK AT PATALIA BDG.,CPCB,24,Gujarat,462,Valsad,PARDI,-,-,-,-,-,-,-,-,20.461511,72.886556,01-03-2018 08:30,,,,,,5.4,,,,,,,,8.08,,,,,,,,,,,,,,,,,,,
"1,406",KOLAK AT PATALIA BDG.,CPCB,24,Gujarat,462,Valsad,PARDI,-,-,-,-,-,-,-,-,20.461511,72.886556,04-04-2018 08:30,,,,,,5.1,,,,,,,,7.55,,,,,,,,,,,,,,,,,,,
"1,407",KOLAK AT PATALIA BDG.,CPCB,24,Gujarat,462,Valsad,PARDI,-,-,-,-,-,-,-,-,20.461511,72.886556,01-05-2018 08:30,,,,,,5.8,,,,,,,,7.99,,,,,,,,,,,,,,,,,,,
"1,408",KOLAK AT PATALIA BDG.,CPCB,24,Gujarat,462,Valsad,PARDI,-,-,-,-,-,-,-,-,20.461511,72.886556,06-06-2018 08:30,,,,,,5.6,,,,,,,,7.6,,,,,,,,,,,,,,,,,,,
"1,409",KOLAK AT PATALIA BDG.,CPCB,24,Gujarat,462,Valsad,PARDI,-,-,-,-,-,-,-,-,20.461511,72.886556,03-07-2018 08:30,,,,,,6.2,,,,,,,,7.85,,,,,,,,,,,,,,,,,,,
"1,410",KOLAK AT PATALIA BDG.,CPCB,24,Gujarat,462,Valsad,PARDI,-,-,-,-,-,-,-,-,20.461511,72.886556,09-08-2018 08:30,,,,,,5.8,,,,,,,,6.96,,,,,,,,,,,,,,,,,,,
"1,411",KOLAK AT PATALIA BDG.,CPCB,24,Gujarat,462,Valsad,PARDI,-,-,-,-,-,-,-,-,20.461511,72.886556,05-09-2018 08:30,,,,,,6.6,,,,,,,,7.59,,,,,,,,,,,,,,,,,,,
"1,412",KOLAK AT PATALIA BDG.,CPCB,24,Gujarat,462,Valsad,PARDI,-,-,-,-,-,-,-,-,20.461511,72.886556,05-10-2018 08:30,,,,,,5.7,,,,,,,,7.52,,,,,,,,,,,,,,,,,,,
"1,413",KOLAK AT PATALIA BDG.,CPCB,24,Gujarat,462,Valsad,PARDI,-,-,-,-,-,-,-,-,20.461511,72.886556,22-11-2018 08:30,,,,,,5,,,,,,,,7.29,,,,,,,,,,,,,,,,,,,
"1,414",KOLAK AT PATALIA BDG.,CPCB,24,Gujarat,462,Valsad,PARDI,-,-,-,-,-,-,-,-,20.461511,72.886556,04-12-2018 08:30,,,,,,4,,,,,,,,7.8,,,,,,,,,,,,,,,,,,,
"1,415",KOLAK AT PATALIA BDG.,CPCB,24,Gujarat,462,Valsad,PARDI,-,-,-,-,-,-,-,-,20.461511,72.886556,03-01-2019 08:30,,,,,,4.3,,,,,,,,7.5,,,,,,,,,,,,,,,,,,,
"1,416",KOLAK AT PATALIA BDG.,CPCB,24,Gujarat,462,Valsad,PARDI,-,-,-,-,-,-,-,-,20.461511,72.886556,09-02-2019 08:30,,,,,,4.8,,,,,,,,7.3,,,,,,,,,,,,,,,,,,,
"1,417",KOLAK AT PATALIA BDG.,CPCB,24,Gujarat,462,Valsad,PARDI,-,-,-,-,-,-,-,-,20.461511,72.886556,02-03-2019 08:30,,,,,,5.4,,,,,,,,7.6,,,,,,,,,,,,,,,,,,,
"1,418",KOLAK AT PATALIA BDG.,CPCB,24,Gujarat,462,Valsad,PARDI,-,-,-,-,-,-,-,-,20.461511,72.886556,02-04-2019 08:30,,,,,,5.2,,,,,,,,8,,,,,,,,,,,,,,,,,,,
"1,419",KOLAK AT PATALIA BDG.,CPCB,24,Gujarat,462,Valsad,PARDI,-,-,-,-,-,-,-,-,20.461511,72.886556,01-05-2019 08:30,,,,,,4.6,,,,,,,,7.7,,,,,,,,,,,,,,,,,,,
"1,420",KOLAK AT PATALIA BDG.,CPCB,24,Gujarat,462,Valsad,PARDI,-,-,-,-,-,-,-,-,20.461511,72.886556,04-06-2019 08:30,,,,,,4.6,,,,,,,,7.6,,,,,,,,,,,,,,,,,,,
"1,421",KOLAK AT PATALIA BDG.,CPCB,24,Gujarat,462,Valsad,PARDI,-,-,-,-,-,-,-,-,20.461511,72.886556,03-07-2019 08:30,,,,,,4.4,,,,,,,,7.8,,,,,,,,,,,,,,,,,,,
"1,422",KOLAK AT PATALIA BDG.,CPCB,24,Gujarat,462,Valsad,PARDI,-,-,-,-,-,-,-,-,20.461511,72.886556,01-08-2019 08:30,,,,,,5.2,,,,,,,,7.2,,,,,,,,,,,,,,,,,,,
"1,423",KOLAK AT PATALIA BDG.,CPCB,24,Gujarat,462,Valsad,PARDI,-,-,-,-,-,-,-,-,20.461511,72.886556,03-09-2019 08:30,,,,,,5.2,,,,,,,,7.7,,,,,,,,,,,,,,,,,,,
"1,424",KOLAK AT PATALIA BDG.,CPCB,24,Gujarat,462,Valsad,PARDI,-,-,-,-,-,-,-,-,20.461511,72.886556,03-10-2019 08:30,,,,,,4.8,,,,,,,,7.4,,,,,,,,,,,,,,,,,,,
"1,425",KOLAK AT PATALIA BDG.,CPCB,24,Gujarat,462,Valsad,PARDI,-,-,-,-,-,-,-,-,20.461511,72.886556,05-11-2019 08:30,,,,,,4.3,,,,,,,,7.4,,,,,,,,,,,,,,,,,,,
"1,426",KOLAK AT PATALIA BDG.,CPCB,24,Gujarat,462,Valsad,PARDI,-,-,-,-,-,-,-,-,20.461511,72.886556,05-12-2019 08:30,,,,,,3.8,,,,,,,,7.6,,,,,,,,,,,,,,,,,,,
"1,427",KOLAK AT PATALIA BDG.,CPCB,24,Gujarat,462,Valsad,PARDI,-,-,-,-,-,-,-,-,20.461511,72.886556,03-01-2020 08:30,0.32,,,,,5.5,,,,,,,,7.5,,,,,,,,,,,,,0.4,,,,,,
"1,428",KOLAK AT PATALIA BDG.,CPCB,24,Gujarat,462,Valsad,PARDI,-,-,-,-,-,-,-,-,20.461511,72.886556,03-02-2020 08:30,0.59,,,,,5.9,,,,,,,,8,,,Clear,,Clear,,Clear,,Clear,,,Clear,0.41,,Clear,,Clear,,
"1,429",KOLAK AT PATALIA BDG.,CPCB,24,Gujarat,462,Valsad,PARDI,-,-,-,-,-,-,-,-,20.461511,72.886556,03-03-2020 08:30,0.43,,,,,5.4,,,,,,,,7.9,,,Clear,,Clear,,Clear,,Clear,,,Clear,0.41,,Clear,,Clear,,
"1,430",KOLAK AT PATALIA BDG.,CPCB,24,Gujarat,462,Valsad,PARDI,-,-,-,-,-,-,-,-,20.461511,72.886556,09-04-2020 08:30,0.44,,,,,5.5,,,,,,,,7.5,,,Clear,,Clear,,Clear,,Clear,,,Clear,0.38,,Clear,,Clear,,
"1,431",KOLAK AT PATALIA BDG.,CPCB,24,Gujarat,462,Valsad,PARDI,-,-,-,-,-,-,-,-,20.461511,72.886556,05-05-2020 08:30,0.15,,,,,5.9,,,,,,,,7.2,,,Clear,,Clear,,Clear,,Clear,,,Clear,0.18,,Clear,,Clear,,
"1,432",KOLAK AT PATALIA BDG.,CPCB,24,Gujarat,462,Valsad,PARDI,-,-,-,-,-,-,-,-,20.461511,72.886556,02-06-2020 08:30,0.13,,,,,5.6,,,,,,,,7.7,,,Clear,,Clear,,Clear,,Clear,,,Clear,0.27,,Clear,,Clear,,
"1,433",KOLAK AT PATALIA BDG.,CPCB,24,Gujarat,462,Valsad,PARDI,-,-,-,-,-,-,-,-,20.461511,72.886556,03-07-2020 08:30,0.98,,,,,5.2,,,,,,,,7.5,,,Clear,,Clear,,Clear,,Clear,,,Clear,0.34,,Clear,,Clear,,
"1,434",KOLAK AT PATALIA BDG.,CPCB,24,Gujarat,462,Valsad,PARDI,-,-,-,-,-,-,-,-,20.461511,72.886556,04-08-2020 08:30,Clear,,,,,6,,,,,,,,8,,,Clear,,Clear,,Clear,,Clear,,,Clear,0.28,,Clear,,Clear,,
"1,435",KOLAK AT PATALIA BDG.,CPCB,24,Gujarat,462,Valsad,PARDI,-,-,-,-,-,-,-,-,20.461511,72.886556,01-09-2020 08:30,0.28,,,,,5.8,,,,,,,,7.9,,,Clear,,Clear,,Clear,,Clear,,,Clear,0.3,,Clear,,Clear,,
"1,436",KOLAK AT PATALIA BDG.,CPCB,24,Gujarat,462,Valsad,PARDI,-,-,-,-,-,-,-,-,20.461511,72.886556,01-10-2020 08:30,0.84,,,,,6.2,,,,,,,,7.8,,,Clear,,Clear,,0.326,,Clear,,,Clear,0.27,,0.001,,Clear,,
"1,437",KOLAK AT PATALIA BDG.,CPCB,24,Gujarat,462,Valsad,PARDI,-,-,-,-,-,-,-,-,20.461511,72.886556,02-11-2020 08:30,1.68,,,,,6.3,,,,,,,,7.8,,,Clear,,Clear,,Clear,,Clear,,,Clear,0.25,,Clear,,Clear,,
"1,438",KOLAK AT PATALIA BDG.,CPCB,24,Gujarat,462,Valsad,PARDI,-,-,-,-,-,-,-,-,20.461511,72.886556,03-12-2020 08:30,0.56,,,,,6.1,,,,,,,,7.8,,,Clear,,Clear,,Clear,,Clear,,,Clear,0.26,,Clear,,Clear,,
"1,439",KOLAK AT RAILWAY BRIDGE NO. 313 VAPI VALSAD,CPCB,24,Gujarat,462,Valsad,PARDI,-,-,-,-,-,-,-,-,20.342461,72.905403,05-01-2018 08:30,,,,,,6.3,,,,,,,,7.74,,,,,,,,,,,,,,,,,,,
"1,440",KOLAK AT RAILWAY BRIDGE NO. 313 VAPI VALSAD,CPCB,24,Gujarat,462,Valsad,PARDI,-,-,-,-,-,-,-,-,20.342461,72.905403,01-02-2018 08:30,,,,,,6.5,,,,,,,,7.81,,,,,,,,,,,,,,,,,,,
"1,441",KOLAK AT RAILWAY BRIDGE NO. 313 VAPI VALSAD,CPCB,24,Gujarat,462,Valsad,PARDI,-,-,-,-,-,-,-,-,20.342461,72.905403,01-03-2018 08:30,,,,,,6.5,,,,,,,,7.93,,,,,,,,,,,,,,,,,,,
"1,442",KOLAK AT RAILWAY BRIDGE NO. 313 VAPI VALSAD,CPCB,24,Gujarat,462,Valsad,PARDI,-,-,-,-,-,-,-,-,20.342461,72.905403,04-04-2018 08:30,,,,,,6.4,,,,,,,,7.93,,,,,,,,,,,,,,,,,,,
"1,443",KOLAK AT RAILWAY BRIDGE NO. 313 VAPI VALSAD,CPCB,24,Gujarat,462,Valsad,PARDI,-,-,-,-,-,-,-,-,20.342461,72.905403,01-05-2018 08:30,,,,,,6.2,,,,,,,,7.95,,,,,,,,,,,,,,,,,,,
"1,444",KOLAK AT RAILWAY BRIDGE NO. 313 VAPI VALSAD,CPCB,24,Gujarat,462,Valsad,PARDI,-,-,-,-,-,-,-,-,20.342461,72.905403,07-06-2018 08:30,,,,,,6.5,,,,,,,,7.53,,,,,,,,,,,,,,,,,,,
"1,445",KOLAK AT RAILWAY BRIDGE NO. 313 VAPI VALSAD,CPCB,24,Gujarat,462,Valsad,PARDI,-,-,-,-,-,-,-,-,20.342461,72.905403,04-07-2018 08:30,,,,,,6.3,,,,,,,,7.99,,,,,,,,,,,,,,,,,,,
"1,446",KOLAK AT RAILWAY BRIDGE NO. 313 VAPI VALSAD,CPCB,24,Gujarat,462,Valsad,PARDI,-,-,-,-,-,-,-,-,20.342461,72.905403,09-08-2018 08:30,,,,,,6.6,,,,,,,,7.13,,,,,,,,,,,,,,,,,,,
"1,447",KOLAK AT RAILWAY BRIDGE NO. 313 VAPI VALSAD,CPCB,24,Gujarat,462,Valsad,PARDI,-,-,-,-,-,-,-,-,20.342461,72.905403,05-09-2018 08:30,,,,,,6.8,,,,,,,,7.36,,,,,,,,,,,,,,,,,,,
"1,448",KOLAK AT RAILWAY BRIDGE NO. 313 VAPI VALSAD,CPCB,24,Gujarat,462,Valsad,PARDI,-,-,-,-,-,-,-,-,20.342461,72.905403,05-10-2018 08:30,,,,,,6.5,,,,,,,,7.61,,,,,,,,,,,,,,,,,,,
"1,449",KOLAK AT RAILWAY BRIDGE NO. 313 VAPI VALSAD,CPCB,24,Gujarat,462,Valsad,PARDI,-,-,-,-,-,-,-,-,20.342461,72.905403,17-11-2018 08:30,,,,,,6.4,,,,,,,,7.49,,,,,,,,,,,,,,,,,,,
"1,450",KOLAK AT RAILWAY BRIDGE NO. 313 VAPI VALSAD,CPCB,24,Gujarat,462,Valsad,PARDI,-,-,-,-,-,-,-,-,20.342461,72.905403,04-12-2018 08:30,,,,,,5.3,,,,,,,,7.8,,,,,,,,,,,,,,,,,,,
"1,451",KOLAK AT RAILWAY BRIDGE NO. 313 VAPI VALSAD,CPCB,24,Gujarat,462,Valsad,PARDI,-,-,-,-,-,-,-,-,20.342461,72.905403,03-01-2019 08:30,,,,,,5.3,,,,,,,,7.6,,,,,,,,,,,,,,,,,,,
"1,452",KOLAK AT RAILWAY BRIDGE NO. 313 VAPI VALSAD,CPCB,24,Gujarat,462,Valsad,PARDI,-,-,-,-,-,-,-,-,20.342461,72.905403,09-02-2019 08:30,,,,,,5.4,,,,,,,,7.1,,,,,,,,,,,,,,,,,,,
"1,453",KOLAK AT RAILWAY BRIDGE NO. 313 VAPI VALSAD,CPCB,24,Gujarat,462,Valsad,PARDI,-,-,-,-,-,-,-,-,20.342461,72.905403,02-03-2019 08:30,,,,,,6.8,,,,,,,,7.9,,,,,,,,,,,,,,,,,,,
"1,454",KOLAK AT RAILWAY BRIDGE NO. 313 VAPI VALSAD,CPCB,24,Gujarat,462,Valsad,PARDI,-,-,-,-,-,-,-,-,20.342461,72.905403,02-04-2019 08:30,,,,,,7.2,,,,,,,,7.9,,,,,,,,,,,,,,,,,,,
"1,455",KOLAK AT RAILWAY BRIDGE NO. 313 VAPI VALSAD,CPCB,24,Gujarat,462,Valsad,PARDI,-,-,-,-,-,-,-,-,20.342461,72.905403,01-05-2019 08:30,,,,,,6.8,,,,,,,,7.8,,,,,,,,,,,,,,,,,,,
"1,456",KOLAK AT RAILWAY BRIDGE NO. 313 VAPI VALSAD,CPCB,24,Gujarat,462,Valsad,PARDI,-,-,-,-,-,-,-,-,20.342461,72.905403,04-06-2019 08:30,,,,,,6.6,,,,,,,,7.4,,,,,,,,,,,,,,,,,,,
"1,457",KOLAK AT RAILWAY BRIDGE NO. 313 VAPI VALSAD,CPCB,24,Gujarat,462,Valsad,PARDI,-,-,-,-,-,-,-,-,20.342461,72.905403,03-07-2019 08:30,,,,,,6.8,,,,,,,,7.9,,,,,,,,,,,,,,,,,,,
"1,458",KOLAK AT RAILWAY BRIDGE NO. 313 VAPI VALSAD,CPCB,24,Gujarat,462,Valsad,PARDI,-,-,-,-,-,-,-,-,20.342461,72.905403,01-08-2019 08:30,,,,,,6.6,,,,,,,,7.1,,,,,,,,,,,,,,,,,,,
"1,459",KOLAK AT RAILWAY BRIDGE NO. 313 VAPI VALSAD,CPCB,24,Gujarat,462,Valsad,PARDI,-,-,-,-,-,-,-,-,20.342461,72.905403,03-09-2019 08:30,,,,,,7.2,,,,,,,,7.8,,,,,,,,,,,,,,,,,,,
"1,460",KOLAK AT RAILWAY BRIDGE NO. 313 VAPI VALSAD,CPCB,24,Gujarat,462,Valsad,PARDI,-,-,-,-,-,-,-,-,20.342461,72.905403,03-10-2019 08:30,,,,,,6.8,,,,,,,,7.4,,,,,,,,,,,,,,,,,,,
"1,461",KOLAK AT RAILWAY BRIDGE NO. 313 VAPI VALSAD,CPCB,24,Gujarat,462,Valsad,PARDI,-,-,-,-,-,-,-,-,20.342461,72.905403,05-11-2019 08:30,,,,,,5.2,,,,,,,,7.2,,,,,,,,,,,,,,,,,,,
"1,462",KOLAK AT RAILWAY BRIDGE NO. 313 VAPI VALSAD,CPCB,24,Gujarat,462,Valsad,PARDI,-,-,-,-,-,-,-,-,20.342461,72.905403,07-12-2019 08:30,,,,,,5.4,,,,,,,,7.4,,,,,,,,,,,,,,,,,,,
"1,463",KOLAK AT RAILWAY BRIDGE NO. 313 VAPI VALSAD,CPCB,24,Gujarat,462,Valsad,PARDI,-,-,-,-,-,-,-,-,20.342461,72.905403,03-01-2020 08:30,0.22,,,,,5.9,,,,,,,,7.6,,,,,,,,,,,,,0.27,,,,,,
"1,464",KOLAK AT RAILWAY BRIDGE NO. 313 VAPI VALSAD,CPCB,24,Gujarat,462,Valsad,PARDI,-,-,-,-,-,-,-,-,20.342461,72.905403,03-02-2020 08:30,0.43,,,,,6.3,,,,,,,,8.3,,,Clear,,Clear,,Clear,,Clear,,,Clear,0.02,,Clear,,Clear,,
"1,465",KOLAK AT RAILWAY BRIDGE NO. 313 VAPI VALSAD,CPCB,24,Gujarat,462,Valsad,PARDI,-,-,-,-,-,-,-,-,20.342461,72.905403,03-03-2020 08:30,0.21,,,,,6.2,,,,,,,,7.5,,,Clear,,Clear,,Clear,,Clear,,,Clear,0.29,,Clear,,Clear,,
"1,466",KOLAK AT RAILWAY BRIDGE NO. 313 VAPI VALSAD,CPCB,24,Gujarat,462,Valsad,PARDI,-,-,-,-,-,-,-,-,20.342461,72.905403,09-04-2020 08:30,0.23,,,,,6.8,,,,,,,,7.7,,,Clear,,Clear,,0.1,,Clear,,,Clear,0.2,,Clear,,3.13,,
"1,467",KOLAK AT RAILWAY BRIDGE NO. 313 VAPI VALSAD,CPCB,24,Gujarat,462,Valsad,PARDI,-,-,-,-,-,-,-,-,20.342461,72.905403,05-05-2020 08:30,0.18,,,,,7,,,,,,,,7.5,,,Clear,,Clear,,Clear,,Clear,,,Clear,0.22,,Clear,,Clear,,
"1,468",KOLAK AT RAILWAY BRIDGE NO. 313 VAPI VALSAD,CPCB,24,Gujarat,462,Valsad,PARDI,-,-,-,-,-,-,-,-,20.342461,72.905403,02-06-2020 08:30,0.15,,,,,6.7,,,,,,,,7.6,,,Clear,,Clear,,Clear,,Clear,,,Clear,0.31,,Clear,,Clear,,
"1,469",KOLAK AT RAILWAY BRIDGE NO. 313 VAPI VALSAD,CPCB,24,Gujarat,462,Valsad,PARDI,-,-,-,-,-,-,-,-,20.342461,72.905403,03-07-2020 08:30,0.22,,,,,5.8,,,,,,,,8.1,,,Clear,,Clear,,Clear,,Clear,,,Clear,0.38,,Clear,,Clear,,
"1,470",KOLAK AT RAILWAY BRIDGE NO. 313 VAPI VALSAD,CPCB,24,Gujarat,462,Valsad,PARDI,-,-,-,-,-,-,-,-,20.342461,72.905403,04-08-2020 08:30,Clear,,,,,6.1,,,,,,,,7.8,,,Clear,,Clear,,Clear,,Clear,,,Clear,0.48,,Clear,,Clear,,
"1,471",KOLAK AT RAILWAY BRIDGE NO. 313 VAPI VALSAD,CPCB,24,Gujarat,462,Valsad,PARDI,-,-,-,-,-,-,-,-,20.342461,72.905403,01-09-2020 08:30,Clear,,,,,5.9,,,,,,,,7.9,,,Clear,,Clear,,Clear,,Clear,,,Clear,0.48,,Clear,,Clear,,
"1,472",KOLAK AT RAILWAY BRIDGE NO. 313 VAPI VALSAD,CPCB,24,Gujarat,462,Valsad,PARDI,-,-,-,-,-,-,-,-,20.342461,72.905403,01-10-2020 08:30,0.56,,,,,6.5,,,,,,,,7.8,,,Clear,,Clear,,0.641,,Clear,,,Clear,0.54,,0.027,,Clear,,
"1,473",KOLAK AT RAILWAY BRIDGE NO. 313 VAPI VALSAD,CPCB,24,Gujarat,462,Valsad,PARDI,-,-,-,-,-,-,-,-,20.342461,72.905403,02-11-2020 08:30,0.56,,,,,6.3,,,,,,,,7.7,,,Clear,,Clear,,Clear,,Clear,,,Clear,0.6,,Clear,,Clear,,
"1,474",KOLAK AT RAILWAY BRIDGE NO. 313 VAPI VALSAD,CPCB,24,Gujarat,462,Valsad,PARDI,-,-,-,-,-,-,-,-,20.342461,72.905403,03-12-2020 08:30,0.28,,,,,6.2,,,,,,,,7.7,,,Clear,,Clear,,Clear,,Clear,,,Clear,0.46,,Clear,,Clear,,
"1,475",KUWADAVA LAKE VILL. KUWADAVA DIST. RAJKOT.,CPCB,24,Gujarat,457,Rajkot,RAJKOT,-,-,-,-,-,-,-,-,22.357715,70.939848,18-01-2018 08:30,0.56,,,,,5.9,,,,,,,,7.48,,,,,,,,,,,,,,,,,1.97,,
"1,476",KUWADAVA LAKE VILL. KUWADAVA DIST. RAJKOT.,CPCB,24,Gujarat,457,Rajkot,RAJKOT,-,-,-,-,-,-,-,-,22.357715,70.939848,07-02-2018 08:30,0.56,,,,,6.4,,,,,,,,7.8,,,,,,,,,,,,,,,,,2.08,,
"1,477",KUWADAVA LAKE VILL. KUWADAVA DIST. RAJKOT.,CPCB,24,Gujarat,457,Rajkot,RAJKOT,-,-,-,-,-,-,-,-,22.357715,70.939848,05-03-2018 08:30,0.4,,,,,5.2,,,,,,,,7.39,,,,,,,,,,,,,,,,,1.97,,
"1,478",KUWADAVA LAKE VILL. KUWADAVA DIST. RAJKOT.,CPCB,24,Gujarat,457,Rajkot,RAJKOT,-,-,-,-,-,-,-,-,22.357715,70.939848,07-04-2018 08:30,2.35,,,,,7.1,,,,,,,,7.46,,,,,,,,,,,,,,,,,3.7,,
"1,479",KUWADAVA LAKE VILL. KUWADAVA DIST. RAJKOT.,CPCB,24,Gujarat,457,Rajkot,RAJKOT,-,-,-,-,-,-,-,-,22.357715,70.939848,03-05-2018 08:30,6.89,,,,,5,,,,,,,,7.22,,,,,,,,,,,,,,,,,3.82,,
"1,480",KUWADAVA LAKE VILL. KUWADAVA DIST. RAJKOT.,CPCB,24,Gujarat,457,Rajkot,RAJKOT,-,-,-,-,-,-,-,-,22.357715,70.939848,30-07-2018 08:30,0.79,,,,,6.5,,,,,,,,8.1,,,,,,,,,,,,,,,,,2.99,,
"1,481",KUWADAVA LAKE VILL. KUWADAVA DIST. RAJKOT.,CPCB,24,Gujarat,457,Rajkot,RAJKOT,-,-,-,-,-,-,-,-,22.357715,70.939848,09-08-2018 08:30,0.53,,,,,4.5,,,,,,,,8,,,,,,,,,,,,,,,,,3.03,,
"1,482",KUWADAVA LAKE VILL. KUWADAVA DIST. RAJKOT.,CPCB,24,Gujarat,457,Rajkot,RAJKOT,-,-,-,-,-,-,-,-,22.357715,70.939848,01-09-2018 08:30,0.4,,,,,7.2,,,,,,,,7.91,,,,,,,,,,,,,,,,,2.12,,
"1,483",KUWADAVA LAKE VILL. KUWADAVA DIST. RAJKOT.,CPCB,24,Gujarat,457,Rajkot,RAJKOT,-,-,-,-,-,-,-,-,22.357715,70.939848,25-10-2018 08:30,0.4,,,,,5.8,,,,,,,,7.6,,,,,,,,,,,,,,,,,3.97,,
"1,484",KUWADAVA LAKE VILL. KUWADAVA DIST. RAJKOT.,CPCB,24,Gujarat,457,Rajkot,RAJKOT,-,-,-,-,-,-,-,-,22.357715,70.939848,06-08-2019 08:30,,,,,,5.4,,,,,,,,7.8,,,,,,,,,,,,,,,,,0.84,,
"1,485",KUWADAVA LAKE VILL. KUWADAVA DIST. RAJKOT.,CPCB,24,Gujarat,457,Rajkot,RAJKOT,-,-,-,-,-,-,-,-,22.357715,70.939848,04-09-2019 08:30,1.7,,,,,6.8,,,,,,,,7.8,,,,,,,,,,,,,,,,,1.35,,
"1,486",KUWADAVA LAKE VILL. KUWADAVA DIST. RAJKOT.,CPCB,24,Gujarat,457,Rajkot,RAJKOT,-,-,-,-,-,-,-,-,22.357715,70.939848,05-10-2019 08:30,,,,,,6.1,,,,,,,,7.7,,,,,,,,,,,,,,,,,1.11,,
"1,487",KUWADAVA LAKE VILL. KUWADAVA DIST. RAJKOT.,CPCB,24,Gujarat,457,Rajkot,RAJKOT,-,-,-,-,-,-,-,-,22.357715,70.939848,06-11-2019 08:30,0.6,,,,,5.8,,,,,,,,8.3,,,,,,,,,,,,,,,,,1.89,,
"1,488",KUWADAVA LAKE VILL. KUWADAVA DIST. RAJKOT.,CPCB,24,Gujarat,457,Rajkot,RAJKOT,-,-,-,-,-,-,-,-,22.357715,70.939848,04-12-2019 08:30,0.5,,,,,6.7,,,,,,,,7.8,,,,,,,,,,,,,,,,,1.83,,
"1,489",KUWADAVA LAKE VILL. KUWADAVA DIST. RAJKOT.,CPCB,24,Gujarat,457,Rajkot,RAJKOT,-,-,-,-,-,-,-,-,22.357715,70.939848,28-01-2020 08:30,0.28,,,,,6.2,,,,,,,,7.9,,,,,,,,,,,,,0.08,,,,1.95,,
"1,490",KUWADAVA LAKE VILL. KUWADAVA DIST. RAJKOT.,CPCB,24,Gujarat,457,Rajkot,RAJKOT,-,-,-,-,-,-,-,-,22.357715,70.939848,05-02-2020 08:30,0.28,,,,,7.2,,,,,,,,8,,,Clear,,Clear,,Clear,,Clear,,,Clear,0.08,,Clear,,1.99,,
"1,491",KUWADAVA LAKE VILL. KUWADAVA DIST. RAJKOT.,CPCB,24,Gujarat,457,Rajkot,RAJKOT,-,-,-,-,-,-,-,-,22.357715,70.939848,02-03-2020 08:30,0.28,,,,,6.8,,,,,,,,8,,,Clear,,Clear,,Clear,,Clear,,,Clear,0.09,,Clear,,1.86,,
"1,492",KUWADAVA LAKE VILL. KUWADAVA DIST. RAJKOT.,CPCB,24,Gujarat,457,Rajkot,RAJKOT,-,-,-,-,-,-,-,-,22.357715,70.939848,07-04-2020 08:30,0.27,,,,,5.8,,,,,,,,8.1,,,Clear,,Clear,,Clear,,Clear,,,Clear,0.07,,Clear,,3.16,,
"1,493",KUWADAVA LAKE VILL. KUWADAVA DIST. RAJKOT.,CPCB,24,Gujarat,457,Rajkot,RAJKOT,-,-,-,-,-,-,-,-,22.357715,70.939848,11-05-2020 08:30,0.28,,,,,5.6,,,,,,,,7.9,,,Clear,,Clear,,Clear,,Clear,,,Clear,Clear,,Clear,,1.88,,
"1,494",KUWADAVA LAKE VILL. KUWADAVA DIST. RAJKOT.,CPCB,24,Gujarat,457,Rajkot,RAJKOT,-,-,-,-,-,-,-,-,22.357715,70.939848,09-06-2020 08:30,0.55,,,,,6.4,,,,,,,,8,,,Clear,,Clear,,Clear,,Clear,,,Clear,0.03,,Clear,,1.92,,
"1,495",KUWADAVA LAKE VILL. KUWADAVA DIST. RAJKOT.,CPCB,24,Gujarat,457,Rajkot,RAJKOT,-,-,-,-,-,-,-,-,22.357715,70.939848,01-07-2020 08:30,0.28,,,,,5.8,,,,,,,,7.3,,,Clear,,Clear,,Clear,,Clear,,,Clear,0.07,,Clear,,3.73,,
"1,496",KUWADAVA LAKE VILL. KUWADAVA DIST. RAJKOT.,CPCB,24,Gujarat,457,Rajkot,RAJKOT,-,-,-,-,-,-,-,-,22.357715,70.939848,11-08-2020 08:30,0.27,,,,,6.9,,,,,,,,7.8,,,Clear,,Clear,,Clear,,Clear,,,Clear,0.31,,Clear,,1.76,,
"1,497",KUWADAVA LAKE VILL. KUWADAVA DIST. RAJKOT.,CPCB,24,Gujarat,457,Rajkot,RAJKOT,-,-,-,-,-,-,-,-,22.357715,70.939848,05-09-2020 08:30,0.28,,,,,4.2,,,,,,,,8.3,,,Clear,,Clear,,Clear,,Clear,,,Clear,0.19,,Clear,,2.05,,
"1,498",KUWADAVA LAKE VILL. KUWADAVA DIST. RAJKOT.,CPCB,24,Gujarat,457,Rajkot,RAJKOT,-,-,-,-,-,-,-,-,22.357715,70.939848,04-11-2020 08:30,0.28,,,,,7.3,,,,,,,,8.2,,,Clear,,Clear,,Clear,,Clear,,,Clear,0.06,,Clear,,2.01,,
"1,499",LAKHOTA TALAV JAMNAGAR,CPCB,24,Gujarat,447,Jamnagar,JAMNAGAR,-,-,-,-,-,-,-,-,22.465119,70.068231,04-01-2018 08:30,0.84,,,,,6.6,,,,,,,,7.03,,,,,,,,,,,,,,,,,,,
"1,500",LAKHOTA TALAV JAMNAGAR,CPCB,24,Gujarat,447,Jamnagar,JAMNAGAR,-,-,-,-,-,-,-,-,22.465119,70.068231,01-02-2018 08:30,1.12,,,,,6.3,,,,,,,,7.54,,,,,,,,,,,,,,,,,,,
"1,501",LAKHOTA TALAV JAMNAGAR,CPCB,24,Gujarat,447,Jamnagar,JAMNAGAR,-,-,-,-,-,-,-,-,22.465119,70.068231,03-03-2018 08:30,0.84,,,,,4.6,,,,,,,,8.2,,,,,,,,,,,,,,,,,,,
"1,502",LAKHOTA TALAV JAMNAGAR,CPCB,24,Gujarat,447,Jamnagar,JAMNAGAR,-,-,-,-,-,-,-,-,22.465119,70.068231,02-04-2018 08:30,1.12,,,,,5.2,,,,,,,,8.47,,,,,,,,,,,,,,,,,3.38,,
"1,503",LAKHOTA TALAV JAMNAGAR,CPCB,24,Gujarat,447,Jamnagar,JAMNAGAR,-,-,-,-,-,-,-,-,22.465119,70.068231,04-05-2018 08:30,1.4,,,,,5.6,,,,,,,,7.68,,,,,,,,,,,,,,,,,,,
"1,504",LAKHOTA TALAV JAMNAGAR,CPCB,24,Gujarat,447,Jamnagar,JAMNAGAR,-,-,-,-,-,-,-,-,22.465119,70.068231,04-06-2018 08:30,1.4,,,,,5.5,,,,,,,,7.87,,,,,,,,,,,,,,,,,,,
"1,505",LAKHOTA TALAV JAMNAGAR,CPCB,24,Gujarat,447,Jamnagar,JAMNAGAR,-,-,-,-,-,-,-,-,22.465119,70.068231,02-07-2018 08:30,1.12,,,,,5.6,,,,,,,,7.92,,,,,,,,,,,,,,,,,,,
"1,506",LAKHOTA TALAV JAMNAGAR,CPCB,24,Gujarat,447,Jamnagar,JAMNAGAR,-,-,-,-,-,-,-,-,22.465119,70.068231,01-08-2018 08:30,1.12,,,,,5.8,,,,,,,,7.58,,,,,,,,,,,,,,,,,,,
"1,507",LAKHOTA TALAV JAMNAGAR,CPCB,24,Gujarat,447,Jamnagar,JAMNAGAR,-,-,-,-,-,-,-,-,22.465119,70.068231,01-09-2018 08:30,1.4,,,,,6.3,,,,,,,,7.14,,,,,,,,,,,,,,,,,,,
"1,508",LAKHOTA TALAV JAMNAGAR,CPCB,24,Gujarat,447,Jamnagar,JAMNAGAR,-,-,-,-,-,-,-,-,22.465119,70.068231,12-10-2018 08:30,1.12,,,,,6,,,,,,,,7.54,,,,,,,,,,,,,,,,,1.88,,
"1,509",LAKHOTA TALAV JAMNAGAR,CPCB,24,Gujarat,447,Jamnagar,JAMNAGAR,-,-,-,-,-,-,-,-,22.465119,70.068231,01-11-2018 08:30,2.24,,,,,5.8,,,,,,,,7.78,,,,,,,,,,,,,,,,,,,
"1,510",LAKHOTA TALAV JAMNAGAR,CPCB,24,Gujarat,447,Jamnagar,JAMNAGAR,-,-,-,-,-,-,-,-,22.465119,70.068231,04-12-2018 08:30,2.24,,,,,5.6,,,,,,,,7.94,,,,,,,,,,,,,,,,,,,
"1,511",LAKHOTA TALAV JAMNAGAR,CPCB,24,Gujarat,447,Jamnagar,JAMNAGAR,-,-,-,-,-,-,-,-,22.465119,70.068231,01-01-2019 08:30,1.7,,,,,5.8,,,,,,,,7.8,,,,,,,,,,,,,,,,,,,
"1,512",LAKHOTA TALAV JAMNAGAR,CPCB,24,Gujarat,447,Jamnagar,JAMNAGAR,-,-,-,-,-,-,-,-,22.465119,70.068231,01-02-2019 08:30,1.4,,,,,6.4,,,,,,,,7.5,,,,,,,,,,,,,,,,,,,
"1,513",LAKHOTA TALAV JAMNAGAR,CPCB,24,Gujarat,447,Jamnagar,JAMNAGAR,-,-,-,-,-,-,-,-,22.465119,70.068231,05-03-2019 08:30,1.1,,,,,6.6,,,,,,,,7.9,,,,,,,,,,,,,,,,,,,
"1,514",LAKHOTA TALAV JAMNAGAR,CPCB,24,Gujarat,447,Jamnagar,JAMNAGAR,-,-,-,-,-,-,-,-,22.465119,70.068231,08-04-2019 08:30,1.4,,,,,6.5,,,,,,,,8.2,,,,,,,,,,,,,,,,,,,
"1,515",LAKHOTA TALAV JAMNAGAR,CPCB,24,Gujarat,447,Jamnagar,JAMNAGAR,-,-,-,-,-,-,-,-,22.465119,70.068231,03-06-2019 08:30,,,,,,5.8,,,,,,,,7.1,,,,,,,,,,,,,,,,,,,
"1,516",LAKHOTA TALAV JAMNAGAR,CPCB,24,Gujarat,447,Jamnagar,JAMNAGAR,-,-,-,-,-,-,-,-,22.465119,70.068231,05-08-2019 08:30,,,,,,5.8,,,,,,,,7.2,,,,,,,,,,,,,,,,,,,
"1,517",LAKHOTA TALAV JAMNAGAR,CPCB,24,Gujarat,447,Jamnagar,JAMNAGAR,-,-,-,-,-,-,-,-,22.465119,70.068231,04-10-2019 08:30,,,,,,5.4,,,,,,,,7.7,,,,,,,,,,,,,,,,,,,
"1,518",LAKHOTA TALAV JAMNAGAR,CPCB,24,Gujarat,447,Jamnagar,JAMNAGAR,-,-,-,-,-,-,-,-,22.465119,70.068231,05-12-2019 08:30,,,,,,6.1,,,,,,,,7.9,,,,,,,,,,,,,,,,,,,
"1,519",LAKHOTA TALAV JAMNAGAR,CPCB,24,Gujarat,447,Jamnagar,JAMNAGAR,-,-,-,-,-,-,-,-,22.465119,70.068231,03-02-2020 08:30,Clear,,,,,5.8,,,,,,,,8.4,,,Clear,,Clear,,Clear,,Clear,,,Clear,0.27,,Clear,,Clear,,
"1,520",LAKHOTA TALAV JAMNAGAR,CPCB,24,Gujarat,447,Jamnagar,JAMNAGAR,-,-,-,-,-,-,-,-,22.465119,70.068231,06-04-2020 08:30,Clear,,,,,6.2,,,,,,,,8.2,,,0.001,,0.005,,0.013,,Clear,,,Clear,0.29,,0.004,,Clear,,
"1,521",LAKHOTA TALAV JAMNAGAR,CPCB,24,Gujarat,447,Jamnagar,JAMNAGAR,-,-,-,-,-,-,-,-,22.465119,70.068231,01-06-2020 08:30,Clear,,,,,6.3,,,,,,,,8.1,,,Clear,,Clear,,Clear,,Clear,,,Clear,0.29,,Clear,,Clear,,
"1,522",LAKHOTA TALAV JAMNAGAR,CPCB,24,Gujarat,447,Jamnagar,JAMNAGAR,-,-,-,-,-,-,-,-,22.465119,70.068231,11-08-2020 08:30,Clear,,,,,2.6,,,,,,,,7.1,,,Clear,,Clear,,Clear,,Clear,,,Clear,0.3,,Clear,,Clear,,
"1,523",LAKHOTA TALAV JAMNAGAR,CPCB,24,Gujarat,447,Jamnagar,JAMNAGAR,-,-,-,-,-,-,-,-,22.465119,70.068231,06-10-2020 08:30,0.56,,,,,3.2,,,,,,,,7.7,,,Clear,,Clear,,0.163,,Clear,,,Clear,Clear,,0.002,,Clear,,
"1,524",LAKHOTA TALAV JAMNAGAR,CPCB,24,Gujarat,447,Jamnagar,JAMNAGAR,-,-,-,-,-,-,-,-,22.465119,70.068231,01-12-2020 08:30,Clear,,,,,3.3,,,,,,,,8.22,,,Clear,,Clear,,Clear,,Clear,,,Clear,Clear,,Clear,,Clear,,
"1,525",MACHHU-II DAM RAFLESHWAR MORBI RAJKOT,CPCB,24,Gujarat,457,Rajkot,MORVI,-,-,-,-,-,-,-,-,22.762517,70.864837,02-01-2018 08:30,,,,,,5.8,,,,,,,,7.55,,,,,,,,,,,,,,,,,,,
"1,526",MACHHU-II DAM RAFLESHWAR MORBI RAJKOT,CPCB,24,Gujarat,457,Rajkot,MORVI,-,-,-,-,-,-,-,-,22.762517,70.864837,03-02-2018 08:30,,,,,,5.8,,,,,,,,7.55,,,,,,,,,,,,,,,,,,,
"1,527",MACHHU-II DAM RAFLESHWAR MORBI RAJKOT,CPCB,24,Gujarat,457,Rajkot,MORVI,-,-,-,-,-,-,-,-,22.762517,70.864837,08-03-2018 08:30,,,,,,6.4,,,,,,,,7.65,,,,,,,,,,,,,,,,,,,
"1,528",MACHHU-II DAM RAFLESHWAR MORBI RAJKOT,CPCB,24,Gujarat,457,Rajkot,MORVI,-,-,-,-,-,-,-,-,22.762517,70.864837,03-04-2018 08:30,0.4,,,,,6.4,,,,,,,,8.15,,,,,,,,,,,,,,,,,,,
"1,529",MACHHU-II DAM RAFLESHWAR MORBI RAJKOT,CPCB,24,Gujarat,457,Rajkot,MORVI,-,-,-,-,-,-,-,-,22.762517,70.864837,22-05-2018 08:30,1.39,,,,,5.4,,,,,,,,8.02,,,,,,,,,,,,,,,,,,,
"1,530",MACHHU-II DAM RAFLESHWAR MORBI RAJKOT,CPCB,24,Gujarat,457,Rajkot,MORVI,-,-,-,-,-,-,-,-,22.762517,70.864837,04-06-2018 08:30,0.4,,,,,5.9,,,,,,,,7.39,,,,,,,,,,,,,,,,,,,
"1,531",MACHHU-II DAM RAFLESHWAR MORBI RAJKOT,CPCB,24,Gujarat,457,Rajkot,MORVI,-,-,-,-,-,-,-,-,22.762517,70.864837,02-07-2018 08:30,0.4,,,,,5.4,,,,,,,,7.99,,,,,,,,,,,,,,,,,,,
"1,532",MACHHU-II DAM RAFLESHWAR MORBI RAJKOT,CPCB,24,Gujarat,457,Rajkot,MORVI,-,-,-,-,-,-,-,-,22.762517,70.864837,02-08-2018 08:30,0.4,,,,,5.5,,,,,,,,8.06,,,,,,,,,,,,,,,,,,,
"1,533",MACHHU-II DAM RAFLESHWAR MORBI RAJKOT,CPCB,24,Gujarat,457,Rajkot,MORVI,-,-,-,-,-,-,-,-,22.762517,70.864837,06-09-2018 08:30,0.4,,,,,6.5,,,,,,,,8.11,,,,,,,,,,,,,,,,,,,
"1,534",MACHHU-II DAM RAFLESHWAR MORBI RAJKOT,CPCB,24,Gujarat,457,Rajkot,MORVI,-,-,-,-,-,-,-,-,22.762517,70.864837,24-10-2018 08:30,0.4,,,,,6.8,,,,,,,,7.84,,,,,,,,,,,,,,,,,,,
"1,535",MACHHU-II DAM RAFLESHWAR MORBI RAJKOT,CPCB,24,Gujarat,457,Rajkot,MORVI,-,-,-,-,-,-,-,-,22.762517,70.864837,01-11-2018 08:30,0.4,,,,,3.3,,,,,,,,7.66,,,,,,,,,,,,,,,,,,,
"1,536",MACHHU-II DAM RAFLESHWAR MORBI RAJKOT,CPCB,24,Gujarat,457,Rajkot,MORVI,-,-,-,-,-,-,-,-,22.762517,70.864837,04-12-2018 08:30,0.4,,,,,6.6,,,,,,,,7.4,,,,,,,,,,,,,,,,,,,
"1,537",MACHHU-II DAM RAFLESHWAR MORBI RAJKOT,CPCB,24,Gujarat,457,Rajkot,MORVI,-,-,-,-,-,-,-,-,22.762517,70.864837,01-01-2019 08:30,,,,,,7.7,,,,,,,,8.2,,,,,,,,,,,,,,,,,,,
"1,538",MACHHU-II DAM RAFLESHWAR MORBI RAJKOT,CPCB,24,Gujarat,457,Rajkot,MORVI,-,-,-,-,-,-,-,-,22.762517,70.864837,08-02-2019 08:30,,,,,,7.2,,,,,,,,7.8,,,,,,,,,,,,,,,,,,,
"1,539",MACHHU-II DAM RAFLESHWAR MORBI RAJKOT,CPCB,24,Gujarat,457,Rajkot,MORVI,-,-,-,-,-,-,-,-,22.762517,70.864837,01-03-2019 08:30,,,,,,6.6,,,,,,,,8.2,,,,,,,,,,,,,,,,,,,
"1,540",MACHHU-II DAM RAFLESHWAR MORBI RAJKOT,CPCB,24,Gujarat,457,Rajkot,MORVI,-,-,-,-,-,-,-,-,22.762517,70.864837,04-04-2019 08:30,,,,,,5.9,,,,,,,,8.2,,,,,,,,,,,,,,,,,,,
"1,541",MACHHU-II DAM RAFLESHWAR MORBI RAJKOT,CPCB,24,Gujarat,457,Rajkot,MORVI,-,-,-,-,-,-,-,-,22.762517,70.864837,03-05-2019 08:30,,,,,,5.4,,,,,,,,7.8,,,,,,,,,,,,,,,,,,,
"1,542",MACHHU-II DAM RAFLESHWAR MORBI RAJKOT,CPCB,24,Gujarat,457,Rajkot,MORVI,-,-,-,-,-,-,-,-,22.762517,70.864837,01-06-2019 08:30,0.5,,,,,5.6,,,,,,,,7.8,,,,,,,,,,,,,,,,,,,
"1,543",MACHHU-II DAM RAFLESHWAR MORBI RAJKOT,CPCB,24,Gujarat,457,Rajkot,MORVI,-,-,-,-,-,-,-,-,22.762517,70.864837,02-07-2019 08:30,0.5,,,,,5.4,,,,,,,,7.8,,,,,,,,,,,,,,,,,,,
"1,544",MACHHU-II DAM RAFLESHWAR MORBI RAJKOT,CPCB,24,Gujarat,457,Rajkot,MORVI,-,-,-,-,-,-,-,-,22.762517,70.864837,03-08-2019 08:30,,,,,,5,,,,,,,,8.3,,,,,,,,,,,,,,,,,,,
"1,545",MACHHU-II DAM RAFLESHWAR MORBI RAJKOT,CPCB,24,Gujarat,457,Rajkot,MORVI,-,-,-,-,-,-,-,-,22.762517,70.864837,04-09-2019 08:30,,,,,,6.8,,,,,,,,7.6,,,,,,,,,,,,,,,,,,,
"1,546",MACHHU-II DAM RAFLESHWAR MORBI RAJKOT,CPCB,24,Gujarat,457,Rajkot,MORVI,-,-,-,-,-,-,-,-,22.762517,70.864837,03-10-2019 08:30,,,,,,6,,,,,,,,7.8,,,,,,,,,,,,,,,,,,,
"1,547",MACHHU-II DAM RAFLESHWAR MORBI RAJKOT,CPCB,24,Gujarat,457,Rajkot,MORVI,-,-,-,-,-,-,-,-,22.762517,70.864837,06-11-2019 08:30,,,,,,6.5,,,,,,,,8.2,,,,,,,,,,,,,,,,,,,
"1,548",MACHHU-II DAM RAFLESHWAR MORBI RAJKOT,CPCB,24,Gujarat,457,Rajkot,MORVI,-,-,-,-,-,-,-,-,22.762517,70.864837,03-12-2019 08:30,,,,,,5.3,,,,,,,,7.9,,,,,,,,,,,,,,,,,,,
"1,549",MACHHU-II DAM RAFLESHWAR MORBI RAJKOT,CPCB,24,Gujarat,457,Rajkot,MORVI,-,-,-,-,-,-,-,-,22.762517,70.864837,02-01-2020 08:30,0.27,,,,,7.2,,,,,,,,8.2,,,,,,,,,,,,,0.04,,,,,,
"1,550",MACHHU-II DAM RAFLESHWAR MORBI RAJKOT,CPCB,24,Gujarat,457,Rajkot,MORVI,-,-,-,-,-,-,-,-,22.762517,70.864837,03-02-2020 08:30,0.55,,,,,6.5,,,,,,,,8,,,Clear,,Clear,,Clear,,Clear,,,Clear,0.04,,Clear,,Clear,,
"1,551",MACHHU-II DAM RAFLESHWAR MORBI RAJKOT,CPCB,24,Gujarat,457,Rajkot,MORVI,-,-,-,-,-,-,-,-,22.762517,70.864837,02-03-2020 08:30,0.28,,,,,5.4,,,,,,,,8.4,,,Clear,,Clear,,Clear,,Clear,,,Clear,0.06,,Clear,,Clear,,
"1,552",MACHHU-II DAM RAFLESHWAR MORBI RAJKOT,CPCB,24,Gujarat,457,Rajkot,MORVI,-,-,-,-,-,-,-,-,22.762517,70.864837,07-04-2020 08:30,0.27,,,,,6.5,,,,,,,,8.3,,,Clear,,Clear,,Clear,,Clear,,,Clear,0.03,,Clear,,Clear,,
"1,553",MACHHU-II DAM RAFLESHWAR MORBI RAJKOT,CPCB,24,Gujarat,457,Rajkot,MORVI,-,-,-,-,-,-,-,-,22.762517,70.864837,02-05-2020 08:30,0.27,,,,,6.1,,,,,,,,6.4,,,Clear,,Clear,,Clear,,Clear,,,Clear,Clear,,Clear,,Clear,,
"1,554",MACHHU-II DAM RAFLESHWAR MORBI RAJKOT,CPCB,24,Gujarat,457,Rajkot,MORVI,-,-,-,-,-,-,-,-,22.762517,70.864837,01-06-2020 08:30,0.27,,,,,6.9,,,,,,,,8.3,,,Clear,,Clear,,Clear,,Clear,,,Clear,0.03,,Clear,,Clear,,
"1,555",MACHHU-II DAM RAFLESHWAR MORBI RAJKOT,CPCB,24,Gujarat,457,Rajkot,MORVI,-,-,-,-,-,-,-,-,22.762517,70.864837,01-07-2020 08:30,0.28,,,,,6.7,,,,,,,,8,,,Clear,,Clear,,Clear,,Clear,,,Clear,0.1,,Clear,,Clear,,
"1,556",MACHHU-II DAM RAFLESHWAR MORBI RAJKOT,CPCB,24,Gujarat,457,Rajkot,MORVI,-,-,-,-,-,-,-,-,22.762517,70.864837,10-08-2020 08:30,0.28,,,,,6.8,,,,,,,,8.2,,,Clear,,Clear,,Clear,,Clear,,,Clear,0.09,,Clear,,Clear,,
"1,557",MACHHU-II DAM RAFLESHWAR MORBI RAJKOT,CPCB,24,Gujarat,457,Rajkot,MORVI,-,-,-,-,-,-,-,-,22.762517,70.864837,05-09-2020 08:30,0.28,,,,,7,,,,,,,,8.1,,,Clear,,Clear,,Clear,,Clear,,,Clear,0.07,,Clear,,Clear,,
"1,558",MACHHU-II DAM RAFLESHWAR MORBI RAJKOT,CPCB,24,Gujarat,457,Rajkot,MORVI,-,-,-,-,-,-,-,-,22.762517,70.864837,06-10-2020 08:30,0.28,,,,,6.7,,,,,,,,8,,,Clear,,Clear,,Clear,,Clear,,,Clear,0.03,,Clear,,Clear,,
"1,559",MACHHU-II DAM RAFLESHWAR MORBI RAJKOT,CPCB,24,Gujarat,457,Rajkot,MORVI,-,-,-,-,-,-,-,-,22.762517,70.864837,05-11-2020 08:30,Clear,,,,,7.1,,,,,,,,8.5,,,Clear,,Clear,,Clear,,Clear,,,Clear,0.15,,Clear,,Clear,,
"1,560",MACHHU-II DAM RAFLESHWAR MORBI RAJKOT,CPCB,24,Gujarat,457,Rajkot,MORVI,-,-,-,-,-,-,-,-,22.762517,70.864837,03-12-2020 08:30,0.28,,,,,5.5,,,,,,,,8.4,,,Clear,,Clear,,Clear,,Clear,,,Clear,0,,Clear,,Clear,,
"1,561",MAHI AT MUJPUR,CPCB,24,Gujarat,440,Anand,ANKLAV,-,-,-,-,-,-,-,-,22.254744,72.982618,05-01-2018 08:30,,,,,,6.8,,,,,,,,8.11,,,,,,,,,,,,,,,,,,,
"1,562",MAHI AT MUJPUR,CPCB,24,Gujarat,440,Anand,ANKLAV,-,-,-,-,-,-,-,-,22.254744,72.982618,02-02-2018 08:30,,,,,,7.1,,,,,,,,8.23,,,,,,,,,,,,,,,,,,,
"1,563",MAHI AT MUJPUR,CPCB,24,Gujarat,440,Anand,ANKLAV,-,-,-,-,-,-,-,-,22.254744,72.982618,07-03-2018 08:30,,,,,,6.2,,,,,,,,8.72,,,,,,,,,,,,,,,,,,,
"1,564",MAHI AT MUJPUR,CPCB,24,Gujarat,440,Anand,ANKLAV,-,-,-,-,-,-,-,-,22.254744,72.982618,07-04-2018 08:30,,,,,,7.3,,,,,,,,8.5,,,,,,,,,,,,,,,,,,,
"1,565",MAHI AT MUJPUR,CPCB,24,Gujarat,440,Anand,ANKLAV,-,-,-,-,-,-,-,-,22.254744,72.982618,07-05-2018 08:30,,,,,,6.7,,,,,,,,8.5,,,,,,,,,,,,,,,,,,,
"1,566",MAHI AT MUJPUR,CPCB,24,Gujarat,440,Anand,ANKLAV,-,-,-,-,-,-,-,-,22.254744,72.982618,07-06-2018 08:30,,,,,,6.3,,,,,,,,8.41,,,,,,,,,,,,,,,,,,,
"1,567",MAHI AT MUJPUR,CPCB,24,Gujarat,440,Anand,ANKLAV,-,-,-,-,-,-,-,-,22.254744,72.982618,07-07-2018 08:30,,,,,,7.1,,,,,,,,8.5,,,,,,,,,,,,,,,,,,,
"1,568",MAHI AT MUJPUR,CPCB,24,Gujarat,440,Anand,ANKLAV,-,-,-,-,-,-,-,-,22.254744,72.982618,08-08-2018 08:30,,,,,,5.4,,,,,,,,8.43,,,,,,,,,,,,,,,,,,,
"1,569",MAHI AT MUJPUR,CPCB,24,Gujarat,440,Anand,ANKLAV,-,-,-,-,-,-,-,-,22.254744,72.982618,05-09-2018 08:30,,,,,,7.8,,,,,,,,8.56,,,,,,,,,,,,,,,,,,,
"1,570",MAHI AT MUJPUR,CPCB,24,Gujarat,440,Anand,ANKLAV,-,-,-,-,-,-,-,-,22.254744,72.982618,03-10-2018 08:30,,,,,,7.1,,,,,,,,8.5,,,,,,,,,,,,,,,,,,,
"1,571",MAHI AT MUJPUR,CPCB,24,Gujarat,440,Anand,ANKLAV,-,-,-,-,-,-,-,-,22.254744,72.982618,01-11-2018 08:30,,,,,,6.1,,,,,,,,8.2,,,,,,,,,,,,,,,,,,,
"1,572",MAHI AT MUJPUR,CPCB,24,Gujarat,440,Anand,ANKLAV,-,-,-,-,-,-,-,-,22.254744,72.982618,06-12-2018 08:30,,,,,,6.1,,,,,,,,8.5,,,,,,,,,,,,,,,,,,,
"1,573",MAHI AT MUJPUR,CPCB,24,Gujarat,440,Anand,ANKLAV,-,-,-,-,-,-,-,-,22.254744,72.982618,03-01-2019 08:30,,,,,,6.3,,,,,,,,8.5,,,,,,,,,,,,,,,,,,,
"1,574",MAHI AT MUJPUR,CPCB,24,Gujarat,440,Anand,ANKLAV,-,-,-,-,-,-,-,-,22.254744,72.982618,06-02-2019 08:30,,,,,,7.1,,,,,,,,8.5,,,,,,,,,,,,,,,,,,,
"1,575",MAHI AT MUJPUR,CPCB,24,Gujarat,440,Anand,ANKLAV,-,-,-,-,-,-,-,-,22.254744,72.982618,07-03-2019 08:30,,,,,,6.8,,,,,,,,8.5,,,,,,,,,,,,,,,,,,,
"1,576",MAHI AT MUJPUR,CPCB,24,Gujarat,440,Anand,ANKLAV,-,-,-,-,-,-,-,-,22.254744,72.982618,04-04-2019 08:30,,,,,,6.9,,,,,,,,8.5,,,,,,,,,,,,,,,,,,,
"1,577",MAHI AT MUJPUR,CPCB,24,Gujarat,440,Anand,ANKLAV,-,-,-,-,-,-,-,-,22.254744,72.982618,04-05-2019 08:30,,,,,,6.3,,,,,,,,8.4,,,,,,,,,,,,,,,,,,,
"1,578",MAHI AT MUJPUR,CPCB,24,Gujarat,440,Anand,ANKLAV,-,-,-,-,-,-,-,-,22.254744,72.982618,03-06-2019 08:30,,,,,,6.9,,,,,,,,8.2,,,,,,,,,,,,,,,,,,,
"1,579",MAHI AT MUJPUR,CPCB,24,Gujarat,440,Anand,ANKLAV,-,-,-,-,-,-,-,-,22.254744,72.982618,04-07-2019 08:30,,,,,,6.1,,,,,,,,8.4,,,,,,,,,,,,,,,,,,,
"1,580",MAHI AT MUJPUR,CPCB,24,Gujarat,440,Anand,ANKLAV,-,-,-,-,-,-,-,-,22.254744,72.982618,16-08-2019 08:30,,,,,,6.2,,,,,,,,7.7,,,,,,,,,,,,,,,,,,,
"1,581",MAHI AT MUJPUR,CPCB,24,Gujarat,440,Anand,ANKLAV,-,-,-,-,-,-,-,-,22.254744,72.982618,06-09-2019 08:30,,,,,,7.4,,,,,,,,7.9,,,,,,,,,,,,,,,,,,,
"1,582",MAHI AT MUJPUR,CPCB,24,Gujarat,440,Anand,ANKLAV,-,-,-,-,-,-,-,-,22.254744,72.982618,04-10-2019 08:30,,,,,,6.7,,,,,,,,8,,,,,,,,,,,,,,,,,,,
"1,583",MAHI AT MUJPUR,CPCB,24,Gujarat,440,Anand,ANKLAV,-,-,-,-,-,-,-,-,22.254744,72.982618,05-11-2019 08:30,,,,,,7.1,,,,,,,,8.2,,,,,,,,,,,,,,,,,,,
"1,584",MAHI AT MUJPUR,CPCB,24,Gujarat,440,Anand,ANKLAV,-,-,-,-,-,-,-,-,22.254744,72.982618,07-12-2019 08:30,,,,,,8.3,,,,,,,,8,,,,,,,,,,,,,,,,,,,
"1,585",MAHI AT MUJPUR,CPCB,24,Gujarat,440,Anand,ANKLAV,-,-,-,-,-,-,-,-,22.254744,72.982618,03-01-2020 08:30,0.56,,,,,7.8,,,,,,,,8,,,,,,,,,,,,,0.5,,,,,,
"1,586",MAHI AT MUJPUR,CPCB,24,Gujarat,440,Anand,ANKLAV,-,-,-,-,-,-,-,-,22.254744,72.982618,04-02-2020 08:30,0.56,,,,,6.9,,,,,,,,8.4,,,Clear,,Clear,,Clear,,Clear,,,Clear,0.38,,Clear,,Clear,,
"1,587",MAHI AT MUJPUR,CPCB,24,Gujarat,440,Anand,ANKLAV,-,-,-,-,-,-,-,-,22.254744,72.982618,03-03-2020 08:30,Other,,,,,7,,,,,,,,8.3,,,Other,,Other,,Other,,Other,,,Other,0.48,,Other,,Other,,
"1,588",MAHI AT MUJPUR,CPCB,24,Gujarat,440,Anand,ANKLAV,-,-,-,-,-,-,-,-,22.254744,72.982618,07-04-2020 08:30,0.56,,,,,6.5,,,,,,,,8.1,,,Other,,Other,,0.06,,Other,,,Other,0.44,,Other,,Other,,
"1,589",MAHI AT MUJPUR,CPCB,24,Gujarat,440,Anand,ANKLAV,-,-,-,-,-,-,-,-,22.254744,72.982618,04-05-2020 08:30,0.58,,,,,6.9,,,,,,,,8.4,,,Clear,,Clear,,Clear,,Clear,,,Clear,0.54,,Clear,,Clear,,
"1,590",MAHI AT MUJPUR,CPCB,24,Gujarat,440,Anand,ANKLAV,-,-,-,-,-,-,-,-,22.254744,72.982618,02-06-2020 08:30,0.56,,,,,6.6,,,,,,,,8.4,,,Clear,,Clear,,Clear,,Clear,,,Clear,0.46,,Clear,,Clear,,
"1,591",MAHI AT MUJPUR,CPCB,24,Gujarat,440,Anand,ANKLAV,-,-,-,-,-,-,-,-,22.254744,72.982618,03-07-2020 08:30,Clear,,,,,7.2,,,,,,,,8.5,,,Clear,,Clear,,Clear,,Clear,,,Clear,0.08,,Clear,,Clear,,
"1,592",MAHI AT MUJPUR,CPCB,24,Gujarat,440,Anand,ANKLAV,-,-,-,-,-,-,-,-,22.254744,72.982618,06-08-2020 08:30,Clear,,,,,1.3,,,,,,,,8,,,Clear,,Clear,,Clear,,Clear,,,Clear,0.17,,Clear,,Clear,,
"1,593",MAHI AT MUJPUR,CPCB,24,Gujarat,440,Anand,ANKLAV,-,-,-,-,-,-,-,-,22.254744,72.982618,05-09-2020 08:30,Clear,,,,,7.5,,,,,,,,7.8,,,Clear,,Clear,,Clear,,Clear,,,Clear,0.49,,Clear,,Clear,,
"1,594",MAHI AT MUJPUR,CPCB,24,Gujarat,440,Anand,ANKLAV,-,-,-,-,-,-,-,-,22.254744,72.982618,05-10-2020 08:30,Clear,,,,,7.9,,,,,,,,8.4,,,Clear,,Clear,,Clear,,Clear,,,Clear,0.09,,Clear,,Clear,,
"1,595",MAHI AT MUJPUR,CPCB,24,Gujarat,440,Anand,ANKLAV,-,-,-,-,-,-,-,-,22.254744,72.982618,04-11-2020 08:30,Clear,,,,,7.6,,,,,,,,8.2,,,Clear,,Clear,,Clear,,Clear,,,Clear,0.42,,Clear,,Clear,,
"1,596",MAHI AT MUJPUR,CPCB,24,Gujarat,440,Anand,ANKLAV,-,-,-,-,-,-,-,-,22.254744,72.982618,03-12-2020 08:30,Clear,,,,,7.6,,,,,,,,8.2,,,Clear,,Clear,,Clear,,Clear,,,Clear,0.36,,Clear,,Clear,,
"1,597",MAHI AT SEVALIA,CPCB,24,Gujarat,450,Kheda,THASRA,-,-,-,-,-,-,-,-,22.81225,73.359778,02-01-2018 08:30,,,,,,7.7,,,,,,,,8.42,,,,,,,,,,,,,,,,,,,
"1,598",MAHI AT SEVALIA,CPCB,24,Gujarat,450,Kheda,THASRA,-,-,-,-,-,-,-,-,22.81225,73.359778,06-02-2018 08:30,,,,,,7.7,,,,,,,,8.38,,,,,,,,,,,,,,,,,,,
"1,599",MAHI AT SEVALIA,CPCB,24,Gujarat,450,Kheda,THASRA,-,-,-,-,-,-,-,-,22.81225,73.359778,05-03-2018 08:30,,,,,,6.4,,,,,,,,8.33,,,,,,,,,,,,,,,,,,,
"1,600",MAHI AT SEVALIA,CPCB,24,Gujarat,450,Kheda,THASRA,-,-,-,-,-,-,-,-,22.81225,73.359778,04-04-2018 08:30,,,,,,6.9,,,,,,,,8.5,,,,,,,,,,,,,,,,,,,
"1,601",MAHI AT SEVALIA,CPCB,24,Gujarat,450,Kheda,THASRA,-,-,-,-,-,-,-,-,22.81225,73.359778,01-05-2018 08:30,,,,,,7.8,,,,,,,,8.43,,,,,,,,,,,,,,,,,,,
"1,602",MAHI AT SEVALIA,CPCB,24,Gujarat,450,Kheda,THASRA,-,-,-,-,-,-,-,-,22.81225,73.359778,02-06-2018 08:30,,,,,,6.2,,,,,,,,8.7,,,,,,,,,,,,,,,,,,,
"1,603",MAHI AT SEVALIA,CPCB,24,Gujarat,450,Kheda,THASRA,-,-,-,-,-,-,-,-,22.81225,73.359778,02-07-2018 08:30,,,,,,6.9,,,,,,,,8.5,,,,,,,,,,,,,,,,,,,
"1,604",MAHI AT SEVALIA,CPCB,24,Gujarat,450,Kheda,THASRA,-,-,-,-,-,-,-,-,22.81225,73.359778,01-08-2018 08:30,,,,,,6.8,,,,,,,,8.5,,,,,,,,,,,,,,,,,,,
"1,605",MAHI AT SEVALIA,CPCB,24,Gujarat,450,Kheda,THASRA,-,-,-,-,-,-,-,-,22.81225,73.359778,06-09-2018 08:30,,,,,,8.6,,,,,,,,8.5,,,,,,,,,,,,,,,,,,,
"1,606",MAHI AT SEVALIA,CPCB,24,Gujarat,450,Kheda,THASRA,-,-,-,-,-,-,-,-,22.81225,73.359778,05-10-2018 08:30,,,,,,7.9,,,,,,,,8.5,,,,,,,,,,,,,,,,,,,
"1,607",MAHI AT SEVALIA,CPCB,24,Gujarat,450,Kheda,THASRA,-,-,-,-,-,-,-,-,22.81225,73.359778,01-11-2018 08:30,,,,,,7.8,,,,,,,,8.5,,,,,,,,,,,,,,,,,,,
"1,608",MAHI AT SEVALIA,CPCB,24,Gujarat,450,Kheda,THASRA,-,-,-,-,-,-,-,-,22.81225,73.359778,03-12-2018 08:30,,,,,,7.9,,,,,,,,8.46,,,,,,,,,,,,,,,,,,,
"1,609",MAHI AT SEVALIA,CPCB,24,Gujarat,450,Kheda,THASRA,-,-,-,-,-,-,-,-,22.81225,73.359778,01-01-2019 08:30,,,,,,7.9,,,,,,,,7.8,,,,,,,,,,,,,,,,,,,
"1,610",MAHI AT SEVALIA,CPCB,24,Gujarat,450,Kheda,THASRA,-,-,-,-,-,-,-,-,22.81225,73.359778,05-02-2019 08:30,,,,,,7.1,,,,,,,,8.5,,,,,,,,,,,,,,,,,,,
"1,611",MAHI AT SEVALIA,CPCB,24,Gujarat,450,Kheda,THASRA,-,-,-,-,-,-,-,-,22.81225,73.359778,05-03-2019 08:30,,,,,,6.3,,,,,,,,8.5,,,,,,,,,,,,,,,,,,,
"1,612",MAHI AT SEVALIA,CPCB,24,Gujarat,450,Kheda,THASRA,-,-,-,-,-,-,-,-,22.81225,73.359778,02-04-2019 08:30,,,,,,8,,,,,,,,8.5,,,,,,,,,,,,,,,,,,,
"1,613",MAHI AT SEVALIA,CPCB,24,Gujarat,450,Kheda,THASRA,-,-,-,-,-,-,-,-,22.81225,73.359778,01-05-2019 08:30,,,,,,7.6,,,,,,,,8.4,,,,,,,,,,,,,,,,,,,
"1,614",MAHI AT SEVALIA,CPCB,24,Gujarat,450,Kheda,THASRA,-,-,-,-,-,-,-,-,22.81225,73.359778,01-06-2019 08:30,,,,,,7.3,,,,,,,,8.4,,,,,,,,,,,,,,,,,,,
"1,615",MAHI AT SEVALIA,CPCB,24,Gujarat,450,Kheda,THASRA,-,-,-,-,-,-,-,-,22.81225,73.359778,05-07-2019 08:30,,,,,,7.7,,,,,,,,7.6,,,,,,,,,,,,,,,,,,,
"1,616",MAHI AT SEVALIA,CPCB,24,Gujarat,450,Kheda,THASRA,-,-,-,-,-,-,-,-,22.81225,73.359778,02-08-2019 08:30,,,,,,7.6,,,,,,,,7.8,,,,,,,,,,,,,,,,,,,
"1,617",MAHI AT SEVALIA,CPCB,24,Gujarat,450,Kheda,THASRA,-,-,-,-,-,-,-,-,22.81225,73.359778,04-09-2019 08:30,,,,,,5.3,,,,,,,,8,,,,,,,,,,,,,,,,,,,
"1,618",MAHI AT SEVALIA,CPCB,24,Gujarat,450,Kheda,THASRA,-,-,-,-,-,-,-,-,22.81225,73.359778,04-10-2019 08:30,,,,,,7.2,,,,,,,,7.8,,,,,,,,,,,,,,,,,,,
"1,619",MAHI AT SEVALIA,CPCB,24,Gujarat,450,Kheda,THASRA,-,-,-,-,-,-,-,-,22.81225,73.359778,02-11-2019 08:30,,,,,,7.7,,,,,,,,7.7,,,,,,,,,,,,,,,,,,,
"1,620",MAHI AT SEVALIA,CPCB,24,Gujarat,450,Kheda,THASRA,-,-,-,-,-,-,-,-,22.81225,73.359778,04-12-2019 08:30,,,,,,7.4,,,,,,,,7.8,,,,,,,,,,,,,,,,,,,
"1,621",MAHI AT SEVALIA,CPCB,24,Gujarat,450,Kheda,THASRA,-,-,-,-,-,-,-,-,22.81225,73.359778,03-01-2020 08:30,0.56,,,,,8.2,,,,,,,,8.2,,,,,,,,,,,,,0.38,,,,0.75,,
"1,622",MAHI AT SEVALIA,CPCB,24,Gujarat,450,Kheda,THASRA,-,-,-,-,-,-,-,-,22.81225,73.359778,03-02-2020 08:30,0.56,,,,,7.8,,,,,,,,8.2,,,Clear,,Clear,,Clear,,Clear,,,Clear,0.36,,Clear,,3.58,,
"1,623",MAHI AT SEVALIA,CPCB,24,Gujarat,450,Kheda,THASRA,-,-,-,-,-,-,-,-,22.81225,73.359778,06-03-2020 08:30,Clear,,,,,7.8,,,,,,,,8.3,,,Clear,,Clear,,Clear,,Clear,,,Clear,0.02,,Clear,,2.38,,
"1,624",MAHI AT SEVALIA,CPCB,24,Gujarat,450,Kheda,THASRA,-,-,-,-,-,-,-,-,22.81225,73.359778,07-04-2020 08:30,0.28,,,,,7.9,,,,,,,,7.8,,,Clear,,Clear,,0.06,,Clear,,,Clear,0.52,,Clear,,3.63,,
"1,625",MAHI AT SEVALIA,CPCB,24,Gujarat,450,Kheda,THASRA,-,-,-,-,-,-,-,-,22.81225,73.359778,06-05-2020 08:30,0.28,,,,,8.5,,,,,,,,8.1,,,Clear,,Clear,,Clear,,Clear,,,Clear,0.26,,Clear,,1.05,,
"1,626",MAHI AT SEVALIA,CPCB,24,Gujarat,450,Kheda,THASRA,-,-,-,-,-,-,-,-,22.81225,73.359778,04-06-2020 08:30,0.56,,,,,8.8,,,,,,,,8.2,,,Clear,,Clear,,Clear,,Clear,,,Clear,0.52,,Clear,,1.66,,
"1,627",MAHI AT SEVALIA,CPCB,24,Gujarat,450,Kheda,THASRA,-,-,-,-,-,-,-,-,22.81225,73.359778,03-07-2020 08:30,0.27,,,,,8.6,,,,,,,,8.4,,,Clear,,Clear,,Clear,,Clear,,,Clear,0.1,,Clear,,1.34,,
"1,628",MAHI AT SEVALIA,CPCB,24,Gujarat,450,Kheda,THASRA,-,-,-,-,-,-,-,-,22.81225,73.359778,06-08-2020 08:30,0.67,,,,,6.3,,,,,,,,8.6,,,Clear,,Clear,,Clear,,Clear,,,Clear,0.11,,Clear,,1.34,,
"1,629",MAHI AT SEVALIA,CPCB,24,Gujarat,450,Kheda,THASRA,-,-,-,-,-,-,-,-,22.81225,73.359778,01-09-2020 08:30,0.31,,,,,8.3,,,,,,,,7.3,,,Other,,Other,,Other,,Other,,,Other,0.61,,Other,,0.53,,
"1,630",MAHI AT SEVALIA,CPCB,24,Gujarat,450,Kheda,THASRA,-,-,-,-,-,-,-,-,22.81225,73.359778,06-10-2020 08:30,Clear,,,,,8.3,,,,,,,,7.35,,,Clear,,Clear,,Clear,,Clear,,,Clear,Clear,,Clear,,1.54,,
"1,631",MAHI AT SEVALIA,CPCB,24,Gujarat,450,Kheda,THASRA,-,-,-,-,-,-,-,-,22.81225,73.359778,02-11-2020 08:30,0.5,,,,,8.5,,,,,,,,7.7,,,Clear,,Clear,,Clear,,Clear,,,Clear,0.22,,Clear,,0.89,,
"1,632",MAHI AT SEVALIA,CPCB,24,Gujarat,450,Kheda,THASRA,-,-,-,-,-,-,-,-,22.81225,73.359778,03-12-2020 08:30,0.45,,,,,8.5,,,,,,,,7.9,,,Clear,,Clear,,0.057,,Clear,,,Clear,0.38,,Clear,,1.04,,
"1,633",MAHI AT SHERKHI BRIDGE,CPCB,24,Gujarat,440,Anand,ANKLAV,-,-,-,-,-,-,-,-,22.342339,73.054185,05-01-2018 08:30,,,,,,7.4,,,,,,,,8.37,,,,,,,,,,,,,,,,,,,
"1,634",MAHI AT SHERKHI BRIDGE,CPCB,24,Gujarat,440,Anand,ANKLAV,-,-,-,-,-,-,-,-,22.342339,73.054185,02-02-2018 08:30,,,,,,6.5,,,,,,,,8.38,,,,,,,,,,,,,,,,,,,
"1,635",MAHI AT SHERKHI BRIDGE,CPCB,24,Gujarat,440,Anand,ANKLAV,-,-,-,-,-,-,-,-,22.342339,73.054185,07-03-2018 08:30,,,,,,6.7,,,,,,,,8.82,,,,,,,,,,,,,,,,,,,
"1,636",MAHI AT SHERKHI BRIDGE,CPCB,24,Gujarat,440,Anand,ANKLAV,-,-,-,-,-,-,-,-,22.342339,73.054185,07-04-2018 08:30,,,,,,7.8,,,,,,,,8.49,,,,,,,,,,,,,,,,,,,
"1,637",MAHI AT SHERKHI BRIDGE,CPCB,24,Gujarat,440,Anand,ANKLAV,-,-,-,-,-,-,-,-,22.342339,73.054185,07-05-2018 08:30,,,,,,7.8,,,,,,,,8.5,,,,,,,,,,,,,,,,,,,
"1,638",MAHI AT SHERKHI BRIDGE,CPCB,24,Gujarat,440,Anand,ANKLAV,-,-,-,-,-,-,-,-,22.342339,73.054185,07-06-2018 08:30,,,,,,6.9,,,,,,,,8.6,,,,,,,,,,,,,,,,,,,
"1,639",MAHI AT SHERKHI BRIDGE,CPCB,24,Gujarat,440,Anand,ANKLAV,-,-,-,-,-,-,-,-,22.342339,73.054185,07-07-2018 08:30,,,,,,7.8,,,,,,,,8.5,,,,,,,,,,,,,,,,,,,
"1,640",MAHI AT SHERKHI BRIDGE,CPCB,24,Gujarat,440,Anand,ANKLAV,-,-,-,-,-,-,-,-,22.342339,73.054185,07-08-2018 08:30,,,,,,8.1,,,,,,,,8.23,,,,,,,,,,,,,,,,,,,
"1,641",MAHI AT SHERKHI BRIDGE,CPCB,24,Gujarat,440,Anand,ANKLAV,-,-,-,-,-,-,-,-,22.342339,73.054185,05-09-2018 08:30,,,,,,8.2,,,,,,,,8.5,,,,,,,,,,,,,,,,,,,
"1,642",MAHI AT SHERKHI BRIDGE,CPCB,24,Gujarat,440,Anand,ANKLAV,-,-,-,-,-,-,-,-,22.342339,73.054185,03-10-2018 08:30,,,,,,8.3,,,,,,,,8.5,,,,,,,,,,,,,,,,,,,
"1,643",MAHI AT SHERKHI BRIDGE,CPCB,24,Gujarat,440,Anand,ANKLAV,-,-,-,-,-,-,-,-,22.342339,73.054185,01-11-2018 08:30,,,,,,7.8,,,,,,,,8.5,,,,,,,,,,,,,,,,,,,
"1,644",MAHI AT SHERKHI BRIDGE,CPCB,24,Gujarat,440,Anand,ANKLAV,-,-,-,-,-,-,-,-,22.342339,73.054185,07-12-2018 08:30,,,,,,7.3,,,,,,,,8.5,,,,,,,,,,,,,,,,,,,
"1,645",MAHI AT SHERKHI BRIDGE,CPCB,24,Gujarat,440,Anand,ANKLAV,-,-,-,-,-,-,-,-,22.342339,73.054185,03-01-2019 08:30,,,,,,7.5,,,,,,,,8.5,,,,,,,,,,,,,,,,,,,
"1,646",MAHI AT SHERKHI BRIDGE,CPCB,24,Gujarat,440,Anand,ANKLAV,-,-,-,-,-,-,-,-,22.342339,73.054185,06-02-2019 08:30,,,,,,7.8,,,,,,,,8.5,,,,,,,,,,,,,,,,,,,
"1,647",MAHI AT SHERKHI BRIDGE,CPCB,24,Gujarat,440,Anand,ANKLAV,-,-,-,-,-,-,-,-,22.342339,73.054185,07-03-2019 08:30,,,,,,7.2,,,,,,,,8.3,,,,,,,,,,,,,,,,,,,
"1,648",MAHI AT SHERKHI BRIDGE,CPCB,24,Gujarat,440,Anand,ANKLAV,-,-,-,-,-,-,-,-,22.342339,73.054185,04-04-2019 08:30,,,,,,7.8,,,,,,,,8.5,,,,,,,,,,,,,,,,,,,
"1,649",MAHI AT SHERKHI BRIDGE,CPCB,24,Gujarat,440,Anand,ANKLAV,-,-,-,-,-,-,-,-,22.342339,73.054185,04-05-2019 08:30,,,,,,7.7,,,,,,,,8.4,,,,,,,,,,,,,,,,,,,
"1,650",MAHI AT SHERKHI BRIDGE,CPCB,24,Gujarat,440,Anand,ANKLAV,-,-,-,-,-,-,-,-,22.342339,73.054185,03-06-2019 08:30,,,,,,7.2,,,,,,,,8.4,,,,,,,,,,,,,,,,,,,
"1,651",MAHI AT SHERKHI BRIDGE,CPCB,24,Gujarat,440,Anand,ANKLAV,-,-,-,-,-,-,-,-,22.342339,73.054185,04-07-2019 08:30,,,,,,7.2,,,,,,,,8.4,,,,,,,,,,,,,,,,,,,
"1,652",MAHI AT SHERKHI BRIDGE,CPCB,24,Gujarat,440,Anand,ANKLAV,-,-,-,-,-,-,-,-,22.342339,73.054185,16-08-2019 08:30,,,,,,,,,,,,,,7.2,,,,,,,,,,,,,,,,,,,
"1,653",MAHI AT SHERKHI BRIDGE,CPCB,24,Gujarat,440,Anand,ANKLAV,-,-,-,-,-,-,-,-,22.342339,73.054185,06-09-2019 08:30,,,,,,7.4,,,,,,,,7.7,,,,,,,,,,,,,,,,,,,
"1,654",MAHI AT SHERKHI BRIDGE,CPCB,24,Gujarat,440,Anand,ANKLAV,-,-,-,-,-,-,-,-,22.342339,73.054185,04-10-2019 08:30,,,,,,7.8,,,,,,,,8,,,,,,,,,,,,,,,,,,,
"1,655",MAHI AT SHERKHI BRIDGE,CPCB,24,Gujarat,440,Anand,ANKLAV,-,-,-,-,-,-,-,-,22.342339,73.054185,05-11-2019 08:30,,,,,,7.8,,,,,,,,8.3,,,,,,,,,,,,,,,,,,,
"1,656",MAHI AT SHERKHI BRIDGE,CPCB,24,Gujarat,440,Anand,ANKLAV,-,-,-,-,-,-,-,-,22.342339,73.054185,07-12-2019 08:30,,,,,,8,,,,,,,,8.3,,,,,,,,,,,,,,,,,,,
"1,657",MAHI AT SHERKHI BRIDGE,CPCB,24,Gujarat,440,Anand,ANKLAV,-,-,-,-,-,-,-,-,22.342339,73.054185,03-01-2020 08:30,0.56,,,,,8.1,,,,,,,,8.4,,,,,,,,,,,,,0.46,,,,,,
"1,658",MAHI AT SHERKHI BRIDGE,CPCB,24,Gujarat,440,Anand,ANKLAV,-,-,-,-,-,-,-,-,22.342339,73.054185,04-02-2020 08:30,0.59,,,,,7.8,,,,,,,,8.5,,,Clear,,Clear,,Clear,,Clear,,,Clear,0.42,,Clear,,Clear,,
"1,659",MAHI AT SHERKHI BRIDGE,CPCB,24,Gujarat,440,Anand,ANKLAV,-,-,-,-,-,-,-,-,22.342339,73.054185,03-03-2020 08:30,Clear,,,,,7.3,,,,,,,,8.3,,,Clear,,Clear,,Clear,,Clear,,,Clear,0.4,,Clear,,Clear,,
"1,660",MAHI AT SHERKHI BRIDGE,CPCB,24,Gujarat,440,Anand,ANKLAV,-,-,-,-,-,-,-,-,22.342339,73.054185,07-04-2020 08:30,0.56,,,,,8.2,,,,,,,,8.3,,,Clear,,Clear,,Clear,,Clear,,,Clear,0.54,,Clear,,Clear,,
"1,661",MAHI AT SHERKHI BRIDGE,CPCB,24,Gujarat,440,Anand,ANKLAV,-,-,-,-,-,-,-,-,22.342339,73.054185,04-05-2020 08:30,0.56,,,,,8.4,,,,,,,,8.4,,,Clear,,Clear,,Clear,,Clear,,,Clear,0.54,,Clear,,Clear,,
"1,662",MAHI AT SHERKHI BRIDGE,CPCB,24,Gujarat,440,Anand,ANKLAV,-,-,-,-,-,-,-,-,22.342339,73.054185,02-06-2020 08:30,0.26,,,,,8.3,,,,,,,,8.3,,,Clear,,Clear,,Clear,,Clear,,,Clear,0.5,,Clear,,Clear,,
"1,663",MAHI AT SHERKHI BRIDGE,CPCB,24,Gujarat,440,Anand,ANKLAV,-,-,-,-,-,-,-,-,22.342339,73.054185,03-07-2020 08:30,Clear,,,,,2.3,,,,,,,,8.5,,,Clear,,Clear,,Clear,,Clear,,,Clear,0.09,,Clear,,Clear,,
"1,664",MAHI AT SHERKHI BRIDGE,CPCB,24,Gujarat,440,Anand,ANKLAV,-,-,-,-,-,-,-,-,22.342339,73.054185,06-08-2020 08:30,Clear,,,,,8.2,,,,,,,,8.8,,,Clear,,Clear,,Clear,,Clear,,,Clear,0.19,,Clear,,Clear,,
"1,665",MAHI AT SHERKHI BRIDGE,CPCB,24,Gujarat,440,Anand,ANKLAV,-,-,-,-,-,-,-,-,22.342339,73.054185,05-09-2020 08:30,Clear,,,,,7.2,,,,,,,,8,,,Clear,,Clear,,Clear,,Clear,,,Clear,0.45,,Clear,,Clear,,
"1,666",MAHI AT SHERKHI BRIDGE,CPCB,24,Gujarat,440,Anand,ANKLAV,-,-,-,-,-,-,-,-,22.342339,73.054185,05-10-2020 08:30,Clear,,,,,8.2,,,,,,,,8.3,,,Clear,,Clear,,Clear,,Clear,,,Clear,0.08,,Clear,,Clear,,
"1,667",MAHI AT SHERKHI BRIDGE,CPCB,24,Gujarat,440,Anand,ANKLAV,-,-,-,-,-,-,-,-,22.342339,73.054185,04-11-2020 08:30,Clear,,,,,8.6,,,,,,,,8,,,Clear,,Clear,,Clear,,Clear,,,Clear,0.14,,Clear,,Clear,,
"1,668",MAHI AT SHERKHI BRIDGE,CPCB,24,Gujarat,440,Anand,ANKLAV,-,-,-,-,-,-,-,-,22.342339,73.054185,03-12-2020 08:30,0.73,,,,,5.6,,,,,,,,8.3,,,Clear,,Clear,,Clear,,Clear,,,Clear,0.35,,Clear,,Clear,,
"1,669",MAHI AT UMETA BRIDGE,CPCB,24,Gujarat,440,Anand,ANKLAV,-,-,-,-,-,-,-,-,22.342298,73.052575,02-01-2018 08:30,,,,,,7.6,,,,,,,,8.23,,,,,,,,,,,,,,,,,,,
"1,670",MAHI AT UMETA BRIDGE,CPCB,24,Gujarat,440,Anand,ANKLAV,-,-,-,-,-,-,-,-,22.342298,73.052575,06-02-2018 08:30,,,,,,7.5,,,,,,,,8.5,,,,,,,,,,,,,,,,,,,
"1,671",MAHI AT UMETA BRIDGE,CPCB,24,Gujarat,440,Anand,ANKLAV,-,-,-,-,-,-,-,-,22.342298,73.052575,01-03-2018 08:30,,,,,,7.2,,,,,,,,8.24,,,,,,,,,,,,,,,,,,,
"1,672",MAHI AT UMETA BRIDGE,CPCB,24,Gujarat,440,Anand,ANKLAV,-,-,-,-,-,-,-,-,22.342298,73.052575,03-04-2018 08:30,,,,,,7.5,,,,,,,,8.5,,,,,,,,,,,,,,,,,,,
"1,673",MAHI AT UMETA BRIDGE,CPCB,24,Gujarat,440,Anand,ANKLAV,-,-,-,-,-,-,-,-,22.342298,73.052575,04-05-2018 08:30,,,,,,8.1,,,,,,,,8.5,,,,,,,,,,,,,,,,,,,
"1,674",MAHI AT UMETA BRIDGE,CPCB,24,Gujarat,440,Anand,ANKLAV,-,-,-,-,-,-,-,-,22.342298,73.052575,07-06-2018 08:30,,,,,,7.8,,,,,,,,8.5,,,,,,,,,,,,,,,,,,,
"1,675",MAHI AT UMETA BRIDGE,CPCB,24,Gujarat,440,Anand,ANKLAV,-,-,-,-,-,-,-,-,22.342298,73.052575,06-07-2018 08:30,,,,,,7.8,,,,,,,,8.48,,,,,,,,,,,,,,,,,,,
"1,676",MAHI AT UMETA BRIDGE,CPCB,24,Gujarat,440,Anand,ANKLAV,-,-,-,-,-,-,-,-,22.342298,73.052575,01-08-2018 08:30,,,,,,7.8,,,,,,,,7.81,,,,,,,,,,,,,,,,,,,
"1,677",MAHI AT UMETA BRIDGE,CPCB,24,Gujarat,440,Anand,ANKLAV,-,-,-,-,-,-,-,-,22.342298,73.052575,04-09-2018 08:30,,,,,,8.4,,,,,,,,8.24,,,,,,,,,,,,,,,,,,,
"1,678",MAHI AT UMETA BRIDGE,CPCB,24,Gujarat,440,Anand,ANKLAV,-,-,-,-,-,-,-,-,22.342298,73.052575,01-10-2018 08:30,,,,,,7.9,,,,,,,,8.5,,,,,,,,,,,,,,,,,,,
"1,679",MAHI AT UMETA BRIDGE,CPCB,24,Gujarat,440,Anand,ANKLAV,-,-,-,-,-,-,-,-,22.342298,73.052575,02-11-2018 08:30,,,,,,7.8,,,,,,,,8.47,,,,,,,,,,,,,,,,,,,
"1,680",MAHI AT UMETA BRIDGE,CPCB,24,Gujarat,440,Anand,ANKLAV,-,-,-,-,-,-,-,-,22.342298,73.052575,07-12-2018 08:30,,,,,,7.8,,,,,,,,8.5,,,,,,,,,,,,,,,,,,,
"1,681",MAHI AT UMETA BRIDGE,CPCB,24,Gujarat,440,Anand,ANKLAV,-,-,-,-,-,-,-,-,22.342298,73.052575,04-01-2019 08:30,,,,,,7.9,,,,,,,,8.5,,,,,,,,,,,,,,,,,,,
"1,682",MAHI AT UMETA BRIDGE,CPCB,24,Gujarat,440,Anand,ANKLAV,-,-,-,-,-,-,-,-,22.342298,73.052575,02-02-2019 08:30,,,,,,7.9,,,,,,,,8.4,,,,,,,,,,,,,,,,,,,
"1,683",MAHI AT UMETA BRIDGE,CPCB,24,Gujarat,440,Anand,ANKLAV,-,-,-,-,-,-,-,-,22.342298,73.052575,01-03-2019 08:30,,,,,,7.3,,,,,,,,8.5,,,,,,,,,,,,,,,,,,,
"1,684",MAHI AT UMETA BRIDGE,CPCB,24,Gujarat,440,Anand,ANKLAV,-,-,-,-,-,-,-,-,22.342298,73.052575,02-04-2019 08:30,,,,,,7.9,,,,,,,,8.5,,,,,,,,,,,,,,,,,,,
"1,685",MAHI AT UMETA BRIDGE,CPCB,24,Gujarat,440,Anand,ANKLAV,-,-,-,-,-,-,-,-,22.342298,73.052575,04-05-2019 08:30,,,,,,7.9,,,,,,,,8.4,,,,,,,,,,,,,,,,,,,
"1,686",MAHI AT UMETA BRIDGE,CPCB,24,Gujarat,440,Anand,ANKLAV,-,-,-,-,-,-,-,-,22.342298,73.052575,01-06-2019 08:30,,,,,,7.2,,,,,,,,8.4,,,,,,,,,,,,,,,,,,,
"1,687",MAHI AT UMETA BRIDGE,CPCB,24,Gujarat,440,Anand,ANKLAV,-,-,-,-,-,-,-,-,22.342298,73.052575,02-07-2019 08:30,,,,,,7.1,,,,,,,,8.4,,,,,,,,,,,,,,,,,,,
"1,688",MAHI AT UMETA BRIDGE,CPCB,24,Gujarat,440,Anand,ANKLAV,-,-,-,-,-,-,-,-,22.342298,73.052575,06-08-2019 08:30,,,,,,7.8,,,,,,,,8.1,,,,,,,,,,,,,,,,,,,
"1,689",MAHI AT UMETA BRIDGE,CPCB,24,Gujarat,440,Anand,ANKLAV,-,-,-,-,-,-,-,-,22.342298,73.052575,06-09-2019 08:30,,,,,,7.3,,,,,,,,7.9,,,,,,,,,,,,,,,,,,,
"1,690",MAHI AT UMETA BRIDGE,CPCB,24,Gujarat,440,Anand,ANKLAV,-,-,-,-,-,-,-,-,22.342298,73.052575,04-10-2019 08:30,,,,,,7.7,,,,,,,,7.8,,,,,,,,,,,,,,,,,,,
"1,691",MAHI AT UMETA BRIDGE,CPCB,24,Gujarat,440,Anand,ANKLAV,-,-,-,-,-,-,-,-,22.342298,73.052575,02-11-2019 08:30,,,,,,,,,,,,,,8.2,,,,,,,,,,,,,,,,,,,
"1,692",MAHI AT UMETA BRIDGE,CPCB,24,Gujarat,440,Anand,ANKLAV,-,-,-,-,-,-,-,-,22.342298,73.052575,04-12-2019 08:30,,,,,,8.3,,,,,,,,8.3,,,,,,,,,,,,,,,,,,,
"1,693",MAHI AT UMETA BRIDGE,CPCB,24,Gujarat,440,Anand,ANKLAV,-,-,-,-,-,-,-,-,22.342298,73.052575,04-01-2020 08:30,0.56,,,,,7.7,,,,,,,,8.4,,,,,,,,,,,,,0.48,,,,,,
"1,694",MAHI AT UMETA BRIDGE,CPCB,24,Gujarat,440,Anand,ANKLAV,-,-,-,-,-,-,-,-,22.342298,73.052575,03-02-2020 08:30,0.56,,,,,7.8,,,,,,,,8.2,,,Light Green,,Light Green,,Light Green,,Light Green,,,Light Green,0.5,,Light Green,,Light Green,,
"1,695",MAHI AT UMETA BRIDGE,CPCB,24,Gujarat,440,Anand,ANKLAV,-,-,-,-,-,-,-,-,22.342298,73.052575,03-03-2020 08:30,Light Green,,,,,7.6,,,,,,,,8.4,,,Light Green,,Light Green,,Light Green,,Light Green,,,Light Green,0.58,,Light Green,,Light Green,,
"1,696",MAHI AT UMETA BRIDGE,CPCB,24,Gujarat,440,Anand,ANKLAV,-,-,-,-,-,-,-,-,22.342298,73.052575,07-04-2020 08:30,0.56,,,,,8.1,,,,,,,,8.2,,,Light Green,,Light Green,,0.05,,Light Green,,,Light Green,0.54,,Light Green,,Light Green,,
"1,697",MAHI AT UMETA BRIDGE,CPCB,24,Gujarat,440,Anand,ANKLAV,-,-,-,-,-,-,-,-,22.342298,73.052575,05-05-2020 08:30,0.56,,,,,8.3,,,,,,,,8.3,,,Light Green,,Light Green,,Light Green,,Light Green,,,Light Green,0.54,,Light Green,,Light Green,,
"1,698",MAHI AT UMETA BRIDGE,CPCB,24,Gujarat,440,Anand,ANKLAV,-,-,-,-,-,-,-,-,22.342298,73.052575,02-06-2020 08:30,0.56,,,,,8.3,,,,,,,,8.5,,,Light Green,,Light Green,,Light Green,,Light Green,,,Light Green,0.42,,Light Green,,Light Green,,
"1,699",MAHI AT UMETA BRIDGE,CPCB,24,Gujarat,440,Anand,ANKLAV,-,-,-,-,-,-,-,-,22.342298,73.052575,07-07-2020 08:30,0.54,,,,,8.5,,,,,,,,8.5,,,Light Green,,Light Green,,Light Green,,Light Green,,,Light Green,0.12,,Light Green,,Light Green,,
"1,700",MAHI AT UMETA BRIDGE,CPCB,24,Gujarat,440,Anand,ANKLAV,-,-,-,-,-,-,-,-,22.342298,73.052575,04-08-2020 08:30,0.45,,,,,7.8,,,,,,,,8.2,,,Light Green,,Light Green,,Light Green,,Light Green,,,Light Green,0.14,,Light Green,,Light Green,,
"1,701",MAHI AT UMETA BRIDGE,CPCB,24,Gujarat,440,Anand,ANKLAV,-,-,-,-,-,-,-,-,22.342298,73.052575,05-09-2020 08:30,0.34,,,,,7.2,,,,,,,,7.9,,,Light Green,,Light Green,,Light Green,,Light Green,,,Light Green,0.45,,Light Green,,Light Green,,
"1,702",MAHI AT UMETA BRIDGE,CPCB,24,Gujarat,440,Anand,ANKLAV,-,-,-,-,-,-,-,-,22.342298,73.052575,05-11-2020 08:30,0.39,,,,,8.4,,,,,,,,8.1,,,Light Green,,Light Green,,Light Green,,Light Green,,,Light Green,0.34,,Light Green,,Light Green,,
"1,703",MAHI AT UMETA BRIDGE,CPCB,24,Gujarat,440,Anand,ANKLAV,-,-,-,-,-,-,-,-,22.342298,73.052575,03-12-2020 08:30,0.45,,,,,8.4,,,,,,,,8.4,,,Clear,,Clear,,Clear,,Clear,,,Clear,0.35,,Clear,,Clear,,
"1,704",MAHI AT VASAD,CPCB,24,Gujarat,440,Anand,ANAND,-,-,-,-,-,-,-,-,22.4405,73.073361,02-01-2018 08:30,,,,,,7.6,,,,,,,,8.24,,,,,,,,,,,,,,,,,,,
"1,705",MAHI AT VASAD,CPCB,24,Gujarat,440,Anand,ANAND,-,-,-,-,-,-,-,-,22.4405,73.073361,06-02-2018 08:30,,,,,,7.5,,,,,,,,8.36,,,,,,,,,,,,,,,,,,,
"1,706",MAHI AT VASAD,CPCB,24,Gujarat,440,Anand,ANAND,-,-,-,-,-,-,-,-,22.4405,73.073361,01-03-2018 08:30,,,,,,7.4,,,,,,,,8.19,,,,,,,,,,,,,,,,,,,
"1,707",MAHI AT VASAD,CPCB,24,Gujarat,440,Anand,ANAND,-,-,-,-,-,-,-,-,22.4405,73.073361,03-04-2018 08:30,,,,,,7.6,,,,,,,,8.5,,,,,,,,,,,,,,,,,,,
"1,708",MAHI AT VASAD,CPCB,24,Gujarat,440,Anand,ANAND,-,-,-,-,-,-,-,-,22.4405,73.073361,04-05-2018 08:30,,,,,,8,,,,,,,,8.5,,,,,,,,,,,,,,,,,,,
"1,709",MAHI AT VASAD,CPCB,24,Gujarat,440,Anand,ANAND,-,-,-,-,-,-,-,-,22.4405,73.073361,07-06-2018 08:30,,,,,,7.8,,,,,,,,8.5,,,,,,,,,,,,,,,,,,,
"1,710",MAHI AT VASAD,CPCB,24,Gujarat,440,Anand,ANAND,-,-,-,-,-,-,-,-,22.4405,73.073361,06-07-2018 08:30,,,,,,7.8,,,,,,,,8.41,,,,,,,,,,,,,,,,,,,
"1,711",MAHI AT VASAD,CPCB,24,Gujarat,440,Anand,ANAND,-,-,-,-,-,-,-,-,22.4405,73.073361,01-08-2018 08:30,,,,,,7.9,,,,,,,,7.99,,,,,,,,,,,,,,,,,,,
"1,712",MAHI AT VASAD,CPCB,24,Gujarat,440,Anand,ANAND,-,-,-,-,-,-,-,-,22.4405,73.073361,04-09-2018 08:30,,,,,,8.5,,,,,,,,8.49,,,,,,,,,,,,,,,,,,,
"1,713",MAHI AT VASAD,CPCB,24,Gujarat,440,Anand,ANAND,-,-,-,-,-,-,-,-,22.4405,73.073361,01-10-2018 08:30,,,,,,8.3,,,,,,,,8.5,,,,,,,,,,,,,,,,,,,
"1,714",MAHI AT VASAD,CPCB,24,Gujarat,440,Anand,ANAND,-,-,-,-,-,-,-,-,22.4405,73.073361,02-11-2018 08:30,,,,,,7.6,,,,,,,,8.5,,,,,,,,,,,,,,,,,,,
"1,715",MAHI AT VASAD,CPCB,24,Gujarat,440,Anand,ANAND,-,-,-,-,-,-,-,-,22.4405,73.073361,07-12-2018 08:30,,,,,,7.6,,,,,,,,8.3,,,,,,,,,,,,,,,,,,,
"1,716",MAHI AT VASAD,CPCB,24,Gujarat,440,Anand,ANAND,-,-,-,-,-,-,-,-,22.4405,73.073361,04-01-2019 08:30,,,,,,7.6,,,,,,,,8.4,,,,,,,,,,,,,,,,,,,
"1,717",MAHI AT VASAD,CPCB,24,Gujarat,440,Anand,ANAND,-,-,-,-,-,-,-,-,22.4405,73.073361,02-02-2019 08:30,,,,,,8.1,,,,,,,,8.3,,,,,,,,,,,,,,,,,,,
"1,718",MAHI AT VASAD,CPCB,24,Gujarat,440,Anand,ANAND,-,-,-,-,-,-,-,-,22.4405,73.073361,01-03-2019 08:30,,,,,,7.5,,,,,,,,8.4,,,,,,,,,,,,,,,,,,,
"1,719",MAHI AT VASAD,CPCB,24,Gujarat,440,Anand,ANAND,-,-,-,-,-,-,-,-,22.4405,73.073361,02-04-2019 08:30,,,,,,8.1,,,,,,,,8.5,,,,,,,,,,,,,,,,,,,
"1,720",MAHI AT VASAD,CPCB,24,Gujarat,440,Anand,ANAND,-,-,-,-,-,-,-,-,22.4405,73.073361,04-05-2019 08:30,,,,,,7.7,,,,,,,,8.4,,,,,,,,,,,,,,,,,,,
"1,721",MAHI AT VASAD,CPCB,24,Gujarat,440,Anand,ANAND,-,-,-,-,-,-,-,-,22.4405,73.073361,01-06-2019 08:30,,,,,,7.4,,,,,,,,8.4,,,,,,,,,,,,,,,,,,,
"1,722",MAHI AT VASAD,CPCB,24,Gujarat,440,Anand,ANAND,-,-,-,-,-,-,-,-,22.4405,73.073361,02-07-2019 08:30,,,,,,7.3,,,,,,,,7.8,,,,,,,,,,,,,,,,,,,
"1,723",MAHI AT VASAD,CPCB,24,Gujarat,440,Anand,ANAND,-,-,-,-,-,-,-,-,22.4405,73.073361,06-08-2019 08:30,,,,,,7,,,,,,,,7.8,,,,,,,,,,,,,,,,,,,
"1,724",MAHI AT VASAD,CPCB,24,Gujarat,440,Anand,ANAND,-,-,-,-,-,-,-,-,22.4405,73.073361,06-09-2019 08:30,,,,,,7.1,,,,,,,,7.8,,,,,,,,,,,,,,,,,,,
"1,725",MAHI AT VASAD,CPCB,24,Gujarat,440,Anand,ANAND,-,-,-,-,-,-,-,-,22.4405,73.073361,05-10-2019 08:30,,,,,,7.8,,,,,,,,7.6,,,,,,,,,,,,,,,,,,,
"1,726",MAHI AT VASAD,CPCB,24,Gujarat,440,Anand,ANAND,-,-,-,-,-,-,-,-,22.4405,73.073361,02-11-2019 08:30,,,,,,7.8,,,,,,,,8.1,,,,,,,,,,,,,,,,,,,
"1,727",MAHI AT VASAD,CPCB,24,Gujarat,440,Anand,ANAND,-,-,-,-,-,-,-,-,22.4405,73.073361,04-12-2019 08:30,,,,,,8.3,,,,,,,,8.1,,,,,,,,,,,,,,,,,,,
"1,728",MAHI AT VASAD,CPCB,24,Gujarat,440,Anand,ANAND,-,-,-,-,-,-,-,-,22.4405,73.073361,04-01-2020 08:30,0.56,,,,,7.8,,,,,,,,8.3,,,,,,,,,,,,,0.52,,,,,,
"1,729",MAHI AT VASAD,CPCB,24,Gujarat,440,Anand,ANAND,-,-,-,-,-,-,-,-,22.4405,73.073361,03-02-2020 08:30,0.56,,,,,7.7,,,,,,,,8.2,,,Light Green,,Light Green,,Light Green,,Light Green,,,Light Green,0.52,,Light Green,,Light Green,,
"1,730",MAHI AT VASAD,CPCB,24,Gujarat,440,Anand,ANAND,-,-,-,-,-,-,-,-,22.4405,73.073361,03-03-2020 08:30,Light Green,,,,,7.7,,,,,,,,8.1,,,Light Green,,Light Green,,Light Green,,Light Green,,,Light Green,0.56,,Light Green,,Light Green,,
"1,731",MAHI AT VASAD,CPCB,24,Gujarat,440,Anand,ANAND,-,-,-,-,-,-,-,-,22.4405,73.073361,07-04-2020 08:30,0.56,,,,,7.7,,,,,,,,8.1,,,Light Green,,Light Green,,0.07,,Light Green,,,Light Green,0.58,,Light Green,,Light Green,,
"1,732",MAHI AT VASAD,CPCB,24,Gujarat,440,Anand,ANAND,-,-,-,-,-,-,-,-,22.4405,73.073361,05-05-2020 08:30,0.56,,,,,8,,,,,,,,7.9,,,Light Green,,Light Green,,Light Green,,Light Green,,,Light Green,0.46,,Light Green,,Light Green,,
"1,733",MAHI AT VASAD,CPCB,24,Gujarat,440,Anand,ANAND,-,-,-,-,-,-,-,-,22.4405,73.073361,02-06-2020 08:30,Light Green,,,,,8.4,,,,,,,,8.1,,,Light Green,,Light Green,,Light Green,,Light Green,,,Light Green,0.42,,Light Green,,Light Green,,
"1,734",MAHI AT VASAD,CPCB,24,Gujarat,440,Anand,ANAND,-,-,-,-,-,-,-,-,22.4405,73.073361,07-07-2020 08:30,0.27,,,,,8.4,,,,,,,,8.4,,,Light Green,,Light Green,,Light Green,,Light Green,,,Light Green,0.09,,Light Green,,Light Green,,
"1,735",MAHI AT VASAD,CPCB,24,Gujarat,440,Anand,ANAND,-,-,-,-,-,-,-,-,22.4405,73.073361,04-08-2020 08:30,0.31,,,,,8.1,,,,,,,,8,,,Light Green,,Light Green,,Light Green,,Light Green,,,Light Green,0.17,,Light Green,,Light Green,,
"1,736",MAHI AT VASAD,CPCB,24,Gujarat,440,Anand,ANAND,-,-,-,-,-,-,-,-,22.4405,73.073361,05-09-2020 08:30,0.39,,,,,6.9,,,,,,,,8,,,Light Green,,Light Green,,Light Green,,Light Green,,,Light Green,0.23,,Light Green,,Light Green,,
"1,737",MAHI AT VASAD,CPCB,24,Gujarat,440,Anand,ANAND,-,-,-,-,-,-,-,-,22.4405,73.073361,05-11-2020 08:30,0.48,,,,,8.3,,,,,,,,7.9,,,Light Green,,Light Green,,Light Green,,Light Green,,,Light Green,0.33,,Light Green,,Light Green,,
"1,738",MAHI AT VASAD,CPCB,24,Gujarat,440,Anand,ANAND,-,-,-,-,-,-,-,-,22.4405,73.073361,03-12-2020 08:30,0.59,,,,,8.5,,,,,,,,8.1,,,Clear,,Clear,,Clear,,Clear,,,Clear,0.33,,Clear,,Clear,,
"1,739",MALAV TALAV DHOLKA,CPCB,24,Gujarat,438,Ahmedabad,DHOLKA,-,-,-,-,-,-,-,-,22.726822,72.435239,02-01-2018 08:30,2.13,,,,,6.9,,,,,,,,9.27,,,,,,,,,,,,,,,,,,,
"1,740",MALAV TALAV DHOLKA,CPCB,24,Gujarat,438,Ahmedabad,DHOLKA,-,-,-,-,-,-,-,-,22.726822,72.435239,01-02-2018 08:30,3.96,,,,,5.2,,,,,,,,9.35,,,,,,,,,,,,,,,,,,,
"1,741",MALAV TALAV DHOLKA,CPCB,24,Gujarat,438,Ahmedabad,DHOLKA,-,-,-,-,-,-,-,-,22.726822,72.435239,03-03-2018 08:30,0.98,,,,,7,,,,,,,,8.96,,,,,,,,,,,,,,,,,,,
"1,742",MALAV TALAV DHOLKA,CPCB,24,Gujarat,438,Ahmedabad,DHOLKA,-,-,-,-,-,-,-,-,22.726822,72.435239,04-04-2018 08:30,1.74,,,,,1.7,,,,,,,,9.04,,,,,,,,,,,,,,,,,17,,
"1,743",MALAV TALAV DHOLKA,CPCB,24,Gujarat,438,Ahmedabad,DHOLKA,-,-,-,-,-,-,-,-,22.726822,72.435239,01-05-2018 08:30,2.35,,,,,5.7,,,,,,,,8.94,,,,,,,,,,,,,,,,,,,
"1,744",MALAV TALAV DHOLKA,CPCB,24,Gujarat,438,Ahmedabad,DHOLKA,-,-,-,-,-,-,-,-,22.726822,72.435239,04-06-2018 08:30,1.4,,,,,3.3,,,,,,,,9.31,,,,,,,,,,,,,,,,,14,,
"1,745",MALAV TALAV DHOLKA,CPCB,24,Gujarat,438,Ahmedabad,DHOLKA,-,-,-,-,-,-,-,-,22.726822,72.435239,03-07-2018 08:30,5.6,,,,,7.1,,,,,,,,9.92,,,,,,,,,,,,,,,,,17,,
"1,746",MALAV TALAV DHOLKA,CPCB,24,Gujarat,438,Ahmedabad,DHOLKA,-,-,-,-,-,-,-,-,22.726822,72.435239,04-08-2018 08:30,1.01,,,,,2.8,,,,,,,,9.07,,,,,,,,,,,,,,,,,15,,
"1,747",MALAV TALAV DHOLKA,CPCB,24,Gujarat,438,Ahmedabad,DHOLKA,-,-,-,-,-,-,-,-,22.726822,72.435239,05-09-2018 08:30,2.55,,,,,9,,,,,,,,9.13,,,,,,,,,,,,,,,,,29,,
"1,748",MALAV TALAV DHOLKA,CPCB,24,Gujarat,438,Ahmedabad,DHOLKA,-,-,-,-,-,-,-,-,22.726822,72.435239,04-10-2018 08:30,0.62,,,,,4.6,,,,,,,,9.3,,,,,,,,,,,,,,,,,10,,
"1,749",MALAV TALAV DHOLKA,CPCB,24,Gujarat,438,Ahmedabad,DHOLKA,-,-,-,-,-,-,-,-,22.726822,72.435239,05-11-2018 08:30,1.06,,,,,9,,,,,,,,9.37,,,,,,,,,,,,,,,,,14,,
"1,750",MALAV TALAV DHOLKA,CPCB,24,Gujarat,438,Ahmedabad,DHOLKA,-,-,-,-,-,-,-,-,22.726822,72.435239,03-12-2018 08:30,1.18,,,,,7.1,,,,,,,,9.42,,,,,,,,,,,,,,,,,13,,
"1,751",MALAV TALAV DHOLKA,CPCB,24,Gujarat,438,Ahmedabad,DHOLKA,-,-,-,-,-,-,-,-,22.726822,72.435239,02-01-2019 08:30,2.8,,,,,8.1,,,,,,,,9.3,,,,,,,,,,,,,,,,,14,,
"1,752",MALAV TALAV DHOLKA,CPCB,24,Gujarat,438,Ahmedabad,DHOLKA,-,-,-,-,-,-,-,-,22.726822,72.435239,05-02-2019 08:30,1.3,,,,,8.3,,,,,,,,9.2,,,,,,,,,,,,,,,,,20,,
"1,753",MALAV TALAV DHOLKA,CPCB,24,Gujarat,438,Ahmedabad,DHOLKA,-,-,-,-,-,-,-,-,22.726822,72.435239,05-03-2019 08:30,1.5,,,,,7,,,,,,,,9.3,,,,,,,,,,,,,,,,,13,,
"1,754",MALAV TALAV DHOLKA,CPCB,24,Gujarat,438,Ahmedabad,DHOLKA,-,-,-,-,-,-,-,-,22.726822,72.435239,03-04-2019 08:30,2.7,,,,,4.5,,,,,,,,9.4,,,,,,,,,,,,,,,,,11,,
"1,755",MALAV TALAV DHOLKA,CPCB,24,Gujarat,438,Ahmedabad,DHOLKA,-,-,-,-,-,-,-,-,22.726822,72.435239,04-05-2019 08:30,1.4,,,,,3.3,,,,,,,,8.3,,,,,,,,,,,,,,,,,15,,
"1,756",MALAV TALAV DHOLKA,CPCB,24,Gujarat,438,Ahmedabad,DHOLKA,-,-,-,-,-,-,-,-,22.726822,72.435239,04-06-2019 08:30,2.2,,,,,6.4,,,,,,,,8.4,,,,,,,,,,,,,,,,,15,,
"1,757",MALAV TALAV DHOLKA,CPCB,24,Gujarat,438,Ahmedabad,DHOLKA,-,-,-,-,-,-,-,-,22.726822,72.435239,02-07-2019 08:30,2.4,,,,,6,,,,,,,,9,,,,,,,,,,,,,,,,,16,,
"1,758",MALAV TALAV DHOLKA,CPCB,24,Gujarat,438,Ahmedabad,DHOLKA,-,-,-,-,-,-,-,-,22.726822,72.435239,02-08-2019 08:30,1.8,,,,,6.7,,,,,,,,9,,,,,,,,,,,,,,,,,22,,
"1,759",MALAV TALAV DHOLKA,CPCB,24,Gujarat,438,Ahmedabad,DHOLKA,-,-,-,-,-,-,-,-,22.726822,72.435239,01-09-2019 08:30,1,,,,,6.6,,,,,,,,9.1,,,,,,,,,,,,,,,,,11,,
"1,760",MALAV TALAV DHOLKA,CPCB,24,Gujarat,438,Ahmedabad,DHOLKA,-,-,-,-,-,-,-,-,22.726822,72.435239,01-10-2019 08:30,1.2,,,,,8.5,,,,,,,,9,,,,,,,,,,,,,,,,,6,,
"1,761",MALAV TALAV DHOLKA,CPCB,24,Gujarat,438,Ahmedabad,DHOLKA,-,-,-,-,-,-,-,-,22.726822,72.435239,07-11-2019 08:30,1.1,,,,,6.6,,,,,,,,9.2,,,,,,,,,,,,,,,,,13,,
"1,762",MALAV TALAV DHOLKA,CPCB,24,Gujarat,438,Ahmedabad,DHOLKA,-,-,-,-,-,-,-,-,22.726822,72.435239,10-12-2019 08:30,1.7,,,,,8.8,,,,,,,,9.2,,,,,,,,,,,,,,,,,6,,
"1,763",MALAV TALAV DHOLKA,CPCB,24,Gujarat,438,Ahmedabad,DHOLKA,-,-,-,-,-,-,-,-,22.726822,72.435239,04-01-2020 08:30,5.48,,,,,8.6,,,,,,,,9.2,,,,,,,,,,,,,,,,,9,,
"1,764",MALAV TALAV DHOLKA,CPCB,24,Gujarat,438,Ahmedabad,DHOLKA,-,-,-,-,-,-,-,-,22.726822,72.435239,04-02-2020 08:30,1.01,,,,,8.3,,,,,,,,9.2,,,Light Green,,Light Green,,Light Green,,Light Green,,,Light Green,0.08,,Light Green,,16,,
"1,765",MALAV TALAV DHOLKA,CPCB,24,Gujarat,438,Ahmedabad,DHOLKA,-,-,-,-,-,-,-,-,22.726822,72.435239,03-03-2020 08:30,0.62,,,,,6.3,,,,,,,,9.1,,,Light Green,,Light Green,,Light Green,,Light Green,,,Light Green,0.05,,Light Green,,18,,
"1,766",MALAV TALAV DHOLKA,CPCB,24,Gujarat,438,Ahmedabad,DHOLKA,-,-,-,-,-,-,-,-,22.726822,72.435239,08-04-2020 08:30,0.17,,,,,8.6,,,,,,,,9.2,,,Light Green,,Light Green,,0.34,,Light Green,,,0.04,0.03,,Light Green,,17,,
"1,767",MALAV TALAV DHOLKA,CPCB,24,Gujarat,438,Ahmedabad,DHOLKA,-,-,-,-,-,-,-,-,22.726822,72.435239,01-05-2020 08:30,0.95,,,,,8.2,,,,,,,,9,,,Light Green,,Light Green,,Light Green,,Light Green,,,Light Green,0.04,,Light Green,,23,,
"1,768",MALAV TALAV DHOLKA,CPCB,24,Gujarat,438,Ahmedabad,DHOLKA,-,-,-,-,-,-,-,-,22.726822,72.435239,02-06-2020 08:30,0.67,,,,,8.3,,,,,,,,9.3,,,Light Green,,Light Green,,Light Green,,Light Green,,,Light Green,Light Green,,Light Green,,16,,
"1,769",MALAV TALAV DHOLKA,CPCB,24,Gujarat,438,Ahmedabad,DHOLKA,-,-,-,-,-,-,-,-,22.726822,72.435239,07-07-2020 08:30,1.23,,,,,6.9,,,,,,,,9.2,,,Clear,,Clear,,Clear,,Clear,,,Clear,Clear,,Clear,,Clear,,
"1,770",MALAV TALAV DHOLKA,CPCB,24,Gujarat,438,Ahmedabad,DHOLKA,-,-,-,-,-,-,-,-,22.726822,72.435239,04-08-2020 08:30,0.84,,,,,7.8,,,,,,,,9.21,,,Light Green,,Light Green,,Light Green,,Light Green,,,Light Green,Light Green,,Light Green,,Light Green,,
"1,771",MALAV TALAV DHOLKA,CPCB,24,Gujarat,438,Ahmedabad,DHOLKA,-,-,-,-,-,-,-,-,22.726822,72.435239,01-09-2020 08:30,0.76,,,,,4.6,,,,,,,,8.95,,,Light Green,,Light Green,,Light Green,,Light Green,,,Light Green,Light Green,,Light Green,,Light Green,,
"1,772",MALAV TALAV DHOLKA,CPCB,24,Gujarat,438,Ahmedabad,DHOLKA,-,-,-,-,-,-,-,-,22.726822,72.435239,06-10-2020 08:30,1.12,,,,,6.7,,,,,,,,9.16,,,Light Green,,Light Green,,Light Green,,Light Green,,,Light Green,Light Green,,Light Green,,Light Green,,
"1,773",MALAV TALAV DHOLKA,CPCB,24,Gujarat,438,Ahmedabad,DHOLKA,-,-,-,-,-,-,-,-,22.726822,72.435239,03-11-2020 08:30,0.81,,,,,7.4,,,,,,,,9.16,,,Light Green,,Light Green,,Light Green,,Light Green,,,Light Green,Light Green,,Light Green,,Light Green,,
"1,774",MALAV TALAV DHOLKA,CPCB,24,Gujarat,438,Ahmedabad,DHOLKA,-,-,-,-,-,-,-,-,22.726822,72.435239,01-12-2020 08:30,1.06,,,,,6.5,,,,,,,,9.03,,,Light Green,,Light Green,,Light Green,,Light Green,,,Light Green,Light Green,,Light Green,,Light Green,,
"1,775",MASMA KHADI- OLPAD- SARAS ROAD,CPCB,24,Gujarat,459,Surat,OLPAD,-,-,-,-,-,-,-,-,21.296333,72.760033,04-01-2018 08:30,,,,,,6.2,,,,,,,,7.45,,,,,,,,,,,,,,,,,,,
"1,776",MASMA KHADI- OLPAD- SARAS ROAD,CPCB,24,Gujarat,459,Surat,OLPAD,-,-,-,-,-,-,-,-,21.296333,72.760033,03-02-2018 08:30,,,,,,5.2,,,,,,,,7.59,,,,,,,,,,,,,,,,,,,
"1,777",MASMA KHADI- OLPAD- SARAS ROAD,CPCB,24,Gujarat,459,Surat,OLPAD,-,-,-,-,-,-,-,-,21.296333,72.760033,01-03-2018 08:30,,,,,,6.1,,,,,,,,7.39,,,,,,,,,,,,,,,,,,,
"1,778",MASMA KHADI- OLPAD- SARAS ROAD,CPCB,24,Gujarat,459,Surat,OLPAD,-,-,-,-,-,-,-,-,21.296333,72.760033,02-04-2018 08:30,,,,,,6,,,,,,,,7.96,,,,,,,,,,,,,,,,,,,
"1,779",MASMA KHADI- OLPAD- SARAS ROAD,CPCB,24,Gujarat,459,Surat,OLPAD,-,-,-,-,-,-,-,-,21.296333,72.760033,01-05-2018 08:30,,,,,,6.1,,,,,,,,7.33,,,,,,,,,,,,,,,,,,,
"1,780",MASMA KHADI- OLPAD- SARAS ROAD,CPCB,24,Gujarat,459,Surat,OLPAD,-,-,-,-,-,-,-,-,21.296333,72.760033,01-06-2018 08:30,,,,,,5.3,,,,,,,,8.36,,,,,,,,,,,,,,,,,,,
"1,781",MASMA KHADI- OLPAD- SARAS ROAD,CPCB,24,Gujarat,459,Surat,OLPAD,-,-,-,-,-,-,-,-,21.296333,72.760033,05-07-2018 08:30,,,,,,6,,,,,,,,7.41,,,,,,,,,,,,,,,,,,,
"1,782",MASMA KHADI- OLPAD- SARAS ROAD,CPCB,24,Gujarat,459,Surat,OLPAD,-,-,-,-,-,-,-,-,21.296333,72.760033,05-08-2018 08:30,,,,,,6.2,,,,,,,,7.41,,,,,,,,,,,,,,,,,,,
"1,783",MASMA KHADI- OLPAD- SARAS ROAD,CPCB,24,Gujarat,459,Surat,OLPAD,-,-,-,-,-,-,-,-,21.296333,72.760033,01-09-2018 08:30,,,,,,6.5,,,,,,,,7.49,,,,,,,,,,,,,,,,,,,
"1,784",MASMA KHADI- OLPAD- SARAS ROAD,CPCB,24,Gujarat,459,Surat,OLPAD,-,-,-,-,-,-,-,-,21.296333,72.760033,01-10-2018 08:30,,,,,,6,,,,,,,,7.8,,,,,,,,,,,,,,,,,,,
"1,785",MASMA KHADI- OLPAD- SARAS ROAD,CPCB,24,Gujarat,459,Surat,OLPAD,-,-,-,-,-,-,-,-,21.296333,72.760033,01-11-2018 08:30,,,,,,6.1,,,,,,,,7.49,,,,,,,,,,,,,,,,,,,
"1,786",MASMA KHADI- OLPAD- SARAS ROAD,CPCB,24,Gujarat,459,Surat,OLPAD,-,-,-,-,-,-,-,-,21.296333,72.760033,03-12-2018 08:30,,,,,,6,,,,,,,,7.3,,,,,,,,,,,,,,,,,,,
"1,787",MASMA KHADI- OLPAD- SARAS ROAD,CPCB,24,Gujarat,459,Surat,OLPAD,-,-,-,-,-,-,-,-,21.296333,72.760033,07-01-2019 08:30,,,,,,6.6,,,,,,,,7.6,,,,,,,,,,,,,,,,,,,
"1,788",MASMA KHADI- OLPAD- SARAS ROAD,CPCB,24,Gujarat,459,Surat,OLPAD,-,-,-,-,-,-,-,-,21.296333,72.760033,02-02-2019 08:30,,,,,,6.9,,,,,,,,7.7,,,,,,,,,,,,,,,,,,,
"1,789",MASMA KHADI- OLPAD- SARAS ROAD,CPCB,24,Gujarat,459,Surat,OLPAD,-,-,-,-,-,-,-,-,21.296333,72.760033,06-03-2019 08:30,,,,,,6.8,,,,,,,,7.7,,,,,,,,,,,,,,,,,,,
"1,790",MASMA KHADI- OLPAD- SARAS ROAD,CPCB,24,Gujarat,459,Surat,OLPAD,-,-,-,-,-,-,-,-,21.296333,72.760033,04-04-2019 08:30,,,,,,6.1,,,,,,,,7.4,,,,,0.02,,,,0.001,,,,,,0.1,,,,
"1,791",MASMA KHADI- OLPAD- SARAS ROAD,CPCB,24,Gujarat,459,Surat,OLPAD,-,-,-,-,-,-,-,-,21.296333,72.760033,01-05-2019 08:30,,,,,,5.9,,,,,,,,7.3,,,,,,,,,,,,,,,,,,,
"1,792",MASMA KHADI- OLPAD- SARAS ROAD,CPCB,24,Gujarat,459,Surat,OLPAD,-,-,-,-,-,-,-,-,21.296333,72.760033,03-06-2019 08:30,,,,,,5,,,,,,,,7.4,,,,,0.02,,,,0.001,,,,,,0.1,,,,
"1,793",MASMA KHADI- OLPAD- SARAS ROAD,CPCB,24,Gujarat,459,Surat,OLPAD,-,-,-,-,-,-,-,-,21.296333,72.760033,04-07-2019 08:30,,,,,,6.2,,,,,,,,7.9,,,,,,,,,,,,,,,,,,,
"1,794",MASMA KHADI- OLPAD- SARAS ROAD,CPCB,24,Gujarat,459,Surat,OLPAD,-,-,-,-,-,-,-,-,21.296333,72.760033,03-08-2019 08:30,,,,,,7.1,,,,,,,,7.9,,,,,,,,,,,,,,,,,,,
"1,795",MASMA KHADI- OLPAD- SARAS ROAD,CPCB,24,Gujarat,459,Surat,OLPAD,-,-,-,-,-,-,-,-,21.296333,72.760033,03-09-2019 08:30,,,,,,6.6,,,,,,,,7.8,,,,,,,,,,,,,,,,,,,
"1,796",MASMA KHADI- OLPAD- SARAS ROAD,CPCB,24,Gujarat,459,Surat,OLPAD,-,-,-,-,-,-,-,-,21.296333,72.760033,01-10-2019 08:30,,,,,,6.6,,,,,,,,7.7,,,,,,,,,,,,,,,,,,,
"1,797",MASMA KHADI- OLPAD- SARAS ROAD,CPCB,24,Gujarat,459,Surat,OLPAD,-,-,-,-,-,-,-,-,21.296333,72.760033,07-11-2019 08:30,,,,,,6.6,,,,,,,,7.5,,,,,,,,,,,,,,,,,,,
"1,798",MASMA KHADI- OLPAD- SARAS ROAD,CPCB,24,Gujarat,459,Surat,OLPAD,-,-,-,-,-,-,-,-,21.296333,72.760033,04-12-2019 08:30,,,,,,6.7,,,,,,,,7.4,,,,,,,,,,,,,,,,,,,
"1,799",MASMA KHADI- OLPAD- SARAS ROAD,CPCB,24,Gujarat,459,Surat,OLPAD,-,-,-,-,-,-,-,-,21.296333,72.760033,02-01-2020 08:30,1.12,,,,,6.5,,,,,,,,7.9,,,,,,,,,,,,,0.07,,,,,,
"1,800",MASMA KHADI- OLPAD- SARAS ROAD,CPCB,24,Gujarat,459,Surat,OLPAD,-,-,-,-,-,-,-,-,21.296333,72.760033,03-02-2020 08:30,0.84,,,,,6.7,,,,,,,,7.6,,,Clear,,Clear,,Clear,,Clear,,,Clear,0.37,,Clear,,Clear,,
"1,801",MASMA KHADI- OLPAD- SARAS ROAD,CPCB,24,Gujarat,459,Surat,OLPAD,-,-,-,-,-,-,-,-,21.296333,72.760033,04-03-2020 08:30,0.56,,,,,0.8,,,,,,,,7.2,,,Clear,,Clear,,Clear,,Clear,,,Clear,0.04,,Clear,,Clear,,
"1,802",MASMA KHADI- OLPAD- SARAS ROAD,CPCB,24,Gujarat,459,Surat,OLPAD,-,-,-,-,-,-,-,-,21.296333,72.760033,07-04-2020 08:30,0.84,,,,,7,,,,,,,,7.2,,,Clear,,Clear,,Clear,,Clear,,,Clear,0.07,,Clear,,1.4,,
"1,803",MASMA KHADI- OLPAD- SARAS ROAD,CPCB,24,Gujarat,459,Surat,OLPAD,-,-,-,-,-,-,-,-,21.296333,72.760033,06-05-2020 08:30,0.84,,,,,7,,,,,,,,7.2,,,Clear,,Clear,,Clear,,Clear,,,Clear,0.11,,Clear,,Clear,,
"1,804",MASMA KHADI- OLPAD- SARAS ROAD,CPCB,24,Gujarat,459,Surat,OLPAD,-,-,-,-,-,-,-,-,21.296333,72.760033,04-06-2020 08:30,0.56,,,,,7,,,,,,,,7.5,,,Clear,,Clear,,Clear,,Clear,,,Clear,0.11,,Clear,,Clear,,
"1,805",MASMA KHADI- OLPAD- SARAS ROAD,CPCB,24,Gujarat,459,Surat,OLPAD,-,-,-,-,-,-,-,-,21.296333,72.760033,07-07-2020 08:30,0.84,,,,,7,,,,,,,,8,,,Clear,,Clear,,Clear,,Clear,,,Clear,0.07,,Clear,,Clear,,
"1,806",MASMA KHADI- OLPAD- SARAS ROAD,CPCB,24,Gujarat,459,Surat,OLPAD,-,-,-,-,-,-,-,-,21.296333,72.760033,06-08-2020 08:30,0.84,,,,,6,,,,,,,,7.3,,,Clear,,Clear,,Clear,,Clear,,,Clear,0.09,,Clear,,Clear,,
"1,807",MASMA KHADI- OLPAD- SARAS ROAD,CPCB,24,Gujarat,459,Surat,OLPAD,-,-,-,-,-,-,-,-,21.296333,72.760033,01-09-2020 08:30,0.56,,,,,7,,,,,,,,7.3,,,Clear,,Clear,,Clear,,Clear,,,Clear,0.08,,Clear,,Clear,,
"1,808",MASMA KHADI- OLPAD- SARAS ROAD,CPCB,24,Gujarat,459,Surat,OLPAD,-,-,-,-,-,-,-,-,21.296333,72.760033,01-10-2020 08:30,0.28,,,,,5.1,,,,,,,,7.3,,,Other,,Other,,Other,,Other,,,Other,0.1,,Other,,Other,,
"1,809",MASMA KHADI- OLPAD- SARAS ROAD,CPCB,24,Gujarat,459,Surat,OLPAD,-,-,-,-,-,-,-,-,21.296333,72.760033,02-11-2020 08:30,0.28,,,,,6.9,,,,,,,,7.4,,,Clear,,Clear,,Clear,,Clear,,,Clear,0.07,,Clear,,Clear,,
"1,810",MASMA KHADI- OLPAD- SARAS ROAD,CPCB,24,Gujarat,459,Surat,OLPAD,-,-,-,-,-,-,-,-,21.296333,72.760033,01-12-2020 08:30,1.12,,,,,5.9,,,,,,,,14,,,Clear,,Clear,,Clear,,Clear,,,Clear,0.18,,Clear,,Clear,,
"1,811",MESHWA NEAR RAJASTHAN BORDER AT SAMLAJI,CPCB,24,Gujarat,458,Sabarkantha,BAYAD,-,-,-,-,-,-,-,-,23.681975,73.391956,12-01-2018 08:30,,,,,,7.6,,,,,,,,7.64,,,,,,,,,,,,,,,,,,,
"1,812",MESHWA NEAR RAJASTHAN BORDER AT SAMLAJI,CPCB,24,Gujarat,458,Sabarkantha,BAYAD,-,-,-,-,-,-,-,-,23.681975,73.391956,06-02-2018 08:30,,,,,,7.3,,,,,,,,7.48,,,,,,,,,,,,,,,,,,,
"1,813",MESHWA NEAR RAJASTHAN BORDER AT SAMLAJI,CPCB,24,Gujarat,458,Sabarkantha,BAYAD,-,-,-,-,-,-,-,-,23.681975,73.391956,11-08-2018 08:30,,,,,,6.8,,,,,,,,7.9,,,,,,,,,,,,,,,,,,,
"1,814",MESHWA NEAR RAJASTHAN BORDER AT SAMLAJI,CPCB,24,Gujarat,458,Sabarkantha,BAYAD,-,-,-,-,-,-,-,-,23.681975,73.391956,09-10-2018 08:30,,,,,,6.2,,,,,,,,7.9,,,,,,,,,,,,,,,,,,,
"1,815",MESHWA NEAR RAJASTHAN BORDER AT SAMLAJI,CPCB,24,Gujarat,458,Sabarkantha,BAYAD,-,-,-,-,-,-,-,-,23.681975,73.391956,02-09-2019 08:30,,,,,,6.6,,,,,,,,7.6,,,,,,,,,,,,,,,,,,,
"1,816",MESHWA NEAR RAJASTHAN BORDER AT SAMLAJI,CPCB,24,Gujarat,458,Sabarkantha,BAYAD,-,-,-,-,-,-,-,-,23.681975,73.391956,07-10-2019 08:30,,,,,,4.1,,,,,,,,7.9,,,,,,,,,,,,,,,,,,,
"1,817",MESHWA NEAR RAJASTHAN BORDER AT SAMLAJI,CPCB,24,Gujarat,458,Sabarkantha,BAYAD,-,-,-,-,-,-,-,-,23.681975,73.391956,02-11-2019 08:30,,,,,,7.3,,,,,,,,7.7,,,,,,,,,,,,,,,,,,,
"1,818",MESHWA NEAR RAJASTHAN BORDER AT SAMLAJI,CPCB,24,Gujarat,458,Sabarkantha,BAYAD,-,-,-,-,-,-,-,-,23.681975,73.391956,02-12-2019 08:30,,,,,,7.1,,,,,,,,7.4,,,,,,,,,,,,,,,,,,,
"1,819",MESHWA NEAR RAJASTHAN BORDER AT SAMLAJI,CPCB,24,Gujarat,458,Sabarkantha,BAYAD,-,-,-,-,-,-,-,-,23.681975,73.391956,03-01-2020 08:30,0.39,,,,,7.4,,,,,,,,7.1,,,,,,,,,,,,,0.49,,,,,,
"1,820",MESHWA NEAR RAJASTHAN BORDER AT SAMLAJI,CPCB,24,Gujarat,458,Sabarkantha,BAYAD,-,-,-,-,-,-,-,-,23.681975,73.391956,10-02-2020 08:30,0.31,,,,,7.9,,,,,,,,7.1,,,Clear,,Clear,,Clear,,Clear,,,Clear,0.05,,Clear,,Clear,,
"1,821",MESHWA NEAR RAJASTHAN BORDER AT SAMLAJI,CPCB,24,Gujarat,458,Sabarkantha,BAYAD,-,-,-,-,-,-,-,-,23.681975,73.391956,04-03-2020 08:30,Clear,,,,,Clear,,,,,,,,Clear,,,Clear,,Clear,,Clear,,Clear,,,Clear,Clear,,Clear,,Clear,,
"1,822",MESHWA NEAR RAJASTHAN BORDER AT SAMLAJI,CPCB,24,Gujarat,458,Sabarkantha,BAYAD,-,-,-,-,-,-,-,-,23.681975,73.391956,09-04-2020 08:30,Clear,,,,,Clear,,,,,,,,Clear,,,Clear,,Clear,,Clear,,Clear,,,Clear,Clear,,Clear,,Clear,,
"1,823",MESHWA NEAR RAJASTHAN BORDER AT SAMLAJI,CPCB,24,Gujarat,458,Sabarkantha,BAYAD,-,-,-,-,-,-,-,-,23.681975,73.391956,01-05-2020 08:30,,,,,,,,,,,,,,,,,,,,,,,,,,,,,,,,,
"1,824",MESHWA NEAR RAJASTHAN BORDER AT SAMLAJI,CPCB,24,Gujarat,458,Sabarkantha,BAYAD,-,-,-,-,-,-,-,-,23.681975,73.391956,04-06-2020 08:30,,,,,,,,,,,,,,,,,,,,,,,,,,,,,,,,,
"1,825",MESHWA NEAR RAJASTHAN BORDER AT SAMLAJI,CPCB,24,Gujarat,458,Sabarkantha,BAYAD,-,-,-,-,-,-,-,-,23.681975,73.391956,06-07-2020 08:30,,,,,,,,,,,,,,,,,,,,,,,,,,,,,,,,,
"1,826",MESHWA NEAR RAJASTHAN BORDER AT SAMLAJI,CPCB,24,Gujarat,458,Sabarkantha,BAYAD,-,-,-,-,-,-,-,-,23.681975,73.391956,04-08-2020 08:30,,,,,,,,,,,,,,,,,,,,,,,,,,,,,,,,,
"1,827",MESHWA NEAR RAJASTHAN BORDER AT SAMLAJI,CPCB,24,Gujarat,458,Sabarkantha,BAYAD,-,-,-,-,-,-,-,-,23.681975,73.391956,03-09-2020 08:30,Clear,,,,,7.8,,,,,,,,7.9,,,Clear,,Clear,,Clear,,Clear,,,Clear,0.69,,Clear,,Clear,,
"1,828",MESHWA NEAR RAJASTHAN BORDER AT SAMLAJI,CPCB,24,Gujarat,458,Sabarkantha,BAYAD,-,-,-,-,-,-,-,-,23.681975,73.391956,03-10-2020 08:30,Clear,,,,,6.4,,,,,,,,7.7,,,Clear,,Clear,,Clear,,Clear,,,Clear,0.56,,Clear,,Clear,,
"1,829",MESHWA NEAR RAJASTHAN BORDER AT SAMLAJI,CPCB,24,Gujarat,458,Sabarkantha,BAYAD,-,-,-,-,-,-,-,-,23.681975,73.391956,02-11-2020 08:30,Clear,,,,,7.1,,,,,,,,7.6,,,Clear,,Clear,,Clear,,Clear,,,Clear,0.22,,Clear,,Clear,,
"1,830",MESHWA NEAR RAJASTHAN BORDER AT SAMLAJI,CPCB,24,Gujarat,458,Sabarkantha,BAYAD,-,-,-,-,-,-,-,-,23.681975,73.391956,01-12-2020 08:30,Clear,,,,,7.8,,,,,,,,7.9,,,Clear,,Clear,,Clear,,Clear,,,Clear,0.64,,Clear,,Clear,,
"1,831",MINDHOLA AT STATE HIGHWAY BRIDGE SACHIN,CPCB,24,Gujarat,459,Surat,BARDOLI,-,-,-,-,-,-,-,-,21.111549,73.111601,03-01-2018 08:30,,,,,,5.6,,,,,,,,7.24,,,,,,,,,,,,,,,,,,,
"1,832",MINDHOLA AT STATE HIGHWAY BRIDGE SACHIN,CPCB,24,Gujarat,459,Surat,BARDOLI,-,-,-,-,-,-,-,-,21.111549,73.111601,01-02-2018 08:30,,,,,,6.1,,,,,,,,7.64,,,,,,,,,,,,,,,,,,,
"1,833",MINDHOLA AT STATE HIGHWAY BRIDGE SACHIN,CPCB,24,Gujarat,459,Surat,BARDOLI,-,-,-,-,-,-,-,-,21.111549,73.111601,05-03-2018 08:30,,,,,,6,,,,,,,,7.45,,,,,,,,,,,,,,,,,,,
"1,834",MINDHOLA AT STATE HIGHWAY BRIDGE SACHIN,CPCB,24,Gujarat,459,Surat,BARDOLI,-,-,-,-,-,-,-,-,21.111549,73.111601,03-04-2018 08:30,,,,,,6.8,,,,,,,,7.42,,,,,,,,,,,,,,,,,,,
"1,835",MINDHOLA AT STATE HIGHWAY BRIDGE SACHIN,CPCB,24,Gujarat,459,Surat,BARDOLI,-,-,-,-,-,-,-,-,21.111549,73.111601,02-05-2018 08:30,,,,,,6.8,,,,,,,,7.2,,,,,,,,,,,,,,,,,,,
"1,836",MINDHOLA AT STATE HIGHWAY BRIDGE SACHIN,CPCB,24,Gujarat,459,Surat,BARDOLI,-,-,-,-,-,-,-,-,21.111549,73.111601,02-06-2018 08:30,,,,,,6.1,,,,,,,,7.24,,,,,,,,,,,,,,,,,,,
"1,837",MINDHOLA AT STATE HIGHWAY BRIDGE SACHIN,CPCB,24,Gujarat,459,Surat,BARDOLI,-,-,-,-,-,-,-,-,21.111549,73.111601,04-07-2018 08:30,,,,,,6.3,,,,,,,,7.1,,,,,,,,,,,,,,,,,,,
"1,838",MINDHOLA AT STATE HIGHWAY BRIDGE SACHIN,CPCB,24,Gujarat,459,Surat,BARDOLI,-,-,-,-,-,-,-,-,21.111549,73.111601,01-08-2018 08:30,,,,,,6.9,,,,,,,,7.8,,,,,,,,,,,,,,,,,,,
"1,839",MINDHOLA AT STATE HIGHWAY BRIDGE SACHIN,CPCB,24,Gujarat,459,Surat,BARDOLI,-,-,-,-,-,-,-,-,21.111549,73.111601,06-09-2018 08:30,,,,,,4.6,,,,,,,,7.43,,,,,,,,,,,,,,,,,,,
"1,840",MINDHOLA AT STATE HIGHWAY BRIDGE SACHIN,CPCB,24,Gujarat,459,Surat,BARDOLI,-,-,-,-,-,-,-,-,21.111549,73.111601,03-10-2018 08:30,,,,,,5.2,,,,,,,,7.65,,,,,,,,,,,,,,,,,,,
"1,841",MINDHOLA AT STATE HIGHWAY BRIDGE SACHIN,CPCB,24,Gujarat,459,Surat,BARDOLI,-,-,-,-,-,-,-,-,21.111549,73.111601,02-11-2018 08:30,,,,,,4.9,,,,,,,,7.89,,,,,,,,,,,,,,,,,,,
"1,842",MINDHOLA AT STATE HIGHWAY BRIDGE SACHIN,CPCB,24,Gujarat,459,Surat,BARDOLI,-,-,-,-,-,-,-,-,21.111549,73.111601,04-12-2018 08:30,,,,,,5.1,,,,,,,,7.7,,,,,,,,,,,,,,,,,,,
"1,843",MINDHOLA AT STATE HIGHWAY BRIDGE SACHIN,CPCB,24,Gujarat,459,Surat,BARDOLI,-,-,-,-,-,-,-,-,21.111549,73.111601,02-01-2019 08:30,,,,,,6.5,,,,,,,,7.3,,,,,,,,,,,,,,,,,,,
"1,844",MINDHOLA AT STATE HIGHWAY BRIDGE SACHIN,CPCB,24,Gujarat,459,Surat,BARDOLI,-,-,-,-,-,-,-,-,21.111549,73.111601,04-02-2019 08:30,,,,,,0.5,,,,,,,,7.2,,,,,,,,,,,,,,,,,,,
"1,845",MINDHOLA AT STATE HIGHWAY BRIDGE SACHIN,CPCB,24,Gujarat,459,Surat,BARDOLI,-,-,-,-,-,-,-,-,21.111549,73.111601,02-03-2019 08:30,,,,,,4.9,,,,,,,,7.3,,,,,,,,,,,,,,,,,,,
"1,846",MINDHOLA AT STATE HIGHWAY BRIDGE SACHIN,CPCB,24,Gujarat,459,Surat,BARDOLI,-,-,-,-,-,-,-,-,21.111549,73.111601,02-04-2019 08:30,,,,,,1.4,,,,,,,,7.4,,,,,,,,,,,,,,,,,,,
"1,847",MINDHOLA AT STATE HIGHWAY BRIDGE SACHIN,CPCB,24,Gujarat,459,Surat,BARDOLI,-,-,-,-,-,-,-,-,21.111549,73.111601,02-05-2019 08:30,,,,,,4,,,,,,,,7.2,,,,,,,,,,,,,,,,,,,
"1,848",MINDHOLA AT STATE HIGHWAY BRIDGE SACHIN,CPCB,24,Gujarat,459,Surat,BARDOLI,-,-,-,-,-,-,-,-,21.111549,73.111601,04-06-2019 08:30,,,,,,2,,,,,,,,7.2,,,,,,,,,,,,,,,,,,,
"1,849",MINDHOLA AT STATE HIGHWAY BRIDGE SACHIN,CPCB,24,Gujarat,459,Surat,BARDOLI,-,-,-,-,-,-,-,-,21.111549,73.111601,03-07-2019 08:30,,,,,,2.6,,,,,,,,7.3,,,,,,,,,,,,,,,,,,,
"1,850",MINDHOLA AT STATE HIGHWAY BRIDGE SACHIN,CPCB,24,Gujarat,459,Surat,BARDOLI,-,-,-,-,-,-,-,-,21.111549,73.111601,01-08-2019 08:30,,,,,,5,,,,,,,,7.3,,,,,,,,,,,,,,,,,,,
"1,851",MINDHOLA AT STATE HIGHWAY BRIDGE SACHIN,CPCB,24,Gujarat,459,Surat,BARDOLI,-,-,-,-,-,-,-,-,21.111549,73.111601,04-09-2019 08:30,,,,,,6.5,,,,,,,,7.3,,,,,,,,,,,,,,,,,,,
"1,852",MINDHOLA AT STATE HIGHWAY BRIDGE SACHIN,CPCB,24,Gujarat,459,Surat,BARDOLI,-,-,-,-,-,-,-,-,21.111549,73.111601,03-10-2019 08:30,,,,,,6.6,,,,,,,,7.4,,,,,,,,,,,,,,,,,,,
"1,853",MINDHOLA AT STATE HIGHWAY BRIDGE SACHIN,CPCB,24,Gujarat,459,Surat,BARDOLI,-,-,-,-,-,-,-,-,21.111549,73.111601,06-11-2019 08:30,,,,,,4.2,,,,,,,,7.4,,,,,,,,,,,,,,,,,,,
"1,854",MINDHOLA AT STATE HIGHWAY BRIDGE SACHIN,CPCB,24,Gujarat,459,Surat,BARDOLI,-,-,-,-,-,-,-,-,21.111549,73.111601,03-12-2019 08:30,,,,,,6.7,,,,,,,,7.2,,,,,,,,,,,,,,,,,,,
"1,855",MINDHOLA AT STATE HIGHWAY BRIDGE SACHIN,CPCB,24,Gujarat,459,Surat,BARDOLI,-,-,-,-,-,-,-,-,21.111549,73.111601,01-01-2020 08:30,1.96,,,,,5.1,,,,,,,,7.3,,,,,,,,,,,,,0.06,,,,,,
"1,856",MINDHOLA AT STATE HIGHWAY BRIDGE SACHIN,CPCB,24,Gujarat,459,Surat,BARDOLI,-,-,-,-,-,-,-,-,21.111549,73.111601,06-02-2020 08:30,3.36,,,,,5.7,,,,,,,,7.1,,,Clear,,Clear,,Clear,,Clear,,,Clear,0.09,,Clear,,Clear,,
"1,857",MINDHOLA AT STATE HIGHWAY BRIDGE SACHIN,CPCB,24,Gujarat,459,Surat,BARDOLI,-,-,-,-,-,-,-,-,21.111549,73.111601,03-03-2020 08:30,2.24,,,,,6.7,,,,,,,,7.7,,,Turbid Green,,Turbid Green,,Turbid Green,,Turbid Green,,,Turbid Green,0.06,,Turbid Green,,Turbid Green,,
"1,858",MINDHOLA AT STATE HIGHWAY BRIDGE SACHIN,CPCB,24,Gujarat,459,Surat,BARDOLI,-,-,-,-,-,-,-,-,21.111549,73.111601,06-04-2020 08:30,1.12,,,,,7,,,,,,,,7.2,,,Clear,,Clear,,Clear,,Clear,,,Clear,0.04,,Clear,,Clear,,
"1,859",MINDHOLA AT STATE HIGHWAY BRIDGE SACHIN,CPCB,24,Gujarat,459,Surat,BARDOLI,-,-,-,-,-,-,-,-,21.111549,73.111601,11-05-2020 08:30,0.56,,,,,7,,,,,,,,7.4,,,Other,,Other,,Other,,Other,,,Other,0.06,,Other,,Other,,
"1,860",MINDHOLA AT STATE HIGHWAY BRIDGE SACHIN,CPCB,24,Gujarat,459,Surat,BARDOLI,-,-,-,-,-,-,-,-,21.111549,73.111601,03-06-2020 08:30,1.12,,,,,7,,,,,,,,7.3,,,Clear,,Clear,,Clear,,Clear,,,Clear,0.09,,Clear,,Clear,,
"1,861",MINDHOLA AT STATE HIGHWAY BRIDGE SACHIN,CPCB,24,Gujarat,459,Surat,BARDOLI,-,-,-,-,-,-,-,-,21.111549,73.111601,03-07-2020 08:30,0.84,,,,,7,,,,,,,,7.4,,,Clear,,Clear,,Clear,,Clear,,,Clear,0.04,,Clear,,Clear,,
"1,862",MINDHOLA AT STATE HIGHWAY BRIDGE SACHIN,CPCB,24,Gujarat,459,Surat,BARDOLI,-,-,-,-,-,-,-,-,21.111549,73.111601,04-08-2020 08:30,0.28,,,,,6.3,,,,,,,,7.9,,,Clear,,Clear,,Clear,,Clear,,,Clear,0.07,,Clear,,Clear,,
"1,863",MINDHOLA AT STATE HIGHWAY BRIDGE SACHIN,CPCB,24,Gujarat,459,Surat,BARDOLI,-,-,-,-,-,-,-,-,21.111549,73.111601,02-09-2020 08:30,0.28,,,,,5.8,,,,,,,,7.5,,,Clear,,Clear,,Clear,,Clear,,,Clear,0.06,,Clear,,Clear,,
"1,864",MINDHOLA AT STATE HIGHWAY BRIDGE SACHIN,CPCB,24,Gujarat,459,Surat,BARDOLI,-,-,-,-,-,-,-,-,21.111549,73.111601,01-10-2020 08:30,0.56,,,,,4.8,,,,,,,,7.5,,,Other,,Other,,Other,,Other,,,Other,0.1,,Other,,Other,,
"1,865",MINDHOLA AT STATE HIGHWAY BRIDGE SACHIN,CPCB,24,Gujarat,459,Surat,BARDOLI,-,-,-,-,-,-,-,-,21.111549,73.111601,02-11-2020 08:30,0.28,,,,,5.8,,,,,,,,7.1,,,Clear,,Clear,,Clear,,Clear,,,Clear,0.02,,Clear,,Clear,,
"1,866",MINDHOLA AT STATE HIGHWAY BRIDGE SACHIN,CPCB,24,Gujarat,459,Surat,BARDOLI,-,-,-,-,-,-,-,-,21.111549,73.111601,01-12-2020 08:30,0.56,,,,,5.1,,,,,,,,7.5,,,Clear,,Clear,,Clear,,Clear,,,Clear,0.12,,Clear,,Clear,,
"1,867",MOONSAR LAKE OF VIRAMGAM,CPCB,24,Gujarat,438,Ahmedabad,VIRAMGAM,-,-,-,-,-,-,-,-,23.121408,72.041022,02-01-2018 08:30,2.13,,,,,6.5,,,,,,,,9.06,,,,,,,,,,,,,,,,,,,
"1,868",MOONSAR LAKE OF VIRAMGAM,CPCB,24,Gujarat,438,Ahmedabad,VIRAMGAM,-,-,-,-,-,-,-,-,23.121408,72.041022,05-02-2018 08:30,1.01,,,,,6.6,,,,,,,,8.99,,,,,,,,,,,,,,,,,,,
"1,869",MOONSAR LAKE OF VIRAMGAM,CPCB,24,Gujarat,438,Ahmedabad,VIRAMGAM,-,-,-,-,-,-,-,-,23.121408,72.041022,03-03-2018 08:30,0.81,,,,,7.8,,,,,,,,9.01,,,,,,,,,,,,,,,,,,,
"1,870",MOONSAR LAKE OF VIRAMGAM,CPCB,24,Gujarat,438,Ahmedabad,VIRAMGAM,-,-,-,-,-,-,-,-,23.121408,72.041022,04-04-2018 08:30,2.24,,,,,1.1,,,,,,,,8.89,,,,,,,,,,,,,,,,,22,,
"1,871",MOONSAR LAKE OF VIRAMGAM,CPCB,24,Gujarat,438,Ahmedabad,VIRAMGAM,-,-,-,-,-,-,-,-,23.121408,72.041022,02-05-2018 08:30,1.73,,,,,4.9,,,,,,,,8.84,,,,,,,,,,,,,,,,,,,
"1,872",MOONSAR LAKE OF VIRAMGAM,CPCB,24,Gujarat,438,Ahmedabad,VIRAMGAM,-,-,-,-,-,-,-,-,23.121408,72.041022,04-06-2018 08:30,1.17,,,,,4.9,,,,,,,,8.96,,,,,,,,,,,,,,,,,20,,
"1,873",MOONSAR LAKE OF VIRAMGAM,CPCB,24,Gujarat,438,Ahmedabad,VIRAMGAM,-,-,-,-,-,-,-,-,23.121408,72.041022,03-07-2018 08:30,0.4,,,,,8.9,,,,,,,,9.38,,,,,,,,,,,,,,,,,29,,
"1,874",MOONSAR LAKE OF VIRAMGAM,CPCB,24,Gujarat,438,Ahmedabad,VIRAMGAM,-,-,-,-,-,-,-,-,23.121408,72.041022,04-08-2018 08:30,1.06,,,,,9.6,,,,,,,,8.93,,,,,,,,,,,,,,,,,33,,
"1,875",MOONSAR LAKE OF VIRAMGAM,CPCB,24,Gujarat,438,Ahmedabad,VIRAMGAM,-,-,-,-,-,-,-,-,23.121408,72.041022,05-09-2018 08:30,1.9,,,,,6.3,,,,,,,,9.16,,,,,,,,,,,,,,,,,28,,
"1,876",MOONSAR LAKE OF VIRAMGAM,CPCB,24,Gujarat,438,Ahmedabad,VIRAMGAM,-,-,-,-,-,-,-,-,23.121408,72.041022,04-10-2018 08:30,10.75,,,,,,,,,,,,,8.41,,,,,,,,,,,,,,,,,35,,
"1,877",MOONSAR LAKE OF VIRAMGAM,CPCB,24,Gujarat,438,Ahmedabad,VIRAMGAM,-,-,-,-,-,-,-,-,23.121408,72.041022,02-11-2018 08:30,1.12,,,,,3.9,,,,,,,,8.97,,,,,,,,,,,,,,,,,34,,
"1,878",MOONSAR LAKE OF VIRAMGAM,CPCB,24,Gujarat,438,Ahmedabad,VIRAMGAM,-,-,-,-,-,-,-,-,23.121408,72.041022,03-12-2018 08:30,1.62,,,,,5.9,,,,,,,,9.2,,,,,,,,,,,,,,,,,30,,
"1,879",MOONSAR LAKE OF VIRAMGAM,CPCB,24,Gujarat,438,Ahmedabad,VIRAMGAM,-,-,-,-,-,-,-,-,23.121408,72.041022,02-01-2019 08:30,2.4,,,,,9.2,,,,,,,,9.3,,,,,,,,,,,,,,,,,85,,
"1,880",MOONSAR LAKE OF VIRAMGAM,CPCB,24,Gujarat,438,Ahmedabad,VIRAMGAM,-,-,-,-,-,-,-,-,23.121408,72.041022,05-02-2019 08:30,1.6,,,,,7.5,,,,,,,,9.2,,,,,,,,,,,,,,,,,43,,
"1,881",MOONSAR LAKE OF VIRAMGAM,CPCB,24,Gujarat,438,Ahmedabad,VIRAMGAM,-,-,-,-,-,-,-,-,23.121408,72.041022,05-03-2019 08:30,2.8,,,,,8.4,,,,,,,,9.2,,,,,,,,,,,,,,,,,42,,
"1,882",MOONSAR LAKE OF VIRAMGAM,CPCB,24,Gujarat,438,Ahmedabad,VIRAMGAM,-,-,-,-,-,-,-,-,23.121408,72.041022,05-04-2019 08:30,3.4,,,,,5.7,,,,,,,,9,,,,,,,,,,,,,,,,,25,,
"1,883",MOONSAR LAKE OF VIRAMGAM,CPCB,24,Gujarat,438,Ahmedabad,VIRAMGAM,-,-,-,-,-,-,-,-,23.121408,72.041022,04-05-2019 08:30,1.7,,,,,8.9,,,,,,,,8.5,,,,,,,,,,,,,,,,,52,,
"1,884",MOONSAR LAKE OF VIRAMGAM,CPCB,24,Gujarat,438,Ahmedabad,VIRAMGAM,-,-,-,-,-,-,-,-,23.121408,72.041022,04-06-2019 08:30,2.4,,,,,8.2,,,,,,,,8.4,,,,,,,,,,,,,,,,,64,,
"1,885",MOONSAR LAKE OF VIRAMGAM,CPCB,24,Gujarat,438,Ahmedabad,VIRAMGAM,-,-,-,-,-,-,-,-,23.121408,72.041022,01-10-2019 08:30,3.5,,,,,5.4,,,,,,,,8.9,,,,,,,,,,,,,,,,,41,,
"1,886",MOONSAR LAKE OF VIRAMGAM,CPCB,24,Gujarat,438,Ahmedabad,VIRAMGAM,-,-,-,-,-,-,-,-,23.121408,72.041022,07-11-2019 08:30,1.5,,,,,7.3,,,,,,,,9,,,,,,,,,,,,,,,,,54,,
"1,887",MOONSAR LAKE OF VIRAMGAM,CPCB,24,Gujarat,438,Ahmedabad,VIRAMGAM,-,-,-,-,-,-,-,-,23.121408,72.041022,10-12-2019 08:30,2,,,,,2.8,,,,,,,,9.4,,,,,,,,,,,,,,,,,66,,
"1,888",MOONSAR LAKE OF VIRAMGAM,CPCB,24,Gujarat,438,Ahmedabad,VIRAMGAM,-,-,-,-,-,-,-,-,23.121408,72.041022,04-01-2020 08:30,1.4,,,,,8.3,,,,,,,,9.2,,,,,,,,,,,,,,,,,76,,
"1,889",MOONSAR LAKE OF VIRAMGAM,CPCB,24,Gujarat,438,Ahmedabad,VIRAMGAM,-,-,-,-,-,-,-,-,23.121408,72.041022,04-02-2020 08:30,1.29,,,,,4.6,,,,,,,,9,,,Light Green,,Light Green,,Light Green,,Light Green,,,Light Green,Light Green,,Light Green,,60,,
"1,890",MOONSAR LAKE OF VIRAMGAM,CPCB,24,Gujarat,438,Ahmedabad,VIRAMGAM,-,-,-,-,-,-,-,-,23.121408,72.041022,03-03-2020 08:30,0.73,,,,,0.6,,,,,,,,9.1,,,Light Green,,Light Green,,Light Green,,Light Green,,,Light Green,0.25,,Light Green,,66,,
"1,891",MOONSAR LAKE OF VIRAMGAM,CPCB,24,Gujarat,438,Ahmedabad,VIRAMGAM,-,-,-,-,-,-,-,-,23.121408,72.041022,08-04-2020 08:30,Light Green,,,,,Light Green,,,,,,,,Light Green,,,Light Green,,Light Green,,Light Green,,Light Green,,,Light Green,Light Green,,Light Green,,Light Green,,
"1,892",MOONSAR LAKE OF VIRAMGAM,CPCB,24,Gujarat,438,Ahmedabad,VIRAMGAM,-,-,-,-,-,-,-,-,23.121408,72.041022,01-05-2020 08:30,,,,,,,,,,,,,,,,,,,,,,,,,,,,,,,,,
"1,893",MOONSAR LAKE OF VIRAMGAM,CPCB,24,Gujarat,438,Ahmedabad,VIRAMGAM,-,-,-,-,-,-,-,-,23.121408,72.041022,01-09-2020 08:30,0.73,,,,,5.7,,,,,,,,8.4,,,Light Green,,Light Green,,Light Green,,Light Green,,,Light Green,Light Green,,Light Green,,10.96,,
"1,894",MOONSAR LAKE OF VIRAMGAM,CPCB,24,Gujarat,438,Ahmedabad,VIRAMGAM,-,-,-,-,-,-,-,-,23.121408,72.041022,06-10-2020 08:30,1.78,,,,,6.1,,,,,,,,8.4,,,Light Green,,Light Green,,Light Green,,Light Green,,,Light Green,Light Green,,Light Green,,Light Green,,
"1,895",MOONSAR LAKE OF VIRAMGAM,CPCB,24,Gujarat,438,Ahmedabad,VIRAMGAM,-,-,-,-,-,-,-,-,23.121408,72.041022,03-11-2020 08:30,1.57,,,,,6,,,,,,,,8.4,,,Light Green,,Light Green,,Light Green,,Light Green,,,Light Green,Light Green,,Light Green,,Light Green,,
"1,896",MOONSAR LAKE OF VIRAMGAM,CPCB,24,Gujarat,438,Ahmedabad,VIRAMGAM,-,-,-,-,-,-,-,-,23.121408,72.041022,01-12-2020 08:30,1.17,,,,,4.4,,,,,,,,8.85,,,Light Green,,Light Green,,Light Green,,Light Green,,,Light Green,Light Green,,Light Green,,Light Green,,
"1,897",MORA-HAJIRA (INDUSTRIAL) HAJIRA,CPCB,24,Gujarat,459,Surat,CHORASI,-,-,-,-,-,-,-,-,21.169974,72.673905,04-04-2018 08:30,,,,,342,,1320,,,,,,,8.11,,,,180,,,,72.1,,51,,,,,,,,,
"1,898",MORA-HAJIRA (INDUSTRIAL) HAJIRA,CPCB,24,Gujarat,459,Surat,CHORASI,-,-,-,-,-,-,-,-,21.169974,72.673905,08-10-2018 08:30,,,,,260,,850,,,,,,,8.5,,,,,,,,40.08,,36.48,,,,,,,,,
"1,899",MORA-HAJIRA (INDUSTRIAL) HAJIRA,CPCB,24,Gujarat,459,Surat,CHORASI,-,-,-,-,-,-,-,-,21.169974,72.673905,03-04-2019 08:30,,,,,210,,774,,,,,,,8,,,0.01,380,0.02,0.06,0.08,40.1,,31.5,,,0.61,,,0.01,,,
"1,900",MORA-HAJIRA (INDUSTRIAL) HAJIRA,CPCB,24,Gujarat,459,Surat,CHORASI,-,-,-,-,-,-,-,-,21.169974,72.673905,04-10-2019 08:30,,,,,85,,626,,,,,,,7.9,,,,270,,,,44.1,,29.2,,,,,,0.01,,,
"1,901",MORA-HAJIRA (INDUSTRIAL) HAJIRA,CPCB,24,Gujarat,459,Surat,CHORASI,-,-,-,-,-,-,-,-,21.169974,72.673905,05-04-2020 08:30,0.56,,,,,4.9,,,,,,,,7.3,,,Clear,,Clear,,Clear,,Clear,,,Clear,0.02,,Clear,,2.15,,
"1,902",MORA-HAJIRA (INDUSTRIAL) HAJIRA,CPCB,24,Gujarat,459,Surat,CHORASI,-,-,-,-,-,-,-,-,21.169974,72.673905,03-10-2020 08:30,0.56,,,,,2.9,,,,,,,,7.1,,,Clear,,Clear,,Clear,,Clear,,,Clear,0.16,,Clear,,0.81,,
"1,903",MOTICHER LAKE NEAR KAKARPAR ATOMIC POWER STATION DIST. SURAT.,CPCB,24,Gujarat,459,Surat,Mandvi,-,-,-,-,-,-,-,-,21.244819,73.355505,03-01-2018 08:30,0.84,,,,,7.5,,,,,,,,7.62,,,,,,,,,,,,,,,,,,,
"1,904",MOTICHER LAKE NEAR KAKARPAR ATOMIC POWER STATION DIST. SURAT.,CPCB,24,Gujarat,459,Surat,Mandvi,-,-,-,-,-,-,-,-,21.244819,73.355505,01-02-2018 08:30,0.56,,,,,7.4,,,,,,,,7.84,,,,,,,,,,,,,,,,,,,
"1,905",MOTICHER LAKE NEAR KAKARPAR ATOMIC POWER STATION DIST. SURAT.,CPCB,24,Gujarat,459,Surat,Mandvi,-,-,-,-,-,-,-,-,21.244819,73.355505,05-03-2018 08:30,0.56,,,,,7.3,,,,,,,,7.42,,,,,,,,,,,,,,,,,,,
"1,906",MOTICHER LAKE NEAR KAKARPAR ATOMIC POWER STATION DIST. SURAT.,CPCB,24,Gujarat,459,Surat,Mandvi,-,-,-,-,-,-,-,-,21.244819,73.355505,03-04-2018 08:30,0.84,,,,,7.4,,,,,,,,7.5,,,,,,,,,,,,,,,,,,,
"1,907",MOTICHER LAKE NEAR KAKARPAR ATOMIC POWER STATION DIST. SURAT.,CPCB,24,Gujarat,459,Surat,Mandvi,-,-,-,-,-,-,-,-,21.244819,73.355505,02-05-2018 08:30,0.56,,,,,7.2,,,,,,,,7.71,,,,,,,,,,,,,,,,,,,
"1,908",MOTICHER LAKE NEAR KAKARPAR ATOMIC POWER STATION DIST. SURAT.,CPCB,24,Gujarat,459,Surat,Mandvi,-,-,-,-,-,-,-,-,21.244819,73.355505,02-06-2018 08:30,0.56,,,,,7.4,,,,,,,,7.94,,,,,,,,,,,,,,,,,,,
"1,909",MOTICHER LAKE NEAR KAKARPAR ATOMIC POWER STATION DIST. SURAT.,CPCB,24,Gujarat,459,Surat,Mandvi,-,-,-,-,-,-,-,-,21.244819,73.355505,04-07-2018 08:30,0.4,,,,,7.5,,,,,,,,7.7,,,,,,,,,,,,,,,,,,,
"1,910",MOTICHER LAKE NEAR KAKARPAR ATOMIC POWER STATION DIST. SURAT.,CPCB,24,Gujarat,459,Surat,Mandvi,-,-,-,-,-,-,-,-,21.244819,73.355505,01-08-2018 08:30,0.56,,,,,7.5,,,,,,,,7.93,,,,,,,,,,,,,,,,,,,
"1,911",MOTICHER LAKE NEAR KAKARPAR ATOMIC POWER STATION DIST. SURAT.,CPCB,24,Gujarat,459,Surat,Mandvi,-,-,-,-,-,-,-,-,21.244819,73.355505,06-09-2018 08:30,1.12,,,,,7,,,,,,,,8.01,,,,,,,,,,,,,,,,,,,
"1,912",MOTICHER LAKE NEAR KAKARPAR ATOMIC POWER STATION DIST. SURAT.,CPCB,24,Gujarat,459,Surat,Mandvi,-,-,-,-,-,-,-,-,21.244819,73.355505,03-10-2018 08:30,1.12,,,,,6.8,,,,,,,,7.18,,,,,,,,,,,,,,,,,,,
"1,913",MOTICHER LAKE NEAR KAKARPAR ATOMIC POWER STATION DIST. SURAT.,CPCB,24,Gujarat,459,Surat,Mandvi,-,-,-,-,-,-,-,-,21.244819,73.355505,02-11-2018 08:30,0.56,,,,,7.3,,,,,,,,8.02,,,,,,,,,,,,,,,,,,,
"1,914",MOTICHER LAKE NEAR KAKARPAR ATOMIC POWER STATION DIST. SURAT.,CPCB,24,Gujarat,459,Surat,Mandvi,-,-,-,-,-,-,-,-,21.244819,73.355505,04-12-2018 08:30,0.84,,,,,7.2,,,,,,,,8.1,,,,,,,,,,,,,,,,,,,
"1,915",MOTICHER LAKE NEAR KAKARPAR ATOMIC POWER STATION DIST. SURAT.,CPCB,24,Gujarat,459,Surat,Mandvi,-,-,-,-,-,-,-,-,21.244819,73.355505,02-01-2019 08:30,,,,,,7.1,,,,,,,,8,,,,,,,,,,,,,,,,,,,
"1,916",MOTICHER LAKE NEAR KAKARPAR ATOMIC POWER STATION DIST. SURAT.,CPCB,24,Gujarat,459,Surat,Mandvi,-,-,-,-,-,-,-,-,21.244819,73.355505,04-02-2019 08:30,,,,,,7.3,,,,,,,,7.9,,,,,,,,,,,,,,,,,,,
"1,917",MOTICHER LAKE NEAR KAKARPAR ATOMIC POWER STATION DIST. SURAT.,CPCB,24,Gujarat,459,Surat,Mandvi,-,-,-,-,-,-,-,-,21.244819,73.355505,02-03-2019 08:30,0.6,,,,,7.2,,,,,,,,7.6,,,,,,,,,,,,,,,,,,,
"1,918",MOTICHER LAKE NEAR KAKARPAR ATOMIC POWER STATION DIST. SURAT.,CPCB,24,Gujarat,459,Surat,Mandvi,-,-,-,-,-,-,-,-,21.244819,73.355505,02-04-2019 08:30,1.4,,,,,6.8,,,,,,,,8,,,,,,,,,,,,,,,,,,,
"1,919",MOTICHER LAKE NEAR KAKARPAR ATOMIC POWER STATION DIST. SURAT.,CPCB,24,Gujarat,459,Surat,Mandvi,-,-,-,-,-,-,-,-,21.244819,73.355505,02-05-2019 08:30,1.4,,,,,6,,,,,,,,7.7,,,,,,,,,,,,,,,,,,,
"1,920",MOTICHER LAKE NEAR KAKARPAR ATOMIC POWER STATION DIST. SURAT.,CPCB,24,Gujarat,459,Surat,Mandvi,-,-,-,-,-,-,-,-,21.244819,73.355505,04-06-2019 08:30,1.1,,,,,6.1,,,,,,,,7.8,,,,,,,,,,,,,,,,,,,
"1,921",MOTICHER LAKE NEAR KAKARPAR ATOMIC POWER STATION DIST. SURAT.,CPCB,24,Gujarat,459,Surat,Mandvi,-,-,-,-,-,-,-,-,21.244819,73.355505,03-07-2019 08:30,0.8,,,,,7.1,,,,,,,,7.8,,,,,,,,,,,,,,,,,,,
"1,922",MOTICHER LAKE NEAR KAKARPAR ATOMIC POWER STATION DIST. SURAT.,CPCB,24,Gujarat,459,Surat,Mandvi,-,-,-,-,-,-,-,-,21.244819,73.355505,01-08-2019 08:30,,,,,,7.3,,,,,,,,7.3,,,,,,,,,,,,,,,,,,,
"1,923",MOTICHER LAKE NEAR KAKARPAR ATOMIC POWER STATION DIST. SURAT.,CPCB,24,Gujarat,459,Surat,Mandvi,-,-,-,-,-,-,-,-,21.244819,73.355505,04-09-2019 08:30,0.6,,,,,7.2,,,,,,,,7.6,,,,,,,,,,,,,,,,,,,
"1,924",MOTICHER LAKE NEAR KAKARPAR ATOMIC POWER STATION DIST. SURAT.,CPCB,24,Gujarat,459,Surat,Mandvi,-,-,-,-,-,-,-,-,21.244819,73.355505,01-10-2019 08:30,0.8,,,,,6.6,,,,,,,,7.7,,,,,,,,,,,,,,,,,,,
"1,925",MOTICHER LAKE NEAR KAKARPAR ATOMIC POWER STATION DIST. SURAT.,CPCB,24,Gujarat,459,Surat,Mandvi,-,-,-,-,-,-,-,-,21.244819,73.355505,06-11-2019 08:30,0.6,,,,,7.2,,,,,,,,7.9,,,,,,,,,,,,,,,,,,,
"1,926",MOTICHER LAKE NEAR KAKARPAR ATOMIC POWER STATION DIST. SURAT.,CPCB,24,Gujarat,459,Surat,Mandvi,-,-,-,-,-,-,-,-,21.244819,73.355505,03-12-2019 08:30,0.8,,,,,7.2,,,,,,,,8.1,,,,,,,,,,,,,,,,,,,
"1,927",MOTICHER LAKE NEAR KAKARPAR ATOMIC POWER STATION DIST. SURAT.,CPCB,24,Gujarat,459,Surat,Mandvi,-,-,-,-,-,-,-,-,21.244819,73.355505,01-01-2020 08:30,0.56,,,,,7.2,,,,,,,,7.7,,,,,,,,,,,,,0.09,,,,,,
"1,928",MOTICHER LAKE NEAR KAKARPAR ATOMIC POWER STATION DIST. SURAT.,CPCB,24,Gujarat,459,Surat,Mandvi,-,-,-,-,-,-,-,-,21.244819,73.355505,06-02-2020 08:30,0.84,,,,,7.1,,,,,,,,7.3,,,Clear,,Clear,,Clear,,Clear,,,Clear,0.03,,Clear,,Clear,,
"1,929",MOTICHER LAKE NEAR KAKARPAR ATOMIC POWER STATION DIST. SURAT.,CPCB,24,Gujarat,459,Surat,Mandvi,-,-,-,-,-,-,-,-,21.244819,73.355505,03-03-2020 08:30,0.56,,,,,7.1,,,,,,,,7,,,Clear,,Clear,,Clear,,Clear,,,Clear,0.07,,Clear,,Clear,,
"1,930",MOTICHER LAKE NEAR KAKARPAR ATOMIC POWER STATION DIST. SURAT.,CPCB,24,Gujarat,459,Surat,Mandvi,-,-,-,-,-,-,-,-,21.244819,73.355505,06-04-2020 08:30,0.84,,,,,7,,,,,,,,7.1,,,Clear,,Clear,,Clear,,Clear,,,Clear,0.05,,Clear,,Clear,,
"1,931",MOTICHER LAKE NEAR KAKARPAR ATOMIC POWER STATION DIST. SURAT.,CPCB,24,Gujarat,459,Surat,Mandvi,-,-,-,-,-,-,-,-,21.244819,73.355505,05-05-2020 08:30,0.56,,,,,7,,,,,,,,7.1,,,Clear,,Clear,,Clear,,Clear,,,Clear,0.05,,Clear,,Clear,,
"1,932",MOTICHER LAKE NEAR KAKARPAR ATOMIC POWER STATION DIST. SURAT.,CPCB,24,Gujarat,459,Surat,Mandvi,-,-,-,-,-,-,-,-,21.244819,73.355505,03-06-2020 08:30,0.28,,,,,7,,,,,,,,7,,,Clear,,Clear,,Clear,,Clear,,,Clear,0.06,,Clear,,Clear,,
"1,933",MOTICHER LAKE NEAR KAKARPAR ATOMIC POWER STATION DIST. SURAT.,CPCB,24,Gujarat,459,Surat,Mandvi,-,-,-,-,-,-,-,-,21.244819,73.355505,07-07-2020 08:30,0.84,,,,,7,,,,,,,,7.9,,,Clear,,Clear,,Clear,,Clear,,,Clear,0.02,,Clear,,Clear,,
"1,934",MOTICHER LAKE NEAR KAKARPAR ATOMIC POWER STATION DIST. SURAT.,CPCB,24,Gujarat,459,Surat,Mandvi,-,-,-,-,-,-,-,-,21.244819,73.355505,05-08-2020 08:30,0.56,,,,,6.7,,,,,,,,8.4,,,Clear,,Clear,,Clear,,Clear,,,Clear,0.05,,Clear,,Clear,,
"1,935",MOTICHER LAKE NEAR KAKARPAR ATOMIC POWER STATION DIST. SURAT.,CPCB,24,Gujarat,459,Surat,Mandvi,-,-,-,-,-,-,-,-,21.244819,73.355505,02-09-2020 08:30,0.56,,,,,7.2,,,,,,,,7.3,,,Clear,,Clear,,Clear,,Clear,,,Clear,0.04,,Clear,,Clear,,
"1,936",MOTICHER LAKE NEAR KAKARPAR ATOMIC POWER STATION DIST. SURAT.,CPCB,24,Gujarat,459,Surat,Mandvi,-,-,-,-,-,-,-,-,21.244819,73.355505,01-10-2020 08:30,0.28,,,,,7.4,,,,,,,,7.1,,,Clear,,Clear,,Clear,,Clear,,,Clear,0.07,,Clear,,Clear,,
"1,937",MOTICHER LAKE NEAR KAKARPAR ATOMIC POWER STATION DIST. SURAT.,CPCB,24,Gujarat,459,Surat,Mandvi,-,-,-,-,-,-,-,-,21.244819,73.355505,02-11-2020 08:30,0.56,,,,,7.4,,,,,,,,7.6,,,Clear,,Clear,,Clear,,Clear,,,Clear,0.07,,Clear,,Clear,,
"1,938",MOTICHER LAKE NEAR KAKARPAR ATOMIC POWER STATION DIST. SURAT.,CPCB,24,Gujarat,459,Surat,Mandvi,-,-,-,-,-,-,-,-,21.244819,73.355505,01-12-2020 08:30,0.28,,,,,7.3,,,,,,,,7.8,,,Clear,,Clear,,Clear,,Clear,,,Clear,0.04,,Clear,,Clear,,
"1,939",NALSAROVAR LAKE (SANAND) DIST.AHMEDABAD,CPCB,24,Gujarat,438,Ahmedabad,VIRAMGAM,-,-,-,-,-,-,-,-,22.799681,72.039422,02-01-2018 08:30,1.9,,,,,6.6,,,,,,,,9.25,,,,,,,,,,,,,,,,,,,
"1,940",NALSAROVAR LAKE (SANAND) DIST.AHMEDABAD,CPCB,24,Gujarat,438,Ahmedabad,VIRAMGAM,-,-,-,-,-,-,-,-,22.799681,72.039422,05-02-2018 08:30,1.06,,,,,6.3,,,,,,,,9.03,,,,,,,,,,,,,,,,,,,
"1,941",NALSAROVAR LAKE (SANAND) DIST.AHMEDABAD,CPCB,24,Gujarat,438,Ahmedabad,VIRAMGAM,-,-,-,-,-,-,-,-,22.799681,72.039422,03-03-2018 08:30,0.76,,,,,9.2,,,,,,,,9.13,,,,,,,,,,,,,,,,,,,
"1,942",NALSAROVAR LAKE (SANAND) DIST.AHMEDABAD,CPCB,24,Gujarat,438,Ahmedabad,VIRAMGAM,-,-,-,-,-,-,-,-,22.799681,72.039422,04-04-2018 08:30,0.95,,,,,8.8,,,,,,,,9.97,,,,,,,,,,,,,,,,,29,,
"1,943",NALSAROVAR LAKE (SANAND) DIST.AHMEDABAD,CPCB,24,Gujarat,438,Ahmedabad,VIRAMGAM,-,-,-,-,-,-,-,-,22.799681,72.039422,02-05-2018 08:30,2.01,,,,,5.8,,,,,,,,9.01,,,,,,,,,,,,,,,,,,,
"1,944",NALSAROVAR LAKE (SANAND) DIST.AHMEDABAD,CPCB,24,Gujarat,438,Ahmedabad,VIRAMGAM,-,-,-,-,-,-,-,-,22.799681,72.039422,04-06-2018 08:30,2.85,,,,,3.9,,,,,,,,7.8,,,,,,,,,,,,,,,,,53,,
"1,945",NALSAROVAR LAKE (SANAND) DIST.AHMEDABAD,CPCB,24,Gujarat,438,Ahmedabad,VIRAMGAM,-,-,-,-,-,-,-,-,22.799681,72.039422,03-07-2018 08:30,0.78,,,,,5.7,,,,,,,,8.45,,,,,,,,,,,,,,,,,49,,
"1,946",NALSAROVAR LAKE (SANAND) DIST.AHMEDABAD,CPCB,24,Gujarat,438,Ahmedabad,VIRAMGAM,-,-,-,-,-,-,-,-,22.799681,72.039422,04-08-2018 08:30,1.18,,,,,1.9,,,,,,,,8.03,,,,,,,,,,,,,,,,,40,,
"1,947",NALSAROVAR LAKE (SANAND) DIST.AHMEDABAD,CPCB,24,Gujarat,438,Ahmedabad,VIRAMGAM,-,-,-,-,-,-,-,-,22.799681,72.039422,05-09-2018 08:30,4.37,,,,,8.8,,,,,,,,9.38,,,,,,,,,,,,,,,,,17,,
"1,948",NALSAROVAR LAKE (SANAND) DIST.AHMEDABAD,CPCB,24,Gujarat,438,Ahmedabad,VIRAMGAM,-,-,-,-,-,-,-,-,22.799681,72.039422,04-10-2018 08:30,1.09,,,,,,,,,,,,,7.49,,,,,,,,,,,,,,,,,43,,
"1,949",NALSAROVAR LAKE (SANAND) DIST.AHMEDABAD,CPCB,24,Gujarat,438,Ahmedabad,VIRAMGAM,-,-,-,-,-,-,-,-,22.799681,72.039422,05-11-2018 08:30,1.12,,,,,8.2,,,,,,,,8.09,,,,,,,,,,,,,,,,,78,,
"1,950",NALSAROVAR LAKE (SANAND) DIST.AHMEDABAD,CPCB,24,Gujarat,438,Ahmedabad,VIRAMGAM,-,-,-,-,-,-,-,-,22.799681,72.039422,06-08-2019 08:30,0.6,,,,,7.1,,,,,,,,8.2,,,,,,,,,,,,,,,,,6,,
"1,951",NALSAROVAR LAKE (SANAND) DIST.AHMEDABAD,CPCB,24,Gujarat,438,Ahmedabad,VIRAMGAM,-,-,-,-,-,-,-,-,22.799681,72.039422,06-09-2019 08:30,2.3,,,,,7.2,,,,,,,,8.6,,,,,,,,,,,,,,,,,7,,
"1,952",NALSAROVAR LAKE (SANAND) DIST.AHMEDABAD,CPCB,24,Gujarat,438,Ahmedabad,VIRAMGAM,-,-,-,-,-,-,-,-,22.799681,72.039422,01-10-2019 08:30,1,,,,,7.4,,,,,,,,7.7,,,,,,,,,,,,,,,,,2,,
"1,953",NALSAROVAR LAKE (SANAND) DIST.AHMEDABAD,CPCB,24,Gujarat,438,Ahmedabad,VIRAMGAM,-,-,-,-,-,-,-,-,22.799681,72.039422,06-11-2019 08:30,1.7,,,,,7.4,,,,,,,,8.8,,,,,,,,,,,,,,,,,9,,
"1,954",NALSAROVAR LAKE (SANAND) DIST.AHMEDABAD,CPCB,24,Gujarat,438,Ahmedabad,VIRAMGAM,-,-,-,-,-,-,-,-,22.799681,72.039422,10-12-2019 08:30,1.6,,,,,7.4,,,,,,,,9,,,,,,,,,,,,,,,,,9,,
"1,955",NALSAROVAR LAKE (SANAND) DIST.AHMEDABAD,CPCB,24,Gujarat,438,Ahmedabad,VIRAMGAM,-,-,-,-,-,-,-,-,22.799681,72.039422,04-01-2020 08:30,0.98,,,,,7.9,,,,,,,,9,,,,,,,,,,,,,,,,,9,,
"1,956",NALSAROVAR LAKE (SANAND) DIST.AHMEDABAD,CPCB,24,Gujarat,438,Ahmedabad,VIRAMGAM,-,-,-,-,-,-,-,-,22.799681,72.039422,04-02-2020 08:30,1.34,,,,,8,,,,,,,,8.7,,,Clear,,Clear,,Clear,,Clear,,,Clear,0.05,,Clear,,12,,
"1,957",NALSAROVAR LAKE (SANAND) DIST.AHMEDABAD,CPCB,24,Gujarat,438,Ahmedabad,VIRAMGAM,-,-,-,-,-,-,-,-,22.799681,72.039422,03-03-2020 08:30,0.67,,,,,6.7,,,,,,,,8.7,,,Clear,,Clear,,Clear,,Clear,,,Clear,0.11,,Clear,,15,,
"1,958",NALSAROVAR LAKE (SANAND) DIST.AHMEDABAD,CPCB,24,Gujarat,438,Ahmedabad,VIRAMGAM,-,-,-,-,-,-,-,-,22.799681,72.039422,08-04-2020 08:30,0.22,,,,,8.1,,,,,,,,8.4,,,Clear,,Clear,,0.39,,Clear,,,0.02,0.08,,Clear,,23,,
"1,959",NALSAROVAR LAKE (SANAND) DIST.AHMEDABAD,CPCB,24,Gujarat,438,Ahmedabad,VIRAMGAM,-,-,-,-,-,-,-,-,22.799681,72.039422,01-05-2020 08:30,0.5,,,,,7.9,,,,,,,,8.8,,,Clear,,Clear,,Clear,,Clear,,,Clear,0.11,,Clear,,21,,
"1,960",NALSAROVAR LAKE (SANAND) DIST.AHMEDABAD,CPCB,24,Gujarat,438,Ahmedabad,VIRAMGAM,-,-,-,-,-,-,-,-,22.799681,72.039422,06-06-2020 08:30,0.62,,,,,7.8,,,,,,,,7.5,,,Clear,,Clear,,Clear,,Clear,,,Clear,Clear,,Clear,,Clear,,
"1,961",NALSAROVAR LAKE (SANAND) DIST.AHMEDABAD,CPCB,24,Gujarat,438,Ahmedabad,VIRAMGAM,-,-,-,-,-,-,-,-,22.799681,72.039422,08-07-2020 08:30,0.67,,,,,8.2,,,,,,,,7.7,,,Clear,,Clear,,Clear,,Clear,,,Clear,Clear,,Clear,,Clear,,
"1,962",NALSAROVAR LAKE (SANAND) DIST.AHMEDABAD,CPCB,24,Gujarat,438,Ahmedabad,VIRAMGAM,-,-,-,-,-,-,-,-,22.799681,72.039422,05-08-2020 08:30,1.06,,,,,5.7,,,,,,,,8,,,Clear,,Clear,,Clear,,Clear,,,Clear,Clear,,Clear,,24.24,,
"1,963",NALSAROVAR LAKE (SANAND) DIST.AHMEDABAD,CPCB,24,Gujarat,438,Ahmedabad,VIRAMGAM,-,-,-,-,-,-,-,-,22.799681,72.039422,01-09-2020 08:30,0.31,,,,,6.8,,,,,,,,7.6,,,Clear,,Clear,,Clear,,Clear,,,Clear,Clear,,Clear,,1.69,,
"1,964",NALSAROVAR LAKE (SANAND) DIST.AHMEDABAD,CPCB,24,Gujarat,438,Ahmedabad,VIRAMGAM,-,-,-,-,-,-,-,-,22.799681,72.039422,06-10-2020 08:30,0.84,,,,,7.1,,,,,,,,8.3,,,Clear,,Clear,,Clear,,Clear,,,Clear,Clear,,Clear,,4,,
"1,965",NALSAROVAR LAKE (SANAND) DIST.AHMEDABAD,CPCB,24,Gujarat,438,Ahmedabad,VIRAMGAM,-,-,-,-,-,-,-,-,22.799681,72.039422,03-11-2020 08:30,0.81,,,,,6.9,,,,,,,,8.4,,,Clear,,Clear,,Clear,,Clear,,,Clear,Clear,,Clear,,4,,
"1,966",NALSAROVAR LAKE (SANAND) DIST.AHMEDABAD,CPCB,24,Gujarat,438,Ahmedabad,VIRAMGAM,-,-,-,-,-,-,-,-,22.799681,72.039422,01-12-2020 08:30,0.84,,,,,7.8,,,,,,,,8.6,,,Clear,,Clear,,Clear,,Clear,,,Clear,Clear,,Clear,,19,,
"1,967",NARMADA AT BHARUCH ZADESHVAR,CPCB,24,Gujarat,442,Bharuch,ANKLESVAR,-,-,-,-,-,-,-,-,21.665906,72.916681,01-01-2018 08:30,,,,,,6.7,,,,,,,,7.92,,,,,,,,,,,,,,,,,,,
"1,968",NARMADA AT BHARUCH ZADESHVAR,CPCB,24,Gujarat,442,Bharuch,ANKLESVAR,-,-,-,-,-,-,-,-,21.665906,72.916681,05-02-2018 08:30,,,,,,7.2,,,,,,,,7.79,,,,,,,,,,,,,,,,,,,
"1,969",NARMADA AT BHARUCH ZADESHVAR,CPCB,24,Gujarat,442,Bharuch,ANKLESVAR,-,-,-,-,-,-,-,-,21.665906,72.916681,01-03-2018 08:30,,,,,,6.6,,,,,,,,7.99,,,,,,,,,,,,,,,,,,,
"1,970",NARMADA AT BHARUCH ZADESHVAR,CPCB,24,Gujarat,442,Bharuch,ANKLESVAR,-,-,-,-,-,-,-,-,21.665906,72.916681,04-04-2018 08:30,,,,,,7,,,,,,,,7.9,,,,,,,,,,,,,,,,,,,
"1,971",NARMADA AT BHARUCH ZADESHVAR,CPCB,24,Gujarat,442,Bharuch,ANKLESVAR,-,-,-,-,-,-,-,-,21.665906,72.916681,02-05-2018 08:30,,,,,,6.6,,,,,,,,7.87,,,,,,,,,,,,,,,,,,,
"1,972",NARMADA AT BHARUCH ZADESHVAR,CPCB,24,Gujarat,442,Bharuch,ANKLESVAR,-,-,-,-,-,-,-,-,21.665906,72.916681,08-06-2018 08:30,,,,,,6.5,,,,,,,,7.98,,,,,,,,,,,,,,,,,,,
"1,973",NARMADA AT BHARUCH ZADESHVAR,CPCB,24,Gujarat,442,Bharuch,ANKLESVAR,-,-,-,-,-,-,-,-,21.665906,72.916681,02-07-2018 08:30,,,,,,6.2,,,,,,,,8.03,,,,,,,,,,,,,,,,,,,
"1,974",NARMADA AT BHARUCH ZADESHVAR,CPCB,24,Gujarat,442,Bharuch,ANKLESVAR,-,-,-,-,-,-,-,-,21.665906,72.916681,04-08-2018 08:30,,,,,,6.4,,,,,,,,8.08,,,,,,,,,,,,,,,,,,,
"1,975",NARMADA AT BHARUCH ZADESHVAR,CPCB,24,Gujarat,442,Bharuch,ANKLESVAR,-,-,-,-,-,-,-,-,21.665906,72.916681,04-09-2018 08:30,,,,,,6.4,,,,,,,,7.99,,,,,,,,,,,,,,,,,,,
"1,976",NARMADA AT BHARUCH ZADESHVAR,CPCB,24,Gujarat,442,Bharuch,ANKLESVAR,-,-,-,-,-,-,-,-,21.665906,72.916681,06-10-2018 08:30,,,,,,6.5,,,,,,,,8.02,,,,,,,,,,,,,,,,,,,
"1,977",NARMADA AT BHARUCH ZADESHVAR,CPCB,24,Gujarat,442,Bharuch,ANKLESVAR,-,-,-,-,-,-,-,-,21.665906,72.916681,02-11-2018 08:30,,,,,,6.4,,,,,,,,7.99,,,,,,,,,,,,,,,,,,,
"1,978",NARMADA AT BHARUCH ZADESHVAR,CPCB,24,Gujarat,442,Bharuch,ANKLESVAR,-,-,-,-,-,-,-,-,21.665906,72.916681,05-12-2018 08:30,,,,,,6.4,,,,,,,,8.02,,,,,,,,,,,,,,,,,,,
"1,979",NARMADA AT BHARUCH ZADESHVAR,CPCB,24,Gujarat,442,Bharuch,ANKLESVAR,-,-,-,-,-,-,-,-,21.665906,72.916681,03-01-2019 08:30,,,,,,6.2,,,,,,,,8.1,,,,,,,,,,,,,,,,,,,
"1,980",NARMADA AT BHARUCH ZADESHVAR,CPCB,24,Gujarat,442,Bharuch,ANKLESVAR,-,-,-,-,-,-,-,-,21.665906,72.916681,05-02-2019 08:30,,,,,,6.3,,,,,,,,8.1,,,,,,,,,,,,,,,,,,,
"1,981",NARMADA AT BHARUCH ZADESHVAR,CPCB,24,Gujarat,442,Bharuch,ANKLESVAR,-,-,-,-,-,-,-,-,21.665906,72.916681,02-03-2019 08:30,,,,,,6.7,,,,,,,,7.9,,,,,,,,,,,,,,,,,,,
"1,982",NARMADA AT BHARUCH ZADESHVAR,CPCB,24,Gujarat,442,Bharuch,ANKLESVAR,-,-,-,-,-,-,-,-,21.665906,72.916681,03-04-2019 08:30,,,,,,6.2,,,,,,,,8,,,,,,,,,,,,,,,,,,,
"1,983",NARMADA AT BHARUCH ZADESHVAR,CPCB,24,Gujarat,442,Bharuch,ANKLESVAR,-,-,-,-,-,-,-,-,21.665906,72.916681,01-05-2019 08:30,,,,,,7,,,,,,,,8,,,,,,,,,,,,,,,,,,,
"1,984",NARMADA AT BHARUCH ZADESHVAR,CPCB,24,Gujarat,442,Bharuch,ANKLESVAR,-,-,-,-,-,-,-,-,21.665906,72.916681,01-06-2019 08:30,,,,,,6.5,,,,,,,,7.9,,,,,,,,,,,,,,,,,,,
"1,985",NARMADA AT BHARUCH ZADESHVAR,CPCB,24,Gujarat,442,Bharuch,ANKLESVAR,-,-,-,-,-,-,-,-,21.665906,72.916681,01-07-2019 08:30,,,,,,6.5,,,,,,,,7.7,,,,,,,,,,,,,,,,,,,
"1,986",NARMADA AT BHARUCH ZADESHVAR,CPCB,24,Gujarat,442,Bharuch,ANKLESVAR,-,-,-,-,-,-,-,-,21.665906,72.916681,01-08-2019 08:30,,,,,,5.9,,,,,,,,7.9,,,,,,,,,,,,,,,,,,,
"1,987",NARMADA AT BHARUCH ZADESHVAR,CPCB,24,Gujarat,442,Bharuch,ANKLESVAR,-,-,-,-,-,-,-,-,21.665906,72.916681,03-09-2019 08:30,,,,,,7.1,,,,,,,,7.7,,,,,,,,,,,,,,,,,,,
"1,988",NARMADA AT BHARUCH ZADESHVAR,CPCB,24,Gujarat,442,Bharuch,ANKLESVAR,-,-,-,-,-,-,-,-,21.665906,72.916681,01-10-2019 08:30,,,,,,6.7,,,,,,,,7.7,,,,,,,,,,,,,,,,,,,
"1,989",NARMADA AT BHARUCH ZADESHVAR,CPCB,24,Gujarat,442,Bharuch,ANKLESVAR,-,-,-,-,-,-,-,-,21.665906,72.916681,02-11-2019 08:30,,,,,,6.3,,,,,,,,7.7,,,,,,,,,,,,,,,,,,,
"1,990",NARMADA AT BHARUCH ZADESHVAR,CPCB,24,Gujarat,442,Bharuch,ANKLESVAR,-,-,-,-,-,-,-,-,21.665906,72.916681,03-12-2019 08:30,,,,,,7,,,,,,,,8.2,,,,,,,,,,,,,,,,,,,
"1,991",NARMADA AT BHARUCH ZADESHVAR,CPCB,24,Gujarat,442,Bharuch,ANKLESVAR,-,-,-,-,-,-,-,-,21.665906,72.916681,01-01-2020 08:30,,,,,,7.5,,,,,,,,8,,,,,,,,,,,,,0.07,,,,,,
"1,992",NARMADA AT BHARUCH ZADESHVAR,CPCB,24,Gujarat,442,Bharuch,ANKLESVAR,-,-,-,-,-,-,-,-,21.665906,72.916681,01-02-2020 08:30,Clear,,,,,3.6,,,,,,,,8.1,,,Clear,,Clear,,Clear,,Clear,,,Clear,0.05,,Clear,,Clear,,
"1,993",NARMADA AT BHARUCH ZADESHVAR,CPCB,24,Gujarat,442,Bharuch,ANKLESVAR,-,-,-,-,-,-,-,-,21.665906,72.916681,02-03-2020 08:30,Clear,,,,,7.3,,,,,,,,8.2,,,Clear,,Clear,,Clear,,Clear,,,Clear,0.06,,Clear,,Clear,,
"1,994",NARMADA AT BHARUCH ZADESHVAR,CPCB,24,Gujarat,442,Bharuch,ANKLESVAR,-,-,-,-,-,-,-,-,21.665906,72.916681,07-04-2020 08:30,Clear,,,,,7.4,,,,,,,,7.5,,,Clear,,0.026,,0.093,,Clear,,,Clear,0.05,,Clear,,Clear,,
"1,995",NARMADA AT BHARUCH ZADESHVAR,CPCB,24,Gujarat,442,Bharuch,ANKLESVAR,-,-,-,-,-,-,-,-,21.665906,72.916681,01-05-2020 08:30,Clear,,,,,7.2,,,,,,,,8.1,,,Clear,,Clear,,Clear,,Clear,,,Clear,0.05,,Clear,,Clear,,
"1,996",NARMADA AT BHARUCH ZADESHVAR,CPCB,24,Gujarat,442,Bharuch,ANKLESVAR,-,-,-,-,-,-,-,-,21.665906,72.916681,02-06-2020 08:30,Other,,,,,6.8,,,,,,,,7.8,,,Other,,Other,,Other,,Other,,,Other,0.07,,Other,,Other,,
"1,997",NARMADA AT BHARUCH ZADESHVAR,CPCB,24,Gujarat,442,Bharuch,ANKLESVAR,-,-,-,-,-,-,-,-,21.665906,72.916681,30-07-2020 08:30,Light Brown,,,,,6.6,,,,,,,,8.2,,,Light Brown,,Light Brown,,Light Brown,,Light Brown,,,Light Brown,0.05,,Light Brown,,Light Brown,,
"1,998",NARMADA AT BHARUCH ZADESHVAR,CPCB,24,Gujarat,442,Bharuch,ANKLESVAR,-,-,-,-,-,-,-,-,21.665906,72.916681,07-08-2020 08:30,Brown,,,,,5.9,,,,,,,,7.9,,,Brown,,Brown,,Brown,,Brown,,,Brown,0.01,,Brown,,Brown,,
"1,999",NARMADA AT BHARUCH ZADESHVAR,CPCB,24,Gujarat,442,Bharuch,ANKLESVAR,-,-,-,-,-,-,-,-,21.665906,72.916681,04-09-2020 08:30,Light Brown,,,,,6.6,,,,,,,,7.9,,,Light Brown,,Light Brown,,Light Brown,,Light Brown,,,Light Brown,0.03,,Light Brown,,Light Brown,,
"2,000",NARMADA AT BHARUCH ZADESHVAR,CPCB,24,Gujarat,442,Bharuch,ANKLESVAR,-,-,-,-,-,-,-,-,21.665906,72.916681,02-11-2020 08:30,1.12,,,,,7.1,,,,,,,,7.5,,,Clear,,Clear,,Clear,,Clear,,,Clear,0.03,,Clear,,Clear,,
"2,001",NARMADA AT BHARUCH ZADESHVAR,CPCB,24,Gujarat,442,Bharuch,ANKLESVAR,-,-,-,-,-,-,-,-,21.665906,72.916681,04-12-2020 08:30,Light Brown,,,,,7.3,,,,,,,,8.1,,,Light Brown,,Light Brown,,Light Brown,,Light Brown,,,Light Brown,0.01,,Light Brown,,Light Brown,,
"2,002",NARMADA AT CHANDOD,CPCB,24,Gujarat,461,Vadodara,DABHOI,-,-,-,-,-,-,-,-,21.983722,73.456331,06-01-2018 08:30,,,,,,7.9,,,,,,,,8.47,,,,,,,,,,,,,,,,,,,
"2,003",NARMADA AT CHANDOD,CPCB,24,Gujarat,461,Vadodara,DABHOI,-,-,-,-,-,-,-,-,21.983722,73.456331,01-02-2018 08:30,,,,,,8,,,,,,,,7.68,,,,,,,,,,,,,,,,,,,
"2,004",NARMADA AT CHANDOD,CPCB,24,Gujarat,461,Vadodara,DABHOI,-,-,-,-,-,-,-,-,21.983722,73.456331,06-03-2018 08:30,,,,,,7.1,,,,,,,,8.03,,,,,,,,,,,,,,,,,,,
"2,005",NARMADA AT CHANDOD,CPCB,24,Gujarat,461,Vadodara,DABHOI,-,-,-,-,-,-,-,-,21.983722,73.456331,05-04-2018 08:30,,,,,,7.1,,,,,,,,8.45,,,,,,,,,,,,,,,,,,,
"2,006",NARMADA AT CHANDOD,CPCB,24,Gujarat,461,Vadodara,DABHOI,-,-,-,-,-,-,-,-,21.983722,73.456331,05-05-2018 08:30,,,,,,7.4,,,,,,,,8.27,,,,,,,,,,,,,,,,,,,
"2,007",NARMADA AT CHANDOD,CPCB,24,Gujarat,461,Vadodara,DABHOI,-,-,-,-,-,-,-,-,21.983722,73.456331,01-06-2018 08:30,,,,,,7.9,,,,,,,,8.3,,,,,,,,,,,,,,,,,,,
"2,008",NARMADA AT CHANDOD,CPCB,24,Gujarat,461,Vadodara,DABHOI,-,-,-,-,-,-,-,-,21.983722,73.456331,03-07-2018 08:30,,,,,,7.9,,,,,,,,8.32,,,,,,,,,,,,,,,,,,,
"2,009",NARMADA AT CHANDOD,CPCB,24,Gujarat,461,Vadodara,DABHOI,-,-,-,-,-,-,-,-,21.983722,73.456331,06-08-2018 08:30,,,,,,8.2,,,,,,,,8.35,,,,,,,,,,,,,,,,,,,
"2,010",NARMADA AT CHANDOD,CPCB,24,Gujarat,461,Vadodara,DABHOI,-,-,-,-,-,-,-,-,21.983722,73.456331,06-09-2018 08:30,,,,,,8.7,,,,,,,,8.39,,,,,,,,,,,,,,,,,,,
"2,011",NARMADA AT CHANDOD,CPCB,24,Gujarat,461,Vadodara,DABHOI,-,-,-,-,-,-,-,-,21.983722,73.456331,05-10-2018 08:30,,,,,,8.2,,,,,,,,8.45,,,,,,,,,,,,,,,,,,,
"2,012",NARMADA AT CHANDOD,CPCB,24,Gujarat,461,Vadodara,DABHOI,-,-,-,-,-,-,-,-,21.983722,73.456331,03-11-2018 08:30,,,,,,7.3,,,,,,,,8.32,,,,,,,,,,,,,,,,,,,
"2,013",NARMADA AT CHANDOD,CPCB,24,Gujarat,461,Vadodara,DABHOI,-,-,-,-,-,-,-,-,21.983722,73.456331,05-12-2018 08:30,,,,,,8.2,,,,,,,,7.9,,,,,,,,,,,,,,,,,,,
"2,014",NARMADA AT CHANDOD,CPCB,24,Gujarat,461,Vadodara,DABHOI,-,-,-,-,-,-,-,-,21.983722,73.456331,02-01-2019 08:30,,,,,,7.5,,,,,,,,8.4,,,,,,,,,,,,,,,,,,,
"2,015",NARMADA AT CHANDOD,CPCB,24,Gujarat,461,Vadodara,DABHOI,-,-,-,-,-,-,-,-,21.983722,73.456331,04-02-2019 08:30,,,,,,7.1,,,,,,,,7.9,,,,,,,,,,,,,,,,,,,
"2,016",NARMADA AT CHANDOD,CPCB,24,Gujarat,461,Vadodara,DABHOI,-,-,-,-,-,-,-,-,21.983722,73.456331,06-03-2019 08:30,,,,,,7.1,,,,,,,,8.2,,,,,,,,,,,,,,,,,,,
"2,017",NARMADA AT CHANDOD,CPCB,24,Gujarat,461,Vadodara,DABHOI,-,-,-,-,-,-,-,-,21.983722,73.456331,03-04-2019 08:30,,,,,,7.3,,,,,,,,8.1,,,,,,,,,,,,,,,,,,,
"2,018",NARMADA AT CHANDOD,CPCB,24,Gujarat,461,Vadodara,DABHOI,-,-,-,-,-,-,-,-,21.983722,73.456331,03-05-2019 08:30,,,,,,7.3,,,,,,,,8.1,,,,,,,,,,,,,,,,,,,
"2,019",NARMADA AT CHANDOD,CPCB,24,Gujarat,461,Vadodara,DABHOI,-,-,-,-,-,-,-,-,21.983722,73.456331,06-06-2019 08:30,,,,,,7.8,,,,,,,,7.9,,,,,,,,,,,,,,,,,,,
"2,020",NARMADA AT CHANDOD,CPCB,24,Gujarat,461,Vadodara,DABHOI,-,-,-,-,-,-,-,-,21.983722,73.456331,05-07-2019 08:30,,,,,,7,,,,,,,,7.1,,,,,,,,,,,,,,,,,,,
"2,021",NARMADA AT CHANDOD,CPCB,24,Gujarat,461,Vadodara,DABHOI,-,-,-,-,-,-,-,-,21.983722,73.456331,13-08-2019 08:30,,,,,,7.7,,,,,,,,7.3,,,,,,,,,,,,,,,,,,,
"2,022",NARMADA AT CHANDOD,CPCB,24,Gujarat,461,Vadodara,DABHOI,-,-,-,-,-,-,-,-,21.983722,73.456331,10-09-2019 08:30,,,,,,7.3,,,,,,,,7,,,,,,,,,,,,,,,,,,,
"2,023",NARMADA AT CHANDOD,CPCB,24,Gujarat,461,Vadodara,DABHOI,-,-,-,-,-,-,-,-,21.983722,73.456331,03-10-2019 08:30,,,,,,7.6,,,,,,,,7.1,,,,,,,,,,,,,,,,,,,
"2,024",NARMADA AT CHANDOD,CPCB,24,Gujarat,461,Vadodara,DABHOI,-,-,-,-,-,-,-,-,21.983722,73.456331,06-11-2019 08:30,,,,,,7.7,,,,,,,,7.4,,,,,,,,,,,,,,,,,,,
"2,025",NARMADA AT CHANDOD,CPCB,24,Gujarat,461,Vadodara,DABHOI,-,-,-,-,-,-,-,-,21.983722,73.456331,02-12-2019 08:30,,,,,,7.8,,,,,,,,7.3,,,,,,,,,,,,,,,,,,,
"2,026",NARMADA AT CHANDOD,CPCB,24,Gujarat,461,Vadodara,DABHOI,-,-,-,-,-,-,-,-,21.983722,73.456331,02-01-2020 08:30,0.56,,,,,7.8,,,,,,,,7.3,,,,,,,,,,,,,0.46,,,,,,
"2,027",NARMADA AT CHANDOD,CPCB,24,Gujarat,461,Vadodara,DABHOI,-,-,-,-,-,-,-,-,21.983722,73.456331,03-02-2020 08:30,0.56,,,,,7.2,,,,,,,,7.6,,,Clear,,Clear,,Clear,,Clear,,,Clear,0.54,,Clear,,Clear,,
"2,028",NARMADA AT CHANDOD,CPCB,24,Gujarat,461,Vadodara,DABHOI,-,-,-,-,-,-,-,-,21.983722,73.456331,02-03-2020 08:30,Clear,,,,,7.8,,,,,,,,7.5,,,Clear,,Clear,,Clear,,Clear,,,Clear,0.26,,Clear,,Clear,,
"2,029",NARMADA AT CHANDOD,CPCB,24,Gujarat,461,Vadodara,DABHOI,-,-,-,-,-,-,-,-,21.983722,73.456331,04-04-2020 08:30,0.28,,,,,7.9,,,,,,,,7.1,,,Clear,,Clear,,0.04,,Clear,,,Clear,0.5,,Clear,,Clear,,
"2,030",NARMADA AT CHANDOD,CPCB,24,Gujarat,461,Vadodara,DABHOI,-,-,-,-,-,-,-,-,21.983722,73.456331,05-05-2020 08:30,0.56,,,,,8.2,,,,,,,,8,,,Clear,,Clear,,Clear,,Clear,,,Clear,0.5,,Clear,,Clear,,
"2,031",NARMADA AT CHANDOD,CPCB,24,Gujarat,461,Vadodara,DABHOI,-,-,-,-,-,-,-,-,21.983722,73.456331,01-06-2020 08:30,0.56,,,,,8.4,,,,,,,,7.4,,,Clear,,Clear,,Clear,,Clear,,,Clear,0.42,,Clear,,Clear,,
"2,032",NARMADA AT CHANDOD,CPCB,24,Gujarat,461,Vadodara,DABHOI,-,-,-,-,-,-,-,-,21.983722,73.456331,02-07-2020 08:30,0.27,,,,,8.6,,,,,,,,7.6,,,Clear,,Clear,,Clear,,Clear,,,Clear,0.08,,Clear,,Clear,,
"2,033",NARMADA AT CHANDOD,CPCB,24,Gujarat,461,Vadodara,DABHOI,-,-,-,-,-,-,-,-,21.983722,73.456331,05-08-2020 08:30,Clear,,,,,6.8,,,,,,,,8,,,Clear,,Clear,,Clear,,Clear,,,Clear,0.19,,Clear,,Clear,,
"2,034",NARMADA AT CHANDOD,CPCB,24,Gujarat,461,Vadodara,DABHOI,-,-,-,-,-,-,-,-,21.983722,73.456331,04-09-2020 08:30,Clear,,,,,8,,,,,,,,7.7,,,Clear,,Clear,,Clear,,Clear,,,Clear,0.57,,Clear,,Clear,,
"2,035",NARMADA AT CHANDOD,CPCB,24,Gujarat,461,Vadodara,DABHOI,-,-,-,-,-,-,-,-,21.983722,73.456331,03-10-2020 08:30,Clear,,,,,8.2,,,,,,,,7.9,,,Clear,,Clear,,Clear,,Clear,,,Clear,0.67,,Clear,,0.46,,
"2,036",NARMADA AT CHANDOD,CPCB,24,Gujarat,461,Vadodara,DABHOI,-,-,-,-,-,-,-,-,21.983722,73.456331,03-11-2020 08:30,Clear,,,,,8.7,,,,,,,,7.9,,,Clear,,Clear,,Clear,,Clear,,,Clear,0.18,,Clear,,Clear,,
"2,037",NARMADA AT CHANDOD,CPCB,24,Gujarat,461,Vadodara,DABHOI,-,-,-,-,-,-,-,-,21.983722,73.456331,02-12-2020 08:30,0.4,,,,,8.5,,,,,,,,7.9,,,Clear,,Clear,,Clear,,Clear,,,Clear,0.6,,Clear,,Clear,,
"2,038",NARMADA AT GARUDESHWAR,CPCB,24,Gujarat,452,Narmada,NANDOD,-,-,-,-,-,-,-,-,21.887833,73.645444,03-01-2018 08:30,,,,,,6.6,,,,,,,,7.91,,,,,,,,,,,,,,,,,,,
"2,039",NARMADA AT GARUDESHWAR,CPCB,24,Gujarat,452,Narmada,NANDOD,-,-,-,-,-,-,-,-,21.887833,73.645444,01-02-2018 08:30,,,,,,7,,,,,,,,7.96,,,,,,,,,,,,,,,,,,,
"2,040",NARMADA AT GARUDESHWAR,CPCB,24,Gujarat,452,Narmada,NANDOD,-,-,-,-,-,-,-,-,21.887833,73.645444,05-03-2018 08:30,,,,,,7,,,,,,,,7.99,,,,,,,,,,,,,,,,,,,
"2,041",NARMADA AT GARUDESHWAR,CPCB,24,Gujarat,452,Narmada,NANDOD,-,-,-,-,-,-,-,-,21.887833,73.645444,04-04-2018 08:30,,,,,,6.9,,,,,,,,7.99,,,,,,,,,,,,,,,,,,,
"2,042",NARMADA AT GARUDESHWAR,CPCB,24,Gujarat,452,Narmada,NANDOD,-,-,-,-,-,-,-,-,21.887833,73.645444,04-05-2018 08:30,,,,,,7.1,,,,,,,,7.12,,,,,,,,,,,,,,,,,,,
"2,043",NARMADA AT GARUDESHWAR,CPCB,24,Gujarat,452,Narmada,NANDOD,-,-,-,-,-,-,-,-,21.887833,73.645444,01-06-2018 08:30,,,,,,7,,,,,,,,7.91,,,,,,,,,,,,,,,,,,,
"2,044",NARMADA AT GARUDESHWAR,CPCB,24,Gujarat,452,Narmada,NANDOD,-,-,-,-,-,-,-,-,21.887833,73.645444,02-07-2018 08:30,,,,,,6.3,,,,,,,,7.95,,,,,,,,,,,,,,,,,,,
"2,045",NARMADA AT GARUDESHWAR,CPCB,24,Gujarat,452,Narmada,NANDOD,-,-,-,-,-,-,-,-,21.887833,73.645444,01-08-2018 08:30,,,,,,6.8,,,,,,,,8.08,,,,,,,,,,,,,,,,,,,
"2,046",NARMADA AT GARUDESHWAR,CPCB,24,Gujarat,452,Narmada,NANDOD,-,-,-,-,-,-,-,-,21.887833,73.645444,04-09-2018 08:30,,,,,,6.5,,,,,,,,8,,,,,,,,,,,,,,,,,,,
"2,047",NARMADA AT GARUDESHWAR,CPCB,24,Gujarat,452,Narmada,NANDOD,-,-,-,-,-,-,-,-,21.887833,73.645444,01-10-2018 08:30,,,,,,6.1,,,,,,,,8,,,,,,,,,,,,,,,,,,,
"2,048",NARMADA AT GARUDESHWAR,CPCB,24,Gujarat,452,Narmada,NANDOD,-,-,-,-,-,-,-,-,21.887833,73.645444,02-11-2018 08:30,,,,,,6.6,,,,,,,,8,,,,,,,,,,,,,,,,,,,
"2,049",NARMADA AT GARUDESHWAR,CPCB,24,Gujarat,452,Narmada,NANDOD,-,-,-,-,-,-,-,-,21.887833,73.645444,03-12-2018 08:30,,,,,,6.6,,,,,,,,7.9,,,,,,,,,,,,,,,,,,,
"2,050",NARMADA AT GARUDESHWAR,CPCB,24,Gujarat,452,Narmada,NANDOD,-,-,-,-,-,-,-,-,21.887833,73.645444,02-01-2019 08:30,,,,,,6.8,,,,,,,,8,,,,,,,,,,,,,,,,,,,
"2,051",NARMADA AT GARUDESHWAR,CPCB,24,Gujarat,452,Narmada,NANDOD,-,-,-,-,-,-,-,-,21.887833,73.645444,06-02-2019 08:30,,,,,,6.6,,,,,,,,7.9,,,,,,,,,,,,,,,,,,,
"2,052",NARMADA AT GARUDESHWAR,CPCB,24,Gujarat,452,Narmada,NANDOD,-,-,-,-,-,-,-,-,21.887833,73.645444,01-03-2019 08:30,,,,,,7.7,,,,,,,,8,,,,,,,,,,,,,,,,,,,
"2,053",NARMADA AT GARUDESHWAR,CPCB,24,Gujarat,452,Narmada,NANDOD,-,-,-,-,-,-,-,-,21.887833,73.645444,03-04-2019 08:30,,,,,,6.6,,,,,,,,8,,,,,,,,,,,,,,,,,,,
"2,054",NARMADA AT GARUDESHWAR,CPCB,24,Gujarat,452,Narmada,NANDOD,-,-,-,-,-,-,-,-,21.887833,73.645444,02-05-2019 08:30,,,,,,6.9,,,,,,,,8.1,,,,,,,,,,,,,,,,,,,
"2,055",NARMADA AT GARUDESHWAR,CPCB,24,Gujarat,452,Narmada,NANDOD,-,-,-,-,-,-,-,-,21.887833,73.645444,04-06-2019 08:30,,,,,,7.1,,,,,,,,7.9,,,,,,,,,,,,,,,,,,,
"2,056",NARMADA AT GARUDESHWAR,CPCB,24,Gujarat,452,Narmada,NANDOD,-,-,-,-,-,-,-,-,21.887833,73.645444,03-07-2019 08:30,,,,,,6.2,,,,,,,,7.8,,,,,,,,,,,,,,,,,,,
"2,057",NARMADA AT GARUDESHWAR,CPCB,24,Gujarat,452,Narmada,NANDOD,-,-,-,-,-,-,-,-,21.887833,73.645444,05-08-2019 08:30,,,,,,6.3,,,,,,,,7.6,,,,,,,,,,,,,,,,,,,
"2,058",NARMADA AT GARUDESHWAR,CPCB,24,Gujarat,452,Narmada,NANDOD,-,-,-,-,-,-,-,-,21.887833,73.645444,01-09-2019 08:30,,,,,,7.3,,,,,,,,7.5,,,,,,,,,,,,,,,,,,,
"2,059",NARMADA AT GARUDESHWAR,CPCB,24,Gujarat,452,Narmada,NANDOD,-,-,-,-,-,-,-,-,21.887833,73.645444,03-10-2019 08:30,,,,,,7,,,,,,,,8.1,,,,,,,,,,,,,,,,,,,
"2,060",NARMADA AT GARUDESHWAR,CPCB,24,Gujarat,452,Narmada,NANDOD,-,-,-,-,-,-,-,-,21.887833,73.645444,02-11-2019 08:30,,,,,,6.9,,,,,,,,8.2,,,,,,,,,,,,,,,,,,,
"2,061",NARMADA AT GARUDESHWAR,CPCB,24,Gujarat,452,Narmada,NANDOD,-,-,-,-,-,-,-,-,21.887833,73.645444,04-12-2019 08:30,,,,,,7,,,,,,,,7.9,,,,,,,,,,,,,,,,,,,
"2,062",NARMADA AT GARUDESHWAR,CPCB,24,Gujarat,452,Narmada,NANDOD,-,-,-,-,-,-,-,-,21.887833,73.645444,06-01-2020 08:30,,,,,,6,,,,,,,,7.1,,,,,,,,,,,,,0.18,,,,,,
"2,063",NARMADA AT GARUDESHWAR,CPCB,24,Gujarat,452,Narmada,NANDOD,-,-,-,-,-,-,-,-,21.887833,73.645444,04-02-2020 08:30,Clear,,,,,7,,,,,,,,8.2,,,Clear,,Clear,,Clear,,Clear,,,Clear,0.17,,Clear,,Clear,,
"2,064",NARMADA AT GARUDESHWAR,CPCB,24,Gujarat,452,Narmada,NANDOD,-,-,-,-,-,-,-,-,21.887833,73.645444,05-03-2020 08:30,Clear,,,,,7.7,,,,,,,,8.1,,,Clear,,Clear,,Clear,,Clear,,,Clear,0.2,,Clear,,Clear,,
"2,065",NARMADA AT GARUDESHWAR,CPCB,24,Gujarat,452,Narmada,NANDOD,-,-,-,-,-,-,-,-,21.887833,73.645444,09-04-2020 08:30,Clear,,,,,7.5,,,,,,,,7.7,,,Clear,,0.017,,0.433,,Clear,,,Clear,0.16,,Clear,,Clear,,
"2,066",NARMADA AT GARUDESHWAR,CPCB,24,Gujarat,452,Narmada,NANDOD,-,-,-,-,-,-,-,-,21.887833,73.645444,04-05-2020 08:30,Clear,,,,,7.5,,,,,,,,7.8,,,Clear,,Clear,,Clear,,Clear,,,Clear,0.17,,Clear,,Clear,,
"2,067",NARMADA AT GARUDESHWAR,CPCB,24,Gujarat,452,Narmada,NANDOD,-,-,-,-,-,-,-,-,21.887833,73.645444,09-06-2020 08:30,Clear,,,,,6.9,,,,,,,,7.6,,,Clear,,Clear,,Clear,,Clear,,,Clear,0.18,,Clear,,Clear,,
"2,068",NARMADA AT GARUDESHWAR,CPCB,24,Gujarat,452,Narmada,NANDOD,-,-,-,-,-,-,-,-,21.887833,73.645444,02-07-2020 08:30,Clear,,,,,7,,,,,,,,8.3,,,Clear,,Clear,,Clear,,Clear,,,Clear,0.17,,Clear,,Clear,,
"2,069",NARMADA AT GARUDESHWAR,CPCB,24,Gujarat,452,Narmada,NANDOD,-,-,-,-,-,-,-,-,21.887833,73.645444,06-08-2020 08:30,Clear,,,,,6,,,,,,,,8.1,,,Clear,,Clear,,Clear,,Clear,,,Clear,Clear,,Clear,,Clear,,
"2,070",NARMADA AT GARUDESHWAR,CPCB,24,Gujarat,452,Narmada,NANDOD,-,-,-,-,-,-,-,-,21.887833,73.645444,01-09-2020 08:30,Clear,,,,,7.7,,,,,,,,7.9,,,Clear,,Clear,,Clear,,Clear,,,Clear,0.08,,Clear,,Clear,,
"2,071",NARMADA AT GARUDESHWAR,CPCB,24,Gujarat,452,Narmada,NANDOD,-,-,-,-,-,-,-,-,21.887833,73.645444,05-10-2020 08:30,Clear,,,,,7,,,,,,,,7.5,,,Clear,,Clear,,Clear,,Clear,,,Clear,0.1,,Clear,,Clear,,
"2,072",NARMADA AT GARUDESHWAR,CPCB,24,Gujarat,452,Narmada,NANDOD,-,-,-,-,-,-,-,-,21.887833,73.645444,05-11-2020 08:30,Clear,,,,,8,,,,,,,,8.1,,,Clear,,Clear,,Clear,,Clear,,,Clear,Clear,,Clear,,Clear,,
"2,073",NARMADA AT GARUDESHWAR,CPCB,24,Gujarat,452,Narmada,NANDOD,-,-,-,-,-,-,-,-,21.887833,73.645444,02-12-2020 08:30,Clear,,,,,7.2,,,,,,,,8,,,Clear,,Clear,,Clear,,Clear,,,Clear,Clear,,Clear,,Clear,,
"2,074",NARMADA AT GORA BRIDGE NAVAGAM (GUJARAT),CPCB,24,Gujarat,452,Narmada,NANDOD,-,-,-,-,-,-,-,-,21.862147,73.693991,26-12-2018 08:30,,,,,,13.3,,,,,,,,9.1,,,,,,,,,,,,,,,,,,,
"2,075",NARMADA AT PANETHA,CPCB,24,Gujarat,452,Narmada,TILAKWADA,-,-,-,-,-,-,-,-,21.950608,73.584697,03-01-2018 08:30,,,,,,7.1,,,,,,,,7.51,,,,,,,,,,,,,,,,,,,
"2,076",NARMADA AT PANETHA,CPCB,24,Gujarat,452,Narmada,TILAKWADA,-,-,-,-,-,-,-,-,21.950608,73.584697,01-02-2018 08:30,,,,,,7.4,,,,,,,,7.99,,,,,,,,,,,,,,,,,,,
"2,077",NARMADA AT PANETHA,CPCB,24,Gujarat,452,Narmada,TILAKWADA,-,-,-,-,-,-,-,-,21.950608,73.584697,05-03-2018 08:30,,,,,,7.1,,,,,,,,7.86,,,,,,,,,,,,,,,,,,,
"2,078",NARMADA AT PANETHA,CPCB,24,Gujarat,452,Narmada,TILAKWADA,-,-,-,-,-,-,-,-,21.950608,73.584697,04-04-2018 08:30,,,,,,6.7,,,,,,,,7.96,,,,,,,,,,,,,,,,,,,
"2,079",NARMADA AT PANETHA,CPCB,24,Gujarat,452,Narmada,TILAKWADA,-,-,-,-,-,-,-,-,21.950608,73.584697,04-05-2018 08:30,,,,,,7.2,,,,,,,,6.97,,,,,,,,,,,,,,,,,,,
"2,080",NARMADA AT PANETHA,CPCB,24,Gujarat,452,Narmada,TILAKWADA,-,-,-,-,-,-,-,-,21.950608,73.584697,01-06-2018 08:30,,,,,,7.1,,,,,,,,7.56,,,,,,,,,,,,,,,,,,,
"2,081",NARMADA AT PANETHA,CPCB,24,Gujarat,452,Narmada,TILAKWADA,-,-,-,-,-,-,-,-,21.950608,73.584697,02-07-2018 08:30,,,,,,6.3,,,,,,,,8.02,,,,,,,,,,,,,,,,,,,
"2,082",NARMADA AT PANETHA,CPCB,24,Gujarat,452,Narmada,TILAKWADA,-,-,-,-,-,-,-,-,21.950608,73.584697,01-08-2018 08:30,,,,,,6.8,,,,,,,,8.05,,,,,,,,,,,,,,,,,,,
"2,083",NARMADA AT PANETHA,CPCB,24,Gujarat,452,Narmada,TILAKWADA,-,-,-,-,-,-,-,-,21.950608,73.584697,04-09-2018 08:30,,,,,,6.5,,,,,,,,8,,,,,,,,,,,,,,,,,,,
"2,084",NARMADA AT PANETHA,CPCB,24,Gujarat,452,Narmada,TILAKWADA,-,-,-,-,-,-,-,-,21.950608,73.584697,01-10-2018 08:30,,,,,,6.7,,,,,,,,8,,,,,,,,,,,,,,,,,,,
"2,085",NARMADA AT PANETHA,CPCB,24,Gujarat,452,Narmada,TILAKWADA,-,-,-,-,-,-,-,-,21.950608,73.584697,02-11-2018 08:30,,,,,,6.7,,,,,,,,8,,,,,,,,,,,,,,,,,,,
"2,086",NARMADA AT PANETHA,CPCB,24,Gujarat,452,Narmada,TILAKWADA,-,-,-,-,-,-,-,-,21.950608,73.584697,03-12-2018 08:30,,,,,,6.7,,,,,,,,8,,,,,,,,,,,,,,,,,,,
"2,087",NARMADA AT PANETHA,CPCB,24,Gujarat,452,Narmada,TILAKWADA,-,-,-,-,-,-,-,-,21.950608,73.584697,02-01-2019 08:30,,,,,,6.8,,,,,,,,7.8,,,,,,,,,,,,,,,,,,,
"2,088",NARMADA AT PANETHA,CPCB,24,Gujarat,452,Narmada,TILAKWADA,-,-,-,-,-,-,-,-,21.950608,73.584697,04-02-2019 08:30,,,,,,6.6,,,,,,,,7.9,,,,,,,,,,,,,,,,,,,
"2,089",NARMADA AT PANETHA,CPCB,24,Gujarat,452,Narmada,TILAKWADA,-,-,-,-,-,-,-,-,21.950608,73.584697,02-03-2019 08:30,,,,,,7.5,,,,,,,,8,,,,,,,,,,,,,,,,,,,
"2,090",NARMADA AT PANETHA,CPCB,24,Gujarat,452,Narmada,TILAKWADA,-,-,-,-,-,-,-,-,21.950608,73.584697,03-04-2019 08:30,,,,,,6.3,,,,,,,,8,,,,,,,,,,,,,,,,,,,
"2,091",NARMADA AT PANETHA,CPCB,24,Gujarat,452,Narmada,TILAKWADA,-,-,-,-,-,-,-,-,21.950608,73.584697,02-05-2019 08:30,,,,,,7,,,,,,,,8.3,,,,,,,,,,,,,,,,,,,
"2,092",NARMADA AT PANETHA,CPCB,24,Gujarat,452,Narmada,TILAKWADA,-,-,-,-,-,-,-,-,21.950608,73.584697,04-06-2019 08:30,,,,,,6.3,,,,,,,,7.6,,,,,,,,,,,,,,,,,,,
"2,093",NARMADA AT PANETHA,CPCB,24,Gujarat,452,Narmada,TILAKWADA,-,-,-,-,-,-,-,-,21.950608,73.584697,03-07-2019 08:30,,,,,,6.6,,,,,,,,8.1,,,,,,,,,,,,,,,,,,,
"2,094",NARMADA AT PANETHA,CPCB,24,Gujarat,452,Narmada,TILAKWADA,-,-,-,-,-,-,-,-,21.950608,73.584697,05-08-2019 08:30,,,,,,6.6,,,,,,,,7.7,,,,,,,,,,,,,,,,,,,
"2,095",NARMADA AT PANETHA,CPCB,24,Gujarat,452,Narmada,TILAKWADA,-,-,-,-,-,-,-,-,21.950608,73.584697,01-09-2019 08:30,,,,,,7.3,,,,,,,,8,,,,,,,,,,,,,,,,,,,
"2,096",NARMADA AT PANETHA,CPCB,24,Gujarat,452,Narmada,TILAKWADA,-,-,-,-,-,-,-,-,21.950608,73.584697,03-10-2019 08:30,,,,,,7,,,,,,,,7.9,,,,,,,,,,,,,,,,,,,
"2,097",NARMADA AT PANETHA,CPCB,24,Gujarat,452,Narmada,TILAKWADA,-,-,-,-,-,-,-,-,21.950608,73.584697,02-11-2019 08:30,,,,,,7,,,,,,,,8.3,,,,,,,,,,,,,,,,,,,
"2,098",NARMADA AT PANETHA,CPCB,24,Gujarat,452,Narmada,TILAKWADA,-,-,-,-,-,-,-,-,21.950608,73.584697,04-12-2019 08:30,,,,,,6.9,,,,,,,,7.8,,,,,,,,,,,,,,,,,,,
"2,099",NARMADA AT PANETHA,CPCB,24,Gujarat,452,Narmada,TILAKWADA,-,-,-,-,-,-,-,-,21.950608,73.584697,06-01-2020 08:30,,,,,,7.6,,,,,,,,7.7,,,,,,,,,,,,,0.21,,,,,,
"2,100",NARMADA AT PANETHA,CPCB,24,Gujarat,452,Narmada,TILAKWADA,-,-,-,-,-,-,-,-,21.950608,73.584697,04-02-2020 08:30,Clear,,,,,7.4,,,,,,,,8.1,,,Clear,,Clear,,Clear,,Clear,,,Clear,0.18,,Clear,,Clear,,
"2,101",NARMADA AT PANETHA,CPCB,24,Gujarat,452,Narmada,TILAKWADA,-,-,-,-,-,-,-,-,21.950608,73.584697,05-03-2020 08:30,Clear,,,,,7.7,,,,,,,,7.8,,,Clear,,Clear,,Clear,,Clear,,,Clear,0.2,,Clear,,Clear,,
"2,102",NARMADA AT PANETHA,CPCB,24,Gujarat,452,Narmada,TILAKWADA,-,-,-,-,-,-,-,-,21.950608,73.584697,09-04-2020 08:30,Clear,,,,,7.4,,,,,,,,7.8,,,Clear,,0.018,,0.476,,Clear,,,Clear,0.19,,Clear,,Clear,,
"2,103",NARMADA AT PANETHA,CPCB,24,Gujarat,452,Narmada,TILAKWADA,-,-,-,-,-,-,-,-,21.950608,73.584697,04-05-2020 08:30,Clear,,,,,7.4,,,,,,,,7.9,,,Clear,,Clear,,Clear,,Clear,,,Clear,0.18,,Clear,,Clear,,
"2,104",NARMADA AT PANETHA,CPCB,24,Gujarat,452,Narmada,TILAKWADA,-,-,-,-,-,-,-,-,21.950608,73.584697,09-06-2020 08:30,Clear,,,,,6.9,,,,,,,,7.9,,,Clear,,Clear,,Clear,,Clear,,,Clear,0.2,,Clear,,Clear,,
"2,105",NARMADA AT PANETHA,CPCB,24,Gujarat,452,Narmada,TILAKWADA,-,-,-,-,-,-,-,-,21.950608,73.584697,02-07-2020 08:30,Clear,,,,,7.2,,,,,,,,8.3,,,Clear,,Clear,,Clear,,Clear,,,Clear,0.17,,Clear,,Clear,,
"2,106",NARMADA AT PANETHA,CPCB,24,Gujarat,452,Narmada,TILAKWADA,-,-,-,-,-,-,-,-,21.950608,73.584697,06-08-2020 08:30,Clear,,,,,7,,,,,,,,8.1,,,Clear,,Clear,,Clear,,Clear,,,Clear,0.05,,Clear,,Clear,,
"2,107",NARMADA AT PANETHA,CPCB,24,Gujarat,452,Narmada,TILAKWADA,-,-,-,-,-,-,-,-,21.950608,73.584697,01-09-2020 08:30,Clear,,,,,7.2,,,,,,,,7.9,,,Clear,,Clear,,Clear,,Clear,,,Clear,0.08,,Clear,,Clear,,
"2,108",NARMADA AT PANETHA,CPCB,24,Gujarat,452,Narmada,TILAKWADA,-,-,-,-,-,-,-,-,21.950608,73.584697,05-10-2020 08:30,0.5,,,,,7.1,,,,,,,,7.6,,,Clear,,Clear,,0.563,,Clear,,,Clear,0.06,,Clear,,Clear,,
"2,109",NARMADA AT PANETHA,CPCB,24,Gujarat,452,Narmada,TILAKWADA,-,-,-,-,-,-,-,-,21.950608,73.584697,05-11-2020 08:30,Clear,,,,,8,,,,,,,,8.2,,,Clear,,Clear,,Clear,,Clear,,,Clear,0.14,,Clear,,Clear,,
"2,110",NARMADA AT PANETHA,CPCB,24,Gujarat,452,Narmada,TILAKWADA,-,-,-,-,-,-,-,-,21.950608,73.584697,02-12-2020 08:30,Clear,,,,,7.2,,,,,,,,8.3,,,Clear,,Clear,,Clear,,Clear,,,Clear,0.14,,Clear,,Clear,,
"2,111",NARMADA AT ZANOR (NTPC) BHARUCH,CPCB,24,Gujarat,442,Bharuch,BHARUCH,-,-,-,-,-,-,-,-,21.714997,73.042891,01-01-2018 08:30,,,,,,7.1,,,,,,,,7.84,,,,,,,,,,,,,,,,,,,
"2,112",NARMADA AT ZANOR (NTPC) BHARUCH,CPCB,24,Gujarat,442,Bharuch,BHARUCH,-,-,-,-,-,-,-,-,21.714997,73.042891,05-02-2018 08:30,,,,,,7,,,,,,,,7.47,,,,,,,,,,,,,,,,,,,
"2,113",NARMADA AT ZANOR (NTPC) BHARUCH,CPCB,24,Gujarat,442,Bharuch,BHARUCH,-,-,-,-,-,-,-,-,21.714997,73.042891,01-03-2018 08:30,,,,,,7.5,,,,,,,,7.92,,,,,,,,,,,,,,,,,,,
"2,114",NARMADA AT ZANOR (NTPC) BHARUCH,CPCB,24,Gujarat,442,Bharuch,BHARUCH,-,-,-,-,-,-,-,-,21.714997,73.042891,04-04-2018 08:30,,,,,,6.8,,,,,,,,7.91,,,,,,,,,,,,,,,,,,,
"2,115",NARMADA AT ZANOR (NTPC) BHARUCH,CPCB,24,Gujarat,442,Bharuch,BHARUCH,-,-,-,-,-,-,-,-,21.714997,73.042891,02-05-2018 08:30,,,,,,7.1,,,,,,,,7.98,,,,,,,,,,,,,,,,,,,
"2,116",NARMADA AT ZANOR (NTPC) BHARUCH,CPCB,24,Gujarat,442,Bharuch,BHARUCH,-,-,-,-,-,-,-,-,21.714997,73.042891,08-06-2018 08:30,,,,,,6.7,,,,,,,,7.96,,,,,,,,,,,,,,,,,,,
"2,117",NARMADA AT ZANOR (NTPC) BHARUCH,CPCB,24,Gujarat,442,Bharuch,BHARUCH,-,-,-,-,-,-,-,-,21.714997,73.042891,02-07-2018 08:30,,,,,,6.7,,,,,,,,8.01,,,,,,,,,,,,,,,,,,,
"2,118",NARMADA AT ZANOR (NTPC) BHARUCH,CPCB,24,Gujarat,442,Bharuch,BHARUCH,-,-,-,-,-,-,-,-,21.714997,73.042891,04-08-2018 08:30,,,,,,6.9,,,,,,,,8.04,,,,,,,,,,,,,,,,,,,
"2,119",NARMADA AT ZANOR (NTPC) BHARUCH,CPCB,24,Gujarat,442,Bharuch,BHARUCH,-,-,-,-,-,-,-,-,21.714997,73.042891,04-09-2018 08:30,,,,,,6.5,,,,,,,,7.98,,,,,,,,,,,,,,,,,,,
"2,120",NARMADA AT ZANOR (NTPC) BHARUCH,CPCB,24,Gujarat,442,Bharuch,BHARUCH,-,-,-,-,-,-,-,-,21.714997,73.042891,06-10-2018 08:30,,,,,,6.4,,,,,,,,7.81,,,,,,,,,,,,,,,,,,,
"2,121",NARMADA AT ZANOR (NTPC) BHARUCH,CPCB,24,Gujarat,442,Bharuch,BHARUCH,-,-,-,-,-,-,-,-,21.714997,73.042891,02-11-2018 08:30,,,,,,6.6,,,,,,,,8.06,,,,,,,,,,,,,,,,,,,
"2,122",NARMADA AT ZANOR (NTPC) BHARUCH,CPCB,24,Gujarat,442,Bharuch,BHARUCH,-,-,-,-,-,-,-,-,21.714997,73.042891,05-12-2018 08:30,,,,,,6.5,,,,,,,,7.95,,,,,,,,,,,,,,,,,,,
"2,123",NARMADA AT ZANOR (NTPC) BHARUCH,CPCB,24,Gujarat,442,Bharuch,BHARUCH,-,-,-,-,-,-,-,-,21.714997,73.042891,03-01-2019 08:30,,,,,,6.6,,,,,,,,8,,,,,,,,,,,,,,,,,,,
"2,124",NARMADA AT ZANOR (NTPC) BHARUCH,CPCB,24,Gujarat,442,Bharuch,BHARUCH,-,-,-,-,-,-,-,-,21.714997,73.042891,05-02-2019 08:30,,,,,,6.7,,,,,,,,8,,,,,,,,,,,,,,,,,,,
"2,125",NARMADA AT ZANOR (NTPC) BHARUCH,CPCB,24,Gujarat,442,Bharuch,BHARUCH,-,-,-,-,-,-,-,-,21.714997,73.042891,02-03-2019 08:30,,,,,,7.4,,,,,,,,7.9,,,,,,,,,,,,,,,,,,,
"2,126",NARMADA AT ZANOR (NTPC) BHARUCH,CPCB,24,Gujarat,442,Bharuch,BHARUCH,-,-,-,-,-,-,-,-,21.714997,73.042891,03-04-2019 08:30,,,,,,6.1,,,,,,,,8,,,,,,,,,,,,,,,,,,,
"2,127",NARMADA AT ZANOR (NTPC) BHARUCH,CPCB,24,Gujarat,442,Bharuch,BHARUCH,-,-,-,-,-,-,-,-,21.714997,73.042891,01-05-2019 08:30,,,,,,7,,,,,,,,8,,,,,,,,,,,,,,,,,,,
"2,128",NARMADA AT ZANOR (NTPC) BHARUCH,CPCB,24,Gujarat,442,Bharuch,BHARUCH,-,-,-,-,-,-,-,-,21.714997,73.042891,01-06-2019 08:30,,,,,,7,,,,,,,,8.2,,,,,,,,,,,,,,,,,,,
"2,129",NARMADA AT ZANOR (NTPC) BHARUCH,CPCB,24,Gujarat,442,Bharuch,BHARUCH,-,-,-,-,-,-,-,-,21.714997,73.042891,01-07-2019 08:30,,,,,,6.8,,,,,,,,7.9,,,,,,,,,,,,,,,,,,,
"2,130",NARMADA AT ZANOR (NTPC) BHARUCH,CPCB,24,Gujarat,442,Bharuch,BHARUCH,-,-,-,-,-,-,-,-,21.714997,73.042891,01-08-2019 08:30,,,,,,6.1,,,,,,,,7.8,,,,,,,,,,,,,,,,,,,
"2,131",NARMADA AT ZANOR (NTPC) BHARUCH,CPCB,24,Gujarat,442,Bharuch,BHARUCH,-,-,-,-,-,-,-,-,21.714997,73.042891,03-09-2019 08:30,,,,,,7.3,,,,,,,,7.6,,,,,,,,,,,,,,,,,,,
"2,132",NARMADA AT ZANOR (NTPC) BHARUCH,CPCB,24,Gujarat,442,Bharuch,BHARUCH,-,-,-,-,-,-,-,-,21.714997,73.042891,01-10-2019 08:30,,,,,,6.9,,,,,,,,7.8,,,,,,,,,,,,,,,,,,,
"2,133",NARMADA AT ZANOR (NTPC) BHARUCH,CPCB,24,Gujarat,442,Bharuch,BHARUCH,-,-,-,-,-,-,-,-,21.714997,73.042891,02-11-2019 08:30,,,,,,6.9,,,,,,,,7.6,,,,,,,,,,,,,,,,,,,
"2,134",NARMADA AT ZANOR (NTPC) BHARUCH,CPCB,24,Gujarat,442,Bharuch,BHARUCH,-,-,-,-,-,-,-,-,21.714997,73.042891,03-12-2019 08:30,,,,,,7.1,,,,,,,,8,,,,,,,,,,,,,,,,,,,
"2,135",NARMADA AT ZANOR (NTPC) BHARUCH,CPCB,24,Gujarat,442,Bharuch,BHARUCH,-,-,-,-,-,-,-,-,21.714997,73.042891,01-01-2020 08:30,,,,,,7.5,,,,,,,,8,,,,,,,,,,,,,0.05,,,,,,
"2,136",NARMADA AT ZANOR (NTPC) BHARUCH,CPCB,24,Gujarat,442,Bharuch,BHARUCH,-,-,-,-,-,-,-,-,21.714997,73.042891,01-02-2020 08:30,Clear,,,,,7.7,,,,,,,,7.9,,,Clear,,Clear,,Clear,,Clear,,,Clear,0.05,,Clear,,Clear,,
"2,137",NARMADA AT ZANOR (NTPC) BHARUCH,CPCB,24,Gujarat,442,Bharuch,BHARUCH,-,-,-,-,-,-,-,-,21.714997,73.042891,02-03-2020 08:30,Clear,,,,,7.4,,,,,,,,8.2,,,Clear,,Clear,,Clear,,Clear,,,Clear,0.05,,Clear,,Clear,,
"2,138",NARMADA AT ZANOR (NTPC) BHARUCH,CPCB,24,Gujarat,442,Bharuch,BHARUCH,-,-,-,-,-,-,-,-,21.714997,73.042891,07-04-2020 08:30,Clear,,,,,7.5,,,,,,,,7.5,,,Clear,,0.02,,0.084,,Clear,,,Clear,0.04,,Clear,,Clear,,
"2,139",NARMADA AT ZANOR (NTPC) BHARUCH,CPCB,24,Gujarat,442,Bharuch,BHARUCH,-,-,-,-,-,-,-,-,21.714997,73.042891,01-05-2020 08:30,Clear,,,,,7.5,,,,,,,,8,,,Clear,,Clear,,Clear,,Clear,,,Clear,0.05,,Clear,,Clear,,
"2,140",NARMADA AT ZANOR (NTPC) BHARUCH,CPCB,24,Gujarat,442,Bharuch,BHARUCH,-,-,-,-,-,-,-,-,21.714997,73.042891,01-07-2020 08:30,Clear,,,,,7.3,,,,,,,,8.1,,,Clear,,Clear,,Clear,,Clear,,,Clear,0.04,,Clear,,Clear,,
"2,141",NARMADA AT ZANOR (NTPC) BHARUCH,CPCB,24,Gujarat,442,Bharuch,BHARUCH,-,-,-,-,-,-,-,-,21.714997,73.042891,07-08-2020 08:30,Clear,,,,,6.4,,,,,,,,7.6,,,Clear,,Clear,,Clear,,Clear,,,Clear,0.15,,Clear,,Clear,,
"2,142",NARMADA AT ZANOR (NTPC) BHARUCH,CPCB,24,Gujarat,442,Bharuch,BHARUCH,-,-,-,-,-,-,-,-,21.714997,73.042891,04-09-2020 08:30,Light Brown,,,,,7,,,,,,,,7.8,,,Light Brown,,Light Brown,,Light Brown,,Light Brown,,,Light Brown,0.03,,Light Brown,,Light Brown,,
"2,143",NARMADA AT ZANOR (NTPC) BHARUCH,CPCB,24,Gujarat,442,Bharuch,BHARUCH,-,-,-,-,-,-,-,-,21.714997,73.042891,02-11-2020 08:30,Clear,,,,,7.3,,,,,,,,8.4,,,Clear,,Clear,,Clear,,Clear,,,Clear,0.03,,Clear,,Clear,,
"2,144",NARMADA AT ZANOR (NTPC) BHARUCH,CPCB,24,Gujarat,442,Bharuch,BHARUCH,-,-,-,-,-,-,-,-,21.714997,73.042891,04-12-2020 08:30,Clear,,,,,7.5,,,,,,,,8.2,,,Clear,,Clear,,Clear,,Clear,,,Clear,0.04,,Clear,,Clear,,
"2,145",NARMADA MAIN CANAL NR. VILLAGE. LIMBADIA DIST. GANDHINAGAR.,CPCB,24,Gujarat,446,Gandhinagar,GANDHINAGAR,-,-,-,-,-,-,-,-,23.134936,72.611525,04-01-2018 08:30,0.4,,,,,7.7,,,,,,,,8.26,,,,,,,,,,,,,,,,,,,
"2,146",NARMADA MAIN CANAL NR. VILLAGE. LIMBADIA DIST. GANDHINAGAR.,CPCB,24,Gujarat,446,Gandhinagar,GANDHINAGAR,-,-,-,-,-,-,-,-,23.134936,72.611525,02-02-2018 08:30,0.56,,,,,7.8,,,,,,,,8.12,,,,,,,,,,,,,,,,,,,
"2,147",NARMADA MAIN CANAL NR. VILLAGE. LIMBADIA DIST. GANDHINAGAR.,CPCB,24,Gujarat,446,Gandhinagar,GANDHINAGAR,-,-,-,-,-,-,-,-,23.134936,72.611525,05-04-2018 08:30,0.4,,,,,9.4,,,,,,,,8.2,,,,,,,,,,,,,,,,,,,
"2,148",NARMADA MAIN CANAL NR. VILLAGE. LIMBADIA DIST. GANDHINAGAR.,CPCB,24,Gujarat,446,Gandhinagar,GANDHINAGAR,-,-,-,-,-,-,-,-,23.134936,72.611525,08-05-2018 08:30,1.82,,,,,7.3,,,,,,,,8.3,,,,,,,,,,,,,,,,,,,
"2,149",NARMADA MAIN CANAL NR. VILLAGE. LIMBADIA DIST. GANDHINAGAR.,CPCB,24,Gujarat,446,Gandhinagar,GANDHINAGAR,-,-,-,-,-,-,-,-,23.134936,72.611525,07-06-2018 08:30,1.45,,,,,5.8,,,,,,,,8.44,,,,,,,,,,,,,,,,,,,
"2,150",NARMADA MAIN CANAL NR. VILLAGE. LIMBADIA DIST. GANDHINAGAR.,CPCB,24,Gujarat,446,Gandhinagar,GANDHINAGAR,-,-,-,-,-,-,-,-,23.134936,72.611525,07-07-2018 08:30,0.4,,,,,7,,,,,,,,8.74,,,,,,,,,,,,,,,,,,,
"2,151",NARMADA MAIN CANAL NR. VILLAGE. LIMBADIA DIST. GANDHINAGAR.,CPCB,24,Gujarat,446,Gandhinagar,GANDHINAGAR,-,-,-,-,-,-,-,-,23.134936,72.611525,02-08-2018 08:30,0.4,,,,,7.3,,,,,,,,8.43,,,,,,,,,,,,,,,,,,,
"2,152",NARMADA MAIN CANAL NR. VILLAGE. LIMBADIA DIST. GANDHINAGAR.,CPCB,24,Gujarat,446,Gandhinagar,GANDHINAGAR,-,-,-,-,-,-,-,-,23.134936,72.611525,04-09-2018 08:30,0.4,,,,,6.5,,,,,,,,8.43,,,,,,,,,,,,,,,,,,,
"2,153",NARMADA MAIN CANAL NR. VILLAGE. LIMBADIA DIST. GANDHINAGAR.,CPCB,24,Gujarat,446,Gandhinagar,GANDHINAGAR,-,-,-,-,-,-,-,-,23.134936,72.611525,09-10-2018 08:30,0.4,,,,,6,,,,,,,,8.17,,,,,,,,,,,,,,,,,,,
"2,154",NARMADA MAIN CANAL NR. VILLAGE. LIMBADIA DIST. GANDHINAGAR.,CPCB,24,Gujarat,446,Gandhinagar,GANDHINAGAR,-,-,-,-,-,-,-,-,23.134936,72.611525,02-11-2018 08:30,0.4,,,,,6.4,,,,,,,,8.6,,,,,,,,,,,,,,,,,,,
"2,155",NARMADA MAIN CANAL NR. VILLAGE. LIMBADIA DIST. GANDHINAGAR.,CPCB,24,Gujarat,446,Gandhinagar,GANDHINAGAR,-,-,-,-,-,-,-,-,23.134936,72.611525,06-12-2018 08:30,0.4,,,,,7,,,,,,,,7.86,,,,,,,,,,,,,,,,,,,
"2,156",NARMADA MAIN CANAL NR. VILLAGE. LIMBADIA DIST. GANDHINAGAR.,CPCB,24,Gujarat,446,Gandhinagar,GANDHINAGAR,-,-,-,-,-,-,-,-,23.134936,72.611525,03-01-2019 08:30,,,,,,7.8,,,,,,,,7.6,,,,,,,,,,,,,,,,,,,
"2,157",NARMADA MAIN CANAL NR. VILLAGE. LIMBADIA DIST. GANDHINAGAR.,CPCB,24,Gujarat,446,Gandhinagar,GANDHINAGAR,-,-,-,-,-,-,-,-,23.134936,72.611525,06-02-2019 08:30,0.5,,,,,6.8,,,,,,,,7.4,,,,,,,,,,,,,,,,,,,
"2,158",NARMADA MAIN CANAL NR. VILLAGE. LIMBADIA DIST. GANDHINAGAR.,CPCB,24,Gujarat,446,Gandhinagar,GANDHINAGAR,-,-,-,-,-,-,-,-,23.134936,72.611525,02-03-2019 08:30,,,,,,7.5,,,,,,,,8,,,,,,,,,,,,,,,,,,,
"2,159",NARMADA MAIN CANAL NR. VILLAGE. LIMBADIA DIST. GANDHINAGAR.,CPCB,24,Gujarat,446,Gandhinagar,GANDHINAGAR,-,-,-,-,-,-,-,-,23.134936,72.611525,01-04-2019 08:30,,,,,,7,,,,,,,,7.8,,,,,,,,,,,,,,,,,0.5,,
"2,160",NARMADA MAIN CANAL NR. VILLAGE. LIMBADIA DIST. GANDHINAGAR.,CPCB,24,Gujarat,446,Gandhinagar,GANDHINAGAR,-,-,-,-,-,-,-,-,23.134936,72.611525,01-05-2019 08:30,0.6,,,,,6.9,,,,,,,,7.4,,,,,,,,,,,,,,,,,63,,
"2,161",NARMADA MAIN CANAL NR. VILLAGE. LIMBADIA DIST. GANDHINAGAR.,CPCB,24,Gujarat,446,Gandhinagar,GANDHINAGAR,-,-,-,-,-,-,-,-,23.134936,72.611525,03-06-2019 08:30,0.8,,,,,6.8,,,,,,,,7.6,,,,,,,,,,,,,,,,,,,
"2,162",NARMADA MAIN CANAL NR. VILLAGE. LIMBADIA DIST. GANDHINAGAR.,CPCB,24,Gujarat,446,Gandhinagar,GANDHINAGAR,-,-,-,-,-,-,-,-,23.134936,72.611525,05-07-2019 08:30,,,,,,7.6,,,,,,,,8,,,,,,,,,,,,,,,,,,,
"2,163",NARMADA MAIN CANAL NR. VILLAGE. LIMBADIA DIST. GANDHINAGAR.,CPCB,24,Gujarat,446,Gandhinagar,GANDHINAGAR,-,-,-,-,-,-,-,-,23.134936,72.611525,07-08-2019 08:30,,,,,,7.1,,,,,,,,7.8,,,,,,,,,,,,,,,,,,,
"2,164",NARMADA MAIN CANAL NR. VILLAGE. LIMBADIA DIST. GANDHINAGAR.,CPCB,24,Gujarat,446,Gandhinagar,GANDHINAGAR,-,-,-,-,-,-,-,-,23.134936,72.611525,03-09-2019 08:30,,,,,,6.8,,,,,,,,8,,,,,,,,,,,,,,,,,,,
"2,165",NARMADA MAIN CANAL NR. VILLAGE. LIMBADIA DIST. GANDHINAGAR.,CPCB,24,Gujarat,446,Gandhinagar,GANDHINAGAR,-,-,-,-,-,-,-,-,23.134936,72.611525,07-10-2019 08:30,,,,,,7,,,,,,,,8.2,,,,,,,,,,,,,,,,,,,
"2,166",NARMADA MAIN CANAL NR. VILLAGE. LIMBADIA DIST. GANDHINAGAR.,CPCB,24,Gujarat,446,Gandhinagar,GANDHINAGAR,-,-,-,-,-,-,-,-,23.134936,72.611525,07-11-2019 08:30,,,,,,7.1,,,,,,,,7.9,,,,,,,,,,,,,,,,,1,,
"2,167",NARMADA MAIN CANAL NR. VILLAGE. LIMBADIA DIST. GANDHINAGAR.,CPCB,24,Gujarat,446,Gandhinagar,GANDHINAGAR,-,-,-,-,-,-,-,-,23.134936,72.611525,05-12-2019 08:30,,,,,,7.8,,,,,,,,8.1,,,,,,,,,,,,,,,,,1,,
"2,168",NARMADA MAIN CANAL NR. VILLAGE. LIMBADIA DIST. GANDHINAGAR.,CPCB,24,Gujarat,446,Gandhinagar,GANDHINAGAR,-,-,-,-,-,-,-,-,23.134936,72.611525,01-01-2020 08:30,0.19,,,,,7.8,,,,,,,,8.3,,,,,,,,,,,,,0.14,,,,,,
"2,169",NARMADA MAIN CANAL NR. VILLAGE. LIMBADIA DIST. GANDHINAGAR.,CPCB,24,Gujarat,446,Gandhinagar,GANDHINAGAR,-,-,-,-,-,-,-,-,23.134936,72.611525,13-02-2020 08:30,0.22,,,,,7.8,,,,,,,,7.9,,,Clear,,Clear,,Clear,,Clear,,,Clear,0.5,,Clear,,Clear,,
"2,170",NARMADA MAIN CANAL NR. VILLAGE. LIMBADIA DIST. GANDHINAGAR.,CPCB,24,Gujarat,446,Gandhinagar,GANDHINAGAR,-,-,-,-,-,-,-,-,23.134936,72.611525,06-03-2020 08:30,0.34,,,,,8.1,,,,,,,,8.1,,,Clear,,Clear,,Clear,,Clear,,,Clear,0.1,,Clear,,0.5,,
"2,171",NARMADA MAIN CANAL NR. VILLAGE. LIMBADIA DIST. GANDHINAGAR.,CPCB,24,Gujarat,446,Gandhinagar,GANDHINAGAR,-,-,-,-,-,-,-,-,23.134936,72.611525,07-04-2020 08:30,0.16,,,,,7.8,,,,,,,,8.3,,,Clear,,Clear,,0.31,,Clear,,,Clear,0.07,,Clear,,1,,
"2,172",NARMADA MAIN CANAL NR. VILLAGE. LIMBADIA DIST. GANDHINAGAR.,CPCB,24,Gujarat,446,Gandhinagar,GANDHINAGAR,-,-,-,-,-,-,-,-,23.134936,72.611525,12-05-2020 08:30,0.39,,,,,7.3,,,,,,,,8.3,,,Clear,,Clear,,0.17,,Clear,,,Clear,0.09,,Clear,,Clear,,
"2,173",NARMADA MAIN CANAL NR. VILLAGE. LIMBADIA DIST. GANDHINAGAR.,CPCB,24,Gujarat,446,Gandhinagar,GANDHINAGAR,-,-,-,-,-,-,-,-,23.134936,72.611525,01-06-2020 08:30,0.67,,,,,7.7,,,,,,,,8.3,,,Clear,,Clear,,0.08,,Clear,,,Clear,0.12,,Clear,,Clear,,
"2,174",NARMADA MAIN CANAL NR. VILLAGE. LIMBADIA DIST. GANDHINAGAR.,CPCB,24,Gujarat,446,Gandhinagar,GANDHINAGAR,-,-,-,-,-,-,-,-,23.134936,72.611525,03-07-2020 08:30,Clear,,,,,7.5,,,,,,,,8.3,,,Clear,,Clear,,0.08,,Clear,,,Clear,0.03,,Clear,,1,,
"2,175",NARMADA MAIN CANAL NR. VILLAGE. LIMBADIA DIST. GANDHINAGAR.,CPCB,24,Gujarat,446,Gandhinagar,GANDHINAGAR,-,-,-,-,-,-,-,-,23.134936,72.611525,04-08-2020 08:30,Clear,,,,,8,,,,,,,,8,,,Clear,,Clear,,0.07,,Clear,,,Clear,0.13,,Clear,,0.49,,
"2,176",NARMADA MAIN CANAL NR. VILLAGE. LIMBADIA DIST. GANDHINAGAR.,CPCB,24,Gujarat,446,Gandhinagar,GANDHINAGAR,-,-,-,-,-,-,-,-,23.134936,72.611525,05-09-2020 08:30,Clear,,,,,7.4,,,,,,,,7.7,,,Clear,,Clear,,1.341,,Clear,,,Clear,0.72,,Clear,,16.84,,
"2,177",NARMADA MAIN CANAL NR. VILLAGE. LIMBADIA DIST. GANDHINAGAR.,CPCB,24,Gujarat,446,Gandhinagar,GANDHINAGAR,-,-,-,-,-,-,-,-,23.134936,72.611525,05-10-2020 08:30,Clear,,,,,7.2,,,,,,,,7.7,,,Clear,,Clear,,0.435,,Clear,,,Clear,0.16,,Clear,,1,,
"2,178",NARMADA MAIN CANAL NR. VILLAGE. LIMBADIA DIST. GANDHINAGAR.,CPCB,24,Gujarat,446,Gandhinagar,GANDHINAGAR,-,-,-,-,-,-,-,-,23.134936,72.611525,05-11-2020 08:30,Clear,,,,,7.2,,,,,,,,7.8,,,Clear,,Clear,,Clear,,Clear,,,Clear,0.18,,Clear,,Clear,,
"2,179",NARMADA MAIN CANAL NR. VILLAGE. LIMBADIA DIST. GANDHINAGAR.,CPCB,24,Gujarat,446,Gandhinagar,GANDHINAGAR,-,-,-,-,-,-,-,-,23.134936,72.611525,01-12-2020 08:30,Clear,,,,,8.1,,,,,,,,7.6,,,Clear,,Clear,,Clear,,Clear,,,Clear,0.22,,Clear,,Clear,,
"2,180",NARSIMEHTA TALAV- JUNAGADH,CPCB,24,Gujarat,448,Junagadh,JUNAGADH,-,-,-,-,-,-,-,-,21.518858,70.454794,12-01-2018 08:30,11.2,,,,,7.3,,,,,,,,7.55,,,,,,,,,,,,,,,,,,,
"2,181",NARSIMEHTA TALAV- JUNAGADH,CPCB,24,Gujarat,448,Junagadh,JUNAGADH,-,-,-,-,-,-,-,-,21.518858,70.454794,09-02-2018 08:30,12.88,,,,,13.6,,,,,,,,6.67,,,,,,,,,,,,,,,,,,,
"2,182",NARSIMEHTA TALAV- JUNAGADH,CPCB,24,Gujarat,448,Junagadh,JUNAGADH,-,-,-,-,-,-,-,-,21.518858,70.454794,13-03-2018 08:30,0.55,,,,,3.6,,,,,,,,8.29,,,,,,,,,,,,,,,,,,,
"2,183",NARSIMEHTA TALAV- JUNAGADH,CPCB,24,Gujarat,448,Junagadh,JUNAGADH,-,-,-,-,-,-,-,-,21.518858,70.454794,02-04-2018 08:30,9.4,,,,,3,,,,,,,,7.1,,,,,,,,,,,,,,,,,,,
"2,184",NARSIMEHTA TALAV- JUNAGADH,CPCB,24,Gujarat,448,Junagadh,JUNAGADH,-,-,-,-,-,-,-,-,21.518858,70.454794,15-05-2018 08:30,16.49,,,,,,,,,,,,,7.4,,,,,,,,,,,,,,,,,,,
"2,185",NARSIMEHTA TALAV- JUNAGADH,CPCB,24,Gujarat,448,Junagadh,JUNAGADH,-,-,-,-,-,-,-,-,21.518858,70.454794,04-06-2018 08:30,37.8,,,,,8.1,,,,,,,,7.2,,,,,,,,,,,,,,,,,,,
"2,186",NARSIMEHTA TALAV- JUNAGADH,CPCB,24,Gujarat,448,Junagadh,JUNAGADH,-,-,-,-,-,-,-,-,21.518858,70.454794,24-07-2018 08:30,0.4,,,,,2.1,,,,,,,,7.3,,,,,,,,,,,,,,,,,,,
"2,187",NARSIMEHTA TALAV- JUNAGADH,CPCB,24,Gujarat,448,Junagadh,JUNAGADH,-,-,-,-,-,-,-,-,21.518858,70.454794,10-08-2018 08:30,1.86,,,,,6.2,,,,,,,,7.8,,,,,,,,,,,,,,,,,,,
"2,188",NARSIMEHTA TALAV- JUNAGADH,CPCB,24,Gujarat,448,Junagadh,JUNAGADH,-,-,-,-,-,-,-,-,21.518858,70.454794,06-09-2018 08:30,26.5,,,,,,,,,,,,,7.3,,,,,,,,,,,,,,,,,,,
"2,189",NARSIMEHTA TALAV- JUNAGADH,CPCB,24,Gujarat,448,Junagadh,JUNAGADH,-,-,-,-,-,-,-,-,21.518858,70.454794,09-10-2018 08:30,3.28,,,,,8.9,,,,,,,,7.4,,,,,,,,,,,,,,,,,,,
"2,190",NARSIMEHTA TALAV- JUNAGADH,CPCB,24,Gujarat,448,Junagadh,JUNAGADH,-,-,-,-,-,-,-,-,21.518858,70.454794,13-11-2018 08:30,2.75,,,,,1.5,,,,,,,,7.3,,,,,,,,,,,,,,,,,,,
"2,191",NARSIMEHTA TALAV- JUNAGADH,CPCB,24,Gujarat,448,Junagadh,JUNAGADH,-,-,-,-,-,-,-,-,21.518858,70.454794,06-12-2018 08:30,0.81,,,,,5.6,,,,,,,,7.5,,,,,,,,,,,,,,,,,,,
"2,192",NARSIMEHTA TALAV- JUNAGADH,CPCB,24,Gujarat,448,Junagadh,JUNAGADH,-,-,-,-,-,-,-,-,21.518858,70.454794,11-01-2019 08:30,1.4,,,,,8.4,,,,,,,,8.4,,,,,,,,,,,,,,,,,,,
"2,193",NARSIMEHTA TALAV- JUNAGADH,CPCB,24,Gujarat,448,Junagadh,JUNAGADH,-,-,-,-,-,-,-,-,21.518858,70.454794,12-02-2019 08:30,7.8,,,,,13.5,,,,,,,,7.5,,,,,,,,,,,,,,,,,,,
"2,194",NARSIMEHTA TALAV- JUNAGADH,CPCB,24,Gujarat,448,Junagadh,JUNAGADH,-,-,-,-,-,-,-,-,21.518858,70.454794,02-03-2019 08:30,11.6,,,,,9.2,,,,,,,,7.4,,,,,,,,,,,,,,,,,,,
"2,195",NARSIMEHTA TALAV- JUNAGADH,CPCB,24,Gujarat,448,Junagadh,JUNAGADH,-,-,-,-,-,-,-,-,21.518858,70.454794,05-08-2019 08:30,,,,,,5.1,,,,,,,,7.5,,,,,,,,,,,,,,,,,,,
"2,196",NARSIMEHTA TALAV- JUNAGADH,CPCB,24,Gujarat,448,Junagadh,JUNAGADH,-,-,-,-,-,-,-,-,21.518858,70.454794,16-10-2019 08:30,0.6,,,,,6.4,,,,,,,,7.9,,,,,,,,,,,,,,,,,,,
"2,197",NARSIMEHTA TALAV- JUNAGADH,CPCB,24,Gujarat,448,Junagadh,JUNAGADH,-,-,-,-,-,-,-,-,21.518858,70.454794,08-11-2019 08:30,0.5,,,,,5.8,,,,,,,,7.5,,,,,,,,,,,,,,,,,,,
"2,198",NARSIMEHTA TALAV- JUNAGADH,CPCB,24,Gujarat,448,Junagadh,JUNAGADH,-,-,-,-,-,-,-,-,21.518858,70.454794,21-01-2020 08:30,0.55,,,,,7.2,,,,,,,,8.2,,,,,,,,,,,,,0.08,,,,,,
"2,199",NARSIMEHTA TALAV- JUNAGADH,CPCB,24,Gujarat,448,Junagadh,JUNAGADH,-,-,-,-,-,-,-,-,21.518858,70.454794,29-02-2020 08:30,1.37,,,,,5.1,,,,,,,,8,,,Clear,,Clear,,Clear,,Clear,,,Clear,0.07,,Clear,,Clear,,
"2,200",NARSIMEHTA TALAV- JUNAGADH,CPCB,24,Gujarat,448,Junagadh,JUNAGADH,-,-,-,-,-,-,-,-,21.518858,70.454794,13-03-2020 08:30,3.34,,,,,6.2,,,,,,,,7.3,,,Clear,,Clear,,Clear,,Clear,,,Clear,0.06,,Clear,,Clear,,
"2,201",NARSIMEHTA TALAV- JUNAGADH,CPCB,24,Gujarat,448,Junagadh,JUNAGADH,-,-,-,-,-,-,-,-,21.518858,70.454794,09-04-2020 08:30,2.21,,,,,2.6,,,,,,,,8,,,Light Green,,Light Green,,0.089,,Light Green,,,Light Green,0.04,,Light Green,,Light Green,,
"2,202",NARSIMEHTA TALAV- JUNAGADH,CPCB,24,Gujarat,448,Junagadh,JUNAGADH,-,-,-,-,-,-,-,-,21.518858,70.454794,06-05-2020 08:30,Clear,,,,,8.9,,,,,,,,7.7,,,Clear,,Clear,,Clear,,Clear,,,Clear,Clear,,Clear,,3.21,,
"2,203",NARSIMEHTA TALAV- JUNAGADH,CPCB,24,Gujarat,448,Junagadh,JUNAGADH,-,-,-,-,-,-,-,-,21.518858,70.454794,04-06-2020 08:30,Clear,,,,,6.1,,,,,,,,7.8,,,Clear,,Clear,,Clear,,Clear,,,Clear,0.03,,Clear,,3.34,,
"2,204",NARSIMEHTA TALAV- JUNAGADH,CPCB,24,Gujarat,448,Junagadh,JUNAGADH,-,-,-,-,-,-,-,-,21.518858,70.454794,02-07-2020 08:30,Clear,,,,,4.7,,,,,,,,8,,,Clear,,Clear,,Clear,,Clear,,,Clear,0.04,,Clear,,3.35,,
"2,205",NARSIMEHTA TALAV- JUNAGADH,CPCB,24,Gujarat,448,Junagadh,JUNAGADH,-,-,-,-,-,-,-,-,21.518858,70.454794,07-08-2020 08:30,Clear,,,,,4.2,,,,,,,,8.4,,,Clear,,Clear,,Clear,,Clear,,,Clear,0.06,,Clear,,1.47,,
"2,206",NARSIMEHTA TALAV- JUNAGADH,CPCB,24,Gujarat,448,Junagadh,JUNAGADH,-,-,-,-,-,-,-,-,21.518858,70.454794,04-09-2020 08:30,Clear,,,,,7,,,,,,,,8,,,Clear,,Clear,,Clear,,Clear,,,Clear,0.09,,Clear,,1.09,,
"2,207",NARSIMEHTA TALAV- JUNAGADH,CPCB,24,Gujarat,448,Junagadh,JUNAGADH,-,-,-,-,-,-,-,-,21.518858,70.454794,03-10-2020 08:30,Clear,,,,,5.7,,,,,,,,8,,,Clear,,Clear,,Clear,,Clear,,,Clear,0.04,,Clear,,1.23,,
"2,208",NARSIMEHTA TALAV- JUNAGADH,CPCB,24,Gujarat,448,Junagadh,JUNAGADH,-,-,-,-,-,-,-,-,21.518858,70.454794,03-11-2020 08:30,Clear,,,,,5.1,,,,,,,,7.9,,,Clear,,Clear,,Clear,,Clear,,,Clear,0.06,,Clear,,1.24,,
"2,209",NARSIMEHTA TALAV- JUNAGADH,CPCB,24,Gujarat,448,Junagadh,JUNAGADH,-,-,-,-,-,-,-,-,21.518858,70.454794,02-12-2020 08:30,0.28,,,,,5.4,,,,,,,,8,,,Clear,,Clear,,Clear,,Clear,,,Clear,Clear,,Clear,,1.86,,
"2,210",OLPAD VILLAGE POND:OLPAD SURAT,CPCB,24,Gujarat,459,Surat,OLPAD,-,-,-,-,-,-,-,-,21.337574,72.753809,04-01-2018 08:30,0.84,,,,,6.6,,,,,,,,7.41,,,,,,,,,,,,,,,,,,,
"2,211",OLPAD VILLAGE POND:OLPAD SURAT,CPCB,24,Gujarat,459,Surat,OLPAD,-,-,-,-,-,-,-,-,21.337574,72.753809,03-02-2018 08:30,0.84,,,,,6,,,,,,,,7.26,,,,,,,,,,,,,,,,,,,
"2,212",OLPAD VILLAGE POND:OLPAD SURAT,CPCB,24,Gujarat,459,Surat,OLPAD,-,-,-,-,-,-,-,-,21.337574,72.753809,01-03-2018 08:30,0.94,,,,,6,,,,,,,,7.23,,,,,,,,,,,,,,,,,,,
"2,213",OLPAD VILLAGE POND:OLPAD SURAT,CPCB,24,Gujarat,459,Surat,OLPAD,-,-,-,-,-,-,-,-,21.337574,72.753809,02-04-2018 08:30,0.84,,,,,6.4,,,,,,,,7.87,,,,,,,,,,,,,,,,,,,
"2,214",OLPAD VILLAGE POND:OLPAD SURAT,CPCB,24,Gujarat,459,Surat,OLPAD,-,-,-,-,-,-,-,-,21.337574,72.753809,01-05-2018 08:30,0.84,,,,,6,,,,,,,,7.21,,,,,,,,,,,,,,,,,,,
"2,215",OLPAD VILLAGE POND:OLPAD SURAT,CPCB,24,Gujarat,459,Surat,OLPAD,-,-,-,-,-,-,-,-,21.337574,72.753809,01-06-2018 08:30,0.56,,,,,6.1,,,,,,,,8.38,,,,,,,,,,,,,,,,,,,
"2,216",OLPAD VILLAGE POND:OLPAD SURAT,CPCB,24,Gujarat,459,Surat,OLPAD,-,-,-,-,-,-,-,-,21.337574,72.753809,05-07-2018 08:30,0.84,,,,,6.1,,,,,,,,7.11,,,,,,,,,,,,,,,,,,,
"2,217",OLPAD VILLAGE POND:OLPAD SURAT,CPCB,24,Gujarat,459,Surat,OLPAD,-,-,-,-,-,-,-,-,21.337574,72.753809,03-08-2018 08:30,0.84,,,,,6.1,,,,,,,,7.45,,,,,,,,,,,,,,,,,,,
"2,218",OLPAD VILLAGE POND:OLPAD SURAT,CPCB,24,Gujarat,459,Surat,OLPAD,-,-,-,-,-,-,-,-,21.337574,72.753809,01-09-2018 08:30,0.84,,,,,6.8,,,,,,,,7.42,,,,,,,,,,,,,,,,,,,
"2,219",OLPAD VILLAGE POND:OLPAD SURAT,CPCB,24,Gujarat,459,Surat,OLPAD,-,-,-,-,-,-,-,-,21.337574,72.753809,01-10-2018 08:30,2.52,,,,,7.1,,,,,,,,7.37,,,,,,,,,,,,,,,,,,,
"2,220",OLPAD VILLAGE POND:OLPAD SURAT,CPCB,24,Gujarat,459,Surat,OLPAD,-,-,-,-,-,-,-,-,21.337574,72.753809,01-11-2018 08:30,1.12,,,,,7.1,,,,,,,,7.54,,,,,,,,,,,,,,,,,,,
"2,221",OLPAD VILLAGE POND:OLPAD SURAT,CPCB,24,Gujarat,459,Surat,OLPAD,-,-,-,-,-,-,-,-,21.337574,72.753809,03-12-2018 08:30,0.84,,,,,7.1,,,,,,,,7.2,,,,,,,,,,,,,,,,,,,
"2,222",OLPAD VILLAGE POND:OLPAD SURAT,CPCB,24,Gujarat,459,Surat,OLPAD,-,-,-,-,-,-,-,-,21.337574,72.753809,07-01-2019 08:30,1.1,,,,,7.1,,,,,,,,7.9,,,,,,,,,,,,,,,,,,,
"2,223",OLPAD VILLAGE POND:OLPAD SURAT,CPCB,24,Gujarat,459,Surat,OLPAD,-,-,-,-,-,-,-,-,21.337574,72.753809,02-02-2019 08:30,0.6,,,,,7.5,,,,,,,,8,,,,,,,,,,,,,,,,,,,
"2,224",OLPAD VILLAGE POND:OLPAD SURAT,CPCB,24,Gujarat,459,Surat,OLPAD,-,-,-,-,-,-,-,-,21.337574,72.753809,06-03-2019 08:30,0.8,,,,,7.3,,,,,,,,7.5,,,,,,,,,,,,,,,,,,,
"2,225",OLPAD VILLAGE POND:OLPAD SURAT,CPCB,24,Gujarat,459,Surat,OLPAD,-,-,-,-,-,-,-,-,21.337574,72.753809,04-04-2019 08:30,1.7,,,,,6.4,,,,,,,,7.5,,,,,,,,,,,,,,,,,,,
"2,226",OLPAD VILLAGE POND:OLPAD SURAT,CPCB,24,Gujarat,459,Surat,OLPAD,-,-,-,-,-,-,-,-,21.337574,72.753809,01-05-2019 08:30,1.4,,,,,6.2,,,,,,,,7.9,,,,,,,,,,,,,,,,,,,
"2,227",OLPAD VILLAGE POND:OLPAD SURAT,CPCB,24,Gujarat,459,Surat,OLPAD,-,-,-,-,-,-,-,-,21.337574,72.753809,03-06-2019 08:30,1.7,,,,,6.4,,,,,,,,7.5,,,,,,,,,,,,,,,,,,,
"2,228",OLPAD VILLAGE POND:OLPAD SURAT,CPCB,24,Gujarat,459,Surat,OLPAD,-,-,-,-,-,-,-,-,21.337574,72.753809,04-07-2019 08:30,1.1,,,,,6.7,,,,,,,,7.8,,,,,,,,,,,,,,,,,,,
"2,229",OLPAD VILLAGE POND:OLPAD SURAT,CPCB,24,Gujarat,459,Surat,OLPAD,-,-,-,-,-,-,-,-,21.337574,72.753809,03-08-2019 08:30,0.6,,,,,7.5,,,,,,,,7.4,,,,,,,,,,,,,,,,,,,
"2,230",OLPAD VILLAGE POND:OLPAD SURAT,CPCB,24,Gujarat,459,Surat,OLPAD,-,-,-,-,-,-,-,-,21.337574,72.753809,03-09-2019 08:30,0.8,,,,,7.3,,,,,,,,7.7,,,,,,,,,,,,,,,,,,,
"2,231",OLPAD VILLAGE POND:OLPAD SURAT,CPCB,24,Gujarat,459,Surat,OLPAD,-,-,-,-,-,-,-,-,21.337574,72.753809,01-10-2019 08:30,1.1,,,,,7.1,,,,,,,,7.6,,,,,,,,,,,,,,,,,,,
"2,232",OLPAD VILLAGE POND:OLPAD SURAT,CPCB,24,Gujarat,459,Surat,OLPAD,-,-,-,-,-,-,-,-,21.337574,72.753809,07-11-2019 08:30,0.8,,,,,7.1,,,,,,,,7.6,,,,,,,,,,,,,,,,,,,
"2,233",OLPAD VILLAGE POND:OLPAD SURAT,CPCB,24,Gujarat,459,Surat,OLPAD,-,-,-,-,-,-,-,-,21.337574,72.753809,04-12-2019 08:30,1.1,,,,,7.1,,,,,,,,7.6,,,,,,,,,,,,,,,,,,,
"2,234",OLPAD VILLAGE POND:OLPAD SURAT,CPCB,24,Gujarat,459,Surat,OLPAD,-,-,-,-,-,-,-,-,21.337574,72.753809,02-01-2020 08:30,0.84,,,,,7.1,,,,,,,,7.4,,,,,,,,,,,,,0.04,,,,,,
"2,235",OLPAD VILLAGE POND:OLPAD SURAT,CPCB,24,Gujarat,459,Surat,OLPAD,-,-,-,-,-,-,-,-,21.337574,72.753809,03-02-2020 08:30,0.56,,,,,7.1,,,,,,,,7.5,,,Clear,,Clear,,Clear,,Clear,,,Clear,0.07,,Clear,,Clear,,
"2,236",OLPAD VILLAGE POND:OLPAD SURAT,CPCB,24,Gujarat,459,Surat,OLPAD,-,-,-,-,-,-,-,-,21.337574,72.753809,04-03-2020 08:30,0.84,,,,,7.1,,,,,,,,7,,,Clear,,Clear,,Clear,,Clear,,,Clear,0.09,,Clear,,Clear,,
"2,237",OLPAD VILLAGE POND:OLPAD SURAT,CPCB,24,Gujarat,459,Surat,OLPAD,-,-,-,-,-,-,-,-,21.337574,72.753809,07-04-2020 08:30,1.12,,,,,7.1,,,,,,,,7.5,,,Clear,,Clear,,0.29,,Clear,,,Clear,0.1,,Clear,,2.5,,
"2,238",OLPAD VILLAGE POND:OLPAD SURAT,CPCB,24,Gujarat,459,Surat,OLPAD,-,-,-,-,-,-,-,-,21.337574,72.753809,11-05-2020 08:30,0.56,,,,,7,,,,,,,,7.4,,,Clear,,Clear,,Clear,,Clear,,,Clear,0.12,,Clear,,Clear,,
"2,239",OLPAD VILLAGE POND:OLPAD SURAT,CPCB,24,Gujarat,459,Surat,OLPAD,-,-,-,-,-,-,-,-,21.337574,72.753809,04-06-2020 08:30,0.56,,,,,7,,,,,,,,7.6,,,Clear,,Clear,,Clear,,Clear,,,Clear,0.09,,Clear,,Clear,,
"2,240",OLPAD VILLAGE POND:OLPAD SURAT,CPCB,24,Gujarat,459,Surat,OLPAD,-,-,-,-,-,-,-,-,21.337574,72.753809,07-07-2020 08:30,0.84,,,,,7,,,,,,,,8.1,,,Other,,Other,,Other,,Other,,,Other,0.03,,Other,,Other,,
"2,241",OLPAD VILLAGE POND:OLPAD SURAT,CPCB,24,Gujarat,459,Surat,OLPAD,-,-,-,-,-,-,-,-,21.337574,72.753809,06-08-2020 08:30,2.24,,,,,6.5,,,,,,,,8.4,,,Clear,,Clear,,Clear,,Clear,,,Clear,0.14,,Clear,,Clear,,
"2,242",OLPAD VILLAGE POND:OLPAD SURAT,CPCB,24,Gujarat,459,Surat,OLPAD,-,-,-,-,-,-,-,-,21.337574,72.753809,01-09-2020 08:30,1.12,,,,,7.8,,,,,,,,7.9,,,Clear,,Clear,,Clear,,Clear,,,Clear,0.11,,Clear,,Clear,,
"2,243",OLPAD VILLAGE POND:OLPAD SURAT,CPCB,24,Gujarat,459,Surat,OLPAD,-,-,-,-,-,-,-,-,21.337574,72.753809,01-10-2020 08:30,0.28,,,,,7.4,,,,,,,,8,,,Other,,Other,,Other,,Other,,,Other,0.06,,Other,,Other,,
"2,244",OLPAD VILLAGE POND:OLPAD SURAT,CPCB,24,Gujarat,459,Surat,OLPAD,-,-,-,-,-,-,-,-,21.337574,72.753809,02-11-2020 08:30,2.24,,,,,7.3,,,,,,,,7.5,,,Clear,,Clear,,Clear,,Clear,,,Clear,0.06,,Clear,,Clear,,
"2,245",OLPAD VILLAGE POND:OLPAD SURAT,CPCB,24,Gujarat,459,Surat,OLPAD,-,-,-,-,-,-,-,-,21.337574,72.753809,01-12-2020 08:30,2.8,,,,,7.5,,,,,,,,8.1,,,Clear,,Clear,,Clear,,Clear,,,Clear,0.25,,Clear,,Clear,,
"2,246",PANDESARA (INDSTRIAL) SURAT,CPCB,24,Gujarat,459,Surat,SURAT CITY,-,-,-,-,-,-,-,-,21.140667,72.842727,05-04-2020 08:30,0.84,,,,,7,,,,,,,,7.3,,,Clear,,Clear,,0.23,,Clear,,,Clear,0.07,,Clear,,3.7,,
"2,247",PANDESARA (INDSTRIAL) SURAT,CPCB,24,Gujarat,459,Surat,SURAT CITY,-,-,-,-,-,-,-,-,21.140667,72.842727,01-10-2020 08:30,0.28,,,,,3.1,,,,,,,,8.1,,,Clear,,Clear,,Clear,,Clear,,,Clear,0.09,,Clear,,2.59,,
"2,248",PATAN BOREWELL,CPCB,24,Gujarat,455,Patan,PATAN,-,-,-,-,-,-,-,-,23.849292,72.126753,02-04-2018 08:30,,,,,227,,974,,,,,,,7.59,,,,380,,,,47,,44,,,2.29,,,,,,
"2,249",PATAN BOREWELL,CPCB,24,Gujarat,455,Patan,PATAN,-,-,-,-,-,-,-,-,23.849292,72.126753,01-10-2018 08:30,,,,,262,,1146,,,,,,,8.55,,,,410,,,0.46,59,,27,,,1.94,,,,,,
"2,250",PATAN BOREWELL,CPCB,24,Gujarat,455,Patan,PATAN,-,-,-,-,-,-,-,-,23.849292,72.126753,01-04-2019 08:30,,,,,170,,924,,,,,,,7.8,,,0.01,460,0.02,0.06,0.06,24,,26.8,,,3.16,,,0.01,,,
"2,251",PATAN BOREWELL,CPCB,24,Gujarat,455,Patan,PATAN,-,-,-,-,-,-,-,-,23.849292,72.126753,01-10-2019 08:30,,,,,220,,1148,,,,,,,7.9,,,,480,0.02,0.06,0.03,22,,35,,,3.51,,,0.03,,,
"2,252",PATAN BOREWELL,CPCB,24,Gujarat,455,Patan,PATAN,-,-,-,-,-,-,-,-,23.849292,72.126753,11-04-2020 08:30,0.28,,,,,Clear,,,,,,,,7.8,,,Clear,,Clear,,0.03,,Clear,,,Clear,2.35,,Clear,,7,,
"2,253",PURNA RIVER ON BRIDGE AT SURAT-NAVSARI HIGHWAY,CPCB,24,Gujarat,453,Navsari,NAVSARI,-,-,-,-,-,-,-,-,20.980464,73.016757,08-02-2018 08:30,,,,,,7,,,,,,,,8.16,,,,,,,,,,,,,,,,,,,
"2,254",PURNA RIVER ON BRIDGE AT SURAT-NAVSARI HIGHWAY,CPCB,24,Gujarat,453,Navsari,NAVSARI,-,-,-,-,-,-,-,-,20.980464,73.016757,01-03-2018 08:30,,,,,,7.2,,,,,,,,7.02,,,,,,,,,,,,,,,,,,,
"2,255",PURNA RIVER ON BRIDGE AT SURAT-NAVSARI HIGHWAY,CPCB,24,Gujarat,453,Navsari,NAVSARI,-,-,-,-,-,-,-,-,20.980464,73.016757,05-04-2018 08:30,,,,,,7.1,,,,,,,,7.59,,,,,,,,,,,,,,,,,,,
"2,256",PURNA RIVER ON BRIDGE AT SURAT-NAVSARI HIGHWAY,CPCB,24,Gujarat,453,Navsari,NAVSARI,-,-,-,-,-,-,-,-,20.980464,73.016757,05-05-2018 08:30,,,,,,7,,,,,,,,7.45,,,,,,,,,,,,,,,,,,,
"2,257",PURNA RIVER ON BRIDGE AT SURAT-NAVSARI HIGHWAY,CPCB,24,Gujarat,453,Navsari,NAVSARI,-,-,-,-,-,-,-,-,20.980464,73.016757,06-06-2018 08:30,,,,,,7,,,,,,,,7.65,,,,,,,,,,,,,,,,,,,
"2,258",PURNA RIVER ON BRIDGE AT SURAT-NAVSARI HIGHWAY,CPCB,24,Gujarat,453,Navsari,NAVSARI,-,-,-,-,-,-,-,-,20.980464,73.016757,05-07-2018 08:30,,,,,,7.2,,,,,,,,7.28,,,,,,,,,,,,,,,,,,,
"2,259",PURNA RIVER ON BRIDGE AT SURAT-NAVSARI HIGHWAY,CPCB,24,Gujarat,453,Navsari,NAVSARI,-,-,-,-,-,-,-,-,20.980464,73.016757,01-08-2018 08:30,,,,,,7,,,,,,,,7.92,,,,,,,,,,,,,,,,,,,
"2,260",PURNA RIVER ON BRIDGE AT SURAT-NAVSARI HIGHWAY,CPCB,24,Gujarat,453,Navsari,NAVSARI,-,-,-,-,-,-,-,-,20.980464,73.016757,14-09-2018 08:30,,,,,,5.9,,,,,,,,7.9,,,,,,,,,,,,,,,,,,,
"2,261",PURNA RIVER ON BRIDGE AT SURAT-NAVSARI HIGHWAY,CPCB,24,Gujarat,453,Navsari,NAVSARI,-,-,-,-,-,-,-,-,20.980464,73.016757,03-10-2018 08:30,,,,,,6.9,,,,,,,,6.9,,,,,,,,,,,,,,,,,,,
"2,262",PURNA RIVER ON BRIDGE AT SURAT-NAVSARI HIGHWAY,CPCB,24,Gujarat,453,Navsari,NAVSARI,-,-,-,-,-,-,-,-,20.980464,73.016757,03-11-2018 08:30,,,,,,6.9,,,,,,,,8.1,,,,,,,,,,,,,,,,,,,
"2,263",PURNA RIVER ON BRIDGE AT SURAT-NAVSARI HIGHWAY,CPCB,24,Gujarat,453,Navsari,NAVSARI,-,-,-,-,-,-,-,-,20.980464,73.016757,01-12-2018 08:30,,,,,,6.9,,,,,,,,7.3,,,,,,,,,,,,,,,,,,,
"2,264",PURNA RIVER ON BRIDGE AT SURAT-NAVSARI HIGHWAY,CPCB,24,Gujarat,453,Navsari,NAVSARI,-,-,-,-,-,-,-,-,20.980464,73.016757,03-01-2019 08:30,,,,,,6.9,,,,,,,,7.6,,,,,,,,,,,,,,,,,,,
"2,265",PURNA RIVER ON BRIDGE AT SURAT-NAVSARI HIGHWAY,CPCB,24,Gujarat,453,Navsari,NAVSARI,-,-,-,-,-,-,-,-,20.980464,73.016757,11-02-2019 08:30,,,,,,6.9,,,,,,,,8.2,,,,,,,,,,,,,,,,,,,
"2,266",PURNA RIVER ON BRIDGE AT SURAT-NAVSARI HIGHWAY,CPCB,24,Gujarat,453,Navsari,NAVSARI,-,-,-,-,-,-,-,-,20.980464,73.016757,22-03-2019 08:30,,,,,,6.6,,,,,,,,7.8,,,,,,,,,,,,,,,,,,,
"2,267",PURNA RIVER ON BRIDGE AT SURAT-NAVSARI HIGHWAY,CPCB,24,Gujarat,453,Navsari,NAVSARI,-,-,-,-,-,-,-,-,20.980464,73.016757,01-04-2019 08:30,,,,,,6.2,,,,,,,,7.2,,,,,,,,,,,,,,,,,,,
"2,268",PURNA RIVER ON BRIDGE AT SURAT-NAVSARI HIGHWAY,CPCB,24,Gujarat,453,Navsari,NAVSARI,-,-,-,-,-,-,-,-,20.980464,73.016757,02-05-2019 08:30,,,,,,6.3,,,,,,,,7.6,,,,,,,,,,,,,,,,,,,
"2,269",PURNA RIVER ON BRIDGE AT SURAT-NAVSARI HIGHWAY,CPCB,24,Gujarat,453,Navsari,NAVSARI,-,-,-,-,-,-,-,-,20.980464,73.016757,06-06-2019 08:30,,,,,,6.1,,,,,,,,7.2,,,,,,,,,,,,,,,,,,,
"2,270",PURNA RIVER ON BRIDGE AT SURAT-NAVSARI HIGHWAY,CPCB,24,Gujarat,453,Navsari,NAVSARI,-,-,-,-,-,-,-,-,20.980464,73.016757,04-07-2019 08:30,,,,,,6.7,,,,,,,,7.2,,,,,,,,,,,,,,,,,,,
"2,271",PURNA RIVER ON BRIDGE AT SURAT-NAVSARI HIGHWAY,CPCB,24,Gujarat,453,Navsari,NAVSARI,-,-,-,-,-,-,-,-,20.980464,73.016757,03-08-2019 08:30,,,,,,7.1,,,,,,,,7.4,,,,,,,,,,,,,,,,,,,
"2,272",PURNA RIVER ON BRIDGE AT SURAT-NAVSARI HIGHWAY,CPCB,24,Gujarat,453,Navsari,NAVSARI,-,-,-,-,-,-,-,-,20.980464,73.016757,03-09-2019 08:30,,,,,,7.2,,,,,,,,7.8,,,,,,,,,,,,,,,,,,,
"2,273",PURNA RIVER ON BRIDGE AT SURAT-NAVSARI HIGHWAY,CPCB,24,Gujarat,453,Navsari,NAVSARI,-,-,-,-,-,-,-,-,20.980464,73.016757,01-10-2019 08:30,,,,,,7.1,,,,,,,,7.4,,,,,,,,,,,,,,,,,,,
"2,274",PURNA RIVER ON BRIDGE AT SURAT-NAVSARI HIGHWAY,CPCB,24,Gujarat,453,Navsari,NAVSARI,-,-,-,-,-,-,-,-,20.980464,73.016757,02-11-2019 08:30,,,,,,7.2,,,,,,,,7.1,,,,,,,,,,,,,,,,,,,
"2,275",PURNA RIVER ON BRIDGE AT SURAT-NAVSARI HIGHWAY,CPCB,24,Gujarat,453,Navsari,NAVSARI,-,-,-,-,-,-,-,-,20.980464,73.016757,04-12-2019 08:30,,,,,,7.1,,,,,,,,7.9,,,,,,,,,,,,,,,,,,,
"2,276",PURNA RIVER ON BRIDGE AT SURAT-NAVSARI HIGHWAY,CPCB,24,Gujarat,453,Navsari,NAVSARI,-,-,-,-,-,-,-,-,20.980464,73.016757,08-01-2020 08:30,0.28,,,,,7.2,,,,,,,,7.7,,,,,,,,,,,,,0.09,,,,,,
"2,277",PURNA RIVER ON BRIDGE AT SURAT-NAVSARI HIGHWAY,CPCB,24,Gujarat,453,Navsari,NAVSARI,-,-,-,-,-,-,-,-,20.980464,73.016757,04-02-2020 08:30,0.56,,,,,6.8,,,,,,,,7.7,,,Other,,Other,,Other,,Other,,,Other,0.06,,Other,,Other,,
"2,278",PURNA RIVER ON BRIDGE AT SURAT-NAVSARI HIGHWAY,CPCB,24,Gujarat,453,Navsari,NAVSARI,-,-,-,-,-,-,-,-,20.980464,73.016757,04-03-2020 08:30,0.56,,,,,7,,,,,,,,7.5,,,Other,,Other,,Other,,Other,,,Other,0.05,,Other,,Other,,
"2,279",PURNA RIVER ON BRIDGE AT SURAT-NAVSARI HIGHWAY,CPCB,24,Gujarat,453,Navsari,NAVSARI,-,-,-,-,-,-,-,-,20.980464,73.016757,09-04-2020 08:30,0.56,,,,,7,,,,,,,,7.3,,,Other,,Other,,Other,,Other,,,Other,0.04,,Other,,Other,,
"2,280",PURNA RIVER ON BRIDGE AT SURAT-NAVSARI HIGHWAY,CPCB,24,Gujarat,453,Navsari,NAVSARI,-,-,-,-,-,-,-,-,20.980464,73.016757,02-05-2020 08:30,0.56,,,,,7,,,,,,,,7.1,,,Other,,Other,,Other,,Other,,,Other,0.05,,Other,,Other,,
"2,281",PURNA RIVER ON BRIDGE AT SURAT-NAVSARI HIGHWAY,CPCB,24,Gujarat,453,Navsari,NAVSARI,-,-,-,-,-,-,-,-,20.980464,73.016757,04-06-2020 08:30,0.84,,,,,7,,,,,,,,7.2,,,Other,,Other,,Other,,Other,,,Other,0.05,,Other,,Other,,
"2,282",PURNA RIVER ON BRIDGE AT SURAT-NAVSARI HIGHWAY,CPCB,24,Gujarat,453,Navsari,NAVSARI,-,-,-,-,-,-,-,-,20.980464,73.016757,01-07-2020 08:30,0.56,,,,,7,,,,,,,,7.3,,,Clear,,Clear,,Clear,,Clear,,,Clear,0.08,,Clear,,Clear,,
"2,283",PURNA RIVER ON BRIDGE AT SURAT-NAVSARI HIGHWAY,CPCB,24,Gujarat,453,Navsari,NAVSARI,-,-,-,-,-,-,-,-,20.980464,73.016757,04-08-2020 08:30,0.56,,,,,5.9,,,,,,,,7.1,,,Other,,Other,,Other,,Other,,,Other,0.05,,Other,,Other,,
"2,284",PURNA RIVER ON BRIDGE AT SURAT-NAVSARI HIGHWAY,CPCB,24,Gujarat,453,Navsari,NAVSARI,-,-,-,-,-,-,-,-,20.980464,73.016757,04-09-2020 08:30,0.28,,,,,7,,,,,,,,7.1,,,Clear,,Clear,,Clear,,Clear,,,Clear,0.04,,Clear,,Clear,,
"2,285",PURNA RIVER ON BRIDGE AT SURAT-NAVSARI HIGHWAY,CPCB,24,Gujarat,453,Navsari,NAVSARI,-,-,-,-,-,-,-,-,20.980464,73.016757,02-10-2020 08:30,0.28,,,,,5,,,,,,,,7.3,,,Clear,,Clear,,Clear,,Clear,,,Clear,0.1,,Clear,,0.82,,
"2,286",PURNA RIVER ON BRIDGE AT SURAT-NAVSARI HIGHWAY,CPCB,24,Gujarat,453,Navsari,NAVSARI,-,-,-,-,-,-,-,-,20.980464,73.016757,03-11-2020 08:30,0.28,,,,,6.8,,,,,,,,7.6,,,Other,,Other,,Other,,Other,,,Other,0.1,,Other,,Other,,
"2,287",PURNA RIVER ON BRIDGE AT SURAT-NAVSARI HIGHWAY,CPCB,24,Gujarat,453,Navsari,NAVSARI,-,-,-,-,-,-,-,-,20.980464,73.016757,02-12-2020 08:30,0.56,,,,,7,,,,,,,,7.4,,,Other,,Other,,Other,,Other,,,Other,0.05,,Other,,0.54,,
"2,288",RIVER MAHI AT DODKA,CPCB,24,Gujarat,461,Vadodara,VADODARA,-,-,-,-,-,-,-,-,22.460278,73.093889,04-06-2019 08:30,,,,,,7.8,,,,,,,,8.4,,,,,,,,,,,,,,,,,,,
"2,289",RIVER MAHI AT DODKA,CPCB,24,Gujarat,461,Vadodara,VADODARA,-,-,-,-,-,-,-,-,22.460278,73.093889,06-07-2019 08:30,,,,,,7.4,,,,,,,,8,,,,,,,,,,,,,,,,,,,
"2,290",RIVER MAHI AT DODKA,CPCB,24,Gujarat,461,Vadodara,VADODARA,-,-,-,-,-,-,-,-,22.460278,73.093889,05-10-2019 08:30,,,,,,7.6,,,,,,,,7.8,,,,,,,,,,,,,,,,,,,
"2,291",RIVER MAHI AT DODKA,CPCB,24,Gujarat,461,Vadodara,VADODARA,-,-,-,-,-,-,-,-,22.460278,73.093889,04-11-2019 08:30,,,,,,8,,,,,,,,8.1,,,,,,,,,,,,,,,,,,,
"2,292",RIVER MAHI AT DODKA,CPCB,24,Gujarat,461,Vadodara,VADODARA,-,-,-,-,-,-,-,-,22.460278,73.093889,07-12-2019 08:30,,,,,,8.3,,,,,,,,7.8,,,,,,,,,,,,,,,,,,,
"2,293",RIVER MAHI AT DODKA,CPCB,24,Gujarat,461,Vadodara,VADODARA,-,-,-,-,-,-,-,-,22.460278,73.093889,01-01-2020 08:30,0.56,,,,,8.4,,,,,,,,8.3,,,,,,,,,,,,,0.38,,,,,,
"2,294",RIVER MAHI AT DODKA,CPCB,24,Gujarat,461,Vadodara,VADODARA,-,-,-,-,-,-,-,-,22.460278,73.093889,05-02-2020 08:30,0.56,,,,,7.9,,,,,,,,8.3,,,Clear,,Clear,,Clear,,Clear,,,Clear,0.44,,Clear,,Clear,,
"2,295",RIVER MAHI AT DODKA,CPCB,24,Gujarat,461,Vadodara,VADODARA,-,-,-,-,-,-,-,-,22.460278,73.093889,04-03-2020 08:30,0.56,,,,,8.2,,,,,,,,8.3,,,Clear,,Clear,,Clear,,Clear,,,Clear,0.54,,Clear,,Clear,,
"2,296",RIVER MAHI AT DODKA,CPCB,24,Gujarat,461,Vadodara,VADODARA,-,-,-,-,-,-,-,-,22.460278,73.093889,03-04-2020 08:30,0.56,,,,,8.2,,,,,,,,8,,,Clear,,Clear,,0.05,,Clear,,,Clear,0.44,,Clear,,Clear,,
"2,297",RIVER MAHI AT DODKA,CPCB,24,Gujarat,461,Vadodara,VADODARA,-,-,-,-,-,-,-,-,22.460278,73.093889,01-05-2020 08:30,0.56,,,,,8.4,,,,,,,,8.4,,,Clear,,Clear,,Clear,,Clear,,,Clear,0.44,,Clear,,Clear,,
"2,298",RIVER MAHI AT DODKA,CPCB,24,Gujarat,461,Vadodara,VADODARA,-,-,-,-,-,-,-,-,22.460278,73.093889,03-06-2020 08:30,0.56,,,,,8.7,,,,,,,,8.5,,,Clear,,Clear,,Clear,,Clear,,,Clear,0.42,,Clear,,Clear,,
"2,299",RIVER MAHI AT DODKA,CPCB,24,Gujarat,461,Vadodara,VADODARA,-,-,-,-,-,-,-,-,22.460278,73.093889,04-07-2020 08:30,Clear,,,,,8.6,,,,,,,,8.4,,,Clear,,Clear,,Clear,,Clear,,,Clear,0.03,,Clear,,Clear,,
"2,300",RIVER MAHI AT DODKA,CPCB,24,Gujarat,461,Vadodara,VADODARA,-,-,-,-,-,-,-,-,22.460278,73.093889,04-08-2020 08:30,Clear,,,,,8.2,,,,,,,,7.6,,,Clear,,Clear,,Clear,,Clear,,,Clear,0.3,,Clear,,Clear,,
"2,301",RIVER MAHI AT DODKA,CPCB,24,Gujarat,461,Vadodara,VADODARA,-,-,-,-,-,-,-,-,22.460278,73.093889,01-09-2020 08:30,Clear,,,,,7.2,,,,,,,,7.9,,,Clear,,Clear,,Clear,,Clear,,,Clear,0.12,,Clear,,Clear,,
"2,302",RIVER MAHI AT DODKA,CPCB,24,Gujarat,461,Vadodara,VADODARA,-,-,-,-,-,-,-,-,22.460278,73.093889,01-10-2020 08:30,Clear,,,,,8.2,,,,,,,,8.4,,,Clear,,Clear,,Clear,,Clear,,,Clear,0.2,,Clear,,Clear,,
"2,303",RIVER MAHI AT DODKA,CPCB,24,Gujarat,461,Vadodara,VADODARA,-,-,-,-,-,-,-,-,22.460278,73.093889,02-11-2020 08:30,Clear,,,,,8.7,,,,,,,,8.2,,,Clear,,Clear,,Clear,,Clear,,,Clear,0.12,,Clear,,Clear,,
"2,304",RIVER MAHI AT DODKA,CPCB,24,Gujarat,461,Vadodara,VADODARA,-,-,-,-,-,-,-,-,22.460278,73.093889,01-12-2020 08:30,0.62,,,,,8.3,,,,,,,,8.4,,,Clear,,Clear,,Clear,,Clear,,,Clear,0.38,,Clear,,Clear,,
"2,305",RIVER SABARMATI AT AHMEDABAD D/S,CPCB,24,Gujarat,438,Ahmedabad,DASKROI,-,-,-,-,-,-,-,-,22.915326,72.515828,04-02-2018 08:30,,,,,,,,,,,,,,7.7,,,,,,,,,,,,,,,,,,,
"2,306",RIVER SABARMATI AT AHMEDABAD D/S,CPCB,24,Gujarat,438,Ahmedabad,DASKROI,-,-,-,-,-,-,-,-,22.915326,72.515828,03-03-2018 08:30,,,,,,,,,,,,,,7.4,,,,,,,,,,,,,,,,,,,
"2,307",RIVER SABARMATI AT AHMEDABAD D/S,CPCB,24,Gujarat,438,Ahmedabad,DASKROI,-,-,-,-,-,-,-,-,22.915326,72.515828,05-04-2018 08:30,,,,,,,,,,,,,,7.8,,,,,,,,,,,,,,,,,,,
"2,308",RIVER SABARMATI AT AHMEDABAD D/S,CPCB,24,Gujarat,438,Ahmedabad,DASKROI,-,-,-,-,-,-,-,-,22.915326,72.515828,02-05-2018 08:30,,,,,,,,,,,,,,7.7,,,,,,,,,,,,,,,,,,,
"2,309",RIVER SABARMATI AT AHMEDABAD D/S,CPCB,24,Gujarat,438,Ahmedabad,DASKROI,-,-,-,-,-,-,-,-,22.915326,72.515828,03-06-2018 08:30,,,,,,,,,,,,,,7.7,,,,,,,,,,,,,,,,,,,
"2,310",RIVER SABARMATI AT AHMEDABAD D/S,CPCB,24,Gujarat,438,Ahmedabad,DASKROI,-,-,-,-,-,-,-,-,22.915326,72.515828,04-07-2018 08:30,,,,,,,,,,,,,,8,,,,,,,,,,,,,,,,,,,
"2,311",RIVER SABARMATI AT AHMEDABAD D/S,CPCB,24,Gujarat,438,Ahmedabad,DASKROI,-,-,-,-,-,-,-,-,22.915326,72.515828,04-08-2018 08:30,,,,,,,,,,,,,,8.3,,,,,,,,,,,,,,,,,,,
"2,312",RIVER SABARMATI AT AHMEDABAD D/S,CPCB,24,Gujarat,438,Ahmedabad,DASKROI,-,-,-,-,-,-,-,-,22.915326,72.515828,05-09-2018 08:30,,,,,,,,,,,,,,8.3,,,,,,,,,,,,,,,,,,,
"2,313",RIVER SABARMATI AT AHMEDABAD D/S,CPCB,24,Gujarat,438,Ahmedabad,DASKROI,-,-,-,-,-,-,-,-,22.915326,72.515828,04-10-2018 08:30,,,,,,,,,,,,,,7.7,,,,,,,,,,,,,,,,,,,
"2,314",RIVER SABARMATI AT AHMEDABAD D/S,CPCB,24,Gujarat,438,Ahmedabad,DASKROI,-,-,-,-,-,-,-,-,22.915326,72.515828,03-11-2018 08:30,,,,,,,,,,,,,,7.5,,,,,,,,,,,,,,,,,,,
"2,315",RIVER SABARMATI AT AHMEDABAD D/S,CPCB,24,Gujarat,438,Ahmedabad,DASKROI,-,-,-,-,-,-,-,-,22.915326,72.515828,04-12-2018 08:30,,,,,,,,,,,,,,7.4,,,,,,,,,,,,,,,,,,,
"2,316",RIVER SABARMATI AT AHMEDABAD D/S,CPCB,24,Gujarat,438,Ahmedabad,DASKROI,-,-,-,-,-,-,-,-,22.915326,72.515828,03-01-2019 08:30,,,,,,,,,,,,,,7.4,,,,,,,,,,,,,,,,,,,
"2,317",RIVER SABARMATI AT AHMEDABAD D/S,CPCB,24,Gujarat,438,Ahmedabad,DASKROI,-,-,-,-,-,-,-,-,22.915326,72.515828,02-02-2019 08:30,,,,,,,,,,,,,,7.4,,,,,,,,,,,,,,,,,,,
"2,318",RIVER SABARMATI AT AHMEDABAD D/S,CPCB,24,Gujarat,438,Ahmedabad,DASKROI,-,-,-,-,-,-,-,-,22.915326,72.515828,02-03-2019 08:30,,,,,,,,,,,,,,7.3,,,,,,,,,,,,,,,,,,,
"2,319",RIVER SABARMATI AT AHMEDABAD D/S,CPCB,24,Gujarat,438,Ahmedabad,DASKROI,-,-,-,-,-,-,-,-,22.915326,72.515828,02-04-2019 08:30,,,,,,,,,,,,,,7.6,,,,,,,,,,,,,,,,,,,
"2,320",RIVER SABARMATI AT AHMEDABAD D/S,CPCB,24,Gujarat,438,Ahmedabad,DASKROI,-,-,-,-,-,-,-,-,22.915326,72.515828,02-05-2019 08:30,,,,,,,,,,,,,,7.5,,,,,,,,,,,,,,,,,,,
"2,321",RIVER SABARMATI AT AHMEDABAD D/S,CPCB,24,Gujarat,438,Ahmedabad,DASKROI,-,-,-,-,-,-,-,-,22.915326,72.515828,03-06-2019 08:30,,,,,,,,,,,,,,7.8,,,,,,,,,,,,,,,,,,,
"2,322",RIVER SABARMATI AT AHMEDABAD D/S,CPCB,24,Gujarat,438,Ahmedabad,DASKROI,-,-,-,-,-,-,-,-,22.915326,72.515828,05-07-2019 08:30,,,,,,,,,,,,,,7.4,,,,,,,,,,,,,,,,,,,
"2,323",RIVER SABARMATI AT AHMEDABAD D/S,CPCB,24,Gujarat,438,Ahmedabad,DASKROI,-,-,-,-,-,-,-,-,22.915326,72.515828,05-08-2019 08:30,,,,,,,,,,,,,,7.4,,,,,,,,,,,,,,,,,,,
"2,324",RIVER SABARMATI AT AHMEDABAD D/S,CPCB,24,Gujarat,438,Ahmedabad,DASKROI,-,-,-,-,-,-,-,-,22.915326,72.515828,06-09-2019 08:30,,,,,,,,,,,,,,7.2,,,,,,,,,,,,,,,,,,,
"2,325",RIVER SABARMATI AT AHMEDABAD D/S,CPCB,24,Gujarat,438,Ahmedabad,DASKROI,-,-,-,-,-,-,-,-,22.915326,72.515828,04-10-2019 08:30,,,,,,,,,,,,,,7.3,,,,,,,,,,,,,,,,,,,
"2,326",RIVER SABARMATI AT AHMEDABAD D/S,CPCB,24,Gujarat,438,Ahmedabad,DASKROI,-,-,-,-,-,-,-,-,22.915326,72.515828,05-11-2019 08:30,,,,,,,,,,,,,,7.2,,,,,,,,,,,,,,,,,,,
"2,327",RIVER SABARMATI AT AHMEDABAD D/S,CPCB,24,Gujarat,438,Ahmedabad,DASKROI,-,-,-,-,-,-,-,-,22.915326,72.515828,05-12-2019 08:30,,,,,,,,,,,,,,7.2,,,,,,,,,,,,,,,,,,,
"2,328",RIVER SABARMATI AT AHMEDABAD D/S,CPCB,24,Gujarat,438,Ahmedabad,DASKROI,-,-,-,-,-,-,-,-,22.915326,72.515828,04-01-2020 08:30,27.55,,,,,,,,,,,,,7.2,,,,,,,,,,,,,,,,,8,,
"2,329",RIVER SABARMATI AT AHMEDABAD D/S,CPCB,24,Gujarat,438,Ahmedabad,DASKROI,-,-,-,-,-,-,-,-,22.915326,72.515828,05-02-2020 08:30,23.41,,,,,Other,,,,,,,,7.4,,,Other,,Other,,0.406,,Other,,,Other,0.37,,Other,,8,,
"2,330",RIVER SABARMATI AT AHMEDABAD D/S,CPCB,24,Gujarat,438,Ahmedabad,DASKROI,-,-,-,-,-,-,-,-,22.915326,72.515828,04-03-2020 08:30,23.3,,,,,Other,,,,,,,,8.1,,,Other,,Other,,0.69,,Other,,,Other,0.49,,Other,,16,,
"2,331",RIVER SABARMATI AT AHMEDABAD D/S,CPCB,24,Gujarat,438,Ahmedabad,DASKROI,-,-,-,-,-,-,-,-,22.915326,72.515828,08-04-2020 08:30,18.37,,,,,4.2,,,,,,,,7.1,,,Other,,Other,,1.51,,Other,,,Other,0.09,,Other,,7,,
"2,332",RIVER SABARMATI AT AHMEDABAD D/S,CPCB,24,Gujarat,438,Ahmedabad,DASKROI,-,-,-,-,-,-,-,-,22.915326,72.515828,02-05-2020 08:30,20.1,,,,,Other,,,,,,,,7.6,,,Other,,Other,,1.46,,Other,,,Other,0.11,,Other,,8,,
"2,333",RIVER SABARMATI AT AHMEDABAD D/S,CPCB,24,Gujarat,438,Ahmedabad,DASKROI,-,-,-,-,-,-,-,-,22.915326,72.515828,03-06-2020 08:30,15.9,,,,,Other,,,,,,,,7.6,,,Other,,Other,,0.54,,Other,,,Other,0.23,,Other,,8,,
"2,334",RIVER SABARMATI AT AHMEDABAD D/S,CPCB,24,Gujarat,438,Ahmedabad,DASKROI,-,-,-,-,-,-,-,-,22.915326,72.515828,07-07-2020 08:30,15.23,,,,,Other,,,,,,,,7.4,,,Other,,Other,,Other,,Other,,,Other,0.17,,Other,,9,,
"2,335",RIVER SABARMATI AT AHMEDABAD D/S,CPCB,24,Gujarat,438,Ahmedabad,DASKROI,-,-,-,-,-,-,-,-,22.915326,72.515828,06-08-2020 08:30,15.12,,,,,Other,,,,,,,,8.2,,,Other,,Other,,0.34,,Other,,,Other,0.52,,Other,,9.41,,
"2,336",RIVER SABARMATI AT AHMEDABAD D/S,CPCB,24,Gujarat,438,Ahmedabad,DASKROI,-,-,-,-,-,-,-,-,22.915326,72.515828,03-09-2020 08:30,2.63,,,,,Clear,,,,,,,,7.8,,,Clear,,Clear,,Clear,,Clear,,,Clear,0.59,,Clear,,2.43,,
"2,337",RIVER SABARMATI AT AHMEDABAD D/S,CPCB,24,Gujarat,438,Ahmedabad,DASKROI,-,-,-,-,-,-,-,-,22.915326,72.515828,05-10-2020 08:30,18.37,,,,,3.7,,,,,,,,7.8,,,Other,,Other,,Other,,Other,,,Other,0.4,,Other,,7,,
"2,338",RIVER SABARMATI AT AHMEDABAD D/S,CPCB,24,Gujarat,438,Ahmedabad,DASKROI,-,-,-,-,-,-,-,-,22.915326,72.515828,03-11-2020 08:30,15.62,,,,,2.3,,,,,,,,7.8,,,Other,,Other,,1.5,,Other,,,Other,0.5,,Other,,12,,
"2,339",RIVER SABARMATI AT AHMEDABAD D/S,CPCB,24,Gujarat,438,Ahmedabad,DASKROI,-,-,-,-,-,-,-,-,22.915326,72.515828,03-12-2020 08:30,9.46,,,,,1.8,,,,,,,,7.4,,,Other,,Other,,Other,,Other,,,Other,0.5,,Other,,7,,
"2,340",RIVER SABARMATI AT AHMEDABAD U/S,CPCB,24,Gujarat,446,Gandhinagar,GANDHINAGAR,-,-,-,-,-,-,-,-,23.158286,72.673413,02-01-2018 08:30,,,,,,4.8,,,,,,,,8.6,,,,,,,,,,,,,,,,,,,
"2,341",RIVER SABARMATI AT AHMEDABAD U/S,CPCB,24,Gujarat,446,Gandhinagar,GANDHINAGAR,-,-,-,-,-,-,-,-,23.158286,72.673413,01-02-2018 08:30,,,,,,7,,,,,,,,8,,,,,,,,,,,,,,,,,,,
"2,342",RIVER SABARMATI AT AHMEDABAD U/S,CPCB,24,Gujarat,446,Gandhinagar,GANDHINAGAR,-,-,-,-,-,-,-,-,23.158286,72.673413,01-03-2018 08:30,,,,,,8.2,,,,,,,,7.9,,,,,,,,,,,,,,,,,,,
"2,343",RIVER SABARMATI AT AHMEDABAD U/S,CPCB,24,Gujarat,446,Gandhinagar,GANDHINAGAR,-,-,-,-,-,-,-,-,23.158286,72.673413,02-04-2018 08:30,,,,,,5.9,,,,,,,,8.1,,,,,,,,,,,,,,,,,,,
"2,344",RIVER SABARMATI AT AHMEDABAD U/S,CPCB,24,Gujarat,446,Gandhinagar,GANDHINAGAR,-,-,-,-,-,-,-,-,23.158286,72.673413,02-08-2018 08:30,,,,,,6.9,,,,,,,,8.5,,,,,,,,,,,,,,,,,,,
"2,345",RIVER SABARMATI AT AHMEDABAD U/S,CPCB,24,Gujarat,446,Gandhinagar,GANDHINAGAR,-,-,-,-,-,-,-,-,23.158286,72.673413,01-10-2018 08:30,,,,,,7.8,,,,,,,,7.9,,,,,,,,,,,,,,,,,,,
"2,346",RIVER SABARMATI AT AHMEDABAD U/S,CPCB,24,Gujarat,446,Gandhinagar,GANDHINAGAR,-,-,-,-,-,-,-,-,23.158286,72.673413,01-11-2018 08:30,,,,,,8.2,,,,,,,,8.5,,,,,,,,,,,,,,,,,,,
"2,347",RIVER SABARMATI AT AHMEDABAD U/S,CPCB,24,Gujarat,446,Gandhinagar,GANDHINAGAR,-,-,-,-,-,-,-,-,23.158286,72.673413,01-12-2018 08:30,,,,,,5.8,,,,,,,,7.7,,,,,,,,,,,,,,,,,,,
"2,348",RIVER SABARMATI AT AHMEDABAD U/S,CPCB,24,Gujarat,446,Gandhinagar,GANDHINAGAR,-,-,-,-,-,-,-,-,23.158286,72.673413,02-01-2019 08:30,,,,,,8.4,,,,,,,,8.3,,,,,,,,,,,,,,,,,,,
"2,349",RIVER SABARMATI AT AHMEDABAD U/S,CPCB,24,Gujarat,446,Gandhinagar,GANDHINAGAR,-,-,-,-,-,-,-,-,23.158286,72.673413,02-03-2019 08:30,,,,,,5,,,,,,,,8.2,,,,,,,,,,,,,,,,,,,
"2,350",RIVER SABARMATI AT AHMEDABAD U/S,CPCB,24,Gujarat,446,Gandhinagar,GANDHINAGAR,-,-,-,-,-,-,-,-,23.158286,72.673413,02-08-2019 08:30,,,,,,7.6,,,,,,,,7.6,,,,,,,,,,,,,,,,,,,
"2,351",RIVER SABARMATI AT AHMEDABAD U/S,CPCB,24,Gujarat,446,Gandhinagar,GANDHINAGAR,-,-,-,-,-,-,-,-,23.158286,72.673413,01-09-2019 08:30,,,,,,6.1,,,,,,,,7.4,,,,,,,,,,,,,,,,,,,
"2,352",RIVER SABARMATI AT AHMEDABAD U/S,CPCB,24,Gujarat,446,Gandhinagar,GANDHINAGAR,-,-,-,-,-,-,-,-,23.158286,72.673413,01-10-2019 08:30,,,,,,6.5,,,,,,,,7.9,,,,,,,,,,,,,,,,,,,
"2,353",RIVER SABARMATI AT AHMEDABAD U/S,CPCB,24,Gujarat,446,Gandhinagar,GANDHINAGAR,-,-,-,-,-,-,-,-,23.158286,72.673413,04-11-2019 08:30,,,,,,8.1,,,,,,,,8.3,,,,,,,,,,,,,,,,,,,
"2,354",RIVER SABARMATI AT AHMEDABAD U/S,CPCB,24,Gujarat,446,Gandhinagar,GANDHINAGAR,-,-,-,-,-,-,-,-,23.158286,72.673413,03-12-2019 08:30,,,,,,6.9,,,,,,,,8.1,,,,,,,,,,,,,,,,,,,
"2,355",RIVER SABARMATI AT AHMEDABAD U/S,CPCB,24,Gujarat,446,Gandhinagar,GANDHINAGAR,-,-,-,-,-,-,-,-,23.158286,72.673413,02-01-2020 08:30,1.12,,,,,7.7,,,,,,,,8,,,,,,,,,,,,,0.18,,,,,,
"2,356",RIVER SABARMATI AT AHMEDABAD U/S,CPCB,24,Gujarat,446,Gandhinagar,GANDHINAGAR,-,-,-,-,-,-,-,-,23.158286,72.673413,01-02-2020 08:30,0.9,,,,,7.7,,,,,,,,7.7,,,Clear,,Clear,,Clear,,Clear,,,Clear,0.05,,Clear,,Clear,,
"2,357",RIVER SABARMATI AT AHMEDABAD U/S,CPCB,24,Gujarat,446,Gandhinagar,GANDHINAGAR,-,-,-,-,-,-,-,-,23.158286,72.673413,04-03-2020 08:30,1,,,,,7.1,,,,,,,,7.9,,,Clear,,Clear,,Clear,,Clear,,,Clear,0.9,,Clear,,Clear,,
"2,358",RIVER SABARMATI AT AHMEDABAD U/S,CPCB,24,Gujarat,446,Gandhinagar,GANDHINAGAR,-,-,-,-,-,-,-,-,23.158286,72.673413,03-04-2020 08:30,0.95,,,,,8,,,,,,,,8.1,,,Clear,,Clear,,0.026,,Clear,,,Clear,0.1,,Clear,,Clear,,
"2,359",RIVER SABARMATI AT AHMEDABAD U/S,CPCB,24,Gujarat,446,Gandhinagar,GANDHINAGAR,-,-,-,-,-,-,-,-,23.158286,72.673413,01-05-2020 08:30,,,,,,,,,,,,,,,,,,,,,,,,,,,,,,,,,
"2,360",RIVER SABARMATI AT AHMEDABAD U/S,CPCB,24,Gujarat,446,Gandhinagar,GANDHINAGAR,-,-,-,-,-,-,-,-,23.158286,72.673413,01-06-2020 08:30,,,,,,,,,,,,,,,,,,,,,,,,,,,,,,,,,
"2,361",RIVER SABARMATI AT AHMEDABAD U/S,CPCB,24,Gujarat,446,Gandhinagar,GANDHINAGAR,-,-,-,-,-,-,-,-,23.158286,72.673413,05-08-2020 08:30,Other,,,,,Other,,,,,,,,7.9,,,Other,,Other,,Other,,Other,,,Other,Other,,Other,,Other,,
"2,362",RIVER SABARMATI AT AHMEDABAD U/S,CPCB,24,Gujarat,446,Gandhinagar,GANDHINAGAR,-,-,-,-,-,-,-,-,23.158286,72.673413,01-09-2020 08:30,Other,,,,,4.9,,,,,,,,7.9,,,Other,,Other,,Other,,Other,,,Other,0.22,,Other,,Other,,
"2,363",RIVER SABARMATI AT AHMEDABAD U/S,CPCB,24,Gujarat,446,Gandhinagar,GANDHINAGAR,-,-,-,-,-,-,-,-,23.158286,72.673413,03-10-2020 08:30,Other,,,,,6.8,,,,,,,,7.5,,,Other,,Other,,Other,,Other,,,Other,0.29,,Other,,Other,,
"2,364",RIVER SABARMATI AT AHMEDABAD U/S,CPCB,24,Gujarat,446,Gandhinagar,GANDHINAGAR,-,-,-,-,-,-,-,-,23.158286,72.673413,02-11-2020 08:30,Other,,,,,7.2,,,,,,,,7.3,,,Other,,Other,,Other,,Other,,,Other,0.22,,Other,,Other,,
"2,365",RIVER SABARMATI AT AHMEDABAD U/S,CPCB,24,Gujarat,446,Gandhinagar,GANDHINAGAR,-,-,-,-,-,-,-,-,23.158286,72.673413,01-12-2020 08:30,0.42,,,,,7,,,,,,,,7.58,,,Clear,,Clear,,Clear,,Clear,,,Clear,Clear,,Clear,,Clear,,
"2,366",SABARMATI AFTER CONF. WITH MESHWA AT VAUTHA (NEAR DHOKLA),CPCB,24,Gujarat,438,Ahmedabad,DHOLKA,-,-,-,-,-,-,-,-,22.721547,72.530103,02-01-2018 08:30,,,,,,,,,,,,,,8.08,,,,,,,,,,,,,,,,,,,
"2,367",SABARMATI AFTER CONF. WITH MESHWA AT VAUTHA (NEAR DHOKLA),CPCB,24,Gujarat,438,Ahmedabad,DHOLKA,-,-,-,-,-,-,-,-,22.721547,72.530103,01-02-2018 08:30,,,,,,,,,,,,,,8.09,,,,,,,,,,,,,,,,,,,
"2,368",SABARMATI AFTER CONF. WITH MESHWA AT VAUTHA (NEAR DHOKLA),CPCB,24,Gujarat,438,Ahmedabad,DHOLKA,-,-,-,-,-,-,-,-,22.721547,72.530103,03-03-2018 08:30,,,,,,,,,,,,,,7.76,,,,,,,,,,,,,,,,,,,
"2,369",SABARMATI AFTER CONF. WITH MESHWA AT VAUTHA (NEAR DHOKLA),CPCB,24,Gujarat,438,Ahmedabad,DHOLKA,-,-,-,-,-,-,-,-,22.721547,72.530103,04-04-2018 08:30,,,,,,,,,,,,,,8.19,,,,,,,,,,,,,,,,,,,
"2,370",SABARMATI AFTER CONF. WITH MESHWA AT VAUTHA (NEAR DHOKLA),CPCB,24,Gujarat,438,Ahmedabad,DHOLKA,-,-,-,-,-,-,-,-,22.721547,72.530103,01-05-2018 08:30,,,,,,,,,,,,,,7.57,,,,,,,,,,,,,,,,,,,
"2,371",SABARMATI AFTER CONF. WITH MESHWA AT VAUTHA (NEAR DHOKLA),CPCB,24,Gujarat,438,Ahmedabad,DHOLKA,-,-,-,-,-,-,-,-,22.721547,72.530103,04-06-2018 08:30,,,,,,,,,,,,,,7.72,,,,,,,,,,,,,,,,,,,
"2,372",SABARMATI AFTER CONF. WITH MESHWA AT VAUTHA (NEAR DHOKLA),CPCB,24,Gujarat,438,Ahmedabad,DHOLKA,-,-,-,-,-,-,-,-,22.721547,72.530103,03-07-2018 08:30,,,,,,,,,,,,,,8.51,,,,,,,,,,,,,,,,,,,
"2,373",SABARMATI AFTER CONF. WITH MESHWA AT VAUTHA (NEAR DHOKLA),CPCB,24,Gujarat,438,Ahmedabad,DHOLKA,-,-,-,-,-,-,-,-,22.721547,72.530103,04-08-2018 08:30,,,,,,,,,,,,,,8.07,,,,,,,,,,,,,,,,,,,
"2,374",SABARMATI AFTER CONF. WITH MESHWA AT VAUTHA (NEAR DHOKLA),CPCB,24,Gujarat,438,Ahmedabad,DHOLKA,-,-,-,-,-,-,-,-,22.721547,72.530103,05-09-2018 08:30,,,,,,,,,,,,,,8.16,,,,,,,,,,,,,,,,,,,
"2,375",SABARMATI AFTER CONF. WITH MESHWA AT VAUTHA (NEAR DHOKLA),CPCB,24,Gujarat,438,Ahmedabad,DHOLKA,-,-,-,-,-,-,-,-,22.721547,72.530103,04-10-2018 08:30,,,,,,,,,,,,,,7.99,,,,,,,,,,,,,,,,,,,
"2,376",SABARMATI AFTER CONF. WITH MESHWA AT VAUTHA (NEAR DHOKLA),CPCB,24,Gujarat,438,Ahmedabad,DHOLKA,-,-,-,-,-,-,-,-,22.721547,72.530103,05-11-2018 08:30,,,,,,,,,,,,,,7.85,,,,,,,,,,,,,,,,,,,
"2,377",SABARMATI AFTER CONF. WITH MESHWA AT VAUTHA (NEAR DHOKLA),CPCB,24,Gujarat,438,Ahmedabad,DHOLKA,-,-,-,-,-,-,-,-,22.721547,72.530103,03-12-2018 08:30,,,,,,,,,,,,,,8.06,,,,,,,,,,,,,,,,,,,
"2,378",SABARMATI AFTER CONF. WITH MESHWA AT VAUTHA (NEAR DHOKLA),CPCB,24,Gujarat,438,Ahmedabad,DHOLKA,-,-,-,-,-,-,-,-,22.721547,72.530103,02-01-2019 08:30,,,,,,3.4,,,,,,,,7.9,,,,,,,,,,,,,,,,,,,
"2,379",SABARMATI AFTER CONF. WITH MESHWA AT VAUTHA (NEAR DHOKLA),CPCB,24,Gujarat,438,Ahmedabad,DHOLKA,-,-,-,-,-,-,-,-,22.721547,72.530103,05-02-2019 08:30,,,,,,,,,,,,,,7.9,,,,,,,,,,,,,,,,,,,
"2,380",SABARMATI AFTER CONF. WITH MESHWA AT VAUTHA (NEAR DHOKLA),CPCB,24,Gujarat,438,Ahmedabad,DHOLKA,-,-,-,-,-,-,-,-,22.721547,72.530103,05-03-2019 08:30,,,,,,,,,,,,,,8,,,,,,,,,,,,,,,,,,,
"2,381",SABARMATI AFTER CONF. WITH MESHWA AT VAUTHA (NEAR DHOKLA),CPCB,24,Gujarat,438,Ahmedabad,DHOLKA,-,-,-,-,-,-,-,-,22.721547,72.530103,03-04-2019 08:30,,,,,,,,,,,,,,8.1,,,,,,,,,,,,,,,,,,,
"2,382",SABARMATI AFTER CONF. WITH MESHWA AT VAUTHA (NEAR DHOKLA),CPCB,24,Gujarat,438,Ahmedabad,DHOLKA,-,-,-,-,-,-,-,-,22.721547,72.530103,04-05-2019 08:30,,,,,,,,,,,,,,8.1,,,,,,,,,,,,,,,,,,,
"2,383",SABARMATI AFTER CONF. WITH MESHWA AT VAUTHA (NEAR DHOKLA),CPCB,24,Gujarat,438,Ahmedabad,DHOLKA,-,-,-,-,-,-,-,-,22.721547,72.530103,04-06-2019 08:30,,,,,,,,,,,,,,8,,,,,,,,,,,,,,,,,,,
"2,384",SABARMATI AFTER CONF. WITH MESHWA AT VAUTHA (NEAR DHOKLA),CPCB,24,Gujarat,438,Ahmedabad,DHOLKA,-,-,-,-,-,-,-,-,22.721547,72.530103,02-07-2019 08:30,,,,,,,,,,,,,,7.9,,,,,,,,,,,,,,,,,,,
"2,385",SABARMATI AFTER CONF. WITH MESHWA AT VAUTHA (NEAR DHOKLA),CPCB,24,Gujarat,438,Ahmedabad,DHOLKA,-,-,-,-,-,-,-,-,22.721547,72.530103,02-08-2019 08:30,,,,,,,,,,,,,,7.4,,,,,,,,,,,,,,,,,,,
"2,386",SABARMATI AFTER CONF. WITH MESHWA AT VAUTHA (NEAR DHOKLA),CPCB,24,Gujarat,438,Ahmedabad,DHOLKA,-,-,-,-,-,-,-,-,22.721547,72.530103,01-09-2019 08:30,,,,,,,,,,,,,,7.6,,,,,,,,,,,,,,,,,,,
"2,387",SABARMATI AFTER CONF. WITH MESHWA AT VAUTHA (NEAR DHOKLA),CPCB,24,Gujarat,438,Ahmedabad,DHOLKA,-,-,-,-,-,-,-,-,22.721547,72.530103,01-10-2019 08:30,,,,,,2.7,,,,,,,,7.3,,,,,,,,,,,,,,,,,,,
"2,388",SABARMATI AFTER CONF. WITH MESHWA AT VAUTHA (NEAR DHOKLA),CPCB,24,Gujarat,438,Ahmedabad,DHOLKA,-,-,-,-,-,-,-,-,22.721547,72.530103,07-11-2019 08:30,,,,,,3.2,,,,,,,,7.6,,,,,,,,,,,,,,,,,,,
"2,389",SABARMATI AFTER CONF. WITH MESHWA AT VAUTHA (NEAR DHOKLA),CPCB,24,Gujarat,438,Ahmedabad,DHOLKA,-,-,-,-,-,-,-,-,22.721547,72.530103,10-12-2019 08:30,,,,,,,,,,,,,,7.6,,,,,,,,,,,,,,,,,,,
"2,390",SABARMATI AFTER CONF. WITH MESHWA AT VAUTHA (NEAR DHOKLA),CPCB,24,Gujarat,438,Ahmedabad,DHOLKA,-,-,-,-,-,-,-,-,22.721547,72.530103,04-01-2020 08:30,18.59,,,,,,,,,,,,,7.4,,,,,,,,,,,,,,,,,6,,
"2,391",SABARMATI AFTER CONF. WITH MESHWA AT VAUTHA (NEAR DHOKLA),CPCB,24,Gujarat,438,Ahmedabad,DHOLKA,-,-,-,-,-,-,-,-,22.721547,72.530103,04-02-2020 08:30,19.71,,,,,Light Brown,,,,,,,,7.5,,,Light Brown,,Light Brown,,Light Brown,,Light Brown,,,Light Brown,Light Brown,,Light Brown,,7,,
"2,392",SABARMATI AFTER CONF. WITH MESHWA AT VAUTHA (NEAR DHOKLA),CPCB,24,Gujarat,438,Ahmedabad,DHOLKA,-,-,-,-,-,-,-,-,22.721547,72.530103,03-03-2020 08:30,19.88,,,,,Other,,,,,,,,8,,,Other,,Other,,Other,,Other,,,Other,0.25,,Other,,12,,
"2,393",SABARMATI AFTER CONF. WITH MESHWA AT VAUTHA (NEAR DHOKLA),CPCB,24,Gujarat,438,Ahmedabad,DHOLKA,-,-,-,-,-,-,-,-,22.721547,72.530103,08-04-2020 08:30,14.06,,,,,4.3,,,,,,,,7.9,,,Light Green,,Light Green,,1.08,,Light Green,,,0.03,0.16,,Light Green,,4,,
"2,394",SABARMATI AFTER CONF. WITH MESHWA AT VAUTHA (NEAR DHOKLA),CPCB,24,Gujarat,438,Ahmedabad,DHOLKA,-,-,-,-,-,-,-,-,22.721547,72.530103,01-05-2020 08:30,18.09,,,,,4.4,,,,,,,,7.7,,,Clear,,Clear,,Clear,,Clear,,,Clear,0.14,,Clear,,5,,
"2,395",SABARMATI AFTER CONF. WITH MESHWA AT VAUTHA (NEAR DHOKLA),CPCB,24,Gujarat,438,Ahmedabad,DHOLKA,-,-,-,-,-,-,-,-,22.721547,72.530103,02-06-2020 08:30,14.78,,,,,1.7,,,,,,,,7.5,,,Other,,Other,,Other,,Other,,,Other,Other,,Other,,6,,
"2,396",SABARMATI AFTER CONF. WITH MESHWA AT VAUTHA (NEAR DHOKLA),CPCB,24,Gujarat,438,Ahmedabad,DHOLKA,-,-,-,-,-,-,-,-,22.721547,72.530103,07-07-2020 08:30,11.98,,,,,3,,,,,,,,7.9,,,Other,,Other,,Other,,Other,,,Other,Other,,Other,,Other,,
"2,397",SABARMATI AFTER CONF. WITH MESHWA AT VAUTHA (NEAR DHOKLA),CPCB,24,Gujarat,438,Ahmedabad,DHOLKA,-,-,-,-,-,-,-,-,22.721547,72.530103,04-08-2020 08:30,15.79,,,,,Light Brown,,,,,,,,7.8,,,Light Brown,,Light Brown,,Light Brown,,Light Brown,,,Light Brown,Light Brown,,Light Brown,,8.88,,
"2,398",SABARMATI AFTER CONF. WITH MESHWA AT VAUTHA (NEAR DHOKLA),CPCB,24,Gujarat,438,Ahmedabad,DHOLKA,-,-,-,-,-,-,-,-,22.721547,72.530103,01-09-2020 08:30,3.3,,,,,3.4,,,,,,,,7.1,,,Other,,Other,,Other,,Other,,,Other,0.5,,Other,,2.66,,
"2,399",SABARMATI AFTER CONF. WITH MESHWA AT VAUTHA (NEAR DHOKLA),CPCB,24,Gujarat,438,Ahmedabad,DHOLKA,-,-,-,-,-,-,-,-,22.721547,72.530103,07-10-2020 08:30,4.03,,,,,4.2,,,,,,,,7.4,,,Other,,Other,,Other,,Other,,,Other,Other,,Other,,5,,
"2,400",SABARMATI AFTER CONF. WITH MESHWA AT VAUTHA (NEAR DHOKLA),CPCB,24,Gujarat,438,Ahmedabad,DHOLKA,-,-,-,-,-,-,-,-,22.721547,72.530103,03-11-2020 08:30,8.43,,,,,5.1,,,,,,,,7.5,,,Other,,Other,,Other,,Other,,,Other,Other,,Other,,5,,
"2,401",SABARMATI AFTER CONF. WITH MESHWA AT VAUTHA (NEAR DHOKLA),CPCB,24,Gujarat,438,Ahmedabad,DHOLKA,-,-,-,-,-,-,-,-,22.721547,72.530103,01-12-2020 08:30,1.17,,,,,6.5,,,,,,,,7.6,,,Light Brown,,Light Brown,,Light Brown,,Light Brown,,,Light Brown,Light Brown,,Light Brown,,14,,
"2,402",SABARMATI AT AHMEDABAD AT V.N. BRIDGE,CPCB,24,Gujarat,438,Ahmedabad,AHMADABAD CITY,-,-,-,-,-,-,-,-,22.982611,72.543139,01-01-2018 08:30,,,,,,1.5,,,,,,,,7.66,,,,,,,,,,,,,,,,,,,
"2,403",SABARMATI AT AHMEDABAD AT V.N. BRIDGE,CPCB,24,Gujarat,438,Ahmedabad,AHMADABAD CITY,-,-,-,-,-,-,-,-,22.982611,72.543139,02-02-2018 08:30,,,,,,,,,,,,,,7.7,,,,,,,,,,,,,,,,,,,
"2,404",SABARMATI AT AHMEDABAD AT V.N. BRIDGE,CPCB,24,Gujarat,438,Ahmedabad,AHMADABAD CITY,-,-,-,-,-,-,-,-,22.982611,72.543139,05-03-2018 08:30,,,,,,,,,,,,,,7.29,,,,,,,,,,,,,,,,,,,
"2,405",SABARMATI AT AHMEDABAD AT V.N. BRIDGE,CPCB,24,Gujarat,438,Ahmedabad,AHMADABAD CITY,-,-,-,-,-,-,-,-,22.982611,72.543139,03-04-2018 08:30,,,,,,,,,,,,,,7.06,,,,,,,,,,,,,,,,,,,
"2,406",SABARMATI AT AHMEDABAD AT V.N. BRIDGE,CPCB,24,Gujarat,438,Ahmedabad,AHMADABAD CITY,-,-,-,-,-,-,-,-,22.982611,72.543139,01-05-2018 08:30,,,,,,,,,,,,,,7.21,,,,,,,,,,,,,,,,,,,
"2,407",SABARMATI AT AHMEDABAD AT V.N. BRIDGE,CPCB,24,Gujarat,438,Ahmedabad,AHMADABAD CITY,-,-,-,-,-,-,-,-,22.982611,72.543139,02-06-2018 08:30,,,,,,,,,,,,,,7.17,,,,,,,,,,,,,,,,,,,
"2,408",SABARMATI AT AHMEDABAD AT V.N. BRIDGE,CPCB,24,Gujarat,438,Ahmedabad,AHMADABAD CITY,-,-,-,-,-,-,-,-,22.982611,72.543139,03-07-2018 08:30,,,,,,,,,,,,,,7.7,,,,,,,,,,,,,,,,,,,
"2,409",SABARMATI AT AHMEDABAD AT V.N. BRIDGE,CPCB,24,Gujarat,438,Ahmedabad,AHMADABAD CITY,-,-,-,-,-,-,-,-,22.982611,72.543139,01-08-2018 08:30,,,,,,,,,,,,,,7.75,,,,,,,,,,,,,,,,,,,
"2,410",SABARMATI AT AHMEDABAD AT V.N. BRIDGE,CPCB,24,Gujarat,438,Ahmedabad,AHMADABAD CITY,-,-,-,-,-,-,-,-,22.982611,72.543139,06-09-2018 08:30,,,,,,,,,,,,,,8.49,,,,,,,,,,,,,,,,,,,
"2,411",SABARMATI AT AHMEDABAD AT V.N. BRIDGE,CPCB,24,Gujarat,438,Ahmedabad,AHMADABAD CITY,-,-,-,-,-,-,-,-,22.982611,72.543139,03-10-2018 08:30,,,,,,,,,,,,,,7.72,,,,,,,,,,,,,,,,,,,
"2,412",SABARMATI AT AHMEDABAD AT V.N. BRIDGE,CPCB,24,Gujarat,438,Ahmedabad,AHMADABAD CITY,-,-,-,-,-,-,-,-,22.982611,72.543139,03-11-2018 08:30,,,,,,,,,,,,,,7.29,,,,,,,,,,,,,,,,,,,
"2,413",SABARMATI AT AHMEDABAD AT V.N. BRIDGE,CPCB,24,Gujarat,438,Ahmedabad,AHMADABAD CITY,-,-,-,-,-,-,-,-,22.982611,72.543139,01-12-2018 08:30,,,,,,,,,,,,,,6.86,,,,,,,,,,,,,,,,,,,
"2,414",SABARMATI AT AHMEDABAD AT V.N. BRIDGE,CPCB,24,Gujarat,438,Ahmedabad,AHMADABAD CITY,-,-,-,-,-,-,-,-,22.982611,72.543139,02-01-2019 08:30,,,,,,1.6,,,,,,,,7.3,,,,,,,,,,,,,,,,,,,
"2,415",SABARMATI AT AHMEDABAD AT V.N. BRIDGE,CPCB,24,Gujarat,438,Ahmedabad,AHMADABAD CITY,-,-,-,-,-,-,-,-,22.982611,72.543139,05-02-2019 08:30,,,,,,,,,,,,,,8.4,,,,,,,,,,,,,,,,,,,
"2,416",SABARMATI AT AHMEDABAD AT V.N. BRIDGE,CPCB,24,Gujarat,438,Ahmedabad,AHMADABAD CITY,-,-,-,-,-,-,-,-,22.982611,72.543139,02-03-2019 08:30,,,,,,,,,,,,,,9,,,,,,,,,,,,,,,,,,,
"2,417",SABARMATI AT AHMEDABAD AT V.N. BRIDGE,CPCB,24,Gujarat,438,Ahmedabad,AHMADABAD CITY,-,-,-,-,-,-,-,-,22.982611,72.543139,02-04-2019 08:30,,,,,,,,,,,,,,8.3,,,,,,,,,,,,,,,,,,,
"2,418",SABARMATI AT AHMEDABAD AT V.N. BRIDGE,CPCB,24,Gujarat,438,Ahmedabad,AHMADABAD CITY,-,-,-,-,-,-,-,-,22.982611,72.543139,02-05-2019 08:30,,,,,,,,,,,,,,7.7,,,,,,,,,,,,,,,,,,,
"2,419",SABARMATI AT AHMEDABAD AT V.N. BRIDGE,CPCB,24,Gujarat,438,Ahmedabad,AHMADABAD CITY,-,-,-,-,-,-,-,-,22.982611,72.543139,01-06-2019 08:30,,,,,,,,,,,,,,7.2,,,,,,,,,,,,,,,,,,,
"2,420",SABARMATI AT AHMEDABAD AT V.N. BRIDGE,CPCB,24,Gujarat,438,Ahmedabad,AHMADABAD CITY,-,-,-,-,-,-,-,-,22.982611,72.543139,01-07-2019 08:30,,,,,,,,,,,,,,8.3,,,,,,,,,,,,,,,,,,,
"2,421",SABARMATI AT AHMEDABAD AT V.N. BRIDGE,CPCB,24,Gujarat,438,Ahmedabad,AHMADABAD CITY,-,-,-,-,-,-,-,-,22.982611,72.543139,02-08-2019 08:30,,,,,,,,,,,,,,7.9,,,,,,,,,,,,,,,,,,,
"2,422",SABARMATI AT AHMEDABAD AT V.N. BRIDGE,CPCB,24,Gujarat,438,Ahmedabad,AHMADABAD CITY,-,-,-,-,-,-,-,-,22.982611,72.543139,01-09-2019 08:30,,,,,,,,,,,,,,6.9,,,,,,,,,,,,,,,,,,,
"2,423",SABARMATI AT AHMEDABAD AT V.N. BRIDGE,CPCB,24,Gujarat,438,Ahmedabad,AHMADABAD CITY,-,-,-,-,-,-,-,-,22.982611,72.543139,03-10-2019 08:30,,,,,,,,,,,,,,7.2,,,,,,,,,,,,,,,,,,,
"2,424",SABARMATI AT AHMEDABAD AT V.N. BRIDGE,CPCB,24,Gujarat,438,Ahmedabad,AHMADABAD CITY,-,-,-,-,-,-,-,-,22.982611,72.543139,04-11-2019 08:30,,,,,,,,,,,,,,7.1,,,,,,,,,,,,,,,,,,,
"2,425",SABARMATI AT AHMEDABAD AT V.N. BRIDGE,CPCB,24,Gujarat,438,Ahmedabad,AHMADABAD CITY,-,-,-,-,-,-,-,-,22.982611,72.543139,02-12-2019 08:30,,,,,,,,,,,,,,6.9,,,,,,,,,,,,,,,,,,,
"2,426",SABARMATI AT AHMEDABAD AT V.N. BRIDGE,CPCB,24,Gujarat,438,Ahmedabad,AHMADABAD CITY,-,-,-,-,-,-,-,-,22.982611,72.543139,02-01-2020 08:30,19.43,,,,,,,,,,,,,7,,,,,,,,,,,,,,,,,,,
"2,427",SABARMATI AT AHMEDABAD AT V.N. BRIDGE,CPCB,24,Gujarat,438,Ahmedabad,AHMADABAD CITY,-,-,-,-,-,-,-,-,22.982611,72.543139,01-02-2020 08:30,20.1,,,,,Other,,,,,,,,8.4,,,Other,,Other,,Other,,Other,,,Other,0.25,,Other,,Other,,
"2,428",SABARMATI AT AHMEDABAD AT V.N. BRIDGE,CPCB,24,Gujarat,438,Ahmedabad,AHMADABAD CITY,-,-,-,-,-,-,-,-,22.982611,72.543139,04-03-2020 08:30,21.5,,,,,Other,,,,,,,,8.3,,,Other,,Other,,Other,,Other,,,Other,0.46,,Other,,Other,,
"2,429",SABARMATI AT AHMEDABAD AT V.N. BRIDGE,CPCB,24,Gujarat,438,Ahmedabad,AHMADABAD CITY,-,-,-,-,-,-,-,-,22.982611,72.543139,04-04-2020 08:30,18.82,,,,,Other,,,,,,,,7,,,Other,,Other,,1.69,,Other,,,0.1,0.09,,Other,,Other,,
"2,430",SABARMATI AT AHMEDABAD AT V.N. BRIDGE,CPCB,24,Gujarat,438,Ahmedabad,AHMADABAD CITY,-,-,-,-,-,-,-,-,22.982611,72.543139,01-05-2020 08:30,15.74,,,,,,,,,,,,,7.8,,,,,,,,,,,,,0.08,,,,,,
"2,431",SABARMATI AT AHMEDABAD AT V.N. BRIDGE,CPCB,24,Gujarat,438,Ahmedabad,AHMADABAD CITY,-,-,-,-,-,-,-,-,22.982611,72.543139,02-06-2020 08:30,16.46,,,,,Other,,,,,,,,7.2,,,Other,,Other,,Other,,Other,,,Other,0.05,,Other,,Other,,
"2,432",SABARMATI AT AHMEDABAD AT V.N. BRIDGE,CPCB,24,Gujarat,438,Ahmedabad,AHMADABAD CITY,-,-,-,-,-,-,-,-,22.982611,72.543139,05-08-2020 08:30,Other,,,,,Other,,,,,,,,8.1,,,Other,,Other,,Other,,Other,,,Other,0.64,,Other,,Other,,
"2,433",SABARMATI AT AHMEDABAD AT V.N. BRIDGE,CPCB,24,Gujarat,438,Ahmedabad,AHMADABAD CITY,-,-,-,-,-,-,-,-,22.982611,72.543139,02-09-2020 08:30,Other,,,,,7.3,,,,,,,,7.4,,,Other,,Other,,Other,,Other,,,Other,0.56,,Other,,Other,,
"2,434",SABARMATI AT AHMEDABAD AT V.N. BRIDGE,CPCB,24,Gujarat,438,Ahmedabad,AHMADABAD CITY,-,-,-,-,-,-,-,-,22.982611,72.543139,05-10-2020 08:30,Other,,,,,7.5,,,,,,,,7.7,,,Other,,Other,,Other,,Other,,,Other,0.76,,Other,,Other,,
"2,435",SABARMATI AT AHMEDABAD AT V.N. BRIDGE,CPCB,24,Gujarat,438,Ahmedabad,AHMADABAD CITY,-,-,-,-,-,-,-,-,22.982611,72.543139,03-11-2020 08:30,Other,,,,,Other,,,,,,,,7.7,,,Other,,Other,,Other,,Other,,,Other,0.65,,Other,,Other,,
"2,436",SABARMATI AT AHMEDABAD AT V.N. BRIDGE,CPCB,24,Gujarat,438,Ahmedabad,AHMADABAD CITY,-,-,-,-,-,-,-,-,22.982611,72.543139,02-12-2020 08:30,15.85,,,,,Other,,,,,,,,8.37,,,Other,,Other,,Other,,Other,,,Other,0.6,,Other,,Other,,
"2,437",SABARMATI AT DHAROI DAM,CPCB,24,Gujarat,451,Mahesana,SATLASANA,-,-,-,-,-,-,-,-,24.004528,72.853278,01-01-2018 08:30,,,,,,9.4,,,,,,,,8.15,,,,,,,,,,,,,,,,,,,
"2,438",SABARMATI AT DHAROI DAM,CPCB,24,Gujarat,451,Mahesana,SATLASANA,-,-,-,-,-,-,-,-,24.004528,72.853278,01-02-2018 08:30,,,,,,8.4,,,,,,,,7.81,,,,,,,,,,,,,,,,,,,
"2,439",SABARMATI AT DHAROI DAM,CPCB,24,Gujarat,451,Mahesana,SATLASANA,-,-,-,-,-,-,-,-,24.004528,72.853278,01-03-2018 08:30,,,,,,8,,,,,,,,7.76,,,,,,,,,,,,,,,,,,,
"2,440",SABARMATI AT DHAROI DAM,CPCB,24,Gujarat,451,Mahesana,SATLASANA,-,-,-,-,-,-,-,-,24.004528,72.853278,02-04-2018 08:30,,,,,,9.6,,,,,,,,7.85,,,,,,,,,,,,,,,,,,,
"2,441",SABARMATI AT DHAROI DAM,CPCB,24,Gujarat,451,Mahesana,SATLASANA,-,-,-,-,-,-,-,-,24.004528,72.853278,01-05-2018 08:30,,,,,,6.4,,,,,,,,7.99,,,,,,,,,,,,,,,,,,,
"2,442",SABARMATI AT DHAROI DAM,CPCB,24,Gujarat,451,Mahesana,SATLASANA,-,-,-,-,-,-,-,-,24.004528,72.853278,01-06-2018 08:30,,,,,,5.5,,,,,,,,7.75,,,,,,,,,,,,,,,,,,,
"2,443",SABARMATI AT DHAROI DAM,CPCB,24,Gujarat,451,Mahesana,SATLASANA,-,-,-,-,-,-,-,-,24.004528,72.853278,02-07-2018 08:30,,,,,,7.1,,,,,,,,8.59,,,,,,,,,,,,,,,,,,,
"2,444",SABARMATI AT DHAROI DAM,CPCB,24,Gujarat,451,Mahesana,SATLASANA,-,-,-,-,-,-,-,-,24.004528,72.853278,01-08-2018 08:30,,,,,,7.1,,,,,,,,8.55,,,,,,,,,,,,,,,,,,,
"2,445",SABARMATI AT DHAROI DAM,CPCB,24,Gujarat,451,Mahesana,SATLASANA,-,-,-,-,-,-,-,-,24.004528,72.853278,01-09-2018 08:30,,,,,,6.1,,,,,,,,8.16,,,,,,,,,,,,,,,,,,,
"2,446",SABARMATI AT DHAROI DAM,CPCB,24,Gujarat,451,Mahesana,SATLASANA,-,-,-,-,-,-,-,-,24.004528,72.853278,01-10-2018 08:30,,,,,,8,,,,,,,,8.22,,,,,,,,,,,,,,,,,,,
"2,447",SABARMATI AT DHAROI DAM,CPCB,24,Gujarat,451,Mahesana,SATLASANA,-,-,-,-,-,-,-,-,24.004528,72.853278,01-11-2018 08:30,,,,,,6.4,,,,,,,,7.5,,,,,,,,,,,,,,,,,,,
"2,448",SABARMATI AT DHAROI DAM,CPCB,24,Gujarat,451,Mahesana,SATLASANA,-,-,-,-,-,-,-,-,24.004528,72.853278,01-12-2018 08:30,,,,,,6.7,,,,,,,,8,,,,,,,,,,,,,,,,,,,
"2,449",SABARMATI AT DHAROI DAM,CPCB,24,Gujarat,451,Mahesana,SATLASANA,-,-,-,-,-,-,-,-,24.004528,72.853278,01-01-2019 08:30,,,,,,8.4,,,,,,,,8,,,,,,,,,,,,,,,,,,,
"2,450",SABARMATI AT DHAROI DAM,CPCB,24,Gujarat,451,Mahesana,SATLASANA,-,-,-,-,-,-,-,-,24.004528,72.853278,01-02-2019 08:30,,,,,,7.6,,,,,,,,8.2,,,,,,,,,,,,,,,,,,,
"2,451",SABARMATI AT DHAROI DAM,CPCB,24,Gujarat,451,Mahesana,SATLASANA,-,-,-,-,-,-,-,-,24.004528,72.853278,05-03-2019 08:30,,,,,,7.4,,,,,,,,6.1,,,,,,,,,,,,,,,,,,,
"2,452",SABARMATI AT DHAROI DAM,CPCB,24,Gujarat,451,Mahesana,SATLASANA,-,-,-,-,-,-,-,-,24.004528,72.853278,04-04-2019 08:30,,,,,,6.9,,,,,,,,7.7,,,,,,,,,,,,,,,,,,,
"2,453",SABARMATI AT DHAROI DAM,CPCB,24,Gujarat,451,Mahesana,SATLASANA,-,-,-,-,-,-,-,-,24.004528,72.853278,01-05-2019 08:30,,,,,,7.7,,,,,,,,7.9,,,,,,,,,,,,,,,,,,,
"2,454",SABARMATI AT DHAROI DAM,CPCB,24,Gujarat,451,Mahesana,SATLASANA,-,-,-,-,-,-,-,-,24.004528,72.853278,03-06-2019 08:30,,,,,,6.8,,,,,,,,7.9,,,,,,,,,,,,,,,,,,,
"2,455",SABARMATI AT DHAROI DAM,CPCB,24,Gujarat,451,Mahesana,SATLASANA,-,-,-,-,-,-,-,-,24.004528,72.853278,01-07-2019 08:30,,,,,,7.9,,,,,,,,8.4,,,,,,,,,,,,,,,,,,,
"2,456",SABARMATI AT DHAROI DAM,CPCB,24,Gujarat,451,Mahesana,SATLASANA,-,-,-,-,-,-,-,-,24.004528,72.853278,01-08-2019 08:30,,,,,,7.4,,,,,,,,7.8,,,,,,,,,,,,,,,,,,,
"2,457",SABARMATI AT DHAROI DAM,CPCB,24,Gujarat,451,Mahesana,SATLASANA,-,-,-,-,-,-,-,-,24.004528,72.853278,04-09-2019 08:30,,,,,,7.1,,,,,,,,7.7,,,,,,,,,,,,,,,,,,,
"2,458",SABARMATI AT DHAROI DAM,CPCB,24,Gujarat,451,Mahesana,SATLASANA,-,-,-,-,-,-,-,-,24.004528,72.853278,03-10-2019 08:30,,,,,,7.2,,,,,,,,7.8,,,,,,,,,,,,,,,,,,,
"2,459",SABARMATI AT DHAROI DAM,CPCB,24,Gujarat,451,Mahesana,SATLASANA,-,-,-,-,-,-,-,-,24.004528,72.853278,02-11-2019 08:30,,,,,,7.7,,,,,,,,8.2,,,,,,,,,,,,,,,,,,,
"2,460",SABARMATI AT DHAROI DAM,CPCB,24,Gujarat,451,Mahesana,SATLASANA,-,-,-,-,-,-,-,-,24.004528,72.853278,03-12-2019 08:30,,,,,,7.6,,,,,,,,8.3,,,,,,,,,,,,,,,,,,,
"2,461",SABARMATI AT DHAROI DAM,CPCB,24,Gujarat,451,Mahesana,SATLASANA,-,-,-,-,-,-,-,-,24.004528,72.853278,02-01-2020 08:30,0.19,,,,,7.8,,,,,,,,8.1,,,,,,,0.02,,,,,,,,,,2,,
"2,462",SABARMATI AT DHAROI DAM,CPCB,24,Gujarat,451,Mahesana,SATLASANA,-,-,-,-,-,-,-,-,24.004528,72.853278,03-02-2020 08:30,0.19,,,,,8,,,,,,,,8.2,,,Clear,,Clear,,Clear,,Clear,,,Clear,Clear,,Clear,,2,,
"2,463",SABARMATI AT DHAROI DAM,CPCB,24,Gujarat,451,Mahesana,SATLASANA,-,-,-,-,-,-,-,-,24.004528,72.853278,02-03-2020 08:30,1.46,,,,,7.7,,,,,,,,8.3,,,Clear,,Clear,,0.95,,Clear,,,Clear,0.02,,Clear,,1,,
"2,464",SABARMATI AT DHAROI DAM,CPCB,24,Gujarat,451,Mahesana,SATLASANA,-,-,-,-,-,-,-,-,24.004528,72.853278,03-04-2020 08:30,0.67,,,,,6.7,,,,,,,,7.9,,,Clear,,Clear,,0.02,,Clear,,,Clear,0.01,,Clear,,Clear,,
"2,465",SABARMATI AT DHAROI DAM,CPCB,24,Gujarat,451,Mahesana,SATLASANA,-,-,-,-,-,-,-,-,24.004528,72.853278,01-05-2020 08:30,0.25,,,,,7.5,,,,,,,,8.3,,,Clear,,Clear,,0.03,,Clear,,,Clear,0.02,,Clear,,Clear,,
"2,466",SABARMATI AT DHAROI DAM,CPCB,24,Gujarat,451,Mahesana,SATLASANA,-,-,-,-,-,-,-,-,24.004528,72.853278,01-06-2020 08:30,0.17,,,,,7.3,,,,,,,,8.2,,,Clear,,Clear,,0.05,,Clear,,,Clear,0.08,,Clear,,2,,
"2,467",SABARMATI AT DHAROI DAM,CPCB,24,Gujarat,451,Mahesana,SATLASANA,-,-,-,-,-,-,-,-,24.004528,72.853278,01-07-2020 08:30,0.62,,,,,5.3,,,,,,,,8.2,,,Clear,,Clear,,0.48,,Clear,,,Clear,0.01,,Clear,,1,,
"2,468",SABARMATI AT DHAROI DAM,CPCB,24,Gujarat,451,Mahesana,SATLASANA,-,-,-,-,-,-,-,-,24.004528,72.853278,01-09-2020 08:30,0.25,,,,,7.4,,,,,,,,7.4,,,Clear,,Clear,,0.216,,Clear,,,Clear,0.08,,Clear,,0.8,,
"2,469",SABARMATI AT DHAROI DAM,CPCB,24,Gujarat,451,Mahesana,SATLASANA,-,-,-,-,-,-,-,-,24.004528,72.853278,02-11-2020 08:30,0.34,,,,,7.1,,,,,,,,7.6,,,Clear,,Clear,,0.06,,Clear,,,Clear,0.07,,Clear,,Clear,,
"2,470",SABARMATI AT DHAROI DAM,CPCB,24,Gujarat,451,Mahesana,SATLASANA,-,-,-,-,-,-,-,-,24.004528,72.853278,01-12-2020 08:30,1.09,,,,,7.1,,,,,,,,7.9,,,Clear,,Clear,,1.12,,Clear,,,Clear,0.09,,Clear,,Clear,,
"2,471",SABARMATI AT GANDHI NAGAR CHILODA BRIDGE LEKAWADA,CPCB,24,Gujarat,446,Gandhinagar,GANDHINAGAR,-,-,-,-,-,-,-,-,23.245906,72.68218,02-02-2018 08:30,,,,,,6.8,,,,,,,,8.34,,,,,,,,,,,,,,,,,,,
"2,472",SABARMATI AT GANDHI NAGAR CHILODA BRIDGE LEKAWADA,CPCB,24,Gujarat,446,Gandhinagar,GANDHINAGAR,-,-,-,-,-,-,-,-,23.245906,72.68218,03-04-2018 08:30,,,,,,8,,,,,,,,8.28,,,,,,,,,,,,,,,,,,,
"2,473",SABARMATI AT GANDHI NAGAR CHILODA BRIDGE LEKAWADA,CPCB,24,Gujarat,446,Gandhinagar,GANDHINAGAR,-,-,-,-,-,-,-,-,23.245906,72.68218,07-05-2018 08:30,,,,,,4.9,,,,,,,,9.04,,,,,,,,,,,,,,,,,,,
"2,474",SABARMATI AT GANDHI NAGAR CHILODA BRIDGE LEKAWADA,CPCB,24,Gujarat,446,Gandhinagar,GANDHINAGAR,-,-,-,-,-,-,-,-,23.245906,72.68218,04-06-2018 08:30,,,,,,6.4,,,,,,,,8.45,,,,,,,,,,,,,,,,,,,
"2,475",SABARMATI AT GANDHI NAGAR CHILODA BRIDGE LEKAWADA,CPCB,24,Gujarat,446,Gandhinagar,GANDHINAGAR,-,-,-,-,-,-,-,-,23.245906,72.68218,07-08-2018 08:30,,,,,,6.8,,,,,,,,8.07,,,,,,,,,,,,,,,,,,,
"2,476",SABARMATI AT GANDHI NAGAR CHILODA BRIDGE LEKAWADA,CPCB,24,Gujarat,446,Gandhinagar,GANDHINAGAR,-,-,-,-,-,-,-,-,23.245906,72.68218,04-09-2018 08:30,,,,,,6.6,,,,,,,,9.29,,,,,,,,,,,,,,,,,,,
"2,477",SABARMATI AT GANDHI NAGAR CHILODA BRIDGE LEKAWADA,CPCB,24,Gujarat,446,Gandhinagar,GANDHINAGAR,-,-,-,-,-,-,-,-,23.245906,72.68218,06-10-2018 08:30,,,,,,6.6,,,,,,,,8.74,,,,,,,,,,,,,,,,,,,
"2,478",SABARMATI AT GANDHI NAGAR CHILODA BRIDGE LEKAWADA,CPCB,24,Gujarat,446,Gandhinagar,GANDHINAGAR,-,-,-,-,-,-,-,-,23.245906,72.68218,03-09-2019 08:30,,,,,,7.2,,,,,,,,8.3,,,,,,,,,,,,,,,,,,,
"2,479",SABARMATI AT GANDHI NAGAR CHILODA BRIDGE LEKAWADA,CPCB,24,Gujarat,446,Gandhinagar,GANDHINAGAR,-,-,-,-,-,-,-,-,23.245906,72.68218,07-10-2019 08:30,,,,,,7.1,,,,,,,,7.6,,,,,,,,,,,,,,,,,,,
"2,480",SABARMATI AT GANDHI NAGAR CHILODA BRIDGE LEKAWADA,CPCB,24,Gujarat,446,Gandhinagar,GANDHINAGAR,-,-,-,-,-,-,-,-,23.245906,72.68218,06-11-2019 08:30,,,,,,7,,,,,,,,8.3,,,,,,,,,,,,,,,,,,,
"2,481",SABARMATI AT GANDHI NAGAR CHILODA BRIDGE LEKAWADA,CPCB,24,Gujarat,446,Gandhinagar,GANDHINAGAR,-,-,-,-,-,-,-,-,23.245906,72.68218,10-12-2019 08:30,,,,,,7.6,,,,,,,,8.4,,,,,,,,,,,,,,,,,,,
"2,482",SABARMATI AT GANDHI NAGAR CHILODA BRIDGE LEKAWADA,CPCB,24,Gujarat,446,Gandhinagar,GANDHINAGAR,-,-,-,-,-,-,-,-,23.245906,72.68218,01-01-2020 08:30,,,,,,,,,,,,,,,,,,,,,,,,,,,,,,,,,
"2,483",SABARMATI AT GANDHI NAGAR CHILODA BRIDGE LEKAWADA,CPCB,24,Gujarat,446,Gandhinagar,GANDHINAGAR,-,-,-,-,-,-,-,-,23.245906,72.68218,05-02-2020 08:30,Clear,,,,,Clear,,,,,,,,Clear,,,Clear,,Clear,,Clear,,Clear,,,Clear,Clear,,Clear,,Clear,,
"2,484",SABARMATI AT GANDHI NAGAR CHILODA BRIDGE LEKAWADA,CPCB,24,Gujarat,446,Gandhinagar,GANDHINAGAR,-,-,-,-,-,-,-,-,23.245906,72.68218,02-03-2020 08:30,Clear,,,,,Clear,,,,,,,,Clear,,,Clear,,Clear,,Clear,,Clear,,,Clear,Clear,,Clear,,Clear,,
"2,485",SABARMATI AT GANDHI NAGAR CHILODA BRIDGE LEKAWADA,CPCB,24,Gujarat,446,Gandhinagar,GANDHINAGAR,-,-,-,-,-,-,-,-,23.245906,72.68218,07-04-2020 08:30,Clear,,,,,Clear,,,,,,,,Clear,,,Clear,,Clear,,Clear,,Clear,,,Clear,Clear,,Clear,,Clear,,
"2,486",SABARMATI AT GANDHI NAGAR CHILODA BRIDGE LEKAWADA,CPCB,24,Gujarat,446,Gandhinagar,GANDHINAGAR,-,-,-,-,-,-,-,-,23.245906,72.68218,12-05-2020 08:30,Clear,,,,,Clear,,,,,,,,Clear,,,Clear,,Clear,,Clear,,Clear,,,Clear,Clear,,Clear,,Clear,,
"2,487",SABARMATI AT GANDHI NAGAR CHILODA BRIDGE LEKAWADA,CPCB,24,Gujarat,446,Gandhinagar,GANDHINAGAR,-,-,-,-,-,-,-,-,23.245906,72.68218,01-06-2020 08:30,,,,,,,,,,,,,,,,,,,,,,,,,,,,,,,,,
"2,488",SABARMATI AT GANDHI NAGAR CHILODA BRIDGE LEKAWADA,CPCB,24,Gujarat,446,Gandhinagar,GANDHINAGAR,-,-,-,-,-,-,-,-,23.245906,72.68218,01-07-2020 08:30,,,,,,,,,,,,,,,,,,,,,,,,,,,,,,,,,
"2,489",SABARMATI AT GANDHI NAGAR CHILODA BRIDGE LEKAWADA,CPCB,24,Gujarat,446,Gandhinagar,GANDHINAGAR,-,-,-,-,-,-,-,-,23.245906,72.68218,01-08-2020 08:30,,,,,,,,,,,,,,,,,,,,,,,,,,,,,,,,,
"2,490",SABARMATI AT GANDHI NAGAR CHILODA BRIDGE LEKAWADA,CPCB,24,Gujarat,446,Gandhinagar,GANDHINAGAR,-,-,-,-,-,-,-,-,23.245906,72.68218,01-09-2020 08:30,Clear,,,,,7.5,,,,,,,,7.7,,,Clear,,Clear,,Clear,,Clear,,,Clear,0.29,,Clear,,0.93,,
"2,491",SABARMATI AT GANDHI NAGAR CHILODA BRIDGE LEKAWADA,CPCB,24,Gujarat,446,Gandhinagar,GANDHINAGAR,-,-,-,-,-,-,-,-,23.245906,72.68218,05-10-2020 08:30,Clear,,,,,7,,,,,,,,7.9,,,Clear,,Clear,,Clear,,Clear,,,Clear,0.2,,Clear,,3,,
"2,492",SABARMATI AT GANDHI NAGAR CHILODA BRIDGE LEKAWADA,CPCB,24,Gujarat,446,Gandhinagar,GANDHINAGAR,-,-,-,-,-,-,-,-,23.245906,72.68218,06-11-2020 08:30,Clear,,,,,7,,,,,,,,8.3,,,Clear,,Clear,,Clear,,Clear,,,Clear,0.27,,Clear,,Clear,,
"2,493",SABARMATI AT GANDHI NAGAR CHILODA BRIDGE LEKAWADA,CPCB,24,Gujarat,446,Gandhinagar,GANDHINAGAR,-,-,-,-,-,-,-,-,23.245906,72.68218,01-12-2020 08:30,Clear,,,,,7.9,,,,,,,,8.3,,,Clear,,Clear,,0.26,,Clear,,,Clear,0.29,,Clear,,Clear,,
"2,494",SABARMATI AT KHEROJ BRIDGE,CPCB,24,Gujarat,441,Banaskantha,BHABHAR,-,-,-,-,-,-,-,-,24.22986,73.005317,12-01-2018 08:30,,,,,,6.8,,,,,,,,7.62,,,,,,,,,,,,,,,,,,,
"2,495",SABARMATI AT KHEROJ BRIDGE,CPCB,24,Gujarat,441,Banaskantha,BHABHAR,-,-,-,-,-,-,-,-,24.22986,73.005317,09-02-2018 08:30,,,,,,6.3,,,,,,,,7.46,,,,,,,,,,,,,,,,,,,
"2,496",SABARMATI AT KHEROJ BRIDGE,CPCB,24,Gujarat,441,Banaskantha,BHABHAR,-,-,-,-,-,-,-,-,24.22986,73.005317,11-08-2018 08:30,,,,,,6.8,,,,,,,,8.1,,,,,,,,,,,,,,,,,,,
"2,497",SABARMATI AT KHEROJ BRIDGE,CPCB,24,Gujarat,441,Banaskantha,BHABHAR,-,-,-,-,-,-,-,-,24.22986,73.005317,12-09-2018 08:30,,,,,,5.4,,,,,,,,7.7,,,,,,,,,,,,,,,,,,,
"2,498",SABARMATI AT KHEROJ BRIDGE,CPCB,24,Gujarat,441,Banaskantha,BHABHAR,-,-,-,-,-,-,-,-,24.22986,73.005317,09-10-2018 08:30,,,,,,7.6,,,,,,,,8.1,,,,,,,,,,,,,,,,,,,
"2,499",SABARMATI AT KHEROJ BRIDGE,CPCB,24,Gujarat,441,Banaskantha,BHABHAR,-,-,-,-,-,-,-,-,24.22986,73.005317,12-11-2018 08:30,,,,,,7.6,,,,,,,,7.4,,,,,,,,,,,,,,,,,,,
"2,500",SABARMATI AT KHEROJ BRIDGE,CPCB,24,Gujarat,441,Banaskantha,BHABHAR,-,-,-,-,-,-,-,-,24.22986,73.005317,02-09-2019 08:30,,,,,,6.6,,,,,,,,7.6,,,,,,,,,,,,,,,,,,,
"2,501",SABARMATI AT KHEROJ BRIDGE,CPCB,24,Gujarat,441,Banaskantha,BHABHAR,-,-,-,-,-,-,-,-,24.22986,73.005317,07-10-2019 08:30,,,,,,7.9,,,,,,,,8,,,,,,,,,,,,,,,,,,,
"2,502",SABARMATI AT KHEROJ BRIDGE,CPCB,24,Gujarat,441,Banaskantha,BHABHAR,-,-,-,-,-,-,-,-,24.22986,73.005317,02-11-2019 08:30,,,,,,7.1,,,,,,,,7.7,,,,,,,,,,,,,,,,,,,
"2,503",SABARMATI AT KHEROJ BRIDGE,CPCB,24,Gujarat,441,Banaskantha,BHABHAR,-,-,-,-,-,-,-,-,24.22986,73.005317,02-12-2019 08:30,,,,,,7.2,,,,,,,,7.5,,,,,,,,,,,,,,,,,,,
"2,504",SABARMATI AT KHEROJ BRIDGE,CPCB,24,Gujarat,441,Banaskantha,BHABHAR,-,-,-,-,-,-,-,-,24.22986,73.005317,03-01-2020 08:30,0.48,,,,,4.2,,,,,,,,7.2,,,,,,,,,,,,,0.77,,,,,,
"2,505",SABARMATI AT KHEROJ BRIDGE,CPCB,24,Gujarat,441,Banaskantha,BHABHAR,-,-,-,-,-,-,-,-,24.22986,73.005317,10-02-2020 08:30,0.34,,,,,8.7,,,,,,,,7.2,,,Clear,,Clear,,Clear,,Clear,,,Clear,0.67,,Clear,,Clear,,
"2,506",SABARMATI AT KHEROJ BRIDGE,CPCB,24,Gujarat,441,Banaskantha,BHABHAR,-,-,-,-,-,-,-,-,24.22986,73.005317,04-03-2020 08:30,Clear,,,,,Clear,,,,,,,,Clear,,,Clear,,Clear,,Clear,,Clear,,,Clear,Clear,,Clear,,Clear,,
"2,507",SABARMATI AT KHEROJ BRIDGE,CPCB,24,Gujarat,441,Banaskantha,BHABHAR,-,-,-,-,-,-,-,-,24.22986,73.005317,09-04-2020 08:30,Clear,,,,,Clear,,,,,,,,Clear,,,Clear,,Clear,,Clear,,Clear,,,Clear,Clear,,Clear,,Clear,,
"2,508",SABARMATI AT KHEROJ BRIDGE,CPCB,24,Gujarat,441,Banaskantha,BHABHAR,-,-,-,-,-,-,-,-,24.22986,73.005317,01-05-2020 08:30,,,,,,,,,,,,,,,,,,,,,,,,,,,,,,,,,
"2,509",SABARMATI AT KHEROJ BRIDGE,CPCB,24,Gujarat,441,Banaskantha,BHABHAR,-,-,-,-,-,-,-,-,24.22986,73.005317,04-06-2020 08:30,,,,,,,,,,,,,,,,,,,,,,,,,,,,,,,,,
"2,510",SABARMATI AT KHEROJ BRIDGE,CPCB,24,Gujarat,441,Banaskantha,BHABHAR,-,-,-,-,-,-,-,-,24.22986,73.005317,06-07-2020 08:30,,,,,,,,,,,,,,,,,,,,,,,,,,,,,,,,,
"2,511",SABARMATI AT KHEROJ BRIDGE,CPCB,24,Gujarat,441,Banaskantha,BHABHAR,-,-,-,-,-,-,-,-,24.22986,73.005317,04-08-2020 08:30,,,,,,,,,,,,,,,,,,,,,,,,,,,,,,,,,
"2,512",SABARMATI AT KHEROJ BRIDGE,CPCB,24,Gujarat,441,Banaskantha,BHABHAR,-,-,-,-,-,-,-,-,24.22986,73.005317,02-09-2020 08:30,0.73,,,,,7.2,,,,,,,,8.1,,,Clear,,Clear,,Clear,,Clear,,,Clear,0.98,,Clear,,Clear,,
"2,513",SABARMATI AT KHEROJ BRIDGE,CPCB,24,Gujarat,441,Banaskantha,BHABHAR,-,-,-,-,-,-,-,-,24.22986,73.005317,05-10-2020 08:30,Clear,,,,,7.9,,,,,,,,7.5,,,Clear,,Clear,,Clear,,Clear,,,Clear,1.07,,Clear,,Clear,,
"2,514",SABARMATI AT KHEROJ BRIDGE,CPCB,24,Gujarat,441,Banaskantha,BHABHAR,-,-,-,-,-,-,-,-,24.22986,73.005317,03-11-2020 08:30,0.78,,,,,6.7,,,,,,,,7.7,,,Clear,,Clear,,Clear,,Clear,,,Clear,0.25,,Clear,,Clear,,
"2,515",SABARMATI AT KHEROJ BRIDGE,CPCB,24,Gujarat,441,Banaskantha,BHABHAR,-,-,-,-,-,-,-,-,24.22986,73.005317,01-12-2020 08:30,Clear,,,,,7.2,,,,,,,,7.7,,,Clear,,Clear,,Clear,,Clear,,,Clear,0.99,,Clear,,Clear,,
"2,516",SABARMATI AT MAHUDI JAIN TEMPLE 150 KM. FORM ORIGIN,CPCB,24,Gujarat,446,Gandhinagar,GANDHINAGAR,-,-,-,-,-,-,-,-,23.496903,72.796265,05-01-2018 08:30,,,,,,7.2,,,,,,,,8.2,,,,,,,,,,,,,,,,,,,
"2,517",SABARMATI AT MAHUDI JAIN TEMPLE 150 KM. FORM ORIGIN,CPCB,24,Gujarat,446,Gandhinagar,GANDHINAGAR,-,-,-,-,-,-,-,-,23.496903,72.796265,12-02-2018 08:30,,,,,,6.8,,,,,,,,8.14,,,,,,,,,,,,,,,,,,,
"2,518",SABARMATI AT MAHUDI JAIN TEMPLE 150 KM. FORM ORIGIN,CPCB,24,Gujarat,446,Gandhinagar,GANDHINAGAR,-,-,-,-,-,-,-,-,23.496903,72.796265,03-04-2018 08:30,,,,,,6.5,,,,,,,,8.33,,,,,,,,,,,,,,,,,,,
"2,519",SABARMATI AT MAHUDI JAIN TEMPLE 150 KM. FORM ORIGIN,CPCB,24,Gujarat,446,Gandhinagar,GANDHINAGAR,-,-,-,-,-,-,-,-,23.496903,72.796265,08-05-2018 08:30,,,,,,6.8,,,,,,,,8.13,,,,,,,,,,,,,,,,,,,
"2,520",SABARMATI AT MAHUDI JAIN TEMPLE 150 KM. FORM ORIGIN,CPCB,24,Gujarat,446,Gandhinagar,GANDHINAGAR,-,-,-,-,-,-,-,-,23.496903,72.796265,08-06-2018 08:30,,,,,,5.4,,,,,,,,8.45,,,,,,,,,,,,,,,,,,,
"2,521",SABARMATI AT MAHUDI JAIN TEMPLE 150 KM. FORM ORIGIN,CPCB,24,Gujarat,446,Gandhinagar,GANDHINAGAR,-,-,-,-,-,-,-,-,23.496903,72.796265,04-07-2018 08:30,,,,,,7,,,,,,,,9.17,,,,,,,,,,,,,,,,,,,
"2,522",SABARMATI AT MAHUDI JAIN TEMPLE 150 KM. FORM ORIGIN,CPCB,24,Gujarat,446,Gandhinagar,GANDHINAGAR,-,-,-,-,-,-,-,-,23.496903,72.796265,06-08-2018 08:30,,,,,,7.3,,,,,,,,8.51,,,,,,,,,,,,,,,,,,,
"2,523",SABARMATI AT MAHUDI JAIN TEMPLE 150 KM. FORM ORIGIN,CPCB,24,Gujarat,446,Gandhinagar,GANDHINAGAR,-,-,-,-,-,-,-,-,23.496903,72.796265,07-09-2018 08:30,,,,,,5.6,,,,,,,,8.63,,,,,,,,,,,,,,,,,,,
"2,524",SABARMATI AT MAHUDI JAIN TEMPLE 150 KM. FORM ORIGIN,CPCB,24,Gujarat,446,Gandhinagar,GANDHINAGAR,-,-,-,-,-,-,-,-,23.496903,72.796265,09-10-2018 08:30,,,,,,6.2,,,,,,,,9.32,,,,,,,,,,,,,,,,,,,
"2,525",SABARMATI AT MAHUDI JAIN TEMPLE 150 KM. FORM ORIGIN,CPCB,24,Gujarat,446,Gandhinagar,GANDHINAGAR,-,-,-,-,-,-,-,-,23.496903,72.796265,07-09-2019 08:30,,,,,,7.3,,,,,,,,8.3,,,,,,,,,,,,,,,,,,,
"2,526",SABARMATI AT MAHUDI JAIN TEMPLE 150 KM. FORM ORIGIN,CPCB,24,Gujarat,446,Gandhinagar,GANDHINAGAR,-,-,-,-,-,-,-,-,23.496903,72.796265,05-10-2019 08:30,,,,,,7.1,,,,,,,,8.4,,,,,,,,,,,,,,,,,,,
"2,527",SABARMATI AT MAHUDI JAIN TEMPLE 150 KM. FORM ORIGIN,CPCB,24,Gujarat,446,Gandhinagar,GANDHINAGAR,-,-,-,-,-,-,-,-,23.496903,72.796265,06-11-2019 08:30,,,,,,6.7,,,,,,,,8.3,,,,,,,,,,,,,,,,,,,
"2,528",SABARMATI AT MAHUDI JAIN TEMPLE 150 KM. FORM ORIGIN,CPCB,24,Gujarat,446,Gandhinagar,GANDHINAGAR,-,-,-,-,-,-,-,-,23.496903,72.796265,05-01-2020 08:30,,,,,,,,,,,,,,,,,,,,,,,,,,,,,,,,,
"2,529",SABARMATI AT MAHUDI JAIN TEMPLE 150 KM. FORM ORIGIN,CPCB,24,Gujarat,446,Gandhinagar,GANDHINAGAR,-,-,-,-,-,-,-,-,23.496903,72.796265,07-02-2020 08:30,Clear,,,,,Clear,,,,,,,,Clear,,,Clear,,Clear,,Clear,,Clear,,,Clear,Clear,,Clear,,Clear,,
"2,530",SABARMATI AT MAHUDI JAIN TEMPLE 150 KM. FORM ORIGIN,CPCB,24,Gujarat,446,Gandhinagar,GANDHINAGAR,-,-,-,-,-,-,-,-,23.496903,72.796265,02-03-2020 08:30,Clear,,,,,Clear,,,,,,,,Clear,,,Clear,,Clear,,Clear,,Clear,,,Clear,Clear,,Clear,,Clear,,
"2,531",SABARMATI AT MAHUDI JAIN TEMPLE 150 KM. FORM ORIGIN,CPCB,24,Gujarat,446,Gandhinagar,GANDHINAGAR,-,-,-,-,-,-,-,-,23.496903,72.796265,12-04-2020 08:30,Clear,,,,,Clear,,,,,,,,Clear,,,Clear,,Clear,,Clear,,Clear,,,Clear,Clear,,Clear,,Clear,,
"2,532",SABARMATI AT MAHUDI JAIN TEMPLE 150 KM. FORM ORIGIN,CPCB,24,Gujarat,446,Gandhinagar,GANDHINAGAR,-,-,-,-,-,-,-,-,23.496903,72.796265,29-05-2020 08:30,Clear,,,,,Clear,,,,,,,,Clear,,,Clear,,Clear,,Clear,,Clear,,,Clear,Clear,,Clear,,Clear,,
"2,533",SABARMATI AT MAHUDI JAIN TEMPLE 150 KM. FORM ORIGIN,CPCB,24,Gujarat,446,Gandhinagar,GANDHINAGAR,-,-,-,-,-,-,-,-,23.496903,72.796265,02-06-2020 08:30,,,,,,,,,,,,,,,,,,,,,,,,,,,,,,,,,
"2,534",SABARMATI AT MAHUDI JAIN TEMPLE 150 KM. FORM ORIGIN,CPCB,24,Gujarat,446,Gandhinagar,GANDHINAGAR,-,-,-,-,-,-,-,-,23.496903,72.796265,01-07-2020 08:30,,,,,,,,,,,,,,,,,,,,,,,,,,,,,,,,,
"2,535",SABARMATI AT MAHUDI JAIN TEMPLE 150 KM. FORM ORIGIN,CPCB,24,Gujarat,446,Gandhinagar,GANDHINAGAR,-,-,-,-,-,-,-,-,23.496903,72.796265,01-08-2020 08:30,,,,,,,,,,,,,,,,,,,,,,,,,,,,,,,,,
"2,536",SABARMATI AT MAHUDI JAIN TEMPLE 150 KM. FORM ORIGIN,CPCB,24,Gujarat,446,Gandhinagar,GANDHINAGAR,-,-,-,-,-,-,-,-,23.496903,72.796265,02-09-2020 08:30,Clear,,,,,7.3,,,,,,,,8.2,,,Clear,,Clear,,Clear,,Clear,,,Clear,0.27,,Clear,,1.61,,
"2,537",SABARMATI AT MAHUDI JAIN TEMPLE 150 KM. FORM ORIGIN,CPCB,24,Gujarat,446,Gandhinagar,GANDHINAGAR,-,-,-,-,-,-,-,-,23.496903,72.796265,07-10-2020 08:30,0.65,,,,,7.3,,,,,,,,7.9,,,Clear,,Clear,,0.082,,Clear,,,Clear,0.07,,Clear,,2,,
"2,538",SABARMATI AT MAHUDI JAIN TEMPLE 150 KM. FORM ORIGIN,CPCB,24,Gujarat,446,Gandhinagar,GANDHINAGAR,-,-,-,-,-,-,-,-,23.496903,72.796265,05-11-2020 08:30,Clear,,,,,7,,,,,,,,7.9,,,Clear,,Clear,,1.1,,Clear,,,Clear,0.25,,Clear,,2,,
"2,539",SABARMATI AT MAHUDI JAIN TEMPLE 150 KM. FORM ORIGIN,CPCB,24,Gujarat,446,Gandhinagar,GANDHINAGAR,-,-,-,-,-,-,-,-,23.496903,72.796265,01-12-2020 08:30,,,,,,,,,,,,,,,,,,,,,,,,,,,,,,,,,
"2,540",SABARMATI AT RAILWAY BRIDGE AHMEDABAD,CPCB,24,Gujarat,438,Ahmedabad,AHMADABAD CITY,-,-,-,-,-,-,-,-,23.06353,72.589064,02-01-2018 08:30,,,,,,5.7,,,,,,,,8.1,,,,,,,,,,,,,,,,,,,
"2,541",SABARMATI AT RAILWAY BRIDGE AHMEDABAD,CPCB,24,Gujarat,438,Ahmedabad,AHMADABAD CITY,-,-,-,-,-,-,-,-,23.06353,72.589064,01-02-2018 08:30,,,,,,4.6,,,,,,,,7.83,,,,,,,,,,,,,,,,,,,
"2,542",SABARMATI AT RAILWAY BRIDGE AHMEDABAD,CPCB,24,Gujarat,438,Ahmedabad,AHMADABAD CITY,-,-,-,-,-,-,-,-,23.06353,72.589064,01-03-2018 08:30,,,,,,8.5,,,,,,,,8.5,,,,,,,,,,,,,,,,,,,
"2,543",SABARMATI AT RAILWAY BRIDGE AHMEDABAD,CPCB,24,Gujarat,438,Ahmedabad,AHMADABAD CITY,-,-,-,-,-,-,-,-,23.06353,72.589064,02-04-2018 08:30,,,,,,5.8,,,,,,,,7.8,,,,,,,,,,,,,,,,,,,
"2,544",SABARMATI AT RAILWAY BRIDGE AHMEDABAD,CPCB,24,Gujarat,438,Ahmedabad,AHMADABAD CITY,-,-,-,-,-,-,-,-,23.06353,72.589064,02-05-2018 08:30,,,,,,5.1,,,,,,,,8.16,,,,,,,,,,,,,,,,,,,
"2,545",SABARMATI AT RAILWAY BRIDGE AHMEDABAD,CPCB,24,Gujarat,438,Ahmedabad,AHMADABAD CITY,-,-,-,-,-,-,-,-,23.06353,72.589064,01-06-2018 08:30,,,,,,4.5,,,,,,,,8.09,,,,,,,,,,,,,,,,,,,
"2,546",SABARMATI AT RAILWAY BRIDGE AHMEDABAD,CPCB,24,Gujarat,438,Ahmedabad,AHMADABAD CITY,-,-,-,-,-,-,-,-,23.06353,72.589064,02-07-2018 08:30,,,,,,5.4,,,,,,,,8.67,,,,,,,,,,,,,,,,,,,
"2,547",SABARMATI AT RAILWAY BRIDGE AHMEDABAD,CPCB,24,Gujarat,438,Ahmedabad,AHMADABAD CITY,-,-,-,-,-,-,-,-,23.06353,72.589064,02-08-2018 08:30,,,,,,7.7,,,,,,,,8.39,,,,,,,,,,,,,,,,,,,
"2,548",SABARMATI AT RAILWAY BRIDGE AHMEDABAD,CPCB,24,Gujarat,438,Ahmedabad,AHMADABAD CITY,-,-,-,-,-,-,-,-,23.06353,72.589064,04-09-2018 08:30,,,,,,8.9,,,,,,,,8.27,,,,,,,,,,,,,,,,,,,
"2,549",SABARMATI AT RAILWAY BRIDGE AHMEDABAD,CPCB,24,Gujarat,438,Ahmedabad,AHMADABAD CITY,-,-,-,-,-,-,-,-,23.06353,72.589064,01-10-2018 08:30,,,,,,6.2,,,,,,,,7.88,,,,,,,,,,,,,,,,,,,
"2,550",SABARMATI AT RAILWAY BRIDGE AHMEDABAD,CPCB,24,Gujarat,438,Ahmedabad,AHMADABAD CITY,-,-,-,-,-,-,-,-,23.06353,72.589064,01-11-2018 08:30,,,,,,5.7,,,,,,,,7.9,,,,,,,,,,,,,,,,,,,
"2,551",SABARMATI AT RAILWAY BRIDGE AHMEDABAD,CPCB,24,Gujarat,438,Ahmedabad,AHMADABAD CITY,-,-,-,-,-,-,-,-,23.06353,72.589064,01-12-2018 08:30,,,,,,5.4,,,,,,,,7.77,,,,,,,,,,,,,,,,,,,
"2,552",SABARMATI AT RAILWAY BRIDGE AHMEDABAD,CPCB,24,Gujarat,438,Ahmedabad,AHMADABAD CITY,-,-,-,-,-,-,-,-,23.06353,72.589064,02-01-2019 08:30,,,,,,6.3,,,,,,,,7.5,,,,,,,,,,,,,,,,,,,
"2,553",SABARMATI AT RAILWAY BRIDGE AHMEDABAD,CPCB,24,Gujarat,438,Ahmedabad,AHMADABAD CITY,-,-,-,-,-,-,-,-,23.06353,72.589064,05-02-2019 08:30,,,,,,6.7,,,,,,,,7.5,,,,,,,,,,,,,,,,,,,
"2,554",SABARMATI AT RAILWAY BRIDGE AHMEDABAD,CPCB,24,Gujarat,438,Ahmedabad,AHMADABAD CITY,-,-,-,-,-,-,-,-,23.06353,72.589064,02-03-2019 08:30,,,,,,5.5,,,,,,,,7.9,,,,,,,,,,,,,,,,,,,
"2,555",SABARMATI AT RAILWAY BRIDGE AHMEDABAD,CPCB,24,Gujarat,438,Ahmedabad,AHMADABAD CITY,-,-,-,-,-,-,-,-,23.06353,72.589064,02-08-2019 08:30,,,,,,6.8,,,,,,,,7.4,,,,,,,,,,,,,,,,,,,
"2,556",SABARMATI AT RAILWAY BRIDGE AHMEDABAD,CPCB,24,Gujarat,438,Ahmedabad,AHMADABAD CITY,-,-,-,-,-,-,-,-,23.06353,72.589064,01-09-2019 08:30,,,,,,6.4,,,,,,,,7.4,,,,,,,,,,,,,,,,,,,
"2,557",SABARMATI AT RAILWAY BRIDGE AHMEDABAD,CPCB,24,Gujarat,438,Ahmedabad,AHMADABAD CITY,-,-,-,-,-,-,-,-,23.06353,72.589064,01-10-2019 08:30,,,,,,5.9,,,,,,,,7.7,,,,,,,,,,,,,,,,,,,
"2,558",SABARMATI AT RAILWAY BRIDGE AHMEDABAD,CPCB,24,Gujarat,438,Ahmedabad,AHMADABAD CITY,-,-,-,-,-,-,-,-,23.06353,72.589064,04-11-2019 08:30,,,,,,8,,,,,,,,8.5,,,,,,,,,,,,,,,,,,,
"2,559",SABARMATI AT RAILWAY BRIDGE AHMEDABAD,CPCB,24,Gujarat,438,Ahmedabad,AHMADABAD CITY,-,-,-,-,-,-,-,-,23.06353,72.589064,04-12-2019 08:30,,,,,,6.8,,,,,,,,7.7,,,,,,,,,,,,,,,,,,,
"2,560",SABARMATI AT RAILWAY BRIDGE AHMEDABAD,CPCB,24,Gujarat,438,Ahmedabad,AHMADABAD CITY,-,-,-,-,-,-,-,-,23.06353,72.589064,02-01-2020 08:30,1.12,,,,,7.5,,,,,,,,8.1,,,,,,,,,,,,,0.36,,,,,,
"2,561",SABARMATI AT RAILWAY BRIDGE AHMEDABAD,CPCB,24,Gujarat,438,Ahmedabad,AHMADABAD CITY,-,-,-,-,-,-,-,-,23.06353,72.589064,01-02-2020 08:30,0.84,,,,,8,,,,,,,,8,,,Clear,,Clear,,Clear,,Clear,,,Clear,0.49,,Clear,,Clear,,
"2,562",SABARMATI AT RAILWAY BRIDGE AHMEDABAD,CPCB,24,Gujarat,438,Ahmedabad,AHMADABAD CITY,-,-,-,-,-,-,-,-,23.06353,72.589064,03-03-2020 08:30,0.34,,,,,7.5,,,,,,,,8.5,,,Clear,,Clear,,Clear,,Clear,,,Clear,0.5,,Clear,,Clear,,
"2,563",SABARMATI AT RAILWAY BRIDGE AHMEDABAD,CPCB,24,Gujarat,438,Ahmedabad,AHMADABAD CITY,-,-,-,-,-,-,-,-,23.06353,72.589064,03-04-2020 08:30,0.73,,,,,8.2,,,,,,,,8.2,,,Clear,,Clear,,0.05,,Clear,,,Clear,0.12,,Clear,,Clear,,
"2,564",SABARMATI AT RAILWAY BRIDGE AHMEDABAD,CPCB,24,Gujarat,438,Ahmedabad,AHMADABAD CITY,-,-,-,-,-,-,-,-,23.06353,72.589064,01-05-2020 08:30,None,,,,,None,,,,,,,,None,,,None,,None,,None,,None,,,None,None,,None,,None,,
"2,565",SABARMATI AT RAILWAY BRIDGE AHMEDABAD,CPCB,24,Gujarat,438,Ahmedabad,AHMADABAD CITY,-,-,-,-,-,-,-,-,23.06353,72.589064,01-06-2020 08:30,,,,,,,,,,,,,,,,,,,,,,,,,,,,,,,,,
"2,566",SABARMATI AT RAILWAY BRIDGE AHMEDABAD,CPCB,24,Gujarat,438,Ahmedabad,AHMADABAD CITY,-,-,-,-,-,-,-,-,23.06353,72.589064,04-08-2020 08:30,Clear,,,,,6,,,,,,,,7.6,,,Clear,,Clear,,0.195,,Clear,,,0.013,0.29,,Clear,,Clear,,
"2,567",SABARMATI AT RAILWAY BRIDGE AHMEDABAD,CPCB,24,Gujarat,438,Ahmedabad,AHMADABAD CITY,-,-,-,-,-,-,-,-,23.06353,72.589064,01-09-2020 08:30,Other,,,,,7.2,,,,,,,,7.5,,,Other,,Other,,0.166,,Other,,,0.01,0.02,,0.012,,Other,,
"2,568",SABARMATI AT RAILWAY BRIDGE AHMEDABAD,CPCB,24,Gujarat,438,Ahmedabad,AHMADABAD CITY,-,-,-,-,-,-,-,-,23.06353,72.589064,03-10-2020 08:30,Other,,,,,7.1,,,,,,,,7.6,,,Other,,Other,,0.043,,Other,,,Other,0.33,,Other,,Other,,
"2,569",SABARMATI AT RAILWAY BRIDGE AHMEDABAD,CPCB,24,Gujarat,438,Ahmedabad,AHMADABAD CITY,-,-,-,-,-,-,-,-,23.06353,72.589064,02-11-2020 08:30,Other,,,,,7,,,,,,,,7.4,,,Other,,Other,,0.12,,Other,,,Other,0.29,,Other,,Other,,
"2,570",SABARMATI AT RAILWAY BRIDGE AHMEDABAD,CPCB,24,Gujarat,438,Ahmedabad,AHMADABAD CITY,-,-,-,-,-,-,-,-,23.06353,72.589064,01-12-2020 08:30,0.3,,,,,6.9,,,,,,,,7.65,,,Clear,,Clear,,Clear,,Clear,,,Clear,Clear,,Clear,,Clear,,
"2,571",SABARMATI AT VILL. MIROLI TALUKA DASCROI AHMEDABAD,CPCB,24,Gujarat,438,Ahmedabad,AHMADABAD CITY,-,-,-,-,-,-,-,-,23.031314,72.575114,03-01-2018 08:30,,,,,,,,,,,,,,7.46,,,,,,,,,,,,,,,,,,,
"2,572",SABARMATI AT VILL. MIROLI TALUKA DASCROI AHMEDABAD,CPCB,24,Gujarat,438,Ahmedabad,AHMADABAD CITY,-,-,-,-,-,-,-,-,23.031314,72.575114,04-02-2018 08:30,,,,,,,,,,,,,,7.71,,,,,,,,,,,,,,,,,,,
"2,573",SABARMATI AT VILL. MIROLI TALUKA DASCROI AHMEDABAD,CPCB,24,Gujarat,438,Ahmedabad,AHMADABAD CITY,-,-,-,-,-,-,-,-,23.031314,72.575114,03-03-2018 08:30,,,,,,,,,,,,,,7.48,,,,,,,,,,,,,,,,,,,
"2,574",SABARMATI AT VILL. MIROLI TALUKA DASCROI AHMEDABAD,CPCB,24,Gujarat,438,Ahmedabad,AHMADABAD CITY,-,-,-,-,-,-,-,-,23.031314,72.575114,05-04-2018 08:30,,,,,,,,,,,,,,7.82,,,,,,,,,,,,,,,,,,,
"2,575",SABARMATI AT VILL. MIROLI TALUKA DASCROI AHMEDABAD,CPCB,24,Gujarat,438,Ahmedabad,AHMADABAD CITY,-,-,-,-,-,-,-,-,23.031314,72.575114,02-05-2018 08:30,,,,,,,,,,,,,,7.75,,,,,,,,,,,,,,,,,,,
"2,576",SABARMATI AT VILL. MIROLI TALUKA DASCROI AHMEDABAD,CPCB,24,Gujarat,438,Ahmedabad,AHMADABAD CITY,-,-,-,-,-,-,-,-,23.031314,72.575114,03-06-2018 08:30,,,,,,,,,,,,,,7.7,,,,,,,,,,,,,,,,,,,
"2,577",SABARMATI AT VILL. MIROLI TALUKA DASCROI AHMEDABAD,CPCB,24,Gujarat,438,Ahmedabad,AHMADABAD CITY,-,-,-,-,-,-,-,-,23.031314,72.575114,04-07-2018 08:30,,,,,,,,,,,,,,8.03,,,,,,,,,,,,,,,,,,,
"2,578",SABARMATI AT VILL. MIROLI TALUKA DASCROI AHMEDABAD,CPCB,24,Gujarat,438,Ahmedabad,AHMADABAD CITY,-,-,-,-,-,-,-,-,23.031314,72.575114,04-08-2018 08:30,,,,,,,,,,,,,,8.38,,,,,,,,,,,,,,,,,,,
"2,579",SABARMATI AT VILL. MIROLI TALUKA DASCROI AHMEDABAD,CPCB,24,Gujarat,438,Ahmedabad,AHMADABAD CITY,-,-,-,-,-,-,-,-,23.031314,72.575114,05-09-2018 08:30,,,,,,,,,,,,,,8.36,,,,,,,,,,,,,,,,,,,
"2,580",SABARMATI AT VILL. MIROLI TALUKA DASCROI AHMEDABAD,CPCB,24,Gujarat,438,Ahmedabad,AHMADABAD CITY,-,-,-,-,-,-,-,-,23.031314,72.575114,04-10-2018 08:30,,,,,,,,,,,,,,7.75,,,,,,,,,,,,,,,,,,,
"2,581",SABARMATI AT VILL. MIROLI TALUKA DASCROI AHMEDABAD,CPCB,24,Gujarat,438,Ahmedabad,AHMADABAD CITY,-,-,-,-,-,-,-,-,23.031314,72.575114,03-11-2018 08:30,,,,,,,,,,,,,,7.54,,,,,,,,,,,,,,,,,,,
"2,582",SABARMATI AT VILL. MIROLI TALUKA DASCROI AHMEDABAD,CPCB,24,Gujarat,438,Ahmedabad,AHMADABAD CITY,-,-,-,-,-,-,-,-,23.031314,72.575114,04-12-2018 08:30,,,,,,,,,,,,,,7.43,,,,,,,,,,,,,,,,,,,
"2,583",SABARMATI AT VILL. MIROLI TALUKA DASCROI AHMEDABAD,CPCB,24,Gujarat,438,Ahmedabad,AHMADABAD CITY,-,-,-,-,-,-,-,-,23.031314,72.575114,03-01-2019 08:30,,,,,,,,,,,,,,7.4,,,,,,,,,,,,,,,,,,,
"2,584",SABARMATI AT VILL. MIROLI TALUKA DASCROI AHMEDABAD,CPCB,24,Gujarat,438,Ahmedabad,AHMADABAD CITY,-,-,-,-,-,-,-,-,23.031314,72.575114,02-02-2019 08:30,,,,,,,,,,,,,,7.4,,,,,,,,,,,,,,,,,,,
"2,585",SABARMATI AT VILL. MIROLI TALUKA DASCROI AHMEDABAD,CPCB,24,Gujarat,438,Ahmedabad,AHMADABAD CITY,-,-,-,-,-,-,-,-,23.031314,72.575114,02-03-2019 08:30,,,,,,,,,,,,,,7.3,,,,,,,,,,,,,,,,,,,
"2,586",SABARMATI AT VILL. MIROLI TALUKA DASCROI AHMEDABAD,CPCB,24,Gujarat,438,Ahmedabad,AHMADABAD CITY,-,-,-,-,-,-,-,-,23.031314,72.575114,02-04-2019 08:30,,,,,,,,,,,,,,7.6,,,,,,,,,,,,,,,,,,,
"2,587",SABARMATI AT VILL. MIROLI TALUKA DASCROI AHMEDABAD,CPCB,24,Gujarat,438,Ahmedabad,AHMADABAD CITY,-,-,-,-,-,-,-,-,23.031314,72.575114,02-05-2019 08:30,,,,,,,,,,,,,,7.5,,,,,,,,,,,,,,,,,,,
"2,588",SABARMATI AT VILL. MIROLI TALUKA DASCROI AHMEDABAD,CPCB,24,Gujarat,438,Ahmedabad,AHMADABAD CITY,-,-,-,-,-,-,-,-,23.031314,72.575114,03-06-2019 08:30,,,,,,,,,,,,,,7.8,,,,,,,,,,,,,,,,,,,
"2,589",SABARMATI AT VILL. MIROLI TALUKA DASCROI AHMEDABAD,CPCB,24,Gujarat,438,Ahmedabad,AHMADABAD CITY,-,-,-,-,-,-,-,-,23.031314,72.575114,05-07-2019 08:30,,,,,,,,,,,,,,7.4,,,,,,,,,,,,,,,,,,,
"2,590",SABARMATI AT VILL. MIROLI TALUKA DASCROI AHMEDABAD,CPCB,24,Gujarat,438,Ahmedabad,AHMADABAD CITY,-,-,-,-,-,-,-,-,23.031314,72.575114,05-08-2019 08:30,,,,,,,,,,,,,,7.4,,,,,,,,,,,,,,,,,,,
"2,591",SABARMATI AT VILL. MIROLI TALUKA DASCROI AHMEDABAD,CPCB,24,Gujarat,438,Ahmedabad,AHMADABAD CITY,-,-,-,-,-,-,-,-,23.031314,72.575114,06-09-2019 08:30,,,,,,,,,,,,,,7.2,,,,,,,,,,,,,,,,,,,
"2,592",SABARMATI AT VILL. MIROLI TALUKA DASCROI AHMEDABAD,CPCB,24,Gujarat,438,Ahmedabad,AHMADABAD CITY,-,-,-,-,-,-,-,-,23.031314,72.575114,04-10-2019 08:30,,,,,,,,,,,,,,7.3,,,,,,,,,,,,,,,,,,,
"2,593",SABARMATI AT VILL. MIROLI TALUKA DASCROI AHMEDABAD,CPCB,24,Gujarat,438,Ahmedabad,AHMADABAD CITY,-,-,-,-,-,-,-,-,23.031314,72.575114,05-11-2019 08:30,,,,,,,,,,,,,,7.2,,,,,,,,,,,,,,,,,,,
"2,594",SABARMATI AT VILL. MIROLI TALUKA DASCROI AHMEDABAD,CPCB,24,Gujarat,438,Ahmedabad,AHMADABAD CITY,-,-,-,-,-,-,-,-,23.031314,72.575114,05-12-2019 08:30,,,,,,,,,,,,,,7.2,,,,,,,,,,,,,,,,,,,
"2,595",SABARMATI AT VILL. MIROLI TALUKA DASCROI AHMEDABAD,CPCB,24,Gujarat,438,Ahmedabad,AHMADABAD CITY,-,-,-,-,-,-,-,-,23.031314,72.575114,04-01-2020 08:30,27.55,,,,,,,,,,,,,7.2,,,,,,,,,,,,,,,,,8,,
"2,596",SABARMATI AT VILL. MIROLI TALUKA DASCROI AHMEDABAD,CPCB,24,Gujarat,438,Ahmedabad,AHMADABAD CITY,-,-,-,-,-,-,-,-,23.031314,72.575114,05-02-2020 08:30,23.41,,,,,Other,,,,,,,,7.4,,,Other,,Other,,Other,,Other,,,Other,0.37,,Other,,8,,
"2,597",SABARMATI AT VILL. MIROLI TALUKA DASCROI AHMEDABAD,CPCB,24,Gujarat,438,Ahmedabad,AHMADABAD CITY,-,-,-,-,-,-,-,-,23.031314,72.575114,04-03-2020 08:30,23.3,,,,,Other,,,,,,,,8.1,,,Other,,Other,,Other,,Other,,,Other,0.49,,Other,,16,,
"2,598",SABARMATI AT VILL. MIROLI TALUKA DASCROI AHMEDABAD,CPCB,24,Gujarat,438,Ahmedabad,AHMADABAD CITY,-,-,-,-,-,-,-,-,23.031314,72.575114,08-04-2020 08:30,18.37,,,,,4.2,,,,,,,,7.1,,,Other,,Other,,1.51,,Other,,,Other,0.09,,Other,,7,,
"2,599",SABARMATI AT VILL. MIROLI TALUKA DASCROI AHMEDABAD,CPCB,24,Gujarat,438,Ahmedabad,AHMADABAD CITY,-,-,-,-,-,-,-,-,23.031314,72.575114,02-05-2020 08:30,20.1,,,,,Other,,,,,,,,7.6,,,Other,,Other,,Other,,Other,,,Other,0.11,,Other,,8,,
"2,600",SABARMATI AT VILL. MIROLI TALUKA DASCROI AHMEDABAD,CPCB,24,Gujarat,438,Ahmedabad,AHMADABAD CITY,-,-,-,-,-,-,-,-,23.031314,72.575114,03-06-2020 08:30,15.9,,,,,Other,,,,,,,,7.6,,,Other,,Other,,Other,,Other,,,Other,0.23,,Other,,8,,
"2,601",SABARMATI AT VILL. MIROLI TALUKA DASCROI AHMEDABAD,CPCB,24,Gujarat,438,Ahmedabad,AHMADABAD CITY,-,-,-,-,-,-,-,-,23.031314,72.575114,06-07-2020 08:30,15.23,,,,,Other,,,,,,,,7.4,,,Other,,Other,,Other,,Other,,,Other,0.17,,Other,,9,,
"2,602",SABARMATI AT VILL. MIROLI TALUKA DASCROI AHMEDABAD,CPCB,24,Gujarat,438,Ahmedabad,AHMADABAD CITY,-,-,-,-,-,-,-,-,23.031314,72.575114,06-08-2020 08:30,15.12,,,,,Other,,,,,,,,8.2,,,Other,,Other,,Other,,Other,,,Other,0.52,,Other,,9.41,,
"2,603",SABARMATI AT VILL. MIROLI TALUKA DASCROI AHMEDABAD,CPCB,24,Gujarat,438,Ahmedabad,AHMADABAD CITY,-,-,-,-,-,-,-,-,23.031314,72.575114,03-09-2020 08:30,2.63,,,,,Other,,,,,,,,7.8,,,Other,,Other,,Other,,Other,,,Other,0.59,,Other,,2.43,,
"2,604",SABARMATI AT VILL. MIROLI TALUKA DASCROI AHMEDABAD,CPCB,24,Gujarat,438,Ahmedabad,AHMADABAD CITY,-,-,-,-,-,-,-,-,23.031314,72.575114,05-10-2020 08:30,18.37,,,,,3.7,,,,,,,,7.8,,,Other,,Other,,Other,,Other,,,Other,0.4,,Other,,7,,
"2,605",SABARMATI AT VILL. MIROLI TALUKA DASCROI AHMEDABAD,CPCB,24,Gujarat,438,Ahmedabad,AHMADABAD CITY,-,-,-,-,-,-,-,-,23.031314,72.575114,03-11-2020 08:30,0.22,,,,,2.3,,,,,,,,7.8,,,Other,,Other,,Other,,Other,,,Other,0.5,,Other,,7,,
"2,606",SABARMATI AT VILL. MIROLI TALUKA DASCROI AHMEDABAD,CPCB,24,Gujarat,438,Ahmedabad,AHMADABAD CITY,-,-,-,-,-,-,-,-,23.031314,72.575114,03-12-2020 08:30,9.46,,,,,1.8,,,,,,,,7.4,,,Other,,Other,,Other,,Other,,,Other,0.5,,Other,,7,,
"2,607",SABARMATI RIVER AT HANSAOL BRIDGE,CPCB,24,Gujarat,446,Gandhinagar,GANDHINAGAR,-,-,-,-,-,-,-,-,23.090926,72.629239,02-01-2018 08:30,,,,,,4.8,,,,,,,,8.63,,,,,,,,,,,,,,,,,,,
"2,608",SABARMATI RIVER AT HANSAOL BRIDGE,CPCB,24,Gujarat,446,Gandhinagar,GANDHINAGAR,-,-,-,-,-,-,-,-,23.090926,72.629239,01-02-2018 08:30,,,,,,7,,,,,,,,8.08,,,,,,,,,,,,,,,,,,,
"2,609",SABARMATI RIVER AT HANSAOL BRIDGE,CPCB,24,Gujarat,446,Gandhinagar,GANDHINAGAR,-,-,-,-,-,-,-,-,23.090926,72.629239,01-03-2018 08:30,,,,,,8.2,,,,,,,,7.9,,,,,,,,,,,,,,,,,,,
"2,610",SABARMATI RIVER AT HANSAOL BRIDGE,CPCB,24,Gujarat,446,Gandhinagar,GANDHINAGAR,-,-,-,-,-,-,-,-,23.090926,72.629239,02-04-2018 08:30,,,,,,5.9,,,,,,,,8.1,,,,,,,,,,,,,,,,,,,
"2,611",SABARMATI RIVER AT HANSAOL BRIDGE,CPCB,24,Gujarat,446,Gandhinagar,GANDHINAGAR,-,-,-,-,-,-,-,-,23.090926,72.629239,02-08-2018 08:30,,,,,,7,,,,,,,,8.53,,,,,,,,,,,,,,,,,,,
"2,612",SABARMATI RIVER AT HANSAOL BRIDGE,CPCB,24,Gujarat,446,Gandhinagar,GANDHINAGAR,-,-,-,-,-,-,-,-,23.090926,72.629239,01-10-2018 08:30,,,,,,7.8,,,,,,,,7.97,,,,,,,,,,,,,,,,,,,
"2,613",SABARMATI RIVER AT HANSAOL BRIDGE,CPCB,24,Gujarat,446,Gandhinagar,GANDHINAGAR,-,-,-,-,-,-,-,-,23.090926,72.629239,01-11-2018 08:30,,,,,,8.2,,,,,,,,8.57,,,,,,,,,,,,,,,,,,,
"2,614",SABARMATI RIVER AT HANSAOL BRIDGE,CPCB,24,Gujarat,446,Gandhinagar,GANDHINAGAR,-,-,-,-,-,-,-,-,23.090926,72.629239,01-12-2018 08:30,,,,,,5.8,,,,,,,,7.71,,,,,,,,,,,,,,,,,,,
"2,615",SABARMATI RIVER AT HANSAOL BRIDGE,CPCB,24,Gujarat,446,Gandhinagar,GANDHINAGAR,-,-,-,-,-,-,-,-,23.090926,72.629239,02-01-2019 08:30,,,,,,8.4,,,,,,,,8.3,,,,,,,,,,,,,,,,,,,
"2,616",SABARMATI RIVER AT HANSAOL BRIDGE,CPCB,24,Gujarat,446,Gandhinagar,GANDHINAGAR,-,-,-,-,-,-,-,-,23.090926,72.629239,05-02-2019 08:30,,,,,,,,,,,,,,2,,,,,,,,,,,,,,,,,,,
"2,617",SABARMATI RIVER AT HANSAOL BRIDGE,CPCB,24,Gujarat,446,Gandhinagar,GANDHINAGAR,-,-,-,-,-,-,-,-,23.090926,72.629239,02-03-2019 08:30,,,,,,5,,,,,,,,8.2,,,,,,,,,,,,,,,,,,,
"2,618",SABARMATI RIVER AT HANSAOL BRIDGE,CPCB,24,Gujarat,446,Gandhinagar,GANDHINAGAR,-,-,-,-,-,-,-,-,23.090926,72.629239,02-08-2019 08:30,,,,,,7.6,,,,,,,,7.6,,,,,,,,,,,,,,,,,,,
"2,619",SABARMATI RIVER AT HANSAOL BRIDGE,CPCB,24,Gujarat,446,Gandhinagar,GANDHINAGAR,-,-,-,-,-,-,-,-,23.090926,72.629239,01-09-2019 08:30,,,,,,6.1,,,,,,,,7.4,,,,,,,,,,,,,,,,,,,
"2,620",SABARMATI RIVER AT HANSAOL BRIDGE,CPCB,24,Gujarat,446,Gandhinagar,GANDHINAGAR,-,-,-,-,-,-,-,-,23.090926,72.629239,01-10-2019 08:30,,,,,,6.5,,,,,,,,7.9,,,,,,,,,,,,,,,,,,,
"2,621",SABARMATI RIVER AT HANSAOL BRIDGE,CPCB,24,Gujarat,446,Gandhinagar,GANDHINAGAR,-,-,-,-,-,-,-,-,23.090926,72.629239,04-11-2019 08:30,,,,,,8.1,,,,,,,,8.3,,,,,,,,,,,,,,,,,,,
"2,622",SABARMATI RIVER AT HANSAOL BRIDGE,CPCB,24,Gujarat,446,Gandhinagar,GANDHINAGAR,-,-,-,-,-,-,-,-,23.090926,72.629239,03-12-2019 08:30,,,,,,6.9,,,,,,,,8.1,,,,,,,,,,,,,,,,,,,
"2,623",SABARMATI RIVER AT HANSAOL BRIDGE,CPCB,24,Gujarat,446,Gandhinagar,GANDHINAGAR,-,-,-,-,-,-,-,-,23.090926,72.629239,01-01-2020 08:30,1.12,,,,,7.7,,,,,,,,8,,,,,,,,,,,,,0.18,,,,,,
"2,624",SABARMATI RIVER AT HANSAOL BRIDGE,CPCB,24,Gujarat,446,Gandhinagar,GANDHINAGAR,-,-,-,-,-,-,-,-,23.090926,72.629239,01-02-2020 08:30,0.9,,,,,7.7,,,,,,,,7.7,,,Clear,,Clear,,Clear,,Clear,,,Clear,0.05,,Clear,,Clear,,
"2,625",SABARMATI RIVER AT HANSAOL BRIDGE,CPCB,24,Gujarat,446,Gandhinagar,GANDHINAGAR,-,-,-,-,-,-,-,-,23.090926,72.629239,04-03-2020 08:30,1,,,,,7.1,,,,,,,,7.9,,,Clear,,Clear,,Clear,,Clear,,,Clear,0.9,,Clear,,Clear,,
"2,626",SABARMATI RIVER AT HANSAOL BRIDGE,CPCB,24,Gujarat,446,Gandhinagar,GANDHINAGAR,-,-,-,-,-,-,-,-,23.090926,72.629239,03-04-2020 08:30,0.95,,,,,8,,,,,,,,8.1,,,Clear,,Clear,,0.026,,Clear,,,Clear,0.1,,Clear,,Clear,,
"2,627",SABARMATI RIVER AT HANSAOL BRIDGE,CPCB,24,Gujarat,446,Gandhinagar,GANDHINAGAR,-,-,-,-,-,-,-,-,23.090926,72.629239,01-05-2020 08:30,None,,,,,None,,,,,,,,None,,,None,,None,,None,,None,,,None,None,,None,,None,,
"2,628",SABARMATI RIVER AT HANSAOL BRIDGE,CPCB,24,Gujarat,446,Gandhinagar,GANDHINAGAR,-,-,-,-,-,-,-,-,23.090926,72.629239,01-06-2020 08:30,,,,,,,,,,,,,,,,,,,,,,,,,,,,,,,,,
"2,629",SABARMATI RIVER AT HANSAOL BRIDGE,CPCB,24,Gujarat,446,Gandhinagar,GANDHINAGAR,-,-,-,-,-,-,-,-,23.090926,72.629239,04-08-2020 08:30,Clear,,,,,6.2,,,,,,,,7.9,,,0.005,,Clear,,0.076,,Clear,,,Clear,0.21,,Clear,,Clear,,
"2,630",SABARMATI RIVER AT HANSAOL BRIDGE,CPCB,24,Gujarat,446,Gandhinagar,GANDHINAGAR,-,-,-,-,-,-,-,-,23.090926,72.629239,01-09-2020 08:30,Other,,,,,7.1,,,,,,,,7.9,,,Other,,Other,,0.099,,Other,,,0.003,0.02,,Other,,Other,,
"2,631",SABARMATI RIVER AT HANSAOL BRIDGE,CPCB,24,Gujarat,446,Gandhinagar,GANDHINAGAR,-,-,-,-,-,-,-,-,23.090926,72.629239,03-10-2020 08:30,Other,,,,,6.8,,,,,,,,7.5,,,Other,,Other,,0.524,,Other,,,Other,0.02,,Other,,Other,,
"2,632",SABARMATI RIVER AT HANSAOL BRIDGE,CPCB,24,Gujarat,446,Gandhinagar,GANDHINAGAR,-,-,-,-,-,-,-,-,23.090926,72.629239,02-11-2020 08:30,Other,,,,,7,,,,,,,,7.3,,,Other,,Other,,0.21,,Other,,,Other,0.22,,Other,,Other,,
"2,633",SABARMATI RIVER AT HANSAOL BRIDGE,CPCB,24,Gujarat,446,Gandhinagar,GANDHINAGAR,-,-,-,-,-,-,-,-,23.090926,72.629239,01-12-2020 08:30,0.39,,,,,7,,,,,,,,7.58,,,Clear,,Clear,,Clear,,Clear,,,Clear,Clear,,Clear,,Clear,,
"2,634",SAHASTRLING SAROVAR ? PATAN,CPCB,24,Gujarat,455,Patan,PATAN,-,-,-,-,-,-,-,-,23.862505,72.098387,05-03-2018 08:30,,,,,,,,,,,,,,,,,,,,,,,,,,,,,,,,,
"2,635",SAHASTRLING SAROVAR ? PATAN,CPCB,24,Gujarat,455,Patan,PATAN,-,-,-,-,-,-,-,-,23.862505,72.098387,04-01-2020 08:30,,,,,,,,,,,,,,,,,,,,,,,,,,,,,,,,,
"2,636",SAHASTRLING SAROVAR ? PATAN,CPCB,24,Gujarat,455,Patan,PATAN,-,-,-,-,-,-,-,-,23.862505,72.098387,04-02-2020 08:30,Other,,,,,Other,,,,,,,,Other,,,Other,,Other,,Other,,Other,,,Other,Other,,Other,,Other,,
"2,637",SAHASTRLING SAROVAR ? PATAN,CPCB,24,Gujarat,455,Patan,PATAN,-,-,-,-,-,-,-,-,23.862505,72.098387,05-03-2020 08:30,Clear,,,,,Clear,,,,,,,,Clear,,,Clear,,Clear,,Clear,,Clear,,,Clear,Clear,,Clear,,Clear,,
"2,638",SAHASTRLING SAROVAR ? PATAN,CPCB,24,Gujarat,455,Patan,PATAN,-,-,-,-,-,-,-,-,23.862505,72.098387,11-04-2020 08:30,Other,,,,,Other,,,,,,,,Other,,,Other,,Other,,Other,,Other,,,Other,Other,,Other,,Other,,
"2,639",SAHASTRLING SAROVAR ? PATAN,CPCB,24,Gujarat,455,Patan,PATAN,-,-,-,-,-,-,-,-,23.862505,72.098387,01-05-2020 08:30,None,,,,,None,,,,,,,,None,,,None,,None,,None,,None,,,None,None,,None,,None,,
"2,640",SAHASTRLING SAROVAR ? PATAN,CPCB,24,Gujarat,455,Patan,PATAN,-,-,-,-,-,-,-,-,23.862505,72.098387,05-06-2020 08:30,,,,,,,,,,,,,,,,,,,,,,,,,,,,,,,,,
"2,641",SAHASTRLING SAROVAR ? PATAN,CPCB,24,Gujarat,455,Patan,PATAN,-,-,-,-,-,-,-,-,23.862505,72.098387,01-07-2020 08:30,,,,,,,,,,,,,,,,,,,,,,,,,,,,,,,,,
"2,642",SAHASTRLING SAROVAR ? PATAN,CPCB,24,Gujarat,455,Patan,PATAN,-,-,-,-,-,-,-,-,23.862505,72.098387,04-08-2020 08:30,,,,,,,,,,,,,,,,,,,,,,,,,,,,,,,,,
"2,643",SARIGAM VILLAGE (D/S OF INDUSTRIALAREA) VAPI,CPCB,24,Gujarat,462,Valsad,UMBERGAON,-,-,-,-,-,-,-,-,20.284507,72.854843,02-04-2018 08:30,,,,,170,,538,,,,,,,7.56,,,,,,,,28.06,,8.48,,,0.954,,,,,,
"2,644",SARIGAM VILLAGE (D/S OF INDUSTRIALAREA) VAPI,CPCB,24,Gujarat,462,Valsad,UMBERGAON,-,-,-,-,-,-,-,-,20.284507,72.854843,01-10-2018 08:30,,,,,54,,504,,,,,,,7.24,,,,356,,,0.3,38.08,,39.98,,,0.412,,,0.42,,,
"2,645",SARIGAM VILLAGE (D/S OF INDUSTRIALAREA) VAPI,CPCB,24,Gujarat,462,Valsad,UMBERGAON,-,-,-,-,-,-,-,-,20.284507,72.854843,01-04-2019 08:30,,,,,93,,880,,,,,,,8,,,0.01,236,0.02,0.06,0.32,44.1,,50.9,,,0.32,,,0.08,,,
"2,646",SARIGAM VILLAGE (D/S OF INDUSTRIALAREA) VAPI,CPCB,24,Gujarat,462,Valsad,UMBERGAON,-,-,-,-,-,-,-,-,20.284507,72.854843,08-04-2020 08:30,0.32,,,,,4.6,,,,,,,,6.8,,,Clear,,Clear,,0.142,,Clear,,,Clear,0.24,,Clear,,0.13,,
"2,647",SHEDHI AT KHEDA,CPCB,24,Gujarat,450,Kheda,MATAR,-,-,-,-,-,-,-,-,22.739321,72.679059,01-01-2018 08:30,,,,,,6.7,,,,,,,,7.45,,,,,,,,,,,,,,,,,,,
"2,648",SHEDHI AT KHEDA,CPCB,24,Gujarat,450,Kheda,MATAR,-,-,-,-,-,-,-,-,22.739321,72.679059,06-02-2018 08:30,,,,,,4.5,,,,,,,,7.68,,,,,,,,,,,,,,,,,,,
"2,649",SHEDHI AT KHEDA,CPCB,24,Gujarat,450,Kheda,MATAR,-,-,-,-,-,-,-,-,22.739321,72.679059,05-03-2018 08:30,,,,,,6.9,,,,,,,,7.69,,,,,,,,,,,,,,,,,,,
"2,650",SHEDHI AT KHEDA,CPCB,24,Gujarat,450,Kheda,MATAR,-,-,-,-,-,-,-,-,22.739321,72.679059,04-04-2018 08:30,,,,,,5.7,,,,,,,,8.5,,,,,,,,,,,,,,,,,,,
"2,651",SHEDHI AT KHEDA,CPCB,24,Gujarat,450,Kheda,MATAR,-,-,-,-,-,-,-,-,22.739321,72.679059,01-05-2018 08:30,,,,,,5.1,,,,,,,,8.44,,,,,,,,,,,,,,,,,,,
"2,652",SHEDHI AT KHEDA,CPCB,24,Gujarat,450,Kheda,MATAR,-,-,-,-,-,-,-,-,22.739321,72.679059,02-06-2018 08:30,,,,,,5.7,,,,,,,,8.23,,,,,,,,,,,,,,,,,,,
"2,653",SHEDHI AT KHEDA,CPCB,24,Gujarat,450,Kheda,MATAR,-,-,-,-,-,-,-,-,22.739321,72.679059,02-07-2018 08:30,,,,,,7.4,,,,,,,,7.95,,,,,,,,,,,,,,,,,,,
"2,654",SHEDHI AT KHEDA,CPCB,24,Gujarat,450,Kheda,MATAR,-,-,-,-,-,-,-,-,22.739321,72.679059,01-08-2018 08:30,,,,,,4.2,,,,,,,,8.5,,,,,,,,,,,,,,,,,,,
"2,655",SHEDHI AT KHEDA,CPCB,24,Gujarat,450,Kheda,MATAR,-,-,-,-,-,-,-,-,22.739321,72.679059,06-09-2018 08:30,,,,,,2.7,,,,,,,,8.35,,,,,,,,,,,,,,,,,,,
"2,656",SHEDHI AT KHEDA,CPCB,24,Gujarat,450,Kheda,MATAR,-,-,-,-,-,-,-,-,22.739321,72.679059,05-10-2018 08:30,,,,,,2.3,,,,,,,,7.94,,,,,,,,,,,,,,,,,,,
"2,657",SHEDHI AT KHEDA,CPCB,24,Gujarat,450,Kheda,MATAR,-,-,-,-,-,-,-,-,22.739321,72.679059,01-11-2018 08:30,,,,,,4.5,,,,,,,,8.12,,,,,,,,,,,,,,,,,,,
"2,658",SHEDHI AT KHEDA,CPCB,24,Gujarat,450,Kheda,MATAR,-,-,-,-,-,-,-,-,22.739321,72.679059,03-12-2018 08:30,,,,,,6.5,,,,,,,,8.06,,,,,,,,,,,,,,,,,,,
"2,659",SHEDHI AT KHEDA,CPCB,24,Gujarat,450,Kheda,MATAR,-,-,-,-,-,-,-,-,22.739321,72.679059,01-01-2019 08:30,,,,,,4.9,,,,,,,,7.3,,,,,,,,,,,,,,,,,,,
"2,660",SHEDHI AT KHEDA,CPCB,24,Gujarat,450,Kheda,MATAR,-,-,-,-,-,-,-,-,22.739321,72.679059,01-02-2019 08:30,,,,,,6.3,,,,,,,,8,,,,,,,,,,,,,,,,,,,
"2,661",SHEDHI AT KHEDA,CPCB,24,Gujarat,450,Kheda,MATAR,-,-,-,-,-,-,-,-,22.739321,72.679059,01-03-2019 08:30,,,,,,4.8,,,,,,,,8,,,,,,,,,,,,,,,,,,,
"2,662",SHEDHI AT KHEDA,CPCB,24,Gujarat,450,Kheda,MATAR,-,-,-,-,-,-,-,-,22.739321,72.679059,02-04-2019 08:30,,,,,,6.6,,,,,,,,8.1,,,,,,,,,,,,,,,,,,,
"2,663",SHEDHI AT KHEDA,CPCB,24,Gujarat,450,Kheda,MATAR,-,-,-,-,-,-,-,-,22.739321,72.679059,02-05-2019 08:30,,,,,,3.7,,,,,,,,8.3,,,,,,,,,,,,,,,,,,,
"2,664",SHEDHI AT KHEDA,CPCB,24,Gujarat,450,Kheda,MATAR,-,-,-,-,-,-,-,-,22.739321,72.679059,01-06-2019 08:30,,,,,,3.6,,,,,,,,8.4,,,,,,,,,,,,,,,,,,,
"2,665",SHEDHI AT KHEDA,CPCB,24,Gujarat,450,Kheda,MATAR,-,-,-,-,-,-,-,-,22.739321,72.679059,05-07-2019 08:30,,,,,,4.1,,,,,,,,7.3,,,,,,,,,,,,,,,,,,,
"2,666",SHEDHI AT KHEDA,CPCB,24,Gujarat,450,Kheda,MATAR,-,-,-,-,-,-,-,-,22.739321,72.679059,01-08-2019 08:30,,,,,,3.7,,,,,,,,7.5,,,,,,,,,,,,,,,,,,,
"2,667",SHEDHI AT KHEDA,CPCB,24,Gujarat,450,Kheda,MATAR,-,-,-,-,-,-,-,-,22.739321,72.679059,04-09-2019 08:30,,,,,,4.3,,,,,,,,7.7,,,,,,,,,,,,,,,,,,,
"2,668",SHEDHI AT KHEDA,CPCB,24,Gujarat,450,Kheda,MATAR,-,-,-,-,-,-,-,-,22.739321,72.679059,04-10-2019 08:30,,,,,,3.4,,,,,,,,7.6,,,,,,,,,,,,,,,,,,,
"2,669",SHEDHI AT KHEDA,CPCB,24,Gujarat,450,Kheda,MATAR,-,-,-,-,-,-,-,-,22.739321,72.679059,02-11-2019 08:30,,,,,,3.8,,,,,,,,7.4,,,,,,,,,,,,,,,,,,,
"2,670",SHEDHI AT KHEDA,CPCB,24,Gujarat,450,Kheda,MATAR,-,-,-,-,-,-,-,-,22.739321,72.679059,04-12-2019 08:30,,,,,,3.3,,,,,,,,7.9,,,,,,,,,,,,,,,,,,,
"2,671",SHEDHI AT KHEDA,CPCB,24,Gujarat,450,Kheda,MATAR,-,-,-,-,-,-,-,-,22.739321,72.679059,03-01-2020 08:30,0.56,,,,,4.1,,,,,,,,7.9,,,,,,,,,,,,,0.5,,,,1.73,,
"2,672",SHEDHI AT KHEDA,CPCB,24,Gujarat,450,Kheda,MATAR,-,-,-,-,-,-,-,-,22.739321,72.679059,04-02-2020 08:30,2.8,,,,,5.6,,,,,,,,7.7,,,Turbid Green,,Turbid Green,,Turbid Green,,Turbid Green,,,Turbid Green,0.48,,Turbid Green,,6.18,,
"2,673",SHEDHI AT KHEDA,CPCB,24,Gujarat,450,Kheda,MATAR,-,-,-,-,-,-,-,-,22.739321,72.679059,06-03-2020 08:30,0.56,,,,,4.7,,,,,,,,7.6,,,Light Green,,Light Green,,Light Green,,Light Green,,,Light Green,0.06,,Light Green,,3.19,,
"2,674",SHEDHI AT KHEDA,CPCB,24,Gujarat,450,Kheda,MATAR,-,-,-,-,-,-,-,-,22.739321,72.679059,07-04-2020 08:30,0.28,,,,,6.1,,,,,,,,8.1,,,Light Green,,Light Green,,0.13,,Light Green,,,Light Green,0.5,,Light Green,,2.65,,
"2,675",SHEDHI AT KHEDA,CPCB,24,Gujarat,450,Kheda,MATAR,-,-,-,-,-,-,-,-,22.739321,72.679059,06-05-2020 08:30,0.56,,,,,4.9,,,,,,,,7.5,,,Light Green,,Light Green,,Light Green,,Light Green,,,Light Green,0.58,,Light Green,,8.27,,
"2,676",SHEDHI AT KHEDA,CPCB,24,Gujarat,450,Kheda,MATAR,-,-,-,-,-,-,-,-,22.739321,72.679059,04-06-2020 08:30,3.92,,,,,3.1,,,,,,,,8.5,,,Clear,,Clear,,Clear,,Clear,,,Clear,0.56,,Clear,,9.66,,
"2,677",SHEDHI AT KHEDA,CPCB,24,Gujarat,450,Kheda,MATAR,-,-,-,-,-,-,-,-,22.739321,72.679059,03-07-2020 08:30,2.17,,,,,2.3,,,,,,,,7.9,,,Other,,Other,,Other,,Other,,,Other,0.15,,Other,,7.11,,
"2,678",SHEDHI AT KHEDA,CPCB,24,Gujarat,450,Kheda,MATAR,-,-,-,-,-,-,-,-,22.739321,72.679059,06-08-2020 08:30,1.9,,,,,4.3,,,,,,,,8,,,Other,,Other,,Other,,Other,,,Other,0.73,,Other,,1.02,,
"2,679",SHEDHI AT KHEDA,CPCB,24,Gujarat,450,Kheda,MATAR,-,-,-,-,-,-,-,-,22.739321,72.679059,01-09-2020 08:30,0.73,,,,,5.3,,,,,,,,7.5,,,Other,,Other,,Other,,Other,,,Other,0.12,,Other,,1.21,,
"2,680",SHEDHI AT KHEDA,CPCB,24,Gujarat,450,Kheda,MATAR,-,-,-,-,-,-,-,-,22.739321,72.679059,06-10-2020 08:30,Other,,,,,3.5,,,,,,,,7.93,,,Other,,Other,,0.356,,Other,,,Other,0.6,,Other,,1.54,,
"2,681",SHEDHI AT KHEDA,CPCB,24,Gujarat,450,Kheda,MATAR,-,-,-,-,-,-,-,-,22.739321,72.679059,02-11-2020 08:30,1.96,,,,,5.3,,,,,,,,7.5,,,Other,,Other,,Other,,Other,,,Other,0.25,,Other,,2.77,,
"2,682",SHEDHI AT KHEDA,CPCB,24,Gujarat,450,Kheda,MATAR,-,-,-,-,-,-,-,-,22.739321,72.679059,03-12-2020 08:30,3.98,,,,,4.2,,,,,,,,7.8,,,Clear,,Clear,,Clear,,Clear,,,Clear,0.66,,Clear,,3.92,,
"2,683",SURSAGAR LAKE AT BARODA,CPCB,24,Gujarat,461,Vadodara,VADODARA,-,-,-,-,-,-,-,-,22.300392,73.205078,06-01-2018 08:30,0.56,,,,,4.5,,,,,,,,7.44,,,,,,,,,,,,,,,,,,,
"2,684",SURSAGAR LAKE AT BARODA,CPCB,24,Gujarat,461,Vadodara,VADODARA,-,-,-,-,-,-,-,-,22.300392,73.205078,01-02-2018 08:30,1.12,,,,,3.4,,,,,,,,7.99,,,,,,,,,,,,,,,,,,,
"2,685",SURSAGAR LAKE AT BARODA,CPCB,24,Gujarat,461,Vadodara,VADODARA,-,-,-,-,-,-,-,-,22.300392,73.205078,06-03-2018 08:30,4.48,,,,,2.7,,,,,,,,7.31,,,,,,,,,,,,,,,,,,,
"2,686",SURSAGAR LAKE AT BARODA,CPCB,24,Gujarat,461,Vadodara,VADODARA,-,-,-,-,-,-,-,-,22.300392,73.205078,05-04-2018 08:30,3.9,,,,,3.7,,,,,,,,7.75,,,,,,,,,,,,,,,,,,,
"2,687",SURSAGAR LAKE AT BARODA,CPCB,24,Gujarat,461,Vadodara,VADODARA,-,-,-,-,-,-,-,-,22.300392,73.205078,05-05-2018 08:30,1.12,,,,,3.8,,,,,,,,7.32,,,,,,,,,,,,,,,,,,,
"2,688",SURSAGAR LAKE AT BARODA,CPCB,24,Gujarat,461,Vadodara,VADODARA,-,-,-,-,-,-,-,-,22.300392,73.205078,01-06-2018 08:30,0.56,,,,,3.8,,,,,,,,7.59,,,,,,,,,,,,,,,,,,,
"2,689",SURSAGAR LAKE AT BARODA,CPCB,24,Gujarat,461,Vadodara,VADODARA,-,-,-,-,-,-,-,-,22.300392,73.205078,03-07-2018 08:30,0.56,,,,,3.9,,,,,,,,7.6,,,,,,,,,,,,,,,,,,,
"2,690",SURSAGAR LAKE AT BARODA,CPCB,24,Gujarat,461,Vadodara,VADODARA,-,-,-,-,-,-,-,-,22.300392,73.205078,04-08-2018 08:30,0.56,,,,,4.8,,,,,,,,7.47,,,,,,,,,,,,,,,,,,,
"2,691",SURSAGAR LAKE AT BARODA,CPCB,24,Gujarat,461,Vadodara,VADODARA,-,-,-,-,-,-,-,-,22.300392,73.205078,07-09-2018 08:30,1.12,,,,,5.5,,,,,,,,7.93,,,,,,,,,,,,,,,,,,,
"2,692",SURSAGAR LAKE AT BARODA,CPCB,24,Gujarat,461,Vadodara,VADODARA,-,-,-,-,-,-,-,-,22.300392,73.205078,01-10-2018 08:30,0.4,,,,,3.7,,,,,,,,7.86,,,,,,,,,,,,,,,,,,,
"2,693",SURSAGAR LAKE AT BARODA,CPCB,24,Gujarat,461,Vadodara,VADODARA,-,-,-,-,-,-,-,-,22.300392,73.205078,05-11-2018 08:30,3.38,,,,,5.8,,,,,,,,8.38,,,,,,,,,,,,,,,,,,,
"2,694",SURSAGAR LAKE AT BARODA,CPCB,24,Gujarat,461,Vadodara,VADODARA,-,-,-,-,-,-,-,-,22.300392,73.205078,04-12-2018 08:30,2.24,,,,,3.7,,,,,,,,8,,,,,,,,,,,,,,,,,,,
"2,695",SURSAGAR LAKE AT BARODA,CPCB,24,Gujarat,461,Vadodara,VADODARA,-,-,-,-,-,-,-,-,22.300392,73.205078,07-01-2019 08:30,2.2,,,,,3.8,,,,,,,,8.3,,,,,,,,,,,,,,,,,,,
"2,696",SURSAGAR LAKE AT BARODA,CPCB,24,Gujarat,461,Vadodara,VADODARA,-,-,-,-,-,-,-,-,22.300392,73.205078,14-02-2019 08:30,,,,,,4.8,,,,,,,,8.4,,,,,,,,,,,,,,,,,,,
"2,697",SURSAGAR LAKE AT BARODA,CPCB,24,Gujarat,461,Vadodara,VADODARA,-,-,-,-,-,-,-,-,22.300392,73.205078,02-03-2019 08:30,0.6,,,,,4.3,,,,,,,,7.7,,,,,,,,,,,,,,,,,,,
"2,698",SURSAGAR LAKE AT BARODA,CPCB,24,Gujarat,461,Vadodara,VADODARA,-,-,-,-,-,-,-,-,22.300392,73.205078,03-04-2019 08:30,0.6,,,,,4.3,,,,,,,,8,,,,,,,,,,,,,,,,,,,
"2,699",SURSAGAR LAKE AT BARODA,CPCB,24,Gujarat,461,Vadodara,VADODARA,-,-,-,-,-,-,-,-,22.300392,73.205078,06-05-2019 08:30,0.6,,,,,3.9,,,,,,,,8,,,,,,,,,,,,,,,,,,,
"2,700",SURSAGAR LAKE AT BARODA,CPCB,24,Gujarat,461,Vadodara,VADODARA,-,-,-,-,-,-,-,-,22.300392,73.205078,07-06-2019 08:30,1.1,,,,,,,,,,,,,7.6,,,,,,,,,,,,,,,,,,,
"2,701",SURSAGAR LAKE AT BARODA,CPCB,24,Gujarat,461,Vadodara,VADODARA,-,-,-,-,-,-,-,-,22.300392,73.205078,01-07-2019 08:30,1.1,,,,,2.7,,,,,,,,7.2,,,,,,,,,,,,,,,,,,,
"2,702",SURSAGAR LAKE AT BARODA,CPCB,24,Gujarat,461,Vadodara,VADODARA,-,-,-,-,-,-,-,-,22.300392,73.205078,06-08-2019 08:30,0.6,,,,,3.7,,,,,,,,7.5,,,,,,,,,,,,,,,,,,,
"2,703",SURSAGAR LAKE AT BARODA,CPCB,24,Gujarat,461,Vadodara,VADODARA,-,-,-,-,-,-,-,-,22.300392,73.205078,04-09-2019 08:30,0.6,,,,,3.9,,,,,,,,7.3,,,,,,,,,,,,,,,,,,,
"2,704",SURSAGAR LAKE AT BARODA,CPCB,24,Gujarat,461,Vadodara,VADODARA,-,-,-,-,-,-,-,-,22.300392,73.205078,01-10-2019 08:30,0.6,,,,,4.3,,,,,,,,7.7,,,,,,,,,,,,,,,,,,,
"2,705",SURSAGAR LAKE AT BARODA,CPCB,24,Gujarat,461,Vadodara,VADODARA,-,-,-,-,-,-,-,-,22.300392,73.205078,01-11-2019 08:30,0.6,,,,,3.7,,,,,,,,8.1,,,,,,,,,,,,,,,,,,,
"2,706",SURSAGAR LAKE AT BARODA,CPCB,24,Gujarat,461,Vadodara,VADODARA,-,-,-,-,-,-,-,-,22.300392,73.205078,03-12-2019 08:30,0.6,,,,,4.1,,,,,,,,8.5,,,,,,,,,,,,,,,,,,,
"2,707",SURSAGAR LAKE AT BARODA,CPCB,24,Gujarat,461,Vadodara,VADODARA,-,-,-,-,-,-,-,-,22.300392,73.205078,04-01-2020 08:30,11.76,,,,,3.9,,,,,,,,8,,,,,,,,,,,,,0.68,,,,,,
"2,708",SURSAGAR LAKE AT BARODA,CPCB,24,Gujarat,461,Vadodara,VADODARA,-,-,-,-,-,-,-,-,22.300392,73.205078,01-02-2020 08:30,0.56,,,,,4.2,,,,,,,,8.2,,,Clear,,Clear,,Clear,,Clear,,,Clear,0.36,,Clear,,Clear,,
"2,709",SURSAGAR LAKE AT BARODA,CPCB,24,Gujarat,461,Vadodara,VADODARA,-,-,-,-,-,-,-,-,22.300392,73.205078,05-03-2020 08:30,0.56,,,,,4.5,,,,,,,,7.8,,,Other,,Other,,Other,,Other,,,Other,0.48,,Other,,Other,,
"2,710",SURSAGAR LAKE AT BARODA,CPCB,24,Gujarat,461,Vadodara,VADODARA,-,-,-,-,-,-,-,-,22.300392,73.205078,03-04-2020 08:30,0.56,,,,,3.4,,,,,,,,8.1,,,Other,,Other,,0.08,,Other,,,Other,0.36,,Other,,Other,,
"2,711",SURSAGAR LAKE AT BARODA,CPCB,24,Gujarat,461,Vadodara,VADODARA,-,-,-,-,-,-,-,-,22.300392,73.205078,01-05-2020 08:30,0.56,,,,,4.1,,,,,,,,7.7,,,Clear,,Clear,,Clear,,Clear,,,Clear,0.36,,Clear,,Clear,,
"2,712",SURSAGAR LAKE AT BARODA,CPCB,24,Gujarat,461,Vadodara,VADODARA,-,-,-,-,-,-,-,-,22.300392,73.205078,03-06-2020 08:30,0.56,,,,,3.4,,,,,,,,8.3,,,Clear,,Clear,,Clear,,Clear,,,Clear,0.38,,Clear,,Clear,,
"2,713",SURSAGAR LAKE AT BARODA,CPCB,24,Gujarat,461,Vadodara,VADODARA,-,-,-,-,-,-,-,-,22.300392,73.205078,04-07-2020 08:30,Clear,,,,,4.3,,,,,,,,8,,,Clear,,Clear,,Clear,,Clear,,,Clear,0.04,,Clear,,Clear,,
"2,714",SURSAGAR LAKE AT BARODA,CPCB,24,Gujarat,461,Vadodara,VADODARA,-,-,-,-,-,-,-,-,22.300392,73.205078,07-08-2020 08:30,Clear,,,,,4.4,,,,,,,,8.3,,,Clear,,Clear,,Clear,,Clear,,,Clear,0.15,,Clear,,Clear,,
"2,715",SURSAGAR LAKE AT BARODA,CPCB,24,Gujarat,461,Vadodara,VADODARA,-,-,-,-,-,-,-,-,22.300392,73.205078,02-09-2020 08:30,Clear,,,,,4,,,,,,,,8.1,,,Clear,,Clear,,Clear,,Clear,,,Clear,0.28,,Clear,,Clear,,
"2,716",SURSAGAR LAKE AT BARODA,CPCB,24,Gujarat,461,Vadodara,VADODARA,-,-,-,-,-,-,-,-,22.300392,73.205078,06-10-2020 08:30,Clear,,,,,6,,,,,,,,8.2,,,Clear,,Clear,,Clear,,Clear,,,Clear,0.47,,Clear,,Clear,,
"2,717",SURSAGAR LAKE AT BARODA,CPCB,24,Gujarat,461,Vadodara,VADODARA,-,-,-,-,-,-,-,-,22.300392,73.205078,05-11-2020 08:30,Clear,,,,,6.1,,,,,,,,7.3,,,Clear,,Clear,,Clear,,Clear,,,Clear,0.22,,Clear,,Clear,,
"2,718",SURSAGAR LAKE AT BARODA,CPCB,24,Gujarat,461,Vadodara,VADODARA,-,-,-,-,-,-,-,-,22.300392,73.205078,04-12-2020 08:30,0.4,,,,,2.8,,,,,,,,8.4,,,Clear,,Clear,,Clear,,Clear,,,Clear,Clear,,Clear,,Clear,,
"2,719",TAPI AT KATHORE (NH-8 BRIDGE),CPCB,24,Gujarat,459,Surat,KAMREJ,-,-,-,-,-,-,-,-,21.284075,72.952236,04-01-2018 08:30,,,,,,7.1,,,,,,,,7.6,,,,,,,,,,,,,,,,,,,
"2,720",TAPI AT KATHORE (NH-8 BRIDGE),CPCB,24,Gujarat,459,Surat,KAMREJ,-,-,-,-,-,-,-,-,21.284075,72.952236,03-02-2018 08:30,,,,,,7.4,,,,,,,,8.31,,,,,,,,,,,,,,,,,,,
"2,721",TAPI AT KATHORE (NH-8 BRIDGE),CPCB,24,Gujarat,459,Surat,KAMREJ,-,-,-,-,-,-,-,-,21.284075,72.952236,01-03-2018 08:30,,,,,,7.3,,,,,,,,7.56,,,,,,,,,,,,,,,,,,,
"2,722",TAPI AT KATHORE (NH-8 BRIDGE),CPCB,24,Gujarat,459,Surat,KAMREJ,-,-,-,-,-,-,-,-,21.284075,72.952236,02-04-2018 08:30,,,,,,7.3,,,,,,,,7.73,,,,,,,,,,,,,,,,,,,
"2,723",TAPI AT KATHORE (NH-8 BRIDGE),CPCB,24,Gujarat,459,Surat,KAMREJ,-,-,-,-,-,-,-,-,21.284075,72.952236,01-05-2018 08:30,,,,,,7.2,,,,,,,,7.15,,,,,,,,,,,,,,,,,,,
"2,724",TAPI AT KATHORE (NH-8 BRIDGE),CPCB,24,Gujarat,459,Surat,KAMREJ,-,-,-,-,-,-,-,-,21.284075,72.952236,01-06-2018 08:30,,,,,,7.3,,,,,,,,8.47,,,,,,,,,,,,,,,,,,,
"2,725",TAPI AT KATHORE (NH-8 BRIDGE),CPCB,24,Gujarat,459,Surat,KAMREJ,-,-,-,-,-,-,-,-,21.284075,72.952236,05-07-2018 08:30,,,,,,7.4,,,,,,,,7.4,,,,,,,,,,,,,,,,,,,
"2,726",TAPI AT KATHORE (NH-8 BRIDGE),CPCB,24,Gujarat,459,Surat,KAMREJ,-,-,-,-,-,-,-,-,21.284075,72.952236,03-08-2018 08:30,,,,,,7.4,,,,,,,,7.26,,,,,,,,,,,,,,,,,,,
"2,727",TAPI AT KATHORE (NH-8 BRIDGE),CPCB,24,Gujarat,459,Surat,KAMREJ,-,-,-,-,-,-,-,-,21.284075,72.952236,01-09-2018 08:30,,,,,,7.1,,,,,,,,7.07,,,,,,,,,,,,,,,,,,,
"2,728",TAPI AT KATHORE (NH-8 BRIDGE),CPCB,24,Gujarat,459,Surat,KAMREJ,-,-,-,-,-,-,-,-,21.284075,72.952236,01-10-2018 08:30,,,,,,6.9,,,,,,,,8.24,,,,,,,,,,,,,,,,,,,
"2,729",TAPI AT KATHORE (NH-8 BRIDGE),CPCB,24,Gujarat,459,Surat,KAMREJ,-,-,-,-,-,-,-,-,21.284075,72.952236,01-11-2018 08:30,,,,,,7.3,,,,,,,,7.47,,,,,,,,,,,,,,,,,,,
"2,730",TAPI AT KATHORE (NH-8 BRIDGE),CPCB,24,Gujarat,459,Surat,KAMREJ,-,-,-,-,-,-,-,-,21.284075,72.952236,03-12-2018 08:30,,,,,,7.2,,,,,,,,8.1,,,,,,,,,,,,,,,,,,,
"2,731",TAPI AT KATHORE (NH-8 BRIDGE),CPCB,24,Gujarat,459,Surat,KAMREJ,-,-,-,-,-,-,-,-,21.284075,72.952236,07-01-2019 08:30,,,,,,7.2,,,,,,,,7.3,,,,,,,,,,,,,,,,,,,
"2,732",TAPI AT KATHORE (NH-8 BRIDGE),CPCB,24,Gujarat,459,Surat,KAMREJ,-,-,-,-,-,-,-,-,21.284075,72.952236,02-02-2019 08:30,,,,,,7.2,,,,,,,,7.8,,,,,,,,,,,,,,,,,,,
"2,733",TAPI AT KATHORE (NH-8 BRIDGE),CPCB,24,Gujarat,459,Surat,KAMREJ,-,-,-,-,-,-,-,-,21.284075,72.952236,06-03-2019 08:30,,,,,,7.3,,,,,,,,7.6,,,,,,,,,,,,,,,,,,,
"2,734",TAPI AT KATHORE (NH-8 BRIDGE),CPCB,24,Gujarat,459,Surat,KAMREJ,-,-,-,-,-,-,-,-,21.284075,72.952236,04-04-2019 08:30,,,,,,6.7,,,,,,,,7.8,,,,,,,,,,,,,,,,,,,
"2,735",TAPI AT KATHORE (NH-8 BRIDGE),CPCB,24,Gujarat,459,Surat,KAMREJ,-,-,-,-,-,-,-,-,21.284075,72.952236,01-05-2019 08:30,,,,,,6.5,,,,,,,,7.3,,,,,,,,,,,,,,,,,,,
"2,736",TAPI AT KATHORE (NH-8 BRIDGE),CPCB,24,Gujarat,459,Surat,KAMREJ,-,-,-,-,-,-,-,-,21.284075,72.952236,04-06-2019 08:30,,,,,,6.2,,,,,,,,7.9,,,,,,,,,,,,,,,,,,,
"2,737",TAPI AT KATHORE (NH-8 BRIDGE),CPCB,24,Gujarat,459,Surat,KAMREJ,-,-,-,-,-,-,-,-,21.284075,72.952236,04-07-2019 08:30,,,,,,7.2,,,,,,,,7.6,,,,,,,,,,,,,,,,,,,
"2,738",TAPI AT KATHORE (NH-8 BRIDGE),CPCB,24,Gujarat,459,Surat,KAMREJ,-,-,-,-,-,-,-,-,21.284075,72.952236,03-08-2019 08:30,,,,,,7.4,,,,,,,,7.6,,,,,,,,,,,,,,,,,,,
"2,739",TAPI AT KATHORE (NH-8 BRIDGE),CPCB,24,Gujarat,459,Surat,KAMREJ,-,-,-,-,-,-,-,-,21.284075,72.952236,03-09-2019 08:30,,,,,,7.3,,,,,,,,8,,,,,,,,,,,,,,,,,,,
"2,740",TAPI AT KATHORE (NH-8 BRIDGE),CPCB,24,Gujarat,459,Surat,KAMREJ,-,-,-,-,-,-,-,-,21.284075,72.952236,01-10-2019 08:30,,,,,,7.2,,,,,,,,7.6,,,,,,,,,,,,,,,,,,,
"2,741",TAPI AT KATHORE (NH-8 BRIDGE),CPCB,24,Gujarat,459,Surat,KAMREJ,-,-,-,-,-,-,-,-,21.284075,72.952236,07-11-2019 08:30,,,,,,7.2,,,,,,,,7.3,,,,,,,,,,,,,,,,,,,
"2,742",TAPI AT KATHORE (NH-8 BRIDGE),CPCB,24,Gujarat,459,Surat,KAMREJ,-,-,-,-,-,-,-,-,21.284075,72.952236,04-12-2019 08:30,,,,,,7.2,,,,,,,,7.5,,,,,,,,,,,,,,,,,,,
"2,743",TAPI AT KATHORE (NH-8 BRIDGE),CPCB,24,Gujarat,459,Surat,KAMREJ,-,-,-,-,-,-,-,-,21.284075,72.952236,02-01-2020 08:30,0.56,,,,,7.21,,,,,,,,7.92,,,,,,,,,,,,,0.19,,,,,,
"2,744",TAPI AT KATHORE (NH-8 BRIDGE),CPCB,24,Gujarat,459,Surat,KAMREJ,-,-,-,-,-,-,-,-,21.284075,72.952236,03-02-2020 08:30,0.84,,,,,7.2,,,,,,,,7.8,,,Clear,,Clear,,Clear,,Clear,,,Clear,0.19,,Clear,,Clear,,
"2,745",TAPI AT KATHORE (NH-8 BRIDGE),CPCB,24,Gujarat,459,Surat,KAMREJ,-,-,-,-,-,-,-,-,21.284075,72.952236,04-03-2020 08:30,0.56,,,,,7.2,,,,,,,,7.3,,,Clear,,Clear,,Clear,,Clear,,,Clear,0.03,,Clear,,Clear,,
"2,746",TAPI AT KATHORE (NH-8 BRIDGE),CPCB,24,Gujarat,459,Surat,KAMREJ,-,-,-,-,-,-,-,-,21.284075,72.952236,07-04-2020 08:30,0.84,,,,,7.2,,,,,,,,7.1,,,Clear,,Clear,,Clear,,Clear,,,Clear,0.02,,Clear,,Clear,,
"2,747",TAPI AT KATHORE (NH-8 BRIDGE),CPCB,24,Gujarat,459,Surat,KAMREJ,-,-,-,-,-,-,-,-,21.284075,72.952236,06-05-2020 08:30,0.56,,,,,7,,,,,,,,7,,,Clear,,Clear,,Clear,,Clear,,,Clear,0.06,,Clear,,Clear,,
"2,748",TAPI AT KATHORE (NH-8 BRIDGE),CPCB,24,Gujarat,459,Surat,KAMREJ,-,-,-,-,-,-,-,-,21.284075,72.952236,04-06-2020 08:30,0.28,,,,,7,,,,,,,,7.1,,,Clear,,Clear,,Clear,,Clear,,,Clear,0.06,,Clear,,Clear,,
"2,749",TAPI AT KATHORE (NH-8 BRIDGE),CPCB,24,Gujarat,459,Surat,KAMREJ,-,-,-,-,-,-,-,-,21.284075,72.952236,04-07-2020 08:30,0.56,,,,,7,,,,,,,,7.4,,,Clear,,Clear,,Clear,,Clear,,,Clear,0.02,,Clear,,Clear,,
"2,750",TAPI AT KATHORE (NH-8 BRIDGE),CPCB,24,Gujarat,459,Surat,KAMREJ,-,-,-,-,-,-,-,-,21.284075,72.952236,06-08-2020 08:30,0.28,,,,,7.4,,,,,,,,8,,,Clear,,Clear,,Clear,,Clear,,,Clear,0.04,,Clear,,Clear,,
"2,751",TAPI AT KATHORE (NH-8 BRIDGE),CPCB,24,Gujarat,459,Surat,KAMREJ,-,-,-,-,-,-,-,-,21.284075,72.952236,01-09-2020 08:30,0.28,,,,,7.4,,,,,,,,7.2,,,Clear,,Clear,,Clear,,Clear,,,Clear,0.04,,Clear,,Clear,,
"2,752",TAPI AT KATHORE (NH-8 BRIDGE),CPCB,24,Gujarat,459,Surat,KAMREJ,-,-,-,-,-,-,-,-,21.284075,72.952236,01-10-2020 08:30,0.28,,,,,7.6,,,,,,,,7.1,,,Clear,,Clear,,Clear,,Clear,,,Clear,0.07,,Clear,,Clear,,
"2,753",TAPI AT KATHORE (NH-8 BRIDGE),CPCB,24,Gujarat,459,Surat,KAMREJ,-,-,-,-,-,-,-,-,21.284075,72.952236,02-11-2020 08:30,0.28,,,,,7.4,,,,,,,,7.1,,,Clear,,Clear,,Clear,,Clear,,,Clear,0.17,,Clear,,Clear,,
"2,754",TAPI AT KATHORE (NH-8 BRIDGE),CPCB,24,Gujarat,459,Surat,KAMREJ,-,-,-,-,-,-,-,-,21.284075,72.952236,01-12-2020 08:30,0.28,,,,,7.2,,,,,,,,7.7,,,Clear,,Clear,,Clear,,Clear,,,Clear,0.11,,Clear,,Clear,,
"2,755",TAPI AT MANDAVI,CPCB,24,Gujarat,459,Surat,Mandvi,-,-,-,-,-,-,-,-,21.247908,73.301033,03-01-2018 08:30,,,,,,7.4,,,,,,,,7.73,,,,,,,,,,,,,,,,,,,
"2,756",TAPI AT MANDAVI,CPCB,24,Gujarat,459,Surat,Mandvi,-,-,-,-,-,-,-,-,21.247908,73.301033,01-02-2018 08:30,,,,,,7.5,,,,,,,,8.01,,,,,,,,,,,,,,,,,,,
"2,757",TAPI AT MANDAVI,CPCB,24,Gujarat,459,Surat,Mandvi,-,-,-,-,-,-,-,-,21.247908,73.301033,05-03-2018 08:30,,,,,,7.4,,,,,,,,7.6,,,,,,,,,,,,,,,,,,,
"2,758",TAPI AT MANDAVI,CPCB,24,Gujarat,459,Surat,Mandvi,-,-,-,-,-,-,-,-,21.247908,73.301033,03-04-2018 08:30,,,,,,7.4,,,,,,,,7.47,,,,,,,,,,,,,,,,,,,
"2,759",TAPI AT MANDAVI,CPCB,24,Gujarat,459,Surat,Mandvi,-,-,-,-,-,-,-,-,21.247908,73.301033,02-05-2018 08:30,,,,,,7.2,,,,,,,,7.91,,,,,,,,,,,,,,,,,,,
"2,760",TAPI AT MANDAVI,CPCB,24,Gujarat,459,Surat,Mandvi,-,-,-,-,-,-,-,-,21.247908,73.301033,02-06-2018 08:30,,,,,,7.5,,,,,,,,8.16,,,,,,,,,,,,,,,,,,,
"2,761",TAPI AT MANDAVI,CPCB,24,Gujarat,459,Surat,Mandvi,-,-,-,-,-,-,-,-,21.247908,73.301033,04-07-2018 08:30,,,,,,7.6,,,,,,,,7.72,,,,,,,,,,,,,,,,,,,
"2,762",TAPI AT MANDAVI,CPCB,24,Gujarat,459,Surat,Mandvi,-,-,-,-,-,-,-,-,21.247908,73.301033,01-08-2018 08:30,,,,,,7.4,,,,,,,,7.96,,,,,,,,,,,,,,,,,,,
"2,763",TAPI AT MANDAVI,CPCB,24,Gujarat,459,Surat,Mandvi,-,-,-,-,-,-,-,-,21.247908,73.301033,06-09-2018 08:30,,,,,,7.1,,,,,,,,8.09,,,,,,,,,,,,,,,,,,,
"2,764",TAPI AT MANDAVI,CPCB,24,Gujarat,459,Surat,Mandvi,-,-,-,-,-,-,-,-,21.247908,73.301033,03-10-2018 08:30,,,,,,7.1,,,,,,,,8.09,,,,,,,,,,,,,,,,,,,
"2,765",TAPI AT MANDAVI,CPCB,24,Gujarat,459,Surat,Mandvi,-,-,-,-,-,-,-,-,21.247908,73.301033,02-11-2018 08:30,,,,,,7.3,,,,,,,,7.87,,,,,,,,,,,,,,,,,,,
"2,766",TAPI AT MANDAVI,CPCB,24,Gujarat,459,Surat,Mandvi,-,-,-,-,-,-,-,-,21.247908,73.301033,04-12-2018 08:30,,,,,,7.1,,,,,,,,8,,,,,,,,,,,,,,,,,,,
"2,767",TAPI AT MANDAVI,CPCB,24,Gujarat,459,Surat,Mandvi,-,-,-,-,-,-,-,-,21.247908,73.301033,02-01-2019 08:30,,,,,,7.1,,,,,,,,7.7,,,,,,,,,,,,,,,,,,,
"2,768",TAPI AT MANDAVI,CPCB,24,Gujarat,459,Surat,Mandvi,-,-,-,-,-,-,-,-,21.247908,73.301033,04-02-2019 08:30,,,,,,7.4,,,,,,,,7.9,,,,,,,,,,,,,,,,,,,
"2,769",TAPI AT MANDAVI,CPCB,24,Gujarat,459,Surat,Mandvi,-,-,-,-,-,-,-,-,21.247908,73.301033,02-03-2019 08:30,,,,,,7.3,,,,,,,,7.8,,,,,,,,,,,,,,,,,,,
"2,770",TAPI AT MANDAVI,CPCB,24,Gujarat,459,Surat,Mandvi,-,-,-,-,-,-,-,-,21.247908,73.301033,02-04-2019 08:30,,,,,,6.9,,,,,,,,7.9,,,,,,,,,,,,,,,,,,,
"2,771",TAPI AT MANDAVI,CPCB,24,Gujarat,459,Surat,Mandvi,-,-,-,-,-,-,-,-,21.247908,73.301033,02-05-2019 08:30,,,,,,6.3,,,,,,,,7.9,,,,,,,,,,,,,,,,,,,
"2,772",TAPI AT MANDAVI,CPCB,24,Gujarat,459,Surat,Mandvi,-,-,-,-,-,-,-,-,21.247908,73.301033,04-06-2019 08:30,,,,,,6,,,,,,,,7.7,,,,,,,,,,,,,,,,,,,
"2,773",TAPI AT MANDAVI,CPCB,24,Gujarat,459,Surat,Mandvi,-,-,-,-,-,-,-,-,21.247908,73.301033,03-07-2019 08:30,,,,,,7.2,,,,,,,,7.7,,,,,,,,,,,,,,,,,,,
"2,774",TAPI AT MANDAVI,CPCB,24,Gujarat,459,Surat,Mandvi,-,-,-,-,-,-,-,-,21.247908,73.301033,01-08-2019 08:30,,,,,,7.3,,,,,,,,7,,,,,,,,,,,,,,,,,,,
"2,775",TAPI AT MANDAVI,CPCB,24,Gujarat,459,Surat,Mandvi,-,-,-,-,-,-,-,-,21.247908,73.301033,04-09-2019 08:30,,,,,,7.3,,,,,,,,7.6,,,,,,,,,,,,,,,,,,,
"2,776",TAPI AT MANDAVI,CPCB,24,Gujarat,459,Surat,Mandvi,-,-,-,-,-,-,-,-,21.247908,73.301033,03-10-2019 08:30,,,,,,7.2,,,,,,,,7.6,,,,,,,,,,,,,,,,,,,
"2,777",TAPI AT MANDAVI,CPCB,24,Gujarat,459,Surat,Mandvi,-,-,-,-,-,-,-,-,21.247908,73.301033,06-11-2019 08:30,,,,,,7.3,,,,,,,,7.9,,,,,,,,,,,,,,,,,,,
"2,778",TAPI AT MANDAVI,CPCB,24,Gujarat,459,Surat,Mandvi,-,-,-,-,-,-,-,-,21.247908,73.301033,03-12-2019 08:30,,,,,,7.1,,,,,,,,8.2,,,,,,,,,,,,,,,,,,,
"2,779",TAPI AT MANDAVI,CPCB,24,Gujarat,459,Surat,Mandvi,-,-,-,-,-,-,-,-,21.247908,73.301033,01-01-2020 08:30,0.28,,,,,7.3,,,,,,,,7.9,,,,,,,,,,,,,0.19,,,,,,
"2,780",TAPI AT MANDAVI,CPCB,24,Gujarat,459,Surat,Mandvi,-,-,-,-,-,-,-,-,21.247908,73.301033,06-02-2020 08:30,0.56,,,,,7,,,,,,,,7.1,,,Clear,,Clear,,Clear,,Clear,,,Clear,0.04,,Clear,,Clear,,
"2,781",TAPI AT MANDAVI,CPCB,24,Gujarat,459,Surat,Mandvi,-,-,-,-,-,-,-,-,21.247908,73.301033,03-03-2020 08:30,0.84,,,,,7,,,,,,,,7.2,,,Clear,,Clear,,Clear,,Clear,,,Clear,0.05,,Clear,,Clear,,
"2,782",TAPI AT MANDAVI,CPCB,24,Gujarat,459,Surat,Mandvi,-,-,-,-,-,-,-,-,21.247908,73.301033,06-04-2020 08:30,0.56,,,,,7,,,,,,,,7.1,,,Clear,,Clear,,Clear,,Clear,,,Clear,0.04,,Clear,,Clear,,
"2,783",TAPI AT MANDAVI,CPCB,24,Gujarat,459,Surat,Mandvi,-,-,-,-,-,-,-,-,21.247908,73.301033,05-05-2020 08:30,0.56,,,,,7,,,,,,,,7,,,Clear,,Clear,,Clear,,Clear,,,Clear,0.04,,Clear,,Clear,,
"2,784",TAPI AT MANDAVI,CPCB,24,Gujarat,459,Surat,Mandvi,-,-,-,-,-,-,-,-,21.247908,73.301033,03-06-2020 08:30,0.28,,,,,7,,,,,,,,7,,,Clear,,Clear,,Clear,,Clear,,,Clear,0.07,,Clear,,Clear,,
"2,785",TAPI AT MANDAVI,CPCB,24,Gujarat,459,Surat,Mandvi,-,-,-,-,-,-,-,-,21.247908,73.301033,03-07-2020 08:30,0.56,,,,,7,,,,,,,,7,,,Clear,,Clear,,Clear,,Clear,,,Clear,0.04,,Clear,,Clear,,
"2,786",TAPI AT MANDAVI,CPCB,24,Gujarat,459,Surat,Mandvi,-,-,-,-,-,-,-,-,21.247908,73.301033,05-08-2020 08:30,0.56,,,,,7.6,,,,,,,,8.3,,,Clear,,Clear,,Clear,,Clear,,,Clear,0.06,,Clear,,Clear,,
"2,787",TAPI AT MANDAVI,CPCB,24,Gujarat,459,Surat,Mandvi,-,-,-,-,-,-,-,-,21.247908,73.301033,02-09-2020 08:30,0.56,,,,,7.4,,,,,,,,7.7,,,Clear,,Clear,,Clear,,Clear,,,Clear,0.05,,Clear,,Clear,,
"2,788",TAPI AT MANDAVI,CPCB,24,Gujarat,459,Surat,Mandvi,-,-,-,-,-,-,-,-,21.247908,73.301033,01-10-2020 08:30,0.56,,,,,7.4,,,,,,,,7,,,Clear,,Clear,,0.07,,Clear,,,Clear,0.08,,Clear,,Clear,,
"2,789",TAPI AT MANDAVI,CPCB,24,Gujarat,459,Surat,Mandvi,-,-,-,-,-,-,-,-,21.247908,73.301033,02-11-2020 08:30,0.28,,,,,7.4,,,,,,,,7.9,,,Clear,,Clear,,Clear,,Clear,,,Clear,0.04,,Clear,,Clear,,
"2,790",TAPI AT MANDAVI,CPCB,24,Gujarat,459,Surat,Mandvi,-,-,-,-,-,-,-,-,21.247908,73.301033,01-12-2020 08:30,0.28,,,,,7.3,,,,,,,,8,,,Clear,,Clear,,Clear,,Clear,,,Clear,0.05,,Clear,,Clear,,
"2,791",TAPI AT RANDER BRIDGE SURAT,CPCB,24,Gujarat,459,Surat,SURAT CITY,-,-,-,-,-,-,-,-,21.194545,72.811552,04-01-2018 08:30,,,,,,7.3,,,,,,,,7.66,,,,,,,,,,,,,,,,,,,
"2,792",TAPI AT RANDER BRIDGE SURAT,CPCB,24,Gujarat,459,Surat,SURAT CITY,-,-,-,-,-,-,-,-,21.194545,72.811552,03-02-2018 08:30,,,,,,7.4,,,,,,,,7.89,,,,,,,,,,,,,,,,,,,
"2,793",TAPI AT RANDER BRIDGE SURAT,CPCB,24,Gujarat,459,Surat,SURAT CITY,-,-,-,-,-,-,-,-,21.194545,72.811552,01-03-2018 08:30,,,,,,7.5,,,,,,,,7.34,,,,,,,,,,,,,,,,,,,
"2,794",TAPI AT RANDER BRIDGE SURAT,CPCB,24,Gujarat,459,Surat,SURAT CITY,-,-,-,-,-,-,-,-,21.194545,72.811552,02-04-2018 08:30,,,,,,7.3,,,,,,,,7.95,,,,,,,,,,,,,,,,,,,
"2,795",TAPI AT RANDER BRIDGE SURAT,CPCB,24,Gujarat,459,Surat,SURAT CITY,-,-,-,-,-,-,-,-,21.194545,72.811552,01-05-2018 08:30,,,,,,7.3,,,,,,,,6.95,,,,,,,,,,,,,,,,,,,
"2,796",TAPI AT RANDER BRIDGE SURAT,CPCB,24,Gujarat,459,Surat,SURAT CITY,-,-,-,-,-,-,-,-,21.194545,72.811552,01-06-2018 08:30,,,,,,7.4,,,,,,,,8.33,,,,,,,,,,,,,,,,,,,
"2,797",TAPI AT RANDER BRIDGE SURAT,CPCB,24,Gujarat,459,Surat,SURAT CITY,-,-,-,-,-,-,-,-,21.194545,72.811552,05-07-2018 08:30,,,,,,7.5,,,,,,,,7.33,,,,,,,,,,,,,,,,,,,
"2,798",TAPI AT RANDER BRIDGE SURAT,CPCB,24,Gujarat,459,Surat,SURAT CITY,-,-,-,-,-,-,-,-,21.194545,72.811552,03-08-2018 08:30,,,,,,7.4,,,,,,,,7.43,,,,,,,,,,,,,,,,,,,
"2,799",TAPI AT RANDER BRIDGE SURAT,CPCB,24,Gujarat,459,Surat,SURAT CITY,-,-,-,-,-,-,-,-,21.194545,72.811552,01-09-2018 08:30,,,,,,7.2,,,,,,,,7.93,,,,,,,,,,,,,,,,,,,
"2,800",TAPI AT RANDER BRIDGE SURAT,CPCB,24,Gujarat,459,Surat,SURAT CITY,-,-,-,-,-,-,-,-,21.194545,72.811552,01-10-2018 08:30,,,,,,6.7,,,,,,,,7.75,,,,,,,,,,,,,,,,,,,
"2,801",TAPI AT RANDER BRIDGE SURAT,CPCB,24,Gujarat,459,Surat,SURAT CITY,-,-,-,-,-,-,-,-,21.194545,72.811552,01-11-2018 08:30,,,,,,7.1,,,,,,,,7.7,,,,,,,,,,,,,,,,,,,
"2,802",TAPI AT RANDER BRIDGE SURAT,CPCB,24,Gujarat,459,Surat,SURAT CITY,-,-,-,-,-,-,-,-,21.194545,72.811552,03-12-2018 08:30,,,,,,6.9,,,,,,,,8,,,,,,,,,,,,,,,,,,,
"2,803",TAPI AT RANDER BRIDGE SURAT,CPCB,24,Gujarat,459,Surat,SURAT CITY,-,-,-,-,-,-,-,-,21.194545,72.811552,07-01-2019 08:30,,,,,,7,,,,,,,,6.8,,,,,,,,,,,,,,,,,,,
"2,804",TAPI AT RANDER BRIDGE SURAT,CPCB,24,Gujarat,459,Surat,SURAT CITY,-,-,-,-,-,-,-,-,21.194545,72.811552,02-02-2019 08:30,,,,,,7.2,,,,,,,,8.4,,,,,,,,,,,,,,,,,,,
"2,805",TAPI AT RANDER BRIDGE SURAT,CPCB,24,Gujarat,459,Surat,SURAT CITY,-,-,-,-,-,-,-,-,21.194545,72.811552,06-03-2019 08:30,,,,,,7.1,,,,,,,,7.9,,,,,,,,,,,,,,,,,,,
"2,806",TAPI AT RANDER BRIDGE SURAT,CPCB,24,Gujarat,459,Surat,SURAT CITY,-,-,-,-,-,-,-,-,21.194545,72.811552,04-04-2019 08:30,,,,,,6.5,,,,,,,,7.6,,,,,,,,,,,,,,,,,,,
"2,807",TAPI AT RANDER BRIDGE SURAT,CPCB,24,Gujarat,459,Surat,SURAT CITY,-,-,-,-,-,-,-,-,21.194545,72.811552,01-05-2019 08:30,,,,,,6.6,,,,,,,,7.4,,,,,,,,,,,,,,,,,,,
"2,808",TAPI AT RANDER BRIDGE SURAT,CPCB,24,Gujarat,459,Surat,SURAT CITY,-,-,-,-,-,-,-,-,21.194545,72.811552,03-06-2019 08:30,,,,,,6.7,,,,,,,,7.1,,,,,,,,,,,,,,,,,,,
"2,809",TAPI AT RANDER BRIDGE SURAT,CPCB,24,Gujarat,459,Surat,SURAT CITY,-,-,-,-,-,-,-,-,21.194545,72.811552,04-07-2019 08:30,,,,,,7.1,,,,,,,,7.8,,,,,,,,,,,,,,,,,,,
"2,810",TAPI AT RANDER BRIDGE SURAT,CPCB,24,Gujarat,459,Surat,SURAT CITY,-,-,-,-,-,-,-,-,21.194545,72.811552,03-08-2019 08:30,,,,,,7.1,,,,,,,,7.3,,,,,,,,,,,,,,,,,,,
"2,811",TAPI AT RANDER BRIDGE SURAT,CPCB,24,Gujarat,459,Surat,SURAT CITY,-,-,-,-,-,-,-,-,21.194545,72.811552,03-09-2019 08:30,,,,,,7.1,,,,,,,,7.9,,,,,,,,,,,,,,,,,,,
"2,812",TAPI AT RANDER BRIDGE SURAT,CPCB,24,Gujarat,459,Surat,SURAT CITY,-,-,-,-,-,-,-,-,21.194545,72.811552,01-10-2019 08:30,,,,,,7.1,,,,,,,,7.7,,,,,,,,,,,,,,,,,,,
"2,813",TAPI AT RANDER BRIDGE SURAT,CPCB,24,Gujarat,459,Surat,SURAT CITY,-,-,-,-,-,-,-,-,21.194545,72.811552,07-11-2019 08:30,,,,,,7.2,,,,,,,,7.3,,,,,,,,,,,,,,,,,,,
"2,814",TAPI AT RANDER BRIDGE SURAT,CPCB,24,Gujarat,459,Surat,SURAT CITY,-,-,-,-,-,-,-,-,21.194545,72.811552,04-12-2019 08:30,,,,,,7.1,,,,,,,,7.6,,,,,,,,,,,,,,,,,,,
"2,815",TAPI AT RANDER BRIDGE SURAT,CPCB,24,Gujarat,459,Surat,SURAT CITY,-,-,-,-,-,-,-,-,21.194545,72.811552,02-01-2020 08:30,0.84,,,,,7,,,,,,,,7.9,,,,,,,,,,,,,0.27,,,,,,
"2,816",TAPI AT RANDER BRIDGE SURAT,CPCB,24,Gujarat,459,Surat,SURAT CITY,-,-,-,-,-,-,-,-,21.194545,72.811552,03-02-2020 08:30,0.56,,,,,7.1,,,,,,,,7.7,,,Clear,,Clear,,Clear,,Clear,,,Clear,0.09,,Clear,,Clear,,
"2,817",TAPI AT RANDER BRIDGE SURAT,CPCB,24,Gujarat,459,Surat,SURAT CITY,-,-,-,-,-,-,-,-,21.194545,72.811552,04-03-2020 08:30,0.84,,,,,7,,,,,,,,7.7,,,Clear,,Clear,,Clear,,Clear,,,Clear,0.04,,Clear,,Clear,,
"2,818",TAPI AT RANDER BRIDGE SURAT,CPCB,24,Gujarat,459,Surat,SURAT CITY,-,-,-,-,-,-,-,-,21.194545,72.811552,07-04-2020 08:30,0.56,,,,,7,,,,,,,,7.1,,,Clear,,Clear,,Clear,,Clear,,,Clear,0.03,,Clear,,Clear,,
"2,819",TAPI AT RANDER BRIDGE SURAT,CPCB,24,Gujarat,459,Surat,SURAT CITY,-,-,-,-,-,-,-,-,21.194545,72.811552,11-05-2020 08:30,0.56,,,,,7,,,,,,,,7.1,,,Clear,,Clear,,Clear,,Clear,,,Clear,0.06,,Clear,,Clear,,
"2,820",TAPI AT RANDER BRIDGE SURAT,CPCB,24,Gujarat,459,Surat,SURAT CITY,-,-,-,-,-,-,-,-,21.194545,72.811552,05-06-2020 08:30,0.56,,,,,7,,,,,,,,7.1,,,Clear,,Clear,,Clear,,Clear,,,Clear,0.06,,Clear,,Clear,,
"2,821",TAPI AT RANDER BRIDGE SURAT,CPCB,24,Gujarat,459,Surat,SURAT CITY,-,-,-,-,-,-,-,-,21.194545,72.811552,07-07-2020 08:30,0.84,,,,,7,,,,,,,,8.1,,,Clear,,Clear,,Clear,,Clear,,,Clear,0.03,,Clear,,Clear,,
"2,822",TAPI AT RANDER BRIDGE SURAT,CPCB,24,Gujarat,459,Surat,SURAT CITY,-,-,-,-,-,-,-,-,21.194545,72.811552,06-08-2020 08:30,0.28,,,,,7.2,,,,,,,,8.4,,,Clear,,Clear,,Clear,,Clear,,,Clear,0.05,,Clear,,Clear,,
"2,823",TAPI AT RANDER BRIDGE SURAT,CPCB,24,Gujarat,459,Surat,SURAT CITY,-,-,-,-,-,-,-,-,21.194545,72.811552,01-09-2020 08:30,0.28,,,,,7.4,,,,,,,,7.3,,,Clear,,Clear,,Clear,,Clear,,,Clear,0.06,,Clear,,Clear,,
"2,824",TAPI AT RANDER BRIDGE SURAT,CPCB,24,Gujarat,459,Surat,SURAT CITY,-,-,-,-,-,-,-,-,21.194545,72.811552,01-10-2020 08:30,0.28,,,,,7,,,,,,,,7.1,,,Clear,,Clear,,Clear,,Clear,,,Clear,0.09,,Clear,,Clear,,
"2,825",TAPI AT RANDER BRIDGE SURAT,CPCB,24,Gujarat,459,Surat,SURAT CITY,-,-,-,-,-,-,-,-,21.194545,72.811552,02-11-2020 08:30,0.28,,,,,7.1,,,,,,,,7.8,,,Clear,,Clear,,Clear,,Clear,,,Clear,0.05,,Clear,,Clear,,
"2,826",TAPI AT RANDER BRIDGE SURAT,CPCB,24,Gujarat,459,Surat,SURAT CITY,-,-,-,-,-,-,-,-,21.194545,72.811552,01-12-2020 08:30,0.28,,,,,7.1,,,,,,,,8.3,,,Clear,,Clear,,Clear,,Clear,,,Clear,0.12,,Clear,,Clear,,
"2,827",TAPI AT SURAT U/S KATHORE,CPCB,24,Gujarat,459,Surat,KAMREJ,-,-,-,-,-,-,-,-,21.2855,72.935483,04-01-2018 08:30,,,,,,7.2,,,,,,,,7.32,,,,,,,,,,,,,,,,,,,
"2,828",TAPI AT SURAT U/S KATHORE,CPCB,24,Gujarat,459,Surat,KAMREJ,-,-,-,-,-,-,-,-,21.2855,72.935483,03-02-2018 08:30,,,,,,7.5,,,,,,,,8.22,,,,,,,,,,,,,,,,,,,
"2,829",TAPI AT SURAT U/S KATHORE,CPCB,24,Gujarat,459,Surat,KAMREJ,-,-,-,-,-,-,-,-,21.2855,72.935483,01-03-2018 08:30,,,,,,7.4,,,,,,,,7.71,,,,,,,,,,,,,,,,,,,
"2,830",TAPI AT SURAT U/S KATHORE,CPCB,24,Gujarat,459,Surat,KAMREJ,-,-,-,-,-,-,-,-,21.2855,72.935483,02-04-2018 08:30,,,,,,7.4,,,,,,,,7.62,,,,,,,,,,,,,,,,,,,
"2,831",TAPI AT SURAT U/S KATHORE,CPCB,24,Gujarat,459,Surat,KAMREJ,-,-,-,-,-,-,-,-,21.2855,72.935483,01-05-2018 08:30,,,,,,7.3,,,,,,,,7.14,,,,,,,,,,,,,,,,,,,
"2,832",TAPI AT SURAT U/S KATHORE,CPCB,24,Gujarat,459,Surat,KAMREJ,-,-,-,-,-,-,-,-,21.2855,72.935483,01-06-2018 08:30,,,,,,7.4,,,,,,,,8.29,,,,,,,,,,,,,,,,,,,
"2,833",TAPI AT SURAT U/S KATHORE,CPCB,24,Gujarat,459,Surat,KAMREJ,-,-,-,-,-,-,-,-,21.2855,72.935483,05-07-2018 08:30,,,,,,7.5,,,,,,,,7.47,,,,,,,,,,,,,,,,,,,
"2,834",TAPI AT SURAT U/S KATHORE,CPCB,24,Gujarat,459,Surat,KAMREJ,-,-,-,-,-,-,-,-,21.2855,72.935483,03-08-2018 08:30,,,,,,7.5,,,,,,,,7.23,,,,,,,,,,,,,,,,,,,
"2,835",TAPI AT SURAT U/S KATHORE,CPCB,24,Gujarat,459,Surat,KAMREJ,-,-,-,-,-,-,-,-,21.2855,72.935483,01-09-2018 08:30,,,,,,7.1,,,,,,,,6.9,,,,,,,,,,,,,,,,,,,
"2,836",TAPI AT SURAT U/S KATHORE,CPCB,24,Gujarat,459,Surat,KAMREJ,-,-,-,-,-,-,-,-,21.2855,72.935483,01-10-2018 08:30,,,,,,6.8,,,,,,,,7.82,,,,,,,,,,,,,,,,,,,
"2,837",TAPI AT SURAT U/S KATHORE,CPCB,24,Gujarat,459,Surat,KAMREJ,-,-,-,-,-,-,-,-,21.2855,72.935483,01-11-2018 08:30,,,,,,7.3,,,,,,,,7.49,,,,,,,,,,,,,,,,,,,
"2,838",TAPI AT SURAT U/S KATHORE,CPCB,24,Gujarat,459,Surat,KAMREJ,-,-,-,-,-,-,-,-,21.2855,72.935483,03-12-2018 08:30,,,,,,8,,,,,,,,7.7,,,,,,,,,,,,,,,,,,,
"2,839",TAPI AT SURAT U/S KATHORE,CPCB,24,Gujarat,459,Surat,KAMREJ,-,-,-,-,-,-,-,-,21.2855,72.935483,07-01-2019 08:30,,,,,,7.2,,,,,,,,7.3,,,,,,,,,,,,,,,,,,,
"2,840",TAPI AT SURAT U/S KATHORE,CPCB,24,Gujarat,459,Surat,KAMREJ,-,-,-,-,-,-,-,-,21.2855,72.935483,02-02-2019 08:30,,,,,,7.3,,,,,,,,7.8,,,,,,,,,,,,,,,,,,,
"2,841",TAPI AT SURAT U/S KATHORE,CPCB,24,Gujarat,459,Surat,KAMREJ,-,-,-,-,-,-,-,-,21.2855,72.935483,06-03-2019 08:30,,,,,,7.1,,,,,,,,7.8,,,,,,,,,,,,,,,,,,,
"2,842",TAPI AT SURAT U/S KATHORE,CPCB,24,Gujarat,459,Surat,KAMREJ,-,-,-,-,-,-,-,-,21.2855,72.935483,04-04-2019 08:30,,,,,,6.5,,,,,,,,7.5,,,,,,,,,,,,,,,,,,,
"2,843",TAPI AT SURAT U/S KATHORE,CPCB,24,Gujarat,459,Surat,KAMREJ,-,-,-,-,-,-,-,-,21.2855,72.935483,01-05-2019 08:30,,,,,,6.6,,,,,,,,7.3,,,,,,,,,,,,,,,,,,,
"2,844",TAPI AT SURAT U/S KATHORE,CPCB,24,Gujarat,459,Surat,KAMREJ,-,-,-,-,-,-,-,-,21.2855,72.935483,03-06-2019 08:30,,,,,,6.4,,,,,,,,7.5,,,,,,,,,,,,,,,,,,,
"2,845",TAPI AT SURAT U/S KATHORE,CPCB,24,Gujarat,459,Surat,KAMREJ,-,-,-,-,-,-,-,-,21.2855,72.935483,04-07-2019 08:30,,,,,,7.2,,,,,,,,7.8,,,,,,,,,,,,,,,,,,,
"2,846",TAPI AT SURAT U/S KATHORE,CPCB,24,Gujarat,459,Surat,KAMREJ,-,-,-,-,-,-,-,-,21.2855,72.935483,03-08-2019 08:30,,,,,,7.3,,,,,,,,7.3,,,,,,,,,,,,,,,,,,,
"2,847",TAPI AT SURAT U/S KATHORE,CPCB,24,Gujarat,459,Surat,KAMREJ,-,-,-,-,-,-,-,-,21.2855,72.935483,03-09-2019 08:30,,,,,,7.1,,,,,,,,7.9,,,,,,,,,,,,,,,,,,,
"2,848",TAPI AT SURAT U/S KATHORE,CPCB,24,Gujarat,459,Surat,KAMREJ,-,-,-,-,-,-,-,-,21.2855,72.935483,01-10-2019 08:30,,,,,,7.1,,,,,,,,7.6,,,,,,,,,,,,,,,,,,,
"2,849",TAPI AT SURAT U/S KATHORE,CPCB,24,Gujarat,459,Surat,KAMREJ,-,-,-,-,-,-,-,-,21.2855,72.935483,07-11-2019 08:30,,,,,,7.2,,,,,,,,7.7,,,,,,,,,,,,,,,,,,,
"2,850",TAPI AT SURAT U/S KATHORE,CPCB,24,Gujarat,459,Surat,KAMREJ,-,-,-,-,-,-,-,-,21.2855,72.935483,04-12-2019 08:30,,,,,,7.1,,,,,,,,7.5,,,,,,,,,,,,,,,,,,,
"2,851",TAPI AT SURAT U/S KATHORE,CPCB,24,Gujarat,459,Surat,KAMREJ,-,-,-,-,-,-,-,-,21.2855,72.935483,02-01-2020 08:30,0.84,,,,,7.1,,,,,,,,7.9,,,,,,,,,,,,,0.27,,,,,,
"2,852",TAPI AT SURAT U/S KATHORE,CPCB,24,Gujarat,459,Surat,KAMREJ,-,-,-,-,-,-,-,-,21.2855,72.935483,03-02-2020 08:30,0.56,,,,,7,,,,,,,,7.9,,,Clear,,Clear,,Clear,,Clear,,,Clear,0.29,,Clear,,Clear,,
"2,853",TAPI AT SURAT U/S KATHORE,CPCB,24,Gujarat,459,Surat,KAMREJ,-,-,-,-,-,-,-,-,21.2855,72.935483,01-03-2020 08:30,0.84,,,,,7,,,,,,,,7.5,,,Clear,,Clear,,Clear,,Clear,,,Clear,0.05,,Clear,,Clear,,
"2,854",TAPI AT SURAT U/S KATHORE,CPCB,24,Gujarat,459,Surat,KAMREJ,-,-,-,-,-,-,-,-,21.2855,72.935483,07-04-2020 08:30,0.56,,,,,7,,,,,,,,7.1,,,Clear,,Clear,,Clear,,Clear,,,Clear,0.09,,Clear,,Clear,,
"2,855",TAPI AT SURAT U/S KATHORE,CPCB,24,Gujarat,459,Surat,KAMREJ,-,-,-,-,-,-,-,-,21.2855,72.935483,06-05-2020 08:30,0.28,,,,,7,,,,,,,,7.1,,,Clear,,Clear,,Clear,,Clear,,,Clear,0.07,,Clear,,Clear,,
"2,856",TAPI AT SURAT U/S KATHORE,CPCB,24,Gujarat,459,Surat,KAMREJ,-,-,-,-,-,-,-,-,21.2855,72.935483,04-06-2020 08:30,0.28,,,,,7,,,,,,,,7.1,,,Clear,,Clear,,Clear,,Clear,,,Clear,0.07,,Clear,,Clear,,
"2,857",TAPI AT SURAT U/S KATHORE,CPCB,24,Gujarat,459,Surat,KAMREJ,-,-,-,-,-,-,-,-,21.2855,72.935483,04-07-2020 08:30,0.56,,,,,7,,,,,,,,7.6,,,Clear,,Clear,,Clear,,Clear,,,Clear,0.02,,Clear,,Clear,,
"2,858",TAPI AT SURAT U/S KATHORE,CPCB,24,Gujarat,459,Surat,KAMREJ,-,-,-,-,-,-,-,-,21.2855,72.935483,06-08-2020 08:30,0.28,,,,,7,,,,,,,,8,,,Clear,,Clear,,Clear,,Clear,,,Clear,0.04,,Clear,,Clear,,
"2,859",TAPI AT SURAT U/S KATHORE,CPCB,24,Gujarat,459,Surat,KAMREJ,-,-,-,-,-,-,-,-,21.2855,72.935483,01-09-2020 08:30,0.28,,,,,7.3,,,,,,,,7.2,,,Clear,,Clear,,Clear,,Clear,,,Clear,0.05,,Clear,,Clear,,
"2,860",TAPI AT SURAT U/S KATHORE,CPCB,24,Gujarat,459,Surat,KAMREJ,-,-,-,-,-,-,-,-,21.2855,72.935483,01-10-2020 08:30,0.28,,,,,7.4,,,,,,,,7.2,,,Clear,,Clear,,Clear,,Clear,,,Clear,0.08,,Clear,,Clear,,
"2,861",TAPI AT SURAT U/S KATHORE,CPCB,24,Gujarat,459,Surat,KAMREJ,-,-,-,-,-,-,-,-,21.2855,72.935483,02-11-2020 08:30,0.28,,,,,7.2,,,,,,,,7.4,,,Clear,,Clear,,Clear,,Clear,,,Clear,0.08,,Clear,,Clear,,
"2,862",TAPI AT SURAT U/S KATHORE,CPCB,24,Gujarat,459,Surat,KAMREJ,-,-,-,-,-,-,-,-,21.2855,72.935483,01-12-2020 08:30,0.28,,,,,7,,,,,,,,7.7,,,Clear,,Clear,,Clear,,Clear,,,Clear,0.1,,Clear,,Clear,,
"2,863",TAPI AT UKAI SHERULA BRIDGE,CPCB,24,Gujarat,459,Surat,SONGADH,-,-,-,-,-,-,-,-,21.259844,73.565783,06-01-2018 08:30,,,,,,7.5,,,,,,,,7.94,,,,,,,,,,,,,,,,,,,
"2,864",TAPI AT UKAI SHERULA BRIDGE,CPCB,24,Gujarat,459,Surat,SONGADH,-,-,-,-,-,-,-,-,21.259844,73.565783,06-02-2018 08:30,,,,,,7.2,,,,,,,,8.21,,,,,,,,,,,,,,,,,,,
"2,865",TAPI AT UKAI SHERULA BRIDGE,CPCB,24,Gujarat,459,Surat,SONGADH,-,-,-,-,-,-,-,-,21.259844,73.565783,08-03-2018 08:30,,,,,,7.2,,,,,,,,7.25,,,,,,,,,,,,,,,,,,,
"2,866",TAPI AT UKAI SHERULA BRIDGE,CPCB,24,Gujarat,459,Surat,SONGADH,-,-,-,-,-,-,-,-,21.259844,73.565783,04-04-2018 08:30,,,,,,7.2,,,,,,,,8.06,,,,,,,,,,,,,,,,,,,
"2,867",TAPI AT UKAI SHERULA BRIDGE,CPCB,24,Gujarat,459,Surat,SONGADH,-,-,-,-,-,-,-,-,21.259844,73.565783,04-05-2018 08:30,,,,,,7.1,,,,,,,,7.98,,,,,,,,,,,,,,,,,,,
"2,868",TAPI AT UKAI SHERULA BRIDGE,CPCB,24,Gujarat,459,Surat,SONGADH,-,-,-,-,-,-,-,-,21.259844,73.565783,06-06-2018 08:30,,,,,,7.3,,,,,,,,8.14,,,,,,,,,,,,,,,,,,,
"2,869",TAPI AT UKAI SHERULA BRIDGE,CPCB,24,Gujarat,459,Surat,SONGADH,-,-,-,-,-,-,-,-,21.259844,73.565783,06-07-2018 08:30,,,,,,7.4,,,,,,,,7.72,,,,,,,,,,,,,,,,,,,
"2,870",TAPI AT UKAI SHERULA BRIDGE,CPCB,24,Gujarat,459,Surat,SONGADH,-,-,-,-,-,-,-,-,21.259844,73.565783,06-08-2018 08:30,,,,,,7.1,,,,,,,,7.52,,,,,,,,,,,,,,,,,,,
"2,871",TAPI AT UKAI SHERULA BRIDGE,CPCB,24,Gujarat,459,Surat,SONGADH,-,-,-,-,-,-,-,-,21.259844,73.565783,06-09-2018 08:30,,,,,,7,,,,,,,,8.01,,,,,,,,,,,,,,,,,,,
"2,872",TAPI AT UKAI SHERULA BRIDGE,CPCB,24,Gujarat,459,Surat,SONGADH,-,-,-,-,-,-,-,-,21.259844,73.565783,04-10-2018 08:30,,,,,,6.6,,,,,,,,8,,,,,,,,,,,,,,,,,,,
"2,873",TAPI AT UKAI SHERULA BRIDGE,CPCB,24,Gujarat,459,Surat,SONGADH,-,-,-,-,-,-,-,-,21.259844,73.565783,16-11-2018 08:30,,,,,,6.9,,,,,,,,7.5,,,,,,,,,,,,,,,,,,,
"2,874",TAPI AT UKAI SHERULA BRIDGE,CPCB,24,Gujarat,459,Surat,SONGADH,-,-,-,-,-,-,-,-,21.259844,73.565783,04-12-2018 08:30,,,,,,6.9,,,,,,,,8.5,,,,,,,,,,,,,,,,,,,
"2,875",TAPI AT UKAI SHERULA BRIDGE,CPCB,24,Gujarat,459,Surat,SONGADH,-,-,-,-,-,-,-,-,21.259844,73.565783,02-01-2019 08:30,,,,,,7.1,,,,,,,,8.4,,,,,,,,,,,,,,,,,,,
"2,876",TAPI AT UKAI SHERULA BRIDGE,CPCB,24,Gujarat,459,Surat,SONGADH,-,-,-,-,-,-,-,-,21.259844,73.565783,02-02-2019 08:30,,,,,,7,,,,,,,,7,,,,,,,,,,,,,,,,,,,
"2,877",TAPI AT UKAI SHERULA BRIDGE,CPCB,24,Gujarat,459,Surat,SONGADH,-,-,-,-,-,-,-,-,21.259844,73.565783,19-03-2019 08:30,,,,,,6.7,,,,,,,,7,,,,,,,,,,,,,,,,,,,
"2,878",TAPI AT UKAI SHERULA BRIDGE,CPCB,24,Gujarat,459,Surat,SONGADH,-,-,-,-,-,-,-,-,21.259844,73.565783,25-04-2019 08:30,,,,,,6.9,,,,,,,,7.7,,,,,,,,,,,,,,,,,,,
"2,879",TAPI AT UKAI SHERULA BRIDGE,CPCB,24,Gujarat,459,Surat,SONGADH,-,-,-,-,-,-,-,-,21.259844,73.565783,03-05-2019 08:30,,,,,,6.7,,,,,,,,8.2,,,,,,,,,,,,,,,,,,,
"2,880",TAPI AT UKAI SHERULA BRIDGE,CPCB,24,Gujarat,459,Surat,SONGADH,-,-,-,-,-,-,-,-,21.259844,73.565783,01-06-2019 08:30,,,,,,6.4,,,,,,,,6.3,,,,,,,,,,,,,,,,,,,
"2,881",TAPI AT UKAI SHERULA BRIDGE,CPCB,24,Gujarat,459,Surat,SONGADH,-,-,-,-,-,-,-,-,21.259844,73.565783,02-07-2019 08:30,,,,,,7,,,,,,,,7.7,,,,,,,,,,,,,,,,,,,
"2,882",TAPI AT UKAI SHERULA BRIDGE,CPCB,24,Gujarat,459,Surat,SONGADH,-,-,-,-,-,-,-,-,21.259844,73.565783,01-08-2019 08:30,,,,,,7.1,,,,,,,,7.5,,,,,,,,,,,,,,,,,,,
"2,883",TAPI AT UKAI SHERULA BRIDGE,CPCB,24,Gujarat,459,Surat,SONGADH,-,-,-,-,-,-,-,-,21.259844,73.565783,05-09-2019 08:30,,,,,,7.2,,,,,,,,7.3,,,,,,,,,,,,,,,,,,,
"2,884",TAPI AT UKAI SHERULA BRIDGE,CPCB,24,Gujarat,459,Surat,SONGADH,-,-,-,-,-,-,-,-,21.259844,73.565783,04-10-2019 08:30,,,,,,7.1,,,,,,,,7.7,,,,,,,,,,,,,,,,,,,
"2,885",TAPI AT UKAI SHERULA BRIDGE,CPCB,24,Gujarat,459,Surat,SONGADH,-,-,-,-,-,-,-,-,21.259844,73.565783,08-11-2019 08:30,,,,,,7.1,,,,,,,,7.6,,,,,,,,,,,,,,,,,,,
"2,886",TAPI AT UKAI SHERULA BRIDGE,CPCB,24,Gujarat,459,Surat,SONGADH,-,-,-,-,-,-,-,-,21.259844,73.565783,02-12-2019 08:30,,,,,,7,,,,,,,,8.2,,,,,,,,,,,,,,,,,,,
"2,887",TAPI AT UKAI SHERULA BRIDGE,CPCB,24,Gujarat,459,Surat,SONGADH,-,-,-,-,-,-,-,-,21.259844,73.565783,02-01-2020 08:30,0.84,,,,,7.1,,,,,,,,7.9,,,,,,,,,,,,,0.07,,,,,,
"2,888",TAPI AT UKAI SHERULA BRIDGE,CPCB,24,Gujarat,459,Surat,SONGADH,-,-,-,-,-,-,-,-,21.259844,73.565783,05-02-2020 08:30,0.84,,,,,7,,,,,,,,6.8,,,Clear,,Clear,,Clear,,Clear,,,Clear,0.05,,Clear,,Clear,,
"2,889",TAPI AT UKAI SHERULA BRIDGE,CPCB,24,Gujarat,459,Surat,SONGADH,-,-,-,-,-,-,-,-,21.259844,73.565783,13-03-2020 08:30,1.12,,,,,7,,,,,,,,7.4,,,Clear,,Clear,,Clear,,Clear,,,Clear,0.11,,Clear,,Clear,,
"2,890",TAPI AT UKAI SHERULA BRIDGE,CPCB,24,Gujarat,459,Surat,SONGADH,-,-,-,-,-,-,-,-,21.259844,73.565783,07-04-2020 08:30,0.84,,,,,7,,,,,,,,7.1,,,Clear,,Clear,,Clear,,Clear,,,Clear,0.09,,Clear,,Clear,,
"2,891",TAPI AT UKAI SHERULA BRIDGE,CPCB,24,Gujarat,459,Surat,SONGADH,-,-,-,-,-,-,-,-,21.259844,73.565783,03-05-2020 08:30,0.28,,,,,7.1,,,,,,,,7.6,,,Clear,,Clear,,Clear,,Clear,,,Clear,0.04,,Clear,,Clear,,
"2,892",TAPI AT UKAI SHERULA BRIDGE,CPCB,24,Gujarat,459,Surat,SONGADH,-,-,-,-,-,-,-,-,21.259844,73.565783,06-06-2020 08:30,0.56,,,,,7,,,,,,,,7.1,,,Clear,,Clear,,Clear,,Clear,,,Clear,0.05,,Clear,,Clear,,
"2,893",TAPI AT UKAI SHERULA BRIDGE,CPCB,24,Gujarat,459,Surat,SONGADH,-,-,-,-,-,-,-,-,21.259844,73.565783,03-07-2020 08:30,0.84,,,,,7,,,,,,,,7.6,,,Clear,,Clear,,Clear,,Clear,,,Clear,0.06,,Clear,,Clear,,
"2,894",TAPI AT UKAI SHERULA BRIDGE,CPCB,24,Gujarat,459,Surat,SONGADH,-,-,-,-,-,-,-,-,21.259844,73.565783,05-08-2020 08:30,0.28,,,,,7,,,,,,,,8.4,,,Clear,,Clear,,Clear,,Clear,,,Clear,0.09,,Clear,,Clear,,
"2,895",TAPI AT UKAI SHERULA BRIDGE,CPCB,24,Gujarat,459,Surat,SONGADH,-,-,-,-,-,-,-,-,21.259844,73.565783,04-09-2020 08:30,0.28,,,,,7,,,,,,,,7.3,,,Clear,,Clear,,Clear,,Clear,,,Clear,0.11,,Clear,,Clear,,
"2,896",TAPI AT UKAI SHERULA BRIDGE,CPCB,24,Gujarat,459,Surat,SONGADH,-,-,-,-,-,-,-,-,21.259844,73.565783,02-10-2020 08:30,0.28,,,,,6.6,,,,,,,,7.1,,,Clear,,Clear,,Clear,,Clear,,,Clear,0.05,,Clear,,0.64,,
"2,897",TAPI AT UKAI SHERULA BRIDGE,CPCB,24,Gujarat,459,Surat,SONGADH,-,-,-,-,-,-,-,-,21.259844,73.565783,02-11-2020 08:30,0.84,,,,,7.5,,,,,,,,8.1,,,Clear,,Clear,,Clear,,Clear,,,Clear,0.02,,Clear,,0.28,,
"2,898",TAPI AT UKAI SHERULA BRIDGE,CPCB,24,Gujarat,459,Surat,SONGADH,-,-,-,-,-,-,-,-,21.259844,73.565783,03-12-2020 08:30,0.56,,,,,7.1,,,,,,,,7.9,,,Clear,,Clear,,Clear,,Clear,,,Clear,0.15,,Clear,,0.35,,
"2,899",TAPI CANAL AT VILLAGE UMARWADA NEAR GIDC ESTATE OF PANOLI.,CPCB,24,Gujarat,442,Bharuch,ANKLESVAR,-,-,-,-,-,-,-,-,21.589419,72.975333,03-01-2018 08:30,0.56,,,,,6.8,,,,,,,,8.74,,,,,,,,,,,,,,,,,,,
"2,900",TAPI CANAL AT VILLAGE UMARWADA NEAR GIDC ESTATE OF PANOLI.,CPCB,24,Gujarat,442,Bharuch,ANKLESVAR,-,-,-,-,-,-,-,-,21.589419,72.975333,01-02-2018 08:30,1.12,,,,,6.1,,,,,,,,8.37,,,,,,,,,,,,,,,,,,,
"2,901",TAPI CANAL AT VILLAGE UMARWADA NEAR GIDC ESTATE OF PANOLI.,CPCB,24,Gujarat,442,Bharuch,ANKLESVAR,-,-,-,-,-,-,-,-,21.589419,72.975333,03-04-2018 08:30,0.4,,,,,6.2,,,,,,,,9.4,,,,,,,,,,,,,,,,,,,
"2,902",TAPI CANAL AT VILLAGE UMARWADA NEAR GIDC ESTATE OF PANOLI.,CPCB,24,Gujarat,442,Bharuch,ANKLESVAR,-,-,-,-,-,-,-,-,21.589419,72.975333,03-05-2018 08:30,0.4,,,,,6.3,,,,,,,,7.99,,,,,,,,,,,,,,,,,,,
"2,903",TAPI CANAL AT VILLAGE UMARWADA NEAR GIDC ESTATE OF PANOLI.,CPCB,24,Gujarat,442,Bharuch,ANKLESVAR,-,-,-,-,-,-,-,-,21.589419,72.975333,02-07-2018 08:30,0.4,,,,,6,,,,,,,,8.79,,,,,,,,,,,,,,,,,,,
"2,904",TAPI CANAL AT VILLAGE UMARWADA NEAR GIDC ESTATE OF PANOLI.,CPCB,24,Gujarat,442,Bharuch,ANKLESVAR,-,-,-,-,-,-,-,-,21.589419,72.975333,03-08-2018 08:30,0.4,,,,,6.3,,,,,,,,8.69,,,,,,,,,,,,,,,,,,,
"2,905",TAPI CANAL AT VILLAGE UMARWADA NEAR GIDC ESTATE OF PANOLI.,CPCB,24,Gujarat,442,Bharuch,ANKLESVAR,-,-,-,-,-,-,-,-,21.589419,72.975333,01-09-2018 08:30,0.4,,,,,6.4,,,,,,,,8.5,,,,,,,,,,,,,,,,,,,
"2,906",TAPI CANAL AT VILLAGE UMARWADA NEAR GIDC ESTATE OF PANOLI.,CPCB,24,Gujarat,442,Bharuch,ANKLESVAR,-,-,-,-,-,-,-,-,21.589419,72.975333,01-10-2018 08:30,0.4,,,,,5.1,,,,,,,,8.6,,,,,,,,,,,,,,,,,,,
"2,907",TAPI CANAL AT VILLAGE UMARWADA NEAR GIDC ESTATE OF PANOLI.,CPCB,24,Gujarat,442,Bharuch,ANKLESVAR,-,-,-,-,-,-,-,-,21.589419,72.975333,01-11-2018 08:30,0.4,,,,,6.5,,,,,,,,8.4,,,,,,,,,,,,,,,,,,,
"2,908",TAPI CANAL AT VILLAGE UMARWADA NEAR GIDC ESTATE OF PANOLI.,CPCB,24,Gujarat,442,Bharuch,ANKLESVAR,-,-,-,-,-,-,-,-,21.589419,72.975333,01-12-2018 08:30,0.4,,,,,5.7,,,,,,,,8.5,,,,,,,,,,,,,,,,,,,
"2,909",TAPI CANAL AT VILLAGE UMARWADA NEAR GIDC ESTATE OF PANOLI.,CPCB,24,Gujarat,442,Bharuch,ANKLESVAR,-,-,-,-,-,-,-,-,21.589419,72.975333,01-01-2019 08:30,,,,,,6.3,,,,,,,,8.8,,,,,,,,,,,,,,,,,,,
"2,910",TAPI CANAL AT VILLAGE UMARWADA NEAR GIDC ESTATE OF PANOLI.,CPCB,24,Gujarat,442,Bharuch,ANKLESVAR,-,-,-,-,-,-,-,-,21.589419,72.975333,02-02-2019 08:30,1.7,,,,,6.5,,,,,,,,7.9,,,,,,,,,,,,,,,,,,,
"2,911",TAPI CANAL AT VILLAGE UMARWADA NEAR GIDC ESTATE OF PANOLI.,CPCB,24,Gujarat,442,Bharuch,ANKLESVAR,-,-,-,-,-,-,-,-,21.589419,72.975333,01-05-2019 08:30,,,,,,7,,,,,,,,7.3,,,,,,,,,,,,,,,,,,,
"2,912",TAPI CANAL AT VILLAGE UMARWADA NEAR GIDC ESTATE OF PANOLI.,CPCB,24,Gujarat,442,Bharuch,ANKLESVAR,-,-,-,-,-,-,-,-,21.589419,72.975333,02-07-2019 08:30,,,,,,5.7,,,,,,,,8,,,,,,,,,,,,,,,,,,,
"2,913",TAPI CANAL AT VILLAGE UMARWADA NEAR GIDC ESTATE OF PANOLI.,CPCB,24,Gujarat,442,Bharuch,ANKLESVAR,-,-,-,-,-,-,-,-,21.589419,72.975333,02-08-2019 08:30,,,,,,6.5,,,,,,,,8.2,,,,,,,,,,,,,,,,,,,
"2,914",TAPI CANAL AT VILLAGE UMARWADA NEAR GIDC ESTATE OF PANOLI.,CPCB,24,Gujarat,442,Bharuch,ANKLESVAR,-,-,-,-,-,-,-,-,21.589419,72.975333,03-09-2019 08:30,,,,,,7.1,,,,,,,,8.1,,,,,,,,,,,,,,,,,,,
"2,915",TAPI CANAL AT VILLAGE UMARWADA NEAR GIDC ESTATE OF PANOLI.,CPCB,24,Gujarat,442,Bharuch,ANKLESVAR,-,-,-,-,-,-,-,-,21.589419,72.975333,03-10-2019 08:30,,,,,,6.7,,,,,,,,8.3,,,,,,,,,,,,,,,,,,,
"2,916",TAPI CANAL AT VILLAGE UMARWADA NEAR GIDC ESTATE OF PANOLI.,CPCB,24,Gujarat,442,Bharuch,ANKLESVAR,-,-,-,-,-,-,-,-,21.589419,72.975333,01-11-2019 08:30,,,,,,7.2,,,,,,,,7.8,,,,,,,,,,,,,,,,,,,
"2,917",TAPI CANAL AT VILLAGE UMARWADA NEAR GIDC ESTATE OF PANOLI.,CPCB,24,Gujarat,442,Bharuch,ANKLESVAR,-,-,-,-,-,-,-,-,21.589419,72.975333,03-12-2019 08:30,,,,,,7,,,,,,,,8,,,,,,,,,,,,,,,,,,,
"2,918",TAPI CANAL AT VILLAGE UMARWADA NEAR GIDC ESTATE OF PANOLI.,CPCB,24,Gujarat,442,Bharuch,ANKLESVAR,-,-,-,-,-,-,-,-,21.589419,72.975333,01-01-2020 08:30,,,,,,6.9,,,,,,,,8.2,,,,,,,,,,,,,0.37,,,,,,
"2,919",TAPI CANAL AT VILLAGE UMARWADA NEAR GIDC ESTATE OF PANOLI.,CPCB,24,Gujarat,442,Bharuch,ANKLESVAR,-,-,-,-,-,-,-,-,21.589419,72.975333,01-02-2020 08:30,Clear,,,,,7.8,,,,,,,,8.6,,,Clear,,Clear,,Clear,,Clear,,,Clear,0.29,,Clear,,Clear,,
"2,920",TAPI CANAL AT VILLAGE UMARWADA NEAR GIDC ESTATE OF PANOLI.,CPCB,24,Gujarat,442,Bharuch,ANKLESVAR,-,-,-,-,-,-,-,-,21.589419,72.975333,03-03-2020 08:30,Clear,,,,,7.3,,,,,,,,8.1,,,Clear,,Clear,,Clear,,Clear,,,Clear,0.27,,Clear,,Clear,,
"2,921",TAPI CANAL AT VILLAGE UMARWADA NEAR GIDC ESTATE OF PANOLI.,CPCB,24,Gujarat,442,Bharuch,ANKLESVAR,-,-,-,-,-,-,-,-,21.589419,72.975333,08-04-2020 08:30,Clear,,,,,6.6,,,,,,,,8,,,Clear,,0.02,,0.178,,Clear,,,Clear,0.17,,Clear,,Clear,,
"2,922",TAPI CANAL AT VILLAGE UMARWADA NEAR GIDC ESTATE OF PANOLI.,CPCB,24,Gujarat,442,Bharuch,ANKLESVAR,-,-,-,-,-,-,-,-,21.589419,72.975333,01-05-2020 08:30,Clear,,,,,7.3,,,,,,,,7.7,,,Clear,,Clear,,Clear,,Clear,,,Clear,0.18,,Clear,,Clear,,
"2,923",TAPI CANAL AT VILLAGE UMARWADA NEAR GIDC ESTATE OF PANOLI.,CPCB,24,Gujarat,442,Bharuch,ANKLESVAR,-,-,-,-,-,-,-,-,21.589419,72.975333,01-06-2020 08:30,Clear,,,,,6.7,,,,,,,,7.8,,,Clear,,Clear,,Clear,,Clear,,,Clear,0.25,,Clear,,Clear,,
"2,924",TAPI CANAL AT VILLAGE UMARWADA NEAR GIDC ESTATE OF PANOLI.,CPCB,24,Gujarat,442,Bharuch,ANKLESVAR,-,-,-,-,-,-,-,-,21.589419,72.975333,01-07-2020 08:30,Clear,,,,,7,,,,,,,,8.1,,,Clear,,Clear,,Clear,,Clear,,,Clear,0.23,,Clear,,Clear,,
"2,925",TAPI CANAL AT VILLAGE UMARWADA NEAR GIDC ESTATE OF PANOLI.,CPCB,24,Gujarat,442,Bharuch,ANKLESVAR,-,-,-,-,-,-,-,-,21.589419,72.975333,07-08-2020 08:30,Clear,,,,,6,,,,,,,,7.9,,,Clear,,Clear,,Clear,,Clear,,,Clear,0.08,,Clear,,Clear,,
"2,926",TAPI CANAL AT VILLAGE UMARWADA NEAR GIDC ESTATE OF PANOLI.,CPCB,24,Gujarat,442,Bharuch,ANKLESVAR,-,-,-,-,-,-,-,-,21.589419,72.975333,03-09-2020 08:30,1.12,,,,,7,,,,,,,,8.1,,,Clear,,Clear,,Clear,,Clear,,,Clear,0.12,,Clear,,Clear,,
"2,927",TAPI CANAL AT VILLAGE UMARWADA NEAR GIDC ESTATE OF PANOLI.,CPCB,24,Gujarat,442,Bharuch,ANKLESVAR,-,-,-,-,-,-,-,-,21.589419,72.975333,03-10-2020 08:30,1.12,,,,,7.1,,,,,,,,8.3,,,Clear,,Clear,,0.27,,Clear,,,Clear,0.18,,Clear,,Clear,,
"2,928",TAPI CANAL AT VILLAGE UMARWADA NEAR GIDC ESTATE OF PANOLI.,CPCB,24,Gujarat,442,Bharuch,ANKLESVAR,-,-,-,-,-,-,-,-,21.589419,72.975333,02-11-2020 08:30,1.12,,,,,8,,,,,,,,8.1,,,Clear,,Clear,,Clear,,Clear,,,Clear,Clear,,Clear,,Clear,,
"2,929",TAPI CANAL AT VILLAGE UMARWADA NEAR GIDC ESTATE OF PANOLI.,CPCB,24,Gujarat,442,Bharuch,ANKLESVAR,-,-,-,-,-,-,-,-,21.589419,72.975333,01-12-2020 08:30,1.12,,,,,7.3,,,,,,,,8.2,,,Clear,,Clear,,Clear,,Clear,,,Clear,Clear,,Clear,,Clear,,
"2,930",TAPI RIVER AT ONGC BRIDGE AT SURAT DIST. SURAT,CPCB,24,Gujarat,459,Surat,SURAT CITY,-,-,-,-,-,-,-,-,21.148919,72.743684,05-01-2018 08:30,,,,,,6,,,,,,,,7.44,,,,,,,,,,,,,,,,,,,
"2,931",TAPI RIVER AT ONGC BRIDGE AT SURAT DIST. SURAT,CPCB,24,Gujarat,459,Surat,SURAT CITY,-,-,-,-,-,-,-,-,21.148919,72.743684,02-02-2018 08:30,,,,,,6.3,,,,,,,,7.43,,,,,,,,,,,,,,,,,,,
"2,932",TAPI RIVER AT ONGC BRIDGE AT SURAT DIST. SURAT,CPCB,24,Gujarat,459,Surat,SURAT CITY,-,-,-,-,-,-,-,-,21.148919,72.743684,03-03-2018 08:30,,,,,,6,,,,,,,,7.09,,,,,,,,,,,,,,,,,,,
"2,933",TAPI RIVER AT ONGC BRIDGE AT SURAT DIST. SURAT,CPCB,24,Gujarat,459,Surat,SURAT CITY,-,-,-,-,-,-,-,-,21.148919,72.743684,04-04-2018 08:30,,,,,,6.4,,,,,,,,7.32,,,,,,,,,,,,,,,,,,,
"2,934",TAPI RIVER AT ONGC BRIDGE AT SURAT DIST. SURAT,CPCB,24,Gujarat,459,Surat,SURAT CITY,-,-,-,-,-,-,-,-,21.148919,72.743684,03-05-2018 08:30,,,,,,6.5,,,,,,,,7.21,,,,,,,,,,,,,,,,,,,
"2,935",TAPI RIVER AT ONGC BRIDGE AT SURAT DIST. SURAT,CPCB,24,Gujarat,459,Surat,SURAT CITY,-,-,-,-,-,-,-,-,21.148919,72.743684,03-06-2018 08:30,,,,,,6.2,,,,,,,,7.23,,,,,,,,,,,,,,,,,,,
"2,936",TAPI RIVER AT ONGC BRIDGE AT SURAT DIST. SURAT,CPCB,24,Gujarat,459,Surat,SURAT CITY,-,-,-,-,-,-,-,-,21.148919,72.743684,05-07-2018 08:30,,,,,,6.3,,,,,,,,7.22,,,,,,,,,,,,,,,,,,,
"2,937",TAPI RIVER AT ONGC BRIDGE AT SURAT DIST. SURAT,CPCB,24,Gujarat,459,Surat,SURAT CITY,-,-,-,-,-,-,-,-,21.148919,72.743684,02-08-2018 08:30,,,,,,6.6,,,,,,,,7.73,,,,,,,,,,,,,,,,,,,
"2,938",TAPI RIVER AT ONGC BRIDGE AT SURAT DIST. SURAT,CPCB,24,Gujarat,459,Surat,SURAT CITY,-,-,-,-,-,-,-,-,21.148919,72.743684,05-09-2018 08:30,,,,,,6.4,,,,,,,,7.78,,,,,,,,,,,,,,,,,,,
"2,939",TAPI RIVER AT ONGC BRIDGE AT SURAT DIST. SURAT,CPCB,24,Gujarat,459,Surat,SURAT CITY,-,-,-,-,-,-,-,-,21.148919,72.743684,08-10-2018 08:30,,,,,,6.5,,,,,,,,7.3,,,,,,,,,,,,,,,,,,,
"2,940",TAPI RIVER AT ONGC BRIDGE AT SURAT DIST. SURAT,CPCB,24,Gujarat,459,Surat,SURAT CITY,-,-,-,-,-,-,-,-,21.148919,72.743684,14-11-2018 08:30,,,,,,6.5,,,,,,,,7.91,,,,,,,,,,,,,,,,,,,
"2,941",TAPI RIVER AT ONGC BRIDGE AT SURAT DIST. SURAT,CPCB,24,Gujarat,459,Surat,SURAT CITY,-,-,-,-,-,-,-,-,21.148919,72.743684,05-12-2018 08:30,,,,,,6.4,,,,,,,,7.6,,,,,,,,,,,,,,,,,,,
"2,942",TAPI RIVER AT ONGC BRIDGE AT SURAT DIST. SURAT,CPCB,24,Gujarat,459,Surat,SURAT CITY,-,-,-,-,-,-,-,-,21.148919,72.743684,04-01-2019 08:30,,,,,,6.6,,,,,,,,7.8,,,,,,,,,,,,,,,,,,,
"2,943",TAPI RIVER AT ONGC BRIDGE AT SURAT DIST. SURAT,CPCB,24,Gujarat,459,Surat,SURAT CITY,-,-,-,-,-,-,-,-,21.148919,72.743684,05-02-2019 08:30,,,,,,6.6,,,,,,,,7.5,,,,,,,,,,,,,,,,,,,
"2,944",TAPI RIVER AT ONGC BRIDGE AT SURAT DIST. SURAT,CPCB,24,Gujarat,459,Surat,SURAT CITY,-,-,-,-,-,-,-,-,21.148919,72.743684,07-03-2019 08:30,,,,,,5.4,,,,,,,,7.6,,,,,,,,,,,,,,,,,,,
"2,945",TAPI RIVER AT ONGC BRIDGE AT SURAT DIST. SURAT,CPCB,24,Gujarat,459,Surat,SURAT CITY,-,-,-,-,-,-,-,-,21.148919,72.743684,03-04-2019 08:30,,,,,,6.5,,,,,,,,7.4,,,,,,,,,,,,,,,,,,,
"2,946",TAPI RIVER AT ONGC BRIDGE AT SURAT DIST. SURAT,CPCB,24,Gujarat,459,Surat,SURAT CITY,-,-,-,-,-,-,-,-,21.148919,72.743684,03-05-2019 08:30,,,,,,6.7,,,,,,,,7,,,,,,,,,,,,,,,,,,,
"2,947",TAPI RIVER AT ONGC BRIDGE AT SURAT DIST. SURAT,CPCB,24,Gujarat,459,Surat,SURAT CITY,-,-,-,-,-,-,-,-,21.148919,72.743684,06-06-2019 08:30,,,,,,5.4,,,,,,,,7,,,,,,,,,,,,,,,,,,,
"2,948",TAPI RIVER AT ONGC BRIDGE AT SURAT DIST. SURAT,CPCB,24,Gujarat,459,Surat,SURAT CITY,-,-,-,-,-,-,-,-,21.148919,72.743684,01-07-2019 08:30,,,,,,5.9,,,,,,,,7.3,,,,,,,,,,,,,,,,,,,
"2,949",TAPI RIVER AT ONGC BRIDGE AT SURAT DIST. SURAT,CPCB,24,Gujarat,459,Surat,SURAT CITY,-,-,-,-,-,-,-,-,21.148919,72.743684,02-08-2019 08:30,,,,,,6.5,,,,,,,,7.2,,,,,,,,,,,,,,,,,,,
"2,950",TAPI RIVER AT ONGC BRIDGE AT SURAT DIST. SURAT,CPCB,24,Gujarat,459,Surat,SURAT CITY,-,-,-,-,-,-,-,-,21.148919,72.743684,05-09-2019 08:30,,,,,,6.6,,,,,,,,7.4,,,,,,,,,,,,,,,,,,,
"2,951",TAPI RIVER AT ONGC BRIDGE AT SURAT DIST. SURAT,CPCB,24,Gujarat,459,Surat,SURAT CITY,-,-,-,-,-,-,-,-,21.148919,72.743684,04-10-2019 08:30,,,,,,6.2,,,,,,,,7.8,,,,,,,,,,,,,,,,,,,
"2,952",TAPI RIVER AT ONGC BRIDGE AT SURAT DIST. SURAT,CPCB,24,Gujarat,459,Surat,SURAT CITY,-,-,-,-,-,-,-,-,21.148919,72.743684,05-11-2019 08:30,,,,,,6.9,,,,,,,,7.6,,,,,,,,,,,,,,,,,,,
"2,953",TAPI RIVER AT ONGC BRIDGE AT SURAT DIST. SURAT,CPCB,24,Gujarat,459,Surat,SURAT CITY,-,-,-,-,-,-,-,-,21.148919,72.743684,05-12-2019 08:30,,,,,,6.9,,,,,,,,7,,,,,,,,,,,,,,,,,,,
"2,954",TAPI RIVER AT ONGC BRIDGE AT SURAT DIST. SURAT,CPCB,24,Gujarat,459,Surat,SURAT CITY,-,-,-,-,-,-,-,-,21.148919,72.743684,03-01-2020 08:30,0.56,,,,,6.7,,,,,,,,7.5,,,,,,,,,,,,,0.03,,,,,,
"2,955",TAPI RIVER AT ONGC BRIDGE AT SURAT DIST. SURAT,CPCB,24,Gujarat,459,Surat,SURAT CITY,-,-,-,-,-,-,-,-,21.148919,72.743684,05-02-2020 08:30,0.84,,,,,6.2,,,,,,,,7.7,,,Other,,Other,,Other,,Other,,,Other,0.05,,Other,,Other,,
"2,956",TAPI RIVER AT ONGC BRIDGE AT SURAT DIST. SURAT,CPCB,24,Gujarat,459,Surat,SURAT CITY,-,-,-,-,-,-,-,-,21.148919,72.743684,04-03-2020 08:30,1.12,,,,,0.7,,,,,,,,7.1,,,Turbid Green,,Turbid Green,,Turbid Green,,Turbid Green,,,Turbid Green,0.04,,Turbid Green,,Turbid Green,,
"2,957",TAPI RIVER AT ONGC BRIDGE AT SURAT DIST. SURAT,CPCB,24,Gujarat,459,Surat,SURAT CITY,-,-,-,-,-,-,-,-,21.148919,72.743684,05-04-2020 08:30,0.84,,,,,6.9,,,,,,,,7.5,,,Clear,,Clear,,Clear,,Clear,,,Clear,0.05,,Clear,,Clear,,
"2,958",TAPI RIVER AT ONGC BRIDGE AT SURAT DIST. SURAT,CPCB,24,Gujarat,459,Surat,SURAT CITY,-,-,-,-,-,-,-,-,21.148919,72.743684,05-05-2020 08:30,0.84,,,,,6.9,,,,,,,,7.3,,,Clear,,Clear,,Clear,,Clear,,,Clear,0.08,,Clear,,Clear,,
"2,959",TAPI RIVER AT ONGC BRIDGE AT SURAT DIST. SURAT,CPCB,24,Gujarat,459,Surat,SURAT CITY,-,-,-,-,-,-,-,-,21.148919,72.743684,05-06-2020 08:30,0.56,,,,,6.9,,,,,,,,7.4,,,Clear,,Clear,,Clear,,Clear,,,Clear,0.09,,Clear,,Clear,,
"2,960",TAPI RIVER AT ONGC BRIDGE AT SURAT DIST. SURAT,CPCB,24,Gujarat,459,Surat,SURAT CITY,-,-,-,-,-,-,-,-,21.148919,72.743684,04-08-2020 08:30,0.56,,,,,5.8,,,,,,,,7.4,,,Other,,Other,,Other,,Other,,,Other,0.12,,Other,,Other,,
"2,961",TAPI RIVER AT ONGC BRIDGE AT SURAT DIST. SURAT,CPCB,24,Gujarat,459,Surat,SURAT CITY,-,-,-,-,-,-,-,-,21.148919,72.743684,01-09-2020 08:30,0.56,,,,,7,,,,,,,,7.6,,,Clear,,Clear,,Clear,,Clear,,,Clear,0.09,,Clear,,Clear,,
"2,962",TAPI RIVER AT ONGC BRIDGE AT SURAT DIST. SURAT,CPCB,24,Gujarat,459,Surat,SURAT CITY,-,-,-,-,-,-,-,-,21.148919,72.743684,03-10-2020 08:30,0.56,,,,,4,,,,,,,,7.4,,,Other,,Other,,Other,,Other,,,Other,0.28,,Other,,Other,,
"2,963",TAPI RIVER AT ONGC BRIDGE AT SURAT DIST. SURAT,CPCB,24,Gujarat,459,Surat,SURAT CITY,-,-,-,-,-,-,-,-,21.148919,72.743684,03-11-2020 08:30,0.28,,,,,5.6,,,,,,,,7.6,,,Other,,Other,,Other,,Other,,,Other,0.15,,Other,,Other,,
"2,964",TAPI RIVER AT ONGC BRIDGE AT SURAT DIST. SURAT,CPCB,24,Gujarat,459,Surat,SURAT CITY,-,-,-,-,-,-,-,-,21.148919,72.743684,02-12-2020 08:30,0.56,,,,,5.8,,,,,,,,7.3,,,Other,,Other,,Other,,Other,,,Other,0.22,,Other,,Other,,
"2,965",TAPI RIVER NEAR BARDOLI (KAPP BRIDGE) BARDOLI,CPCB,24,Gujarat,459,Surat,BARDOLI,-,-,-,-,-,-,-,-,21.221618,73.170007,03-01-2018 08:30,,,,,,7.6,,,,,,,,7.42,,,,,,,,,,,,,,,,,,,
"2,966",TAPI RIVER NEAR BARDOLI (KAPP BRIDGE) BARDOLI,CPCB,24,Gujarat,459,Surat,BARDOLI,-,-,-,-,-,-,-,-,21.221618,73.170007,01-02-2018 08:30,,,,,,7.4,,,,,,,,7.83,,,,,,,,,,,,,,,,,,,
"2,967",TAPI RIVER NEAR BARDOLI (KAPP BRIDGE) BARDOLI,CPCB,24,Gujarat,459,Surat,BARDOLI,-,-,-,-,-,-,-,-,21.221618,73.170007,05-03-2018 08:30,,,,,,7.3,,,,,,,,7.32,,,,,,,,,,,,,,,,,,,
"2,968",TAPI RIVER NEAR BARDOLI (KAPP BRIDGE) BARDOLI,CPCB,24,Gujarat,459,Surat,BARDOLI,-,-,-,-,-,-,-,-,21.221618,73.170007,03-04-2018 08:30,,,,,,7.3,,,,,,,,7.84,,,,,,,,,,,,,,,,,,,
"2,969",TAPI RIVER NEAR BARDOLI (KAPP BRIDGE) BARDOLI,CPCB,24,Gujarat,459,Surat,BARDOLI,-,-,-,-,-,-,-,-,21.221618,73.170007,02-05-2018 08:30,,,,,,7.3,,,,,,,,7.93,,,,,,,,,,,,,,,,,,,
"2,970",TAPI RIVER NEAR BARDOLI (KAPP BRIDGE) BARDOLI,CPCB,24,Gujarat,459,Surat,BARDOLI,-,-,-,-,-,-,-,-,21.221618,73.170007,02-06-2018 08:30,,,,,,7.4,,,,,,,,7.8,,,,,,,,,,,,,,,,,,,
"2,971",TAPI RIVER NEAR BARDOLI (KAPP BRIDGE) BARDOLI,CPCB,24,Gujarat,459,Surat,BARDOLI,-,-,-,-,-,-,-,-,21.221618,73.170007,04-07-2018 08:30,,,,,,7.5,,,,,,,,7.62,,,,,,,,,,,,,,,,,,,
"2,972",TAPI RIVER NEAR BARDOLI (KAPP BRIDGE) BARDOLI,CPCB,24,Gujarat,459,Surat,BARDOLI,-,-,-,-,-,-,-,-,21.221618,73.170007,01-08-2018 08:30,,,,,,7.5,,,,,,,,7.9,,,,,,,,,,,,,,,,,,,
"2,973",TAPI RIVER NEAR BARDOLI (KAPP BRIDGE) BARDOLI,CPCB,24,Gujarat,459,Surat,BARDOLI,-,-,-,-,-,-,-,-,21.221618,73.170007,06-09-2018 08:30,,,,,,7.2,,,,,,,,8.18,,,,,,,,,,,,,,,,,,,
"2,974",TAPI RIVER NEAR BARDOLI (KAPP BRIDGE) BARDOLI,CPCB,24,Gujarat,459,Surat,BARDOLI,-,-,-,-,-,-,-,-,21.221618,73.170007,03-10-2018 08:30,,,,,,6.9,,,,,,,,7.9,,,,,,,,,,,,,,,,,,,
"2,975",TAPI RIVER NEAR BARDOLI (KAPP BRIDGE) BARDOLI,CPCB,24,Gujarat,459,Surat,BARDOLI,-,-,-,-,-,-,-,-,21.221618,73.170007,02-11-2018 08:30,,,,,,7.4,,,,,,,,7.88,,,,,,,,,,,,,,,,,,,
"2,976",TAPI RIVER NEAR BARDOLI (KAPP BRIDGE) BARDOLI,CPCB,24,Gujarat,459,Surat,BARDOLI,-,-,-,-,-,-,-,-,21.221618,73.170007,04-12-2018 08:30,,,,,,7.2,,,,,,,,8.3,,,,,,,,,,,,,,,,,,,
"2,977",TAPI RIVER NEAR BARDOLI (KAPP BRIDGE) BARDOLI,CPCB,24,Gujarat,459,Surat,BARDOLI,-,-,-,-,-,-,-,-,21.221618,73.170007,02-01-2019 08:30,,,,,,7.1,,,,,,,,7.7,,,,,,,,,,,,,,,,,,,
"2,978",TAPI RIVER NEAR BARDOLI (KAPP BRIDGE) BARDOLI,CPCB,24,Gujarat,459,Surat,BARDOLI,-,-,-,-,-,-,-,-,21.221618,73.170007,04-02-2019 08:30,,,,,,7.3,,,,,,,,8,,,,,,,,,,,,,,,,,,,
"2,979",TAPI RIVER NEAR BARDOLI (KAPP BRIDGE) BARDOLI,CPCB,24,Gujarat,459,Surat,BARDOLI,-,-,-,-,-,-,-,-,21.221618,73.170007,02-03-2019 08:30,,,,,,7.1,,,,,,,,7.7,,,,,,,,,,,,,,,,,,,
"2,980",TAPI RIVER NEAR BARDOLI (KAPP BRIDGE) BARDOLI,CPCB,24,Gujarat,459,Surat,BARDOLI,-,-,-,-,-,-,-,-,21.221618,73.170007,02-04-2019 08:30,,,,,,6.8,,,,,,,,8,,,,,,,,,,,,,,,,,,,
"2,981",TAPI RIVER NEAR BARDOLI (KAPP BRIDGE) BARDOLI,CPCB,24,Gujarat,459,Surat,BARDOLI,-,-,-,-,-,-,-,-,21.221618,73.170007,02-05-2019 08:30,,,,,,6.5,,,,,,,,7.8,,,,,,,,,,,,,,,,,,,
"2,982",TAPI RIVER NEAR BARDOLI (KAPP BRIDGE) BARDOLI,CPCB,24,Gujarat,459,Surat,BARDOLI,-,-,-,-,-,-,-,-,21.221618,73.170007,04-06-2019 08:30,,,,,,6.2,,,,,,,,7.7,,,,,,,,,,,,,,,,,,,
"2,983",TAPI RIVER NEAR BARDOLI (KAPP BRIDGE) BARDOLI,CPCB,24,Gujarat,459,Surat,BARDOLI,-,-,-,-,-,-,-,-,21.221618,73.170007,03-07-2019 08:30,,,,,,7,,,,,,,,7.7,,,,,,,,,,,,,,,,,,,
"2,984",TAPI RIVER NEAR BARDOLI (KAPP BRIDGE) BARDOLI,CPCB,24,Gujarat,459,Surat,BARDOLI,-,-,-,-,-,-,-,-,21.221618,73.170007,01-08-2019 08:30,,,,,,7.2,,,,,,,,7.1,,,,,,,,,,,,,,,,,,,
"2,985",TAPI RIVER NEAR BARDOLI (KAPP BRIDGE) BARDOLI,CPCB,24,Gujarat,459,Surat,BARDOLI,-,-,-,-,-,-,-,-,21.221618,73.170007,04-09-2019 08:30,,,,,,7.1,,,,,,,,7.6,,,,,,,,,,,,,,,,,,,
"2,986",TAPI RIVER NEAR BARDOLI (KAPP BRIDGE) BARDOLI,CPCB,24,Gujarat,459,Surat,BARDOLI,-,-,-,-,-,-,-,-,21.221618,73.170007,03-10-2019 08:30,,,,,,7.2,,,,,,,,7.6,,,,,,,,,,,,,,,,,,,
"2,987",TAPI RIVER NEAR BARDOLI (KAPP BRIDGE) BARDOLI,CPCB,24,Gujarat,459,Surat,BARDOLI,-,-,-,-,-,-,-,-,21.221618,73.170007,06-11-2019 08:30,,,,,,7.2,,,,,,,,7.3,,,,,,,,,,,,,,,,,,,
"2,988",TAPI RIVER NEAR BARDOLI (KAPP BRIDGE) BARDOLI,CPCB,24,Gujarat,459,Surat,BARDOLI,-,-,-,-,-,-,-,-,21.221618,73.170007,03-12-2019 08:30,,,,,,7.1,,,,,,,,7.9,,,,,,,,,,,,,,,,,,,
"2,989",TAPI RIVER NEAR BARDOLI (KAPP BRIDGE) BARDOLI,CPCB,24,Gujarat,459,Surat,BARDOLI,-,-,-,-,-,-,-,-,21.221618,73.170007,01-01-2020 08:30,0.56,,,,,7.2,,,,,,,,7.7,,,,,,,,,,,,,0.04,,,,,,
"2,990",TAPI RIVER NEAR BARDOLI (KAPP BRIDGE) BARDOLI,CPCB,24,Gujarat,459,Surat,BARDOLI,-,-,-,-,-,-,-,-,21.221618,73.170007,06-02-2020 08:30,0.84,,,,,7.2,,,,,,,,7.5,,,Clear,,Clear,,Clear,,Clear,,,Clear,0.06,,Clear,,Clear,,
"2,991",TAPI RIVER NEAR BARDOLI (KAPP BRIDGE) BARDOLI,CPCB,24,Gujarat,459,Surat,BARDOLI,-,-,-,-,-,-,-,-,21.221618,73.170007,03-03-2020 08:30,0.56,,,,,7,,,,,,,,7,,,Clear,,Clear,,Clear,,Clear,,,Clear,0.03,,Clear,,Clear,,
"2,992",TAPI RIVER NEAR BARDOLI (KAPP BRIDGE) BARDOLI,CPCB,24,Gujarat,459,Surat,BARDOLI,-,-,-,-,-,-,-,-,21.221618,73.170007,06-04-2020 08:30,0.56,,,,,7,,,,,,,,7.1,,,Clear,,Clear,,Clear,,Clear,,,Clear,0.02,,Clear,,Clear,,
"2,993",TAPI RIVER NEAR BARDOLI (KAPP BRIDGE) BARDOLI,CPCB,24,Gujarat,459,Surat,BARDOLI,-,-,-,-,-,-,-,-,21.221618,73.170007,11-05-2020 08:30,0.28,,,,,7,,,,,,,,7,,,Clear,,Clear,,Clear,,Clear,,,Clear,0.04,,Clear,,Clear,,
"2,994",TAPI RIVER NEAR BARDOLI (KAPP BRIDGE) BARDOLI,CPCB,24,Gujarat,459,Surat,BARDOLI,-,-,-,-,-,-,-,-,21.221618,73.170007,03-06-2020 08:30,0.56,,,,,7,,,,,,,,7.1,,,Clear,,Clear,,Clear,,Clear,,,Clear,0.05,,Clear,,Clear,,
"2,995",TAPI RIVER NEAR BARDOLI (KAPP BRIDGE) BARDOLI,CPCB,24,Gujarat,459,Surat,BARDOLI,-,-,-,-,-,-,-,-,21.221618,73.170007,07-07-2020 08:30,0.84,,,,,7,,,,,,,,7.9,,,Clear,,Clear,,Clear,,Clear,,,Clear,0.02,,Clear,,Clear,,
"2,996",TAPI RIVER NEAR BARDOLI (KAPP BRIDGE) BARDOLI,CPCB,24,Gujarat,459,Surat,BARDOLI,-,-,-,-,-,-,-,-,21.221618,73.170007,05-08-2020 08:30,0.56,,,,,6.8,,,,,,,,7.6,,,Clear,,Clear,,Clear,,Clear,,,Clear,0.05,,Clear,,Clear,,
"2,997",TAPI RIVER NEAR BARDOLI (KAPP BRIDGE) BARDOLI,CPCB,24,Gujarat,459,Surat,BARDOLI,-,-,-,-,-,-,-,-,21.221618,73.170007,02-09-2020 08:30,0.56,,,,,6.5,,,,,,,,7.3,,,Clear,,Clear,,Clear,,Clear,,,Clear,0.04,,Clear,,Clear,,
"2,998",TAPI RIVER NEAR BARDOLI (KAPP BRIDGE) BARDOLI,CPCB,24,Gujarat,459,Surat,BARDOLI,-,-,-,-,-,-,-,-,21.221618,73.170007,01-10-2020 08:30,0.28,,,,,7.4,,,,,,,,7,,,Clear,,Clear,,Clear,,Clear,,,Clear,0.07,,Clear,,Clear,,
"2,999",TAPI RIVER NEAR BARDOLI (KAPP BRIDGE) BARDOLI,CPCB,24,Gujarat,459,Surat,BARDOLI,-,-,-,-,-,-,-,-,21.221618,73.170007,02-11-2020 08:30,0.56,,,,,7.4,,,,,,,,7.5,,,Clear,,Clear,,Clear,,Clear,,,Clear,0.13,,Clear,,Clear,,
"3,000",TAPI RIVER NEAR BARDOLI (KAPP BRIDGE) BARDOLI,CPCB,24,Gujarat,459,Surat,BARDOLI,-,-,-,-,-,-,-,-,21.221618,73.170007,01-12-2020 08:30,0.28,,,,,7.2,,,,,,,,7.6,,,Clear,,Clear,,Clear,,Clear,,,Clear,0.16,,Clear,,Clear,,
"3,001",TAPPAR DAM VILLAGE TAPPAR TAL. ANJAR,CPCB,24,Gujarat,449,Kachchh,ANJAR,-,-,-,-,-,-,-,-,23.250669,70.134275,20-05-2019 08:30,,,,,,7.1,,,,,,,,7.5,,,,,,,,,,,,,,,,,,,
"3,002",TAPPAR DAM VILLAGE TAPPAR TAL. ANJAR,CPCB,24,Gujarat,449,Kachchh,ANJAR,-,-,-,-,-,-,-,-,23.250669,70.134275,08-04-2020 08:30,0.28,,,,,6,,,,,,,,7.5,,,Clear,,0.01,,0.255,,Clear,,,0.01,0.12,,0.002,,5.5,,
"3,003",THOL TANK (KALOL) (DIST. MEHASANA),CPCB,24,Gujarat,451,Mahesana,KADI,-,-,-,-,-,-,-,-,23.139908,72.393158,01-01-2018 08:30,1.06,,,,,5.7,,,,,,,,7.92,,,,,,,,,,,,,,,,,,,
"3,004",THOL TANK (KALOL) (DIST. MEHASANA),CPCB,24,Gujarat,451,Mahesana,KADI,-,-,-,-,-,-,-,-,23.139908,72.393158,01-02-2018 08:30,1.57,,,,,5.7,,,,,,,,7.84,,,,,,,,,,,,,,,,,,,
"3,005",THOL TANK (KALOL) (DIST. MEHASANA),CPCB,24,Gujarat,451,Mahesana,KADI,-,-,-,-,-,-,-,-,23.139908,72.393158,01-03-2018 08:30,2.24,,,,,2.4,,,,,,,,7.13,,,,,,,,,,,,,,,,,,,
"3,006",THOL TANK (KALOL) (DIST. MEHASANA),CPCB,24,Gujarat,451,Mahesana,KADI,-,-,-,-,-,-,-,-,23.139908,72.393158,02-04-2018 08:30,0.98,,,,,9.8,,,,,,,,7.23,,,,,,,,,,,,,,,,,7,,
"3,007",THOL TANK (KALOL) (DIST. MEHASANA),CPCB,24,Gujarat,451,Mahesana,KADI,-,-,-,-,-,-,-,-,23.139908,72.393158,02-05-2018 08:30,2.5,,,,,8.9,,,,,,,,8.02,,,,,,,,,,,,,,,,,5,,
"3,008",THOL TANK (KALOL) (DIST. MEHASANA),CPCB,24,Gujarat,451,Mahesana,KADI,-,-,-,-,-,-,-,-,23.139908,72.393158,02-06-2018 08:30,4.25,,,,,4.2,,,,,,,,7.36,,,,,,,,,,,,,,,,,10,,
"3,009",THOL TANK (KALOL) (DIST. MEHASANA),CPCB,24,Gujarat,451,Mahesana,KADI,-,-,-,-,-,-,-,-,23.139908,72.393158,02-07-2018 08:30,2.74,,,,,9,,,,,,,,7.5,,,,,,,,,,,,,,,,,12,,
"3,010",THOL TANK (KALOL) (DIST. MEHASANA),CPCB,24,Gujarat,451,Mahesana,KADI,-,-,-,-,-,-,-,-,23.139908,72.393158,01-08-2018 08:30,1.06,,,,,6.1,,,,,,,,2,,,,,,,,,,,,,,,,,11,,
"3,011",THOL TANK (KALOL) (DIST. MEHASANA),CPCB,24,Gujarat,451,Mahesana,KADI,-,-,-,-,-,-,-,-,23.139908,72.393158,01-09-2018 08:30,1.57,,,,,9.5,,,,,,,,7.51,,,,,,,,,,,,,,,,,4,,
"3,012",THOL TANK (KALOL) (DIST. MEHASANA),CPCB,24,Gujarat,451,Mahesana,KADI,-,-,-,-,-,-,-,-,23.139908,72.393158,01-10-2018 08:30,0.4,,,,,5,,,,,,,,7.85,,,,,,,,,,,,,,,,,3,,
"3,013",THOL TANK (KALOL) (DIST. MEHASANA),CPCB,24,Gujarat,451,Mahesana,KADI,-,-,-,-,-,-,-,-,23.139908,72.393158,01-11-2018 08:30,0.4,,,,,8.1,,,,,,,,8.2,,,,,,,,,,,,,,,,,3,,
"3,014",THOL TANK (KALOL) (DIST. MEHASANA),CPCB,24,Gujarat,451,Mahesana,KADI,-,-,-,-,-,-,-,-,23.139908,72.393158,01-12-2018 08:30,0.67,,,,,8.5,,,,,,,,8,,,,,,,,,,,,,,,,,,,
"3,015",THOL TANK (KALOL) (DIST. MEHASANA),CPCB,24,Gujarat,451,Mahesana,KADI,-,-,-,-,-,-,-,-,23.139908,72.393158,01-01-2019 08:30,1.6,,,,,8.6,,,,,,,,8.6,,,,,,,,,,,,,,,,,3,,
"3,016",THOL TANK (KALOL) (DIST. MEHASANA),CPCB,24,Gujarat,451,Mahesana,KADI,-,-,-,-,-,-,-,-,23.139908,72.393158,01-02-2019 08:30,1,,,,,8.7,,,,,,,,7.6,,,,,,,,,,,,,,,,,4,,
"3,017",THOL TANK (KALOL) (DIST. MEHASANA),CPCB,24,Gujarat,451,Mahesana,KADI,-,-,-,-,-,-,-,-,23.139908,72.393158,01-03-2019 08:30,2.9,,,,,,,,,,,,,7.4,,,,,,,,,,,,,,,,,6,,
"3,018",THOL TANK (KALOL) (DIST. MEHASANA),CPCB,24,Gujarat,451,Mahesana,KADI,-,-,-,-,-,-,-,-,23.139908,72.393158,01-07-2019 08:30,5.1,,,,,6.4,,,,,,,,8.3,,,,,,,,,,,,,,,,,11,,
"3,019",THOL TANK (KALOL) (DIST. MEHASANA),CPCB,24,Gujarat,451,Mahesana,KADI,-,-,-,-,-,-,-,-,23.139908,72.393158,05-08-2019 08:30,5.3,,,,,5.3,,,,,,,,7.9,,,,,,,,,,,,,,,,,10,,
"3,020",THOL TANK (KALOL) (DIST. MEHASANA),CPCB,24,Gujarat,451,Mahesana,KADI,-,-,-,-,-,-,-,-,23.139908,72.393158,04-09-2019 08:30,0.5,,,,,7.7,,,,,,,,8.3,,,,,,,,,,,,,,,,,1,,
"3,021",THOL TANK (KALOL) (DIST. MEHASANA),CPCB,24,Gujarat,451,Mahesana,KADI,-,-,-,-,-,-,-,-,23.139908,72.393158,04-10-2019 08:30,,,,,,6.1,,,,,,,,8.1,,,,,,,,,,,,,,,,,2,,
"3,022",THOL TANK (KALOL) (DIST. MEHASANA),CPCB,24,Gujarat,451,Mahesana,KADI,-,-,-,-,-,-,-,-,23.139908,72.393158,01-11-2019 08:30,1.3,,,,,5.5,,,,,,,,7.7,,,,,,,,,,,,,,,,,2,,
"3,023",THOL TANK (KALOL) (DIST. MEHASANA),CPCB,24,Gujarat,451,Mahesana,KADI,-,-,-,-,-,-,-,-,23.139908,72.393158,02-12-2019 08:30,2.1,,,,,6.9,,,,,,,,7.3,,,,,,,,,,,,,,,,,2,,
"3,024",THOL TANK (KALOL) (DIST. MEHASANA),CPCB,24,Gujarat,451,Mahesana,KADI,-,-,-,-,-,-,-,-,23.139908,72.393158,01-01-2020 08:30,2.02,,,,,6.3,,,,,,,,7.8,,,,,,,0.02,,,,,,,,,,2,,
"3,025",THOL TANK (KALOL) (DIST. MEHASANA),CPCB,24,Gujarat,451,Mahesana,KADI,-,-,-,-,-,-,-,-,23.139908,72.393158,04-02-2020 08:30,1.06,,,,,4.3,,,,,,,,7.7,,,Clear,,Clear,,Clear,,Clear,,,Clear,Clear,,Clear,,2,,
"3,026",THOL TANK (KALOL) (DIST. MEHASANA),CPCB,24,Gujarat,451,Mahesana,KADI,-,-,-,-,-,-,-,-,23.139908,72.393158,02-03-2020 08:30,1.68,,,,,6.9,,,,,,,,7.5,,,Clear,,Clear,,0.22,,Clear,,,Clear,0.11,,Clear,,2,,
"3,027",THOL TANK (KALOL) (DIST. MEHASANA),CPCB,24,Gujarat,451,Mahesana,KADI,-,-,-,-,-,-,-,-,23.139908,72.393158,01-04-2020 08:30,1.12,,,,,6.9,,,,,,,,7.2,,,Clear,,Clear,,0.83,,Clear,,,Clear,0.07,,Clear,,Clear,,
"3,028",THOL TANK (KALOL) (DIST. MEHASANA),CPCB,24,Gujarat,451,Mahesana,KADI,-,-,-,-,-,-,-,-,23.139908,72.393158,01-05-2020 08:30,0.95,,,,,8.2,,,,,,,,8.4,,,Clear,,Clear,,0.52,,Clear,,,Clear,0.06,,Clear,,Clear,,
"3,029",THOL TANK (KALOL) (DIST. MEHASANA),CPCB,24,Gujarat,451,Mahesana,KADI,-,-,-,-,-,-,-,-,23.139908,72.393158,01-06-2020 08:30,0.84,,,,,7.1,,,,,,,,7.6,,,Clear,,Clear,,0.09,,Clear,,,Clear,0.21,,Clear,,1,,
"3,030",THOL TANK (KALOL) (DIST. MEHASANA),CPCB,24,Gujarat,451,Mahesana,KADI,-,-,-,-,-,-,-,-,23.139908,72.393158,01-07-2020 08:30,0.67,,,,,5.6,,,,,,,,7.4,,,Clear,,Clear,,0.34,,Clear,,,Clear,0.04,,Clear,,1,,
"3,031",THOL TANK (KALOL) (DIST. MEHASANA),CPCB,24,Gujarat,451,Mahesana,KADI,-,-,-,-,-,-,-,-,23.139908,72.393158,05-08-2020 08:30,0.87,,,,,8.1,,,,,,,,8.1,,,Clear,,Clear,,0.255,,Clear,,,Clear,0.21,,Clear,,6.22,,
"3,032",THOL TANK (KALOL) (DIST. MEHASANA),CPCB,24,Gujarat,451,Mahesana,KADI,-,-,-,-,-,-,-,-,23.139908,72.393158,01-09-2020 08:30,1.46,,,,,5.8,,,,,,,,7.4,,,Clear,,Clear,,Clear,,Clear,,,Clear,0.06,,Clear,,Clear,,
"3,033",THOL TANK (KALOL) (DIST. MEHASANA),CPCB,24,Gujarat,451,Mahesana,KADI,-,-,-,-,-,-,-,-,23.139908,72.393158,02-11-2020 08:30,1.4,,,,,6.8,,,,,,,,7.3,,,Clear,,Clear,,Clear,,Clear,,,Clear,0.06,,Clear,,Clear,,
"3,034",THOL TANK (KALOL) (DIST. MEHASANA),CPCB,24,Gujarat,451,Mahesana,KADI,-,-,-,-,-,-,-,-,23.139908,72.393158,01-12-2020 08:30,1.17,,,,,5.8,,,,,,,,8.3,,,Clear,,Clear,,Clear,,Clear,,,Clear,0.66,,Clear,,Clear,,
"3,035",TRIVENI SANGAM NR. SOMNATH TEMPLE VERAVAL DIST. JUNAGADH.,CPCB,24,Gujarat,448,Junagadh,SUTRAPADA,-,-,-,-,-,-,-,-,20.882324,70.414066,31-01-2018 08:30,,,,,,5.6,,,,,,,,6.99,,,,,,,,,,,,,,,,,,,
"3,036",TRIVENI SANGAM NR. SOMNATH TEMPLE VERAVAL DIST. JUNAGADH.,CPCB,24,Gujarat,448,Junagadh,SUTRAPADA,-,-,-,-,-,-,-,-,20.882324,70.414066,28-02-2018 08:30,,,,,,5.8,,,,,,,,7.53,,,,,,,,,,,,,,,,,,,
"3,037",TRIVENI SANGAM NR. SOMNATH TEMPLE VERAVAL DIST. JUNAGADH.,CPCB,24,Gujarat,448,Junagadh,SUTRAPADA,-,-,-,-,-,-,-,-,20.882324,70.414066,09-03-2018 08:30,,,,,,6,,,,,,,,7.61,,,,,,,,,,,,,,,,,,,
"3,038",TRIVENI SANGAM NR. SOMNATH TEMPLE VERAVAL DIST. JUNAGADH.,CPCB,24,Gujarat,448,Junagadh,SUTRAPADA,-,-,-,-,-,-,-,-,20.882324,70.414066,15-04-2018 08:30,,,,,,4.3,,,,,,,,7.3,,,,,,,,,,,,,,,,,,,
"3,039",TRIVENI SANGAM NR. SOMNATH TEMPLE VERAVAL DIST. JUNAGADH.,CPCB,24,Gujarat,448,Junagadh,SUTRAPADA,-,-,-,-,-,-,-,-,20.882324,70.414066,02-05-2018 08:30,,,,,,3.2,,,,,,,,7.4,,,,,,,,,,,,,,,,,,,
"3,040",TRIVENI SANGAM NR. SOMNATH TEMPLE VERAVAL DIST. JUNAGADH.,CPCB,24,Gujarat,448,Junagadh,SUTRAPADA,-,-,-,-,-,-,-,-,20.882324,70.414066,08-06-2018 08:30,,,,,,5.4,,,,,,,,7.3,,,,,,,,,,,,,,,,,,,
"3,041",TRIVENI SANGAM NR. SOMNATH TEMPLE VERAVAL DIST. JUNAGADH.,CPCB,24,Gujarat,448,Junagadh,SUTRAPADA,-,-,-,-,-,-,-,-,20.882324,70.414066,21-07-2018 08:30,,,,,,6.5,,,,,,,,7.8,,,,,,,,,,,,,,,,,,,
"3,042",TRIVENI SANGAM NR. SOMNATH TEMPLE VERAVAL DIST. JUNAGADH.,CPCB,24,Gujarat,448,Junagadh,SUTRAPADA,-,-,-,-,-,-,-,-,20.882324,70.414066,08-08-2018 08:30,,,,,,6.3,,,,,,,,8.1,,,,,,,,,,,,,,,,,,,
"3,043",TRIVENI SANGAM NR. SOMNATH TEMPLE VERAVAL DIST. JUNAGADH.,CPCB,24,Gujarat,448,Junagadh,SUTRAPADA,-,-,-,-,-,-,-,-,20.882324,70.414066,12-09-2018 08:30,,,,,,5.1,,,,,,,,7.7,,,,,,,,,,,,,,,,,,,
"3,044",TRIVENI SANGAM NR. SOMNATH TEMPLE VERAVAL DIST. JUNAGADH.,CPCB,24,Gujarat,448,Junagadh,SUTRAPADA,-,-,-,-,-,-,-,-,20.882324,70.414066,01-10-2018 08:30,,,,,,5.5,,,,,,,,7.7,,,,,,,,,,,,,,,,,,,
"3,045",TRIVENI SANGAM NR. SOMNATH TEMPLE VERAVAL DIST. JUNAGADH.,CPCB,24,Gujarat,448,Junagadh,SUTRAPADA,-,-,-,-,-,-,-,-,20.882324,70.414066,03-11-2018 08:30,,,,,,5.1,,,,,,,,7.6,,,,,,,,,,,,,,,,,,,
"3,046",TRIVENI SANGAM NR. SOMNATH TEMPLE VERAVAL DIST. JUNAGADH.,CPCB,24,Gujarat,448,Junagadh,SUTRAPADA,-,-,-,-,-,-,-,-,20.882324,70.414066,28-12-2018 08:30,,,,,,6,,,,,,,,7.8,,,,,,,,,,,,,,,,,,,
"3,047",TRIVENI SANGAM NR. SOMNATH TEMPLE VERAVAL DIST. JUNAGADH.,CPCB,24,Gujarat,448,Junagadh,SUTRAPADA,-,-,-,-,-,-,-,-,20.882324,70.414066,07-01-2019 08:30,,,,,,5.8,,,,,,,,7.9,,,,,,,,,,,,,,,,,,,
"3,048",TRIVENI SANGAM NR. SOMNATH TEMPLE VERAVAL DIST. JUNAGADH.,CPCB,24,Gujarat,448,Junagadh,SUTRAPADA,-,-,-,-,-,-,-,-,20.882324,70.414066,02-02-2019 08:30,,,,,,5.7,,,,,,,,7.4,,,,,,,,,,,,,,,,,,,
"3,049",TRIVENI SANGAM NR. SOMNATH TEMPLE VERAVAL DIST. JUNAGADH.,CPCB,24,Gujarat,448,Junagadh,SUTRAPADA,-,-,-,-,-,-,-,-,20.882324,70.414066,05-03-2019 08:30,,,,,,5.5,,,,,,,,8.2,,,,,,,,,,,,,,,,,,,
"3,050",TRIVENI SANGAM NR. SOMNATH TEMPLE VERAVAL DIST. JUNAGADH.,CPCB,24,Gujarat,448,Junagadh,SUTRAPADA,-,-,-,-,-,-,-,-,20.882324,70.414066,05-04-2019 08:30,,,,,,5.6,,,,,,,,8.3,,,,,,,,,,,,,,,,,,,
"3,051",TRIVENI SANGAM NR. SOMNATH TEMPLE VERAVAL DIST. JUNAGADH.,CPCB,24,Gujarat,448,Junagadh,SUTRAPADA,-,-,-,-,-,-,-,-,20.882324,70.414066,06-05-2019 08:30,,,,,,5,,,,,,,,8.3,,,,,,,,,,,,,,,,,,,
"3,052",TRIVENI SANGAM NR. SOMNATH TEMPLE VERAVAL DIST. JUNAGADH.,CPCB,24,Gujarat,448,Junagadh,SUTRAPADA,-,-,-,-,-,-,-,-,20.882324,70.414066,04-07-2019 08:30,,,,,,5.4,,,,,,,,7.5,,,,,,,,,,,,,,,,,,,
"3,053",TRIVENI SANGAM NR. SOMNATH TEMPLE VERAVAL DIST. JUNAGADH.,CPCB,24,Gujarat,448,Junagadh,SUTRAPADA,-,-,-,-,-,-,-,-,20.882324,70.414066,03-08-2019 08:30,,,,,,5.2,,,,,,,,7.9,,,,,,,,,,,,,,,,,,,
"3,054",TRIVENI SANGAM NR. SOMNATH TEMPLE VERAVAL DIST. JUNAGADH.,CPCB,24,Gujarat,448,Junagadh,SUTRAPADA,-,-,-,-,-,-,-,-,20.882324,70.414066,03-09-2019 08:30,,,,,,5.9,,,,,,,,7.1,,,,,,,,,,,,,,,,,,,
"3,055",TRIVENI SANGAM NR. SOMNATH TEMPLE VERAVAL DIST. JUNAGADH.,CPCB,24,Gujarat,448,Junagadh,SUTRAPADA,-,-,-,-,-,-,-,-,20.882324,70.414066,05-10-2019 08:30,,,,,,6.3,,,,,,,,8.2,,,,,,,,,,,,,,,,,,,
"3,056",TRIVENI SANGAM NR. SOMNATH TEMPLE VERAVAL DIST. JUNAGADH.,CPCB,24,Gujarat,448,Junagadh,SUTRAPADA,-,-,-,-,-,-,-,-,20.882324,70.414066,07-11-2019 08:30,,,,,,5.8,,,,,,,,8,,,,,,,,,,,,,,,,,,,
"3,057",TRIVENI SANGAM NR. SOMNATH TEMPLE VERAVAL DIST. JUNAGADH.,CPCB,24,Gujarat,448,Junagadh,SUTRAPADA,-,-,-,-,-,-,-,-,20.882324,70.414066,02-12-2019 08:30,,,,,,6.5,,,,,,,,8.4,,,,,,,,,,,,,,,,,,,
"3,058",TRIVENI SANGAM NR. SOMNATH TEMPLE VERAVAL DIST. JUNAGADH.,CPCB,24,Gujarat,448,Junagadh,SUTRAPADA,-,-,-,-,-,-,-,-,20.882324,70.414066,18-01-2020 08:30,0.28,,,,,6.8,,,,,,,,7.8,,,,,,,,,,,,,0.06,,,,,,
"3,059",TRIVENI SANGAM NR. SOMNATH TEMPLE VERAVAL DIST. JUNAGADH.,CPCB,24,Gujarat,448,Junagadh,SUTRAPADA,-,-,-,-,-,-,-,-,20.882324,70.414066,10-02-2020 08:30,0.56,,,,,6,,,,,,,,8.3,,,Clear,,Clear,,Clear,,Clear,,,Clear,0.07,,Clear,,Clear,,
"3,060",TRIVENI SANGAM NR. SOMNATH TEMPLE VERAVAL DIST. JUNAGADH.,CPCB,24,Gujarat,448,Junagadh,SUTRAPADA,-,-,-,-,-,-,-,-,20.882324,70.414066,05-03-2020 08:30,0.55,,,,,6.5,,,,,,,,8.3,,,Clear,,Clear,,Clear,,Clear,,,Clear,0.07,,Clear,,Clear,,
"3,061",TRIVENI SANGAM NR. SOMNATH TEMPLE VERAVAL DIST. JUNAGADH.,CPCB,24,Gujarat,448,Junagadh,SUTRAPADA,-,-,-,-,-,-,-,-,20.882324,70.414066,08-04-2020 08:30,0.55,,,,,6.4,,,,,,,,8.4,,,Clear,,Clear,,0.158,,Clear,,,Clear,0.06,,Clear,,Clear,,
"3,062",TRIVENI SANGAM NR. SOMNATH TEMPLE VERAVAL DIST. JUNAGADH.,CPCB,24,Gujarat,448,Junagadh,SUTRAPADA,-,-,-,-,-,-,-,-,20.882324,70.414066,06-05-2020 08:30,Clear,,,,,5.9,,,,,,,,7.8,,,Clear,,Clear,,Clear,,Clear,,,Clear,0.03,,Clear,,8.63,,
"3,063",TRIVENI SANGAM NR. SOMNATH TEMPLE VERAVAL DIST. JUNAGADH.,CPCB,24,Gujarat,448,Junagadh,SUTRAPADA,-,-,-,-,-,-,-,-,20.882324,70.414066,05-06-2020 08:30,Clear,,,,,5.6,,,,,,,,7.8,,,Clear,,Clear,,Clear,,Clear,,,Clear,0.04,,Clear,,63,,
"3,064",TRIVENI SANGAM NR. SOMNATH TEMPLE VERAVAL DIST. JUNAGADH.,CPCB,24,Gujarat,448,Junagadh,SUTRAPADA,-,-,-,-,-,-,-,-,20.882324,70.414066,01-07-2020 08:30,Clear,,,,,5,,,,,,,,7.7,,,Clear,,Clear,,Clear,,Clear,,,Clear,0.05,,Clear,,14.07,,
"3,065",TRIVENI SANGAM NR. SOMNATH TEMPLE VERAVAL DIST. JUNAGADH.,CPCB,24,Gujarat,448,Junagadh,SUTRAPADA,-,-,-,-,-,-,-,-,20.882324,70.414066,04-08-2020 08:30,Clear,,,,,6.9,,,,,,,,8.4,,,Clear,,Clear,,Clear,,Clear,,,Clear,0.6,,Clear,,1,,
"3,066",TRIVENI SANGAM NR. SOMNATH TEMPLE VERAVAL DIST. JUNAGADH.,CPCB,24,Gujarat,448,Junagadh,SUTRAPADA,-,-,-,-,-,-,-,-,20.882324,70.414066,03-09-2020 08:30,Clear,,,,,7.2,,,,,,,,8.1,,,Clear,,Clear,,Clear,,Clear,,,Clear,0.05,,Clear,,0.96,,
"3,067",TRIVENI SANGAM NR. SOMNATH TEMPLE VERAVAL DIST. JUNAGADH.,CPCB,24,Gujarat,448,Junagadh,SUTRAPADA,-,-,-,-,-,-,-,-,20.882324,70.414066,07-10-2020 08:30,Clear,,,,,5.7,,,,,,,,8.2,,,Clear,,Clear,,Clear,,Clear,,,Clear,0.05,,Clear,,1.65,,
"3,068",TRIVENI SANGAM NR. SOMNATH TEMPLE VERAVAL DIST. JUNAGADH.,CPCB,24,Gujarat,448,Junagadh,SUTRAPADA,-,-,-,-,-,-,-,-,20.882324,70.414066,02-11-2020 08:30,Clear,,,,,5.6,,,,,,,,7.6,,,Clear,,Clear,,Clear,,Clear,,,Clear,0.07,,Clear,,1.24,,
"3,069",TRIVENI SANGAM NR. SOMNATH TEMPLE VERAVAL DIST. JUNAGADH.,CPCB,24,Gujarat,448,Junagadh,SUTRAPADA,-,-,-,-,-,-,-,-,20.882324,70.414066,02-12-2020 08:30,0.28,,,,,6.7,,,,,,,,7.9,,,Clear,,Clear,,Clear,,Clear,,,Clear,0.8,,Clear,,5.51,,
"3,070",VADODARA (INDUSTRIAL-NANDESARI),CPCB,24,Gujarat,461,Vadodara,VADODARA,-,-,-,-,-,-,-,-,22.307158,73.181219,07-04-2018 08:30,,,,,1100,,2418,,,,,,,7.31,,,,400,,,0.12,148.2,,141.05,,,,,,,,,
"3,071",VADODARA (INDUSTRIAL-NANDESARI),CPCB,24,Gujarat,461,Vadodara,VADODARA,-,-,-,-,-,-,-,-,22.307158,73.181219,05-10-2018 08:30,,,,,960,,2190,,,,,,,7.06,,,,330,,,0.38,156.3,,158.08,,,0.6,,,,,,
"3,072",VADODARA (INDUSTRIAL-NANDESARI),CPCB,24,Gujarat,461,Vadodara,VADODARA,-,-,-,-,-,-,-,-,22.307158,73.181219,03-04-2019 08:30,,,,,1300,,3036,,,,,,,7.4,,,0.01,480,0.02,0.06,0.4,400.8,,48.6,,,0.68,,,0.01,,,
"3,073",VADODARA (INDUSTRIAL-NANDESARI),CPCB,24,Gujarat,461,Vadodara,VADODARA,-,-,-,-,-,-,-,-,22.307158,73.181219,07-10-2019 08:30,,,,,1000,,2364,,,,,,,7,,,,412,,,0.25,208.4,,128.9,,,0.32,,,,,,
"3,074",VADODARA (INDUSTRIAL-NANDESARI),CPCB,24,Gujarat,461,Vadodara,VADODARA,-,-,-,-,-,-,-,-,22.307158,73.181219,03-04-2020 08:30,0.56,,,,,1.9,,,,,,,,6.6,,,Light Brown,,Light Brown,,0.33,,Light Brown,,,Light Brown,0.46,,Light Brown,,Light Brown,,
"3,075",VADODARA (INDUSTRIAL-NANDESARI),CPCB,24,Gujarat,461,Vadodara,VADODARA,-,-,-,-,-,-,-,-,22.307158,73.181219,01-10-2020 08:30,Clear,,,,,3.7,,,,,,,,6.9,,,Clear,,Clear,,Clear,,Clear,,,Clear,0.46,,Clear,,Clear,,
"3,076",VANDKHADI AT VILLAGE UMARWADA TA ANKLESHWAR BHARUCH,CPCB,24,Gujarat,442,Bharuch,ANKLESVAR,-,-,-,-,-,-,-,-,21.628255,73.016715,03-01-2018 08:30,,,,,,6.6,,,,,,,,7.82,,,,,,,,,,,,,,,,,,,
"3,077",VANDKHADI AT VILLAGE UMARWADA TA ANKLESHWAR BHARUCH,CPCB,24,Gujarat,442,Bharuch,ANKLESVAR,-,-,-,-,-,-,-,-,21.628255,73.016715,01-02-2018 08:30,,,,,,,,,,,,,,7.7,,,,,,,,,,,,,,,,,,,
"3,078",VANDKHADI AT VILLAGE UMARWADA TA ANKLESHWAR BHARUCH,CPCB,24,Gujarat,442,Bharuch,ANKLESVAR,-,-,-,-,-,-,-,-,21.628255,73.016715,03-03-2018 08:30,,,,,,4.6,,,,,,,,7.35,,,,,,,,,,,,,,,,,,,
"3,079",VANDKHADI AT VILLAGE UMARWADA TA ANKLESHWAR BHARUCH,CPCB,24,Gujarat,442,Bharuch,ANKLESVAR,-,-,-,-,-,-,-,-,21.628255,73.016715,03-04-2018 08:30,,,,,,2.1,,,,,,,,7.45,,,,,,,,,,,,,,,,,,,
"3,080",VANDKHADI AT VILLAGE UMARWADA TA ANKLESHWAR BHARUCH,CPCB,24,Gujarat,442,Bharuch,ANKLESVAR,-,-,-,-,-,-,-,-,21.628255,73.016715,03-05-2018 08:30,,,,,,1.4,,,,,,,,7.32,,,,,,,,,,,,,,,,,,,
"3,081",VANDKHADI AT VILLAGE UMARWADA TA ANKLESHWAR BHARUCH,CPCB,24,Gujarat,442,Bharuch,ANKLESVAR,-,-,-,-,-,-,-,-,21.628255,73.016715,01-06-2018 08:30,,,,,,2.9,,,,,,,,8.14,,,,,,,,,,,,,,,,,,,
"3,082",VANDKHADI AT VILLAGE UMARWADA TA ANKLESHWAR BHARUCH,CPCB,24,Gujarat,442,Bharuch,ANKLESVAR,-,-,-,-,-,-,-,-,21.628255,73.016715,02-07-2018 08:30,,,,,,,,,,,,,,6.43,,,,,,,,,,,,,,,,,,,
"3,083",VANDKHADI AT VILLAGE UMARWADA TA ANKLESHWAR BHARUCH,CPCB,24,Gujarat,442,Bharuch,ANKLESVAR,-,-,-,-,-,-,-,-,21.628255,73.016715,03-08-2018 08:30,,,,,,,,,,,,,,7.01,,,,,,,,,,,,,,,,,,,
"3,084",VANDKHADI AT VILLAGE UMARWADA TA ANKLESHWAR BHARUCH,CPCB,24,Gujarat,442,Bharuch,ANKLESVAR,-,-,-,-,-,-,-,-,21.628255,73.016715,01-09-2018 08:30,,,,,,0.7,,,,,,,,6.4,,,,,,,,,,,,,,,,,,,
"3,085",VANDKHADI AT VILLAGE UMARWADA TA ANKLESHWAR BHARUCH,CPCB,24,Gujarat,442,Bharuch,ANKLESVAR,-,-,-,-,-,-,-,-,21.628255,73.016715,01-10-2018 08:30,,,,,,,,,,,,,,7.4,,,,,,,,,,,,,,,,,,,
"3,086",VANDKHADI AT VILLAGE UMARWADA TA ANKLESHWAR BHARUCH,CPCB,24,Gujarat,442,Bharuch,ANKLESVAR,-,-,-,-,-,-,-,-,21.628255,73.016715,01-11-2018 08:30,,,,,,3.9,,,,,,,,7.4,,,,,,,,,,,,,,,,,,,
"3,087",VANDKHADI AT VILLAGE UMARWADA TA ANKLESHWAR BHARUCH,CPCB,24,Gujarat,442,Bharuch,ANKLESVAR,-,-,-,-,-,-,-,-,21.628255,73.016715,01-12-2018 08:30,,,,,,,,,,,,,,6.6,,,,,,,,,,,,,,,,,,,
"3,088",VANDKHADI AT VILLAGE UMARWADA TA ANKLESHWAR BHARUCH,CPCB,24,Gujarat,442,Bharuch,ANKLESVAR,-,-,-,-,-,-,-,-,21.628255,73.016715,01-01-2019 08:30,,,,,,4.1,,,,,,,,7.5,,,,,,,,,,,,,,,,,,,
"3,089",VANDKHADI AT VILLAGE UMARWADA TA ANKLESHWAR BHARUCH,CPCB,24,Gujarat,442,Bharuch,ANKLESVAR,-,-,-,-,-,-,-,-,21.628255,73.016715,02-02-2019 08:30,,,,,,3.7,,,,,,,,7.7,,,,,,,,,,,,,,,,,,,
"3,090",VANDKHADI AT VILLAGE UMARWADA TA ANKLESHWAR BHARUCH,CPCB,24,Gujarat,442,Bharuch,ANKLESVAR,-,-,-,-,-,-,-,-,21.628255,73.016715,01-03-2019 08:30,,,,,,3.6,,,,,,,,7.2,,,,,,,,,,,,,,,,,,,
"3,091",VANDKHADI AT VILLAGE UMARWADA TA ANKLESHWAR BHARUCH,CPCB,24,Gujarat,442,Bharuch,ANKLESVAR,-,-,-,-,-,-,-,-,21.628255,73.016715,01-05-2019 08:30,,,,,,2.7,,,,,,,,7.5,,,,,,,,,,,,,,,,,,,
"3,092",VANDKHADI AT VILLAGE UMARWADA TA ANKLESHWAR BHARUCH,CPCB,24,Gujarat,442,Bharuch,ANKLESVAR,-,-,-,-,-,-,-,-,21.628255,73.016715,01-06-2019 08:30,,,,,,,,,,,,,,7.3,,,,,,,,,,,,,,,,,,,
"3,093",VANDKHADI AT VILLAGE UMARWADA TA ANKLESHWAR BHARUCH,CPCB,24,Gujarat,442,Bharuch,ANKLESVAR,-,-,-,-,-,-,-,-,21.628255,73.016715,02-07-2019 08:30,,,,,,,,,,,,,,6.9,,,,,,,,,,,,,,,,,,,
"3,094",VANDKHADI AT VILLAGE UMARWADA TA ANKLESHWAR BHARUCH,CPCB,24,Gujarat,442,Bharuch,ANKLESVAR,-,-,-,-,-,-,-,-,21.628255,73.016715,02-08-2019 08:30,,,,,,2.7,,,,,,,,7.2,,,,,,,,,,,,,,,,,,,
"3,095",VANDKHADI AT VILLAGE UMARWADA TA ANKLESHWAR BHARUCH,CPCB,24,Gujarat,442,Bharuch,ANKLESVAR,-,-,-,-,-,-,-,-,21.628255,73.016715,03-09-2019 08:30,,,,,,1.2,,,,,,,,7.2,,,,,,,,,,,,,,,,,,,
"3,096",VANDKHADI AT VILLAGE UMARWADA TA ANKLESHWAR BHARUCH,CPCB,24,Gujarat,442,Bharuch,ANKLESVAR,-,-,-,-,-,-,-,-,21.628255,73.016715,03-10-2019 08:30,,,,,,2.2,,,,,,,,7.1,,,,,0.0004,,,,0.001,,,,,,0.1,,,,
"3,097",VANDKHADI AT VILLAGE UMARWADA TA ANKLESHWAR BHARUCH,CPCB,24,Gujarat,442,Bharuch,ANKLESVAR,-,-,-,-,-,-,-,-,21.628255,73.016715,01-11-2019 08:30,,,,,,2.4,,,,,,,,6.7,,,,,,,,,,,,,,,,,,,
"3,098",VANDKHADI AT VILLAGE UMARWADA TA ANKLESHWAR BHARUCH,CPCB,24,Gujarat,442,Bharuch,ANKLESVAR,-,-,-,-,-,-,-,-,21.628255,73.016715,03-12-2019 08:30,,,,,,6.5,,,,,,,,7.4,,,,,,,,,,,,,,,,,,,
"3,099",VANDKHADI AT VILLAGE UMARWADA TA ANKLESHWAR BHARUCH,CPCB,24,Gujarat,442,Bharuch,ANKLESVAR,-,-,-,-,-,-,-,-,21.628255,73.016715,01-01-2020 08:30,6.89,,,,,4.9,,,,,,,,7.7,,,,,,,,,,,,,0.12,,,,,,
"3,100",VANDKHADI AT VILLAGE UMARWADA TA ANKLESHWAR BHARUCH,CPCB,24,Gujarat,442,Bharuch,ANKLESVAR,-,-,-,-,-,-,-,-,21.628255,73.016715,01-02-2020 08:30,12.04,,,,,2.7,,,,,,,,7.5,,,Other,,Other,,Other,,Other,,,Other,0.18,,Other,,Other,,
"3,101",VANDKHADI AT VILLAGE UMARWADA TA ANKLESHWAR BHARUCH,CPCB,24,Gujarat,442,Bharuch,ANKLESVAR,-,-,-,-,-,-,-,-,21.628255,73.016715,03-03-2020 08:30,9.63,,,,,Other,,,,,,,,7.5,,,Other,,Other,,Other,,Other,,,Other,0.16,,Other,,Other,,
"3,102",VANDKHADI AT VILLAGE UMARWADA TA ANKLESHWAR BHARUCH,CPCB,24,Gujarat,442,Bharuch,ANKLESVAR,-,-,-,-,-,-,-,-,21.628255,73.016715,08-04-2020 08:30,Other,,,,,1.9,,,,,,,,7.7,,,Other,,0.015,,1.829,,Other,,,Other,0.15,,Other,,Other,,
"3,103",VANDKHADI AT VILLAGE UMARWADA TA ANKLESHWAR BHARUCH,CPCB,24,Gujarat,442,Bharuch,ANKLESVAR,-,-,-,-,-,-,-,-,21.628255,73.016715,01-05-2020 08:30,Other,,,,,5.1,,,,,,,,7.5,,,Other,,Other,,Other,,Other,,,Other,0.2,,Other,,Other,,
"3,104",VANDKHADI AT VILLAGE UMARWADA TA ANKLESHWAR BHARUCH,CPCB,24,Gujarat,442,Bharuch,ANKLESVAR,-,-,-,-,-,-,-,-,21.628255,73.016715,01-06-2020 08:30,3.86,,,,,2.5,,,,,,,,7.6,,,Clear,,Clear,,Clear,,Clear,,,Clear,0.23,,Clear,,Clear,,
"3,105",VANDKHADI AT VILLAGE UMARWADA TA ANKLESHWAR BHARUCH,CPCB,24,Gujarat,442,Bharuch,ANKLESVAR,-,-,-,-,-,-,-,-,21.628255,73.016715,01-07-2020 08:30,7.95,,,,,2.4,,,,,,,,8.2,,,Other,,Other,,Other,,Other,,,Other,0.34,,Other,,Other,,
"3,106",VANDKHADI AT VILLAGE UMARWADA TA ANKLESHWAR BHARUCH,CPCB,24,Gujarat,442,Bharuch,ANKLESVAR,-,-,-,-,-,-,-,-,21.628255,73.016715,21-08-2020 08:30,26.88,,,,,1.9,,,,,,,,7.6,,,Other,,Other,,Other,,Other,,,Other,0.07,,Other,,Other,,
"3,107",VANDKHADI AT VILLAGE UMARWADA TA ANKLESHWAR BHARUCH,CPCB,24,Gujarat,442,Bharuch,ANKLESVAR,-,-,-,-,-,-,-,-,21.628255,73.016715,03-09-2020 08:30,2.8,,,,,2,,,,,,,,7.4,,,Other,,Other,,Other,,Other,,,Other,0.08,,Other,,Other,,
"3,108",VANDKHADI AT VILLAGE UMARWADA TA ANKLESHWAR BHARUCH,CPCB,24,Gujarat,442,Bharuch,ANKLESVAR,-,-,-,-,-,-,-,-,21.628255,73.016715,03-10-2020 08:30,2.24,,,,,1.9,,,,,,,,7.4,,,Other,,Other,,1.325,,Other,,,Other,0.25,,Other,,Other,,
"3,109",VANDKHADI AT VILLAGE UMARWADA TA ANKLESHWAR BHARUCH,CPCB,24,Gujarat,442,Bharuch,ANKLESVAR,-,-,-,-,-,-,-,-,21.628255,73.016715,02-11-2020 08:30,2.8,,,,,5.9,,,,,,,,7.6,,,Clear,,Clear,,Clear,,Clear,,,Clear,2.5,,Clear,,Clear,,
"3,110",VANDKHADI AT VILLAGE UMARWADA TA ANKLESHWAR BHARUCH,CPCB,24,Gujarat,442,Bharuch,ANKLESVAR,-,-,-,-,-,-,-,-,21.628255,73.016715,01-12-2020 08:30,1.68,,,,,6.2,,,,,,,,7.3,,,Clear,,Clear,,Clear,,Clear,,,Clear,Clear,,Clear,,Clear,,
"3,111",VAPI INDUSTRIAL AREA IN D/S VAPI,CPCB,24,Gujarat,462,Valsad,PARDI,-,-,-,-,-,-,-,-,20.365136,72.922025,04-04-2018 08:30,,,,,174,,421,,,,,,,7.75,,,,369,,,,19.24,,,,,,,,,,,
"3,112",VAPI INDUSTRIAL AREA IN D/S VAPI,CPCB,24,Gujarat,462,Valsad,PARDI,-,-,-,-,-,-,-,-,20.365136,72.922025,05-10-2018 08:30,,,,,375,,1034,,,,,,,7.26,,,,545.6,,,0.8,44.09,,41.19,,,,,,0.61,,,
"3,113",VAPI INDUSTRIAL AREA IN D/S VAPI,CPCB,24,Gujarat,462,Valsad,PARDI,-,-,-,-,-,-,-,-,20.365136,72.922025,04-04-2019 08:30,,,,,87,,296,,,,,,,7.8,,,0.01,230,0.002,0.02,0.3,12,,21.8,,,,0.02,,0.1,,,
"3,114",VAPI INDUSTRIAL AREA IN D/S VAPI,CPCB,24,Gujarat,462,Valsad,PARDI,-,-,-,-,-,-,-,-,20.365136,72.922025,03-10-2019 08:30,,,,,83,,296,,,,,,,7.9,,,,,,,,16.1,,12.1,,,0.34,,,,,,
"3,115",VAPI INDUSTRIAL AREA IN D/S VAPI,CPCB,24,Gujarat,462,Valsad,PARDI,-,-,-,-,-,-,-,-,20.365136,72.922025,09-04-2020 08:30,0.23,,,,,4.4,,,,,,,,7.3,,,Clear,,Clear,,0.1,,Clear,,,Clear,0.28,,Clear,,Clear,,
"3,116",VAPI INDUSTRIAL AREA IN D/S VAPI,CPCB,24,Gujarat,462,Valsad,PARDI,-,-,-,-,-,-,-,-,20.365136,72.922025,01-10-2020 08:30,0.28,,,,,6.1,,,,,,,,7.9,,,Clear,,Clear,,0.426,,Clear,,,Clear,0.48,,Clear,,Clear,,
"3,117",VAPI WEIR VAPI DAMAN,CPCB,24,Gujarat,462,Valsad,PARDI,-,-,-,-,-,-,-,-,20.341709,72.910953,30-01-2018 08:30,,,,,,6,,,,,,,,8.24,,,,,,,,,,,,,,,,,,,
"3,118",VAPI WEIR VAPI DAMAN,CPCB,24,Gujarat,462,Valsad,PARDI,-,-,-,-,-,-,-,-,20.341709,72.910953,25-02-2018 08:30,,,,,,5.8,,,,,,,,8.16,,,,,,,,,,,,,,,,,,,
"3,119",VAPI WEIR VAPI DAMAN,CPCB,24,Gujarat,462,Valsad,PARDI,-,-,-,-,-,-,-,-,20.341709,72.910953,25-03-2018 08:30,,,,,,5.4,,,,,,,,7.56,,,,,,,,,,,,,,,,,,,
"3,120",VAPI WEIR VAPI DAMAN,CPCB,24,Gujarat,462,Valsad,PARDI,-,-,-,-,-,-,-,-,20.341709,72.910953,26-04-2018 08:30,,,,,,4.9,,,,,,,,7.42,,,,,,,,,,,,,,,,,,,
"3,121",VAPI WEIR VAPI DAMAN,CPCB,24,Gujarat,462,Valsad,PARDI,-,-,-,-,-,-,-,-,20.341709,72.910953,24-05-2018 08:30,,,,,,5.9,,,,,,,,7.89,,,,,,,,,,,,,,,,,,,
"3,122",VAPI WEIR VAPI DAMAN,CPCB,24,Gujarat,462,Valsad,PARDI,-,-,-,-,-,-,-,-,20.341709,72.910953,06-06-2018 08:30,,,,,,5.7,,,,,,,,7.12,,,,,,,,,,,,,,,,,,,
"3,123",VAPI WEIR VAPI DAMAN,CPCB,24,Gujarat,462,Valsad,PARDI,-,-,-,-,-,-,-,-,20.341709,72.910953,03-07-2018 08:30,,,,,,6.1,,,,,,,,8.35,,,,,,,,,,,,,,,,,,,
"3,124",VAPI WEIR VAPI DAMAN,CPCB,24,Gujarat,462,Valsad,PARDI,-,-,-,-,-,-,-,-,20.341709,72.910953,03-08-2018 08:30,,,,,,6.2,,,,,,,,8.07,,,,,,,,,,,,,,,,,,,
"3,125",VAPI WEIR VAPI DAMAN,CPCB,24,Gujarat,462,Valsad,PARDI,-,-,-,-,-,-,-,-,20.341709,72.910953,12-09-2018 08:30,,,,,,6.2,,,,,,,,8.28,,,,,,,,,,,,,,,,,,,
"3,126",VAPI WEIR VAPI DAMAN,CPCB,24,Gujarat,462,Valsad,PARDI,-,-,-,-,-,-,-,-,20.341709,72.910953,15-10-2018 08:30,,,,,,5.6,,,,,,,,7.9,,,,,,,,,,,,,,,,,,,
"3,127",VAPI WEIR VAPI DAMAN,CPCB,24,Gujarat,462,Valsad,PARDI,-,-,-,-,-,-,-,-,20.341709,72.910953,16-11-2018 08:30,,,,,,5.9,,,,,,,,7.39,,,,,,,,,,,,,,,,,,,
"3,128",VAPI WEIR VAPI DAMAN,CPCB,24,Gujarat,462,Valsad,PARDI,-,-,-,-,-,-,-,-,20.341709,72.910953,14-12-2018 08:30,,,,,,6.5,,,,,,,,8.1,,,,,,,,,,,,,,,,,,,
"3,129",VAPI WEIR VAPI DAMAN,CPCB,24,Gujarat,462,Valsad,PARDI,-,-,-,-,-,-,-,-,20.341709,72.910953,23-01-2019 08:30,,,,,,6.8,,,,,,,,7.8,,,,,,,,,,,,,,,,,,,
"3,130",VAPI WEIR VAPI DAMAN,CPCB,24,Gujarat,462,Valsad,PARDI,-,-,-,-,-,-,-,-,20.341709,72.910953,22-02-2019 08:30,,,,,,6.9,,,,,,,,7.7,,,,,,,,,,,,,,,,,,,
"3,131",VAPI WEIR VAPI DAMAN,CPCB,24,Gujarat,462,Valsad,PARDI,-,-,-,-,-,-,-,-,20.341709,72.910953,25-03-2019 08:30,,,,,,6.4,,,,,,,,8.4,,,,,,,,,,,,,,,,,,,
"3,132",VAPI WEIR VAPI DAMAN,CPCB,24,Gujarat,462,Valsad,PARDI,-,-,-,-,-,-,-,-,20.341709,72.910953,12-04-2019 08:30,,,,,,6,,,,,,,,8.2,,,,,,,,,,,,,,,,,,,
"3,133",VAPI WEIR VAPI DAMAN,CPCB,24,Gujarat,462,Valsad,PARDI,-,-,-,-,-,-,-,-,20.341709,72.910953,17-05-2019 08:30,,,,,,6.5,,,,,,,,7.4,,,,,,,,,,,,,,,,,,,
"3,134",VAPI WEIR VAPI DAMAN,CPCB,24,Gujarat,462,Valsad,PARDI,-,-,-,-,-,-,-,-,20.341709,72.910953,18-07-2019 08:30,,,,,,6.3,,,,,,,,7.5,,,,,,,,,,,,,,,,,,,
"3,135",VAPI WEIR VAPI DAMAN,CPCB,24,Gujarat,462,Valsad,PARDI,-,-,-,-,-,-,-,-,20.341709,72.910953,21-08-2019 08:30,,,,,,6.5,,,,,,,,7.8,,,,,,,,,,,,,,,,,,,
"3,136",VAPI WEIR VAPI DAMAN,CPCB,24,Gujarat,462,Valsad,PARDI,-,-,-,-,-,-,-,-,20.341709,72.910953,25-09-2019 08:30,,,,,,6.1,,,,,,,,7.8,,,,,,,,,,,,,,,,,,,
"3,137",VAPI WEIR VAPI DAMAN,CPCB,24,Gujarat,462,Valsad,PARDI,-,-,-,-,-,-,-,-,20.341709,72.910953,18-10-2019 08:30,,,,,,6,,,,,,,,7.7,,,,,,,,,,,,,,,,,,,
"3,138",VAPI WEIR VAPI DAMAN,CPCB,24,Gujarat,462,Valsad,PARDI,-,-,-,-,-,-,-,-,20.341709,72.910953,13-11-2019 08:30,,,,,,4.1,,,,,,,,8.4,,,,,,,,,,,,,,,,,,,
"3,139",VAPI WEIR VAPI DAMAN,CPCB,24,Gujarat,462,Valsad,PARDI,-,-,-,-,-,-,-,-,20.341709,72.910953,17-12-2019 08:30,,,,,,6.4,,,,,,,,8.6,,,,,,,,,,,,,,,,,,,
"3,140",VAPI WEIR VAPI DAMAN,CPCB,24,Gujarat,462,Valsad,PARDI,-,-,-,-,-,-,-,-,20.341709,72.910953,29-01-2020 08:30,,,,,,5.9,,,,,,,,8.1,,,,,,,0.145,,,,,,0.2,,,,,,
"3,141",VAPI WEIR VAPI DAMAN,CPCB,24,Gujarat,462,Valsad,PARDI,-,-,-,-,-,-,-,-,20.341709,72.910953,12-02-2020 08:30,Clear,,,,,6.5,,,,,,,,7.8,,,Clear,,Clear,,Clear,,Clear,,,Clear,0.1,,Clear,,Clear,,
"3,142",VAPI WEIR VAPI DAMAN,CPCB,24,Gujarat,462,Valsad,PARDI,-,-,-,-,-,-,-,-,20.341709,72.910953,20-03-2020 08:30,Clear,,,,,6.2,,,,,,,,7.9,,,Clear,,Clear,,0.124,,Clear,,,Clear,0.1,,Clear,,Clear,,
"3,143",VAPI WEIR VAPI DAMAN,CPCB,24,Gujarat,462,Valsad,PARDI,-,-,-,-,-,-,-,-,20.341709,72.910953,14-04-2020 08:30,Clear,,,,,5.9,,,,,,,,7.9,,,Clear,,Clear,,Clear,,Clear,,,Clear,0.2,,Clear,,Clear,,
"3,144",VAPI WEIR VAPI DAMAN,CPCB,24,Gujarat,462,Valsad,PARDI,-,-,-,-,-,-,-,-,20.341709,72.910953,07-05-2020 08:30,Clear,,,,,6.5,,,,,,,,8.1,,,Clear,,Clear,,Clear,,Clear,,,Clear,0.2,,Clear,,Clear,,
"3,145",VAPI WEIR VAPI DAMAN,CPCB,24,Gujarat,462,Valsad,PARDI,-,-,-,-,-,-,-,-,20.341709,72.910953,24-06-2020 08:30,Clear,,,,,4.4,,,,,,,,8.1,,,Clear,,Clear,,Clear,,Clear,,,Clear,0.4,,Clear,,Clear,,
"3,146",VAPI WEIR VAPI DAMAN,CPCB,24,Gujarat,462,Valsad,PARDI,-,-,-,-,-,-,-,-,20.341709,72.910953,28-07-2020 08:30,Clear,,,,,5.1,,,,,,,,7.2,,,Clear,,Clear,,0.224,,Clear,,,Clear,0.5,,Clear,,Clear,,
"3,147",VAPI WEIR VAPI DAMAN,CPCB,24,Gujarat,462,Valsad,PARDI,-,-,-,-,-,-,-,-,20.341709,72.910953,26-08-2020 08:30,Clear,,,,,6.8,,,,,,,,7.8,,,Clear,,Clear,,0.777,,Clear,,,Clear,0.1,,Clear,,Clear,,
"3,148",VAPI WEIR VAPI DAMAN,CPCB,24,Gujarat,462,Valsad,PARDI,-,-,-,-,-,-,-,-,20.341709,72.910953,21-09-2020 08:30,Clear,,,,,6.5,,,,,,,,7.6,,,Clear,,Clear,,0.245,,Clear,,,Clear,0.3,,Clear,,Clear,,
"3,149",VAPI WEIR VAPI DAMAN,CPCB,24,Gujarat,462,Valsad,PARDI,-,-,-,-,-,-,-,-,20.341709,72.910953,13-10-2020 08:30,Clear,,,,,6.8,,,,,,,,7.9,,,Clear,,Clear,,1.119,,Clear,,,Clear,0.1,,Clear,,Clear,,
"3,150",VAPI WEIR VAPI DAMAN,CPCB,24,Gujarat,462,Valsad,PARDI,-,-,-,-,-,-,-,-,20.341709,72.910953,24-11-2020 08:30,4.2,,,,,6.7,,,,,,,,8.3,,,Clear,,Clear,,0.596,,Clear,,,Clear,0.1,,Clear,,Clear,,
"3,151",VHERAIMATA TALAV AT ANAND,CPCB,24,Gujarat,440,Anand,ANAND,-,-,-,-,-,-,-,-,22.554542,72.954764,06-07-2018 08:30,1.12,,,,,2.1,,,,,,,,7.81,,,,,,,,,,,,,,,,,,,
"3,152",VHERAIMATA TALAV AT ANAND,CPCB,24,Gujarat,440,Anand,ANAND,-,-,-,-,-,-,-,-,22.554542,72.954764,01-08-2018 08:30,0.4,,,,,3.4,,,,,,,,7.65,,,,,,,,,,,,,,,,,,,
"3,153",VHERAIMATA TALAV AT ANAND,CPCB,24,Gujarat,440,Anand,ANAND,-,-,-,-,-,-,-,-,22.554542,72.954764,04-09-2018 08:30,0.56,,,,,8.5,,,,,,,,8.5,,,,,,,,,,,,,,,,,,,
"3,154",VHERAIMATA TALAV AT ANAND,CPCB,24,Gujarat,440,Anand,ANAND,-,-,-,-,-,-,-,-,22.554542,72.954764,01-10-2018 08:30,1.68,,,,,2.1,,,,,,,,8.5,,,,,,,,,,,,,,,,,,,
"3,155",VHERAIMATA TALAV AT ANAND,CPCB,24,Gujarat,440,Anand,ANAND,-,-,-,-,-,-,-,-,22.554542,72.954764,02-11-2018 08:30,0.4,,,,,2.3,,,,,,,,8.38,,,,,,,,,,,,,,,,,,,
"3,156",VHERAIMATA TALAV AT ANAND,CPCB,24,Gujarat,440,Anand,ANAND,-,-,-,-,-,-,-,-,22.554542,72.954764,06-08-2019 08:30,0.6,,,,,6.6,,,,,,,,7.5,,,,,,,,,,,,,,,,,,,
"3,157",VHERAIMATA TALAV AT ANAND,CPCB,24,Gujarat,440,Anand,ANAND,-,-,-,-,-,-,-,-,22.554542,72.954764,06-09-2019 08:30,0.6,,,,,7.1,,,,,,,,6.5,,,,,,,,,,,,,,,,,,,
"3,158",VHERAIMATA TALAV AT ANAND,CPCB,24,Gujarat,440,Anand,ANAND,-,-,-,-,-,-,-,-,22.554542,72.954764,05-10-2019 08:30,0.6,,,,,3.9,,,,,,,,7.2,,,,,,,,,,,,,,,,,,,
"3,159",VHERAIMATA TALAV AT ANAND,CPCB,24,Gujarat,440,Anand,ANAND,-,-,-,-,-,-,-,-,22.554542,72.954764,02-11-2019 08:30,0.6,,,,,,,,,,,,,8.2,,,,,,,,,,,,,,,,,,,
"3,160",VHERAIMATA TALAV AT ANAND,CPCB,24,Gujarat,440,Anand,ANAND,-,-,-,-,-,-,-,-,22.554542,72.954764,04-01-2020 08:30,,,,,,,,,,,,,,,,,,,,,,,,,,,,,,,,,
"3,161",VHERAIMATA TALAV AT ANAND,CPCB,24,Gujarat,440,Anand,ANAND,-,-,-,-,-,-,-,-,22.554542,72.954764,03-02-2020 08:30,Other,,,,,Other,,,,,,,,Other,,,Other,,Other,,Other,,Other,,,Other,Other,,Other,,Other,,
"3,162",VHERAIMATA TALAV AT ANAND,CPCB,24,Gujarat,440,Anand,ANAND,-,-,-,-,-,-,-,-,22.554542,72.954764,03-03-2020 08:30,Other,,,,,Other,,,,,,,,Other,,,Other,,Other,,Other,,Other,,,Other,Other,,Other,,Other,,
"3,163",VHERAIMATA TALAV AT ANAND,CPCB,24,Gujarat,440,Anand,ANAND,-,-,-,-,-,-,-,-,22.554542,72.954764,07-04-2020 08:30,Other,,,,,Other,,,,,,,,Other,,,Other,,Other,,Other,,Other,,,Other,Other,,Other,,Other,,
"3,164",VHERAIMATA TALAV AT ANAND,CPCB,24,Gujarat,440,Anand,ANAND,-,-,-,-,-,-,-,-,22.554542,72.954764,05-05-2020 08:30,,,,,,,,,,,,,,,,,,,,,,,,,,,,,,,,,
"3,165",VHERAIMATA TALAV AT ANAND,CPCB,24,Gujarat,440,Anand,ANAND,-,-,-,-,-,-,-,-,22.554542,72.954764,02-06-2020 08:30,,,,,,,,,,,,,,,,,,,,,,,,,,,,,,,,,
"3,166",VHERAIMATA TALAV AT ANAND,CPCB,24,Gujarat,440,Anand,ANAND,-,-,-,-,-,-,-,-,22.554542,72.954764,07-07-2020 08:30,0.81,,,,,4.7,,,,,,,,8.4,,,Light Green,,Light Green,,Light Green,,Light Green,,,Light Green,0.17,,Light Green,,Light Green,,
"3,167",VHERAIMATA TALAV AT ANAND,CPCB,24,Gujarat,440,Anand,ANAND,-,-,-,-,-,-,-,-,22.554542,72.954764,04-08-2020 08:30,,,,,,,,,,,,,,,,,,,,,,,,,,,,,,,,,
"3,168",VHERAIMATA TALAV AT ANAND,CPCB,24,Gujarat,440,Anand,ANAND,-,-,-,-,-,-,-,-,22.554542,72.954764,05-09-2020 08:30,1.18,,,,,7.5,,,,,,,,7.9,,,Light Green,,Light Green,,Light Green,,Light Green,,,Light Green,0.18,,Light Green,,Light Green,,
"3,169",VHERAIMATA TALAV AT ANAND,CPCB,24,Gujarat,440,Anand,ANAND,-,-,-,-,-,-,-,-,22.554542,72.954764,03-10-2020 08:30,0.53,,,,,4.8,,,,,,,,8.2,,,Light Green,,Light Green,,Light Green,,Light Green,,,Light Green,0.11,,Light Green,,Light Green,,
"3,170",VHERAIMATA TALAV AT ANAND,CPCB,24,Gujarat,440,Anand,ANAND,-,-,-,-,-,-,-,-,22.554542,72.954764,05-11-2020 08:30,0.5,,,,,5.1,,,,,,,,7.6,,,Light Green,,Light Green,,Light Green,,Light Green,,,Light Green,0.16,,Light Green,,Light Green,,
"3,171",VHERAIMATA TALAV AT ANAND,CPCB,24,Gujarat,440,Anand,ANAND,-,-,-,-,-,-,-,-,22.554542,72.954764,03-12-2020 08:30,,,,,,,,,,,,,,,,,,,,,,,,,,,,,,,,,
"3,172",VIJAPUR (RANASAN) BOREWELL,CPCB,24,Gujarat,451,Mahesana,VIJAPUR,-,-,-,-,-,-,-,-,23.56714,72.750648,02-04-2018 08:30,,,,,278,,976,,,,,,,6.86,,,,330,,,,73,,53,,,1.473,,,,,,
"3,173",VIJAPUR (RANASAN) BOREWELL,CPCB,24,Gujarat,451,Mahesana,VIJAPUR,-,-,-,-,-,-,-,-,23.56714,72.750648,01-10-2018 08:30,,,,,338,,1090,,,,,,,7.95,,,,341,,,,43,,68,,,0.68,,,,,,
"3,174",VIJAPUR (RANASAN) BOREWELL,CPCB,24,Gujarat,451,Mahesana,VIJAPUR,-,-,-,-,-,-,-,-,23.56714,72.750648,01-04-2019 08:30,,,,,520,,1446,,,,,,,7,,,0.01,324,0.02,0.06,0.06,47.3,,99.7,,,,,,0.01,,,
"3,175",VIJAPUR (RANASAN) BOREWELL,CPCB,24,Gujarat,451,Mahesana,VIJAPUR,-,-,-,-,-,-,-,-,23.56714,72.750648,03-10-2019 08:30,,,,,286,,1020,,,,,,,7.3,,,,356,,,0.06,55,,45,,,1.69,,,,,,
"3,176",VIJAPUR (RANASAN) BOREWELL,CPCB,24,Gujarat,451,Mahesana,VIJAPUR,-,-,-,-,-,-,-,-,23.56714,72.750648,01-04-2020 08:30,0.62,,,,,7.3,,,,,,,,6.9,,,Clear,,Clear,,Clear,,Clear,,,Clear,0.26,,Clear,,Clear,,
"3,177",VISHWAMITRI DOWNSTREAM OF AT KHALIPUR VILLAGE BEFORE MEETING JAMBUVA RIVER,CPCB,24,Gujarat,461,Vadodara,VADODARA,-,-,-,-,-,-,-,-,22.209342,73.160406,06-01-2018 08:30,,,,,,2.7,,,,,,,,6.51,,,,,,,,,,,,,,,,,,,
"3,178",VISHWAMITRI DOWNSTREAM OF AT KHALIPUR VILLAGE BEFORE MEETING JAMBUVA RIVER,CPCB,24,Gujarat,461,Vadodara,VADODARA,-,-,-,-,-,-,-,-,22.209342,73.160406,02-02-2018 08:30,,,,,,,,,,,,,,7.48,,,,,,,,,,,,,,,,,,,
"3,179",VISHWAMITRI DOWNSTREAM OF AT KHALIPUR VILLAGE BEFORE MEETING JAMBUVA RIVER,CPCB,24,Gujarat,461,Vadodara,VADODARA,-,-,-,-,-,-,-,-,22.209342,73.160406,06-03-2018 08:30,,,,,,1.8,,,,,,,,7.52,,,,,,,,,,,,,,,,,,,
"3,180",VISHWAMITRI DOWNSTREAM OF AT KHALIPUR VILLAGE BEFORE MEETING JAMBUVA RIVER,CPCB,24,Gujarat,461,Vadodara,VADODARA,-,-,-,-,-,-,-,-,22.209342,73.160406,05-04-2018 08:30,,,,,,3.1,,,,,,,,8.04,,,,,,,,,,,,,,,,,,,
"3,181",VISHWAMITRI DOWNSTREAM OF AT KHALIPUR VILLAGE BEFORE MEETING JAMBUVA RIVER,CPCB,24,Gujarat,461,Vadodara,VADODARA,-,-,-,-,-,-,-,-,22.209342,73.160406,05-05-2018 08:30,,,,,,4.1,,,,,,,,7.72,,,,,,,,,,,,,,,,,,,
"3,182",VISHWAMITRI DOWNSTREAM OF AT KHALIPUR VILLAGE BEFORE MEETING JAMBUVA RIVER,CPCB,24,Gujarat,461,Vadodara,VADODARA,-,-,-,-,-,-,-,-,22.209342,73.160406,01-06-2018 08:30,,,,,,,,,,,,,,7.84,,,,,,,,,,,,,,,,,,,
"3,183",VISHWAMITRI DOWNSTREAM OF AT KHALIPUR VILLAGE BEFORE MEETING JAMBUVA RIVER,CPCB,24,Gujarat,461,Vadodara,VADODARA,-,-,-,-,-,-,-,-,22.209342,73.160406,03-07-2018 08:30,,,,,,3.6,,,,,,,,7.83,,,,,,,,,,,,,,,,,,,
"3,184",VISHWAMITRI DOWNSTREAM OF AT KHALIPUR VILLAGE BEFORE MEETING JAMBUVA RIVER,CPCB,24,Gujarat,461,Vadodara,VADODARA,-,-,-,-,-,-,-,-,22.209342,73.160406,04-08-2018 08:30,,,,,,,,,,,,,,7.83,,,,,,,,,,,,,,,,,,,
"3,185",VISHWAMITRI DOWNSTREAM OF AT KHALIPUR VILLAGE BEFORE MEETING JAMBUVA RIVER,CPCB,24,Gujarat,461,Vadodara,VADODARA,-,-,-,-,-,-,-,-,22.209342,73.160406,07-09-2018 08:30,,,,,,,,,,,,,,7.96,,,,,,,,,,,,,,,,,,,
"3,186",VISHWAMITRI DOWNSTREAM OF AT KHALIPUR VILLAGE BEFORE MEETING JAMBUVA RIVER,CPCB,24,Gujarat,461,Vadodara,VADODARA,-,-,-,-,-,-,-,-,22.209342,73.160406,01-10-2018 08:30,,,,,,,,,,,,,,7.61,,,,,,,,,,,,,,,,,,,
"3,187",VISHWAMITRI DOWNSTREAM OF AT KHALIPUR VILLAGE BEFORE MEETING JAMBUVA RIVER,CPCB,24,Gujarat,461,Vadodara,VADODARA,-,-,-,-,-,-,-,-,22.209342,73.160406,05-11-2018 08:30,,,,,,,,,,,,,,7.9,,,,,,,,,,,,,,,,,,,
"3,188",VISHWAMITRI DOWNSTREAM OF AT KHALIPUR VILLAGE BEFORE MEETING JAMBUVA RIVER,CPCB,24,Gujarat,461,Vadodara,VADODARA,-,-,-,-,-,-,-,-,22.209342,73.160406,04-12-2018 08:30,,,,,,,,,,,,,,7.7,,,,,,,,,,,,,,,,,,,
"3,189",VISHWAMITRI DOWNSTREAM OF AT KHALIPUR VILLAGE BEFORE MEETING JAMBUVA RIVER,CPCB,24,Gujarat,461,Vadodara,VADODARA,-,-,-,-,-,-,-,-,22.209342,73.160406,07-01-2019 08:30,,,,,,,,,,,,,,7.8,,,,,,,,,,,,,,,,,,,
"3,190",VISHWAMITRI DOWNSTREAM OF AT KHALIPUR VILLAGE BEFORE MEETING JAMBUVA RIVER,CPCB,24,Gujarat,461,Vadodara,VADODARA,-,-,-,-,-,-,-,-,22.209342,73.160406,12-02-2019 08:30,,,,,,,,,,,,,,7.6,,,,,,,,,,,,,,,,,,,
"3,191",VISHWAMITRI DOWNSTREAM OF AT KHALIPUR VILLAGE BEFORE MEETING JAMBUVA RIVER,CPCB,24,Gujarat,461,Vadodara,VADODARA,-,-,-,-,-,-,-,-,22.209342,73.160406,01-03-2019 08:30,,,,,,,,,,,,,,7.7,,,,,,,,,,,,,,,,,,,
"3,192",VISHWAMITRI DOWNSTREAM OF AT KHALIPUR VILLAGE BEFORE MEETING JAMBUVA RIVER,CPCB,24,Gujarat,461,Vadodara,VADODARA,-,-,-,-,-,-,-,-,22.209342,73.160406,03-04-2019 08:30,,,,,,,,,,,,,,7.6,,,,,,,,,,,,,,,,,,,
"3,193",VISHWAMITRI DOWNSTREAM OF AT KHALIPUR VILLAGE BEFORE MEETING JAMBUVA RIVER,CPCB,24,Gujarat,461,Vadodara,VADODARA,-,-,-,-,-,-,-,-,22.209342,73.160406,06-05-2019 08:30,,,,,,,,,,,,,,7.7,,,,,,,,,,,,,,,,,,,
"3,194",VISHWAMITRI DOWNSTREAM OF AT KHALIPUR VILLAGE BEFORE MEETING JAMBUVA RIVER,CPCB,24,Gujarat,461,Vadodara,VADODARA,-,-,-,-,-,-,-,-,22.209342,73.160406,07-06-2019 08:30,,,,,,,,,,,,,,7.3,,,,,,,,,,,,,,,,,,,
"3,195",VISHWAMITRI DOWNSTREAM OF AT KHALIPUR VILLAGE BEFORE MEETING JAMBUVA RIVER,CPCB,24,Gujarat,461,Vadodara,VADODARA,-,-,-,-,-,-,-,-,22.209342,73.160406,01-07-2019 08:30,,,,,,,,,,,,,,7,,,,,,,,,,,,,,,,,,,
"3,196",VISHWAMITRI DOWNSTREAM OF AT KHALIPUR VILLAGE BEFORE MEETING JAMBUVA RIVER,CPCB,24,Gujarat,461,Vadodara,VADODARA,-,-,-,-,-,-,-,-,22.209342,73.160406,06-08-2019 08:30,,,,,,2.4,,,,,,,,7.7,,,,,,,,,,,,,,,,,,,
"3,197",VISHWAMITRI DOWNSTREAM OF AT KHALIPUR VILLAGE BEFORE MEETING JAMBUVA RIVER,CPCB,24,Gujarat,461,Vadodara,VADODARA,-,-,-,-,-,-,-,-,22.209342,73.160406,04-09-2019 08:30,,,,,,3.1,,,,,,,,7.5,,,,,,,,,,,,,,,,,,,
"3,198",VISHWAMITRI DOWNSTREAM OF AT KHALIPUR VILLAGE BEFORE MEETING JAMBUVA RIVER,CPCB,24,Gujarat,461,Vadodara,VADODARA,-,-,-,-,-,-,-,-,22.209342,73.160406,01-10-2019 08:30,,,,,,,,,,,,,,7.2,,,,,,,,,,,,,,,,,,,
"3,199",VISHWAMITRI DOWNSTREAM OF AT KHALIPUR VILLAGE BEFORE MEETING JAMBUVA RIVER,CPCB,24,Gujarat,461,Vadodara,VADODARA,-,-,-,-,-,-,-,-,22.209342,73.160406,01-11-2019 08:30,,,,,,,,,,,,,,7.5,,,,,,,,,,,,,,,,,,,
"3,200",VISHWAMITRI DOWNSTREAM OF AT KHALIPUR VILLAGE BEFORE MEETING JAMBUVA RIVER,CPCB,24,Gujarat,461,Vadodara,VADODARA,-,-,-,-,-,-,-,-,22.209342,73.160406,03-12-2019 08:30,,,,,,,,,,,,,,7.4,,,,,,,,,,,,,,,,,,,
"3,201",VISHWAMITRI DOWNSTREAM OF AT KHALIPUR VILLAGE BEFORE MEETING JAMBUVA RIVER,CPCB,24,Gujarat,461,Vadodara,VADODARA,-,-,-,-,-,-,-,-,22.209342,73.160406,04-01-2020 08:30,14,,,,,,,,,,,,,7.7,,,,,,,,,,,,,0.68,,,,,,
"3,202",VISHWAMITRI DOWNSTREAM OF AT KHALIPUR VILLAGE BEFORE MEETING JAMBUVA RIVER,CPCB,24,Gujarat,461,Vadodara,VADODARA,-,-,-,-,-,-,-,-,22.209342,73.160406,01-02-2020 08:30,13.44,,,,,Clear,,,,,,,,8,,,Clear,,Clear,,Clear,,Clear,,,Clear,0.62,,Clear,,Clear,,
"3,203",VISHWAMITRI DOWNSTREAM OF AT KHALIPUR VILLAGE BEFORE MEETING JAMBUVA RIVER,CPCB,24,Gujarat,461,Vadodara,VADODARA,-,-,-,-,-,-,-,-,22.209342,73.160406,05-03-2020 08:30,1.12,,,,,Other,,,,,,,,7.4,,,Other,,Other,,Other,,Other,,,Other,0.4,,Other,,Other,,
"3,204",VISHWAMITRI DOWNSTREAM OF AT KHALIPUR VILLAGE BEFORE MEETING JAMBUVA RIVER,CPCB,24,Gujarat,461,Vadodara,VADODARA,-,-,-,-,-,-,-,-,22.209342,73.160406,03-04-2020 08:30,1.12,,,,,Other,,,,,,,,7.3,,,Other,,Other,,Other,,Other,,,Other,0.4,,Other,,Other,,
"3,205",VISHWAMITRI DOWNSTREAM OF AT KHALIPUR VILLAGE BEFORE MEETING JAMBUVA RIVER,CPCB,24,Gujarat,461,Vadodara,VADODARA,-,-,-,-,-,-,-,-,22.209342,73.160406,01-05-2020 08:30,5.6,,,,,Clear,,,,,,,,7.6,,,Clear,,Clear,,Clear,,Clear,,,Clear,0.4,,Clear,,Clear,,
"3,206",VISHWAMITRI DOWNSTREAM OF AT KHALIPUR VILLAGE BEFORE MEETING JAMBUVA RIVER,CPCB,24,Gujarat,461,Vadodara,VADODARA,-,-,-,-,-,-,-,-,22.209342,73.160406,03-06-2020 08:30,13.44,,,,,Clear,,,,,,,,7.7,,,Clear,,Clear,,Clear,,Clear,,,Clear,0.46,,Clear,,Clear,,
"3,207",VISHWAMITRI DOWNSTREAM OF AT KHALIPUR VILLAGE BEFORE MEETING JAMBUVA RIVER,CPCB,24,Gujarat,461,Vadodara,VADODARA,-,-,-,-,-,-,-,-,22.209342,73.160406,04-07-2020 08:30,Clear,,,,,Clear,,,,,,,,7.5,,,Clear,,Clear,,Clear,,Clear,,,Clear,0.19,,Clear,,Clear,,
"3,208",VISHWAMITRI DOWNSTREAM OF AT KHALIPUR VILLAGE BEFORE MEETING JAMBUVA RIVER,CPCB,24,Gujarat,461,Vadodara,VADODARA,-,-,-,-,-,-,-,-,22.209342,73.160406,07-08-2020 08:30,Clear,,,,,1,,,,,,,,7.6,,,Clear,,Clear,,Clear,,Clear,,,Clear,0.37,,Clear,,Clear,,
"3,209",VISHWAMITRI DOWNSTREAM OF AT KHALIPUR VILLAGE BEFORE MEETING JAMBUVA RIVER,CPCB,24,Gujarat,461,Vadodara,VADODARA,-,-,-,-,-,-,-,-,22.209342,73.160406,07-09-2020 08:30,Clear,,,,,2.5,,,,,,,,7.2,,,Clear,,Clear,,Clear,,Clear,,,Clear,0.73,,Clear,,Clear,,
"3,210",VISHWAMITRI DOWNSTREAM OF AT KHALIPUR VILLAGE BEFORE MEETING JAMBUVA RIVER,CPCB,24,Gujarat,461,Vadodara,VADODARA,-,-,-,-,-,-,-,-,22.209342,73.160406,06-10-2020 08:30,Clear,,,,,2.5,,,,,,,,7.4,,,Clear,,Clear,,Clear,,Clear,,,Clear,0.82,,Clear,,Clear,,
"3,211",VISHWAMITRI DOWNSTREAM OF AT KHALIPUR VILLAGE BEFORE MEETING JAMBUVA RIVER,CPCB,24,Gujarat,461,Vadodara,VADODARA,-,-,-,-,-,-,-,-,22.209342,73.160406,05-11-2020 08:30,Clear,,,,,0,,,,,,,,7.5,,,Clear,,Clear,,Clear,,Clear,,,Clear,0.32,,Clear,,Clear,,
"3,212",VISHWAMITRI DOWNSTREAM OF AT KHALIPUR VILLAGE BEFORE MEETING JAMBUVA RIVER,CPCB,24,Gujarat,461,Vadodara,VADODARA,-,-,-,-,-,-,-,-,22.209342,73.160406,04-12-2020 08:30,13.22,,,,,Clear,,,,,,,,6.7,,,Clear,,Clear,,Clear,,Clear,,,Clear,Clear,,Clear,,Clear,,
"3,213",VISHWAMITRI UPSTREAM AT ASOD BRIDGE AT N.H. 8  NEAR GLDEN CHOKDI ASOD VEMALI ROAD,CPCB,24,Gujarat,461,Vadodara,VADODARA,-,-,-,-,-,-,-,-,22.255227,73.165754,06-01-2018 08:30,,,,,,7.4,,,,,,,,8.07,,,,,,,,,,,,,,,,,,,
"3,214",VISHWAMITRI UPSTREAM AT ASOD BRIDGE AT N.H. 8  NEAR GLDEN CHOKDI ASOD VEMALI ROAD,CPCB,24,Gujarat,461,Vadodara,VADODARA,-,-,-,-,-,-,-,-,22.255227,73.165754,01-02-2018 08:30,,,,,,7.1,,,,,,,,8.26,,,,,,,,,,,,,,,,,,,
"3,215",VISHWAMITRI UPSTREAM AT ASOD BRIDGE AT N.H. 8  NEAR GLDEN CHOKDI ASOD VEMALI ROAD,CPCB,24,Gujarat,461,Vadodara,VADODARA,-,-,-,-,-,-,-,-,22.255227,73.165754,06-03-2018 08:30,,,,,,7.5,,,,,,,,7.81,,,,,,,,,,,,,,,,,,,
"3,216",VISHWAMITRI UPSTREAM AT ASOD BRIDGE AT N.H. 8  NEAR GLDEN CHOKDI ASOD VEMALI ROAD,CPCB,24,Gujarat,461,Vadodara,VADODARA,-,-,-,-,-,-,-,-,22.255227,73.165754,03-07-2018 08:30,,,,,,7.3,,,,,,,,8.38,,,,,,,,,,,,,,,,,,,
"3,217",VISHWAMITRI UPSTREAM AT ASOD BRIDGE AT N.H. 8  NEAR GLDEN CHOKDI ASOD VEMALI ROAD,CPCB,24,Gujarat,461,Vadodara,VADODARA,-,-,-,-,-,-,-,-,22.255227,73.165754,04-08-2018 08:30,,,,,,6.9,,,,,,,,8.26,,,,,,,,,,,,,,,,,,,
"3,218",VISHWAMITRI UPSTREAM AT ASOD BRIDGE AT N.H. 8  NEAR GLDEN CHOKDI ASOD VEMALI ROAD,CPCB,24,Gujarat,461,Vadodara,VADODARA,-,-,-,-,-,-,-,-,22.255227,73.165754,07-09-2018 08:30,,,,,,8.3,,,,,,,,8.31,,,,,,,,,,,,,,,,,,,
"3,219",VISHWAMITRI UPSTREAM AT ASOD BRIDGE AT N.H. 8  NEAR GLDEN CHOKDI ASOD VEMALI ROAD,CPCB,24,Gujarat,461,Vadodara,VADODARA,-,-,-,-,-,-,-,-,22.255227,73.165754,01-10-2018 08:30,,,,,,8.2,,,,,,,,8.37,,,,,,,,,,,,,,,,,,,
"3,220",VISHWAMITRI UPSTREAM AT ASOD BRIDGE AT N.H. 8  NEAR GLDEN CHOKDI ASOD VEMALI ROAD,CPCB,24,Gujarat,461,Vadodara,VADODARA,-,-,-,-,-,-,-,-,22.255227,73.165754,05-11-2018 08:30,,,,,,7.1,,,,,,,,8.49,,,,,,,,,,,,,,,,,,,
"3,221",VISHWAMITRI UPSTREAM AT ASOD BRIDGE AT N.H. 8  NEAR GLDEN CHOKDI ASOD VEMALI ROAD,CPCB,24,Gujarat,461,Vadodara,VADODARA,-,-,-,-,-,-,-,-,22.255227,73.165754,04-12-2018 08:30,,,,,,7.8,,,,,,,,8.2,,,,,,,,,,,,,,,,,,,
"3,222",VISHWAMITRI UPSTREAM AT ASOD BRIDGE AT N.H. 8  NEAR GLDEN CHOKDI ASOD VEMALI ROAD,CPCB,24,Gujarat,461,Vadodara,VADODARA,-,-,-,-,-,-,-,-,22.255227,73.165754,07-01-2019 08:30,,,,,,7.7,,,,,,,,8.4,,,,,,,,,,,,,,,,,,,
"3,223",VISHWAMITRI UPSTREAM AT ASOD BRIDGE AT N.H. 8  NEAR GLDEN CHOKDI ASOD VEMALI ROAD,CPCB,24,Gujarat,461,Vadodara,VADODARA,-,-,-,-,-,-,-,-,22.255227,73.165754,14-02-2019 08:30,,,,,,6.3,,,,,,,,8.3,,,,,,,,,,,,,,,,,,,
"3,224",VISHWAMITRI UPSTREAM AT ASOD BRIDGE AT N.H. 8  NEAR GLDEN CHOKDI ASOD VEMALI ROAD,CPCB,24,Gujarat,461,Vadodara,VADODARA,-,-,-,-,-,-,-,-,22.255227,73.165754,01-03-2019 08:30,,,,,,7.5,,,,,,,,8.2,,,,,,,,,,,,,,,,,,,
"3,225",VISHWAMITRI UPSTREAM AT ASOD BRIDGE AT N.H. 8  NEAR GLDEN CHOKDI ASOD VEMALI ROAD,CPCB,24,Gujarat,461,Vadodara,VADODARA,-,-,-,-,-,-,-,-,22.255227,73.165754,01-07-2019 08:30,,,,,,7.2,,,,,,,,,,,,,,,,,,,,,,,,,,,
"3,226",VISHWAMITRI UPSTREAM AT ASOD BRIDGE AT N.H. 8  NEAR GLDEN CHOKDI ASOD VEMALI ROAD,CPCB,24,Gujarat,461,Vadodara,VADODARA,-,-,-,-,-,-,-,-,22.255227,73.165754,06-08-2019 08:30,,,,,,6.9,,,,,,,,7.7,,,,,,,,,,,,,,,,,,,
"3,227",VISHWAMITRI UPSTREAM AT ASOD BRIDGE AT N.H. 8  NEAR GLDEN CHOKDI ASOD VEMALI ROAD,CPCB,24,Gujarat,461,Vadodara,VADODARA,-,-,-,-,-,-,-,-,22.255227,73.165754,04-09-2019 08:30,,,,,,7.1,,,,,,,,7.9,,,,,,,,,,,,,,,,,,,
"3,228",VISHWAMITRI UPSTREAM AT ASOD BRIDGE AT N.H. 8  NEAR GLDEN CHOKDI ASOD VEMALI ROAD,CPCB,24,Gujarat,461,Vadodara,VADODARA,-,-,-,-,-,-,-,-,22.255227,73.165754,01-10-2019 08:30,,,,,,7.3,,,,,,,,7.5,,,,,,,,,,,,,,,,,,,
"3,229",VISHWAMITRI UPSTREAM AT ASOD BRIDGE AT N.H. 8  NEAR GLDEN CHOKDI ASOD VEMALI ROAD,CPCB,24,Gujarat,461,Vadodara,VADODARA,-,-,-,-,-,-,-,-,22.255227,73.165754,01-11-2019 08:30,,,,,,7.1,,,,,,,,7.9,,,,,,,,,,,,,,,,,,,
"3,230",VISHWAMITRI UPSTREAM AT ASOD BRIDGE AT N.H. 8  NEAR GLDEN CHOKDI ASOD VEMALI ROAD,CPCB,24,Gujarat,461,Vadodara,VADODARA,-,-,-,-,-,-,-,-,22.255227,73.165754,03-12-2019 08:30,,,,,,7.7,,,,,,,,7.9,,,,,,,,,,,,,,,,,,,
"3,231",VISHWAMITRI UPSTREAM AT ASOD BRIDGE AT N.H. 8  NEAR GLDEN CHOKDI ASOD VEMALI ROAD,CPCB,24,Gujarat,461,Vadodara,VADODARA,-,-,-,-,-,-,-,-,22.255227,73.165754,04-01-2020 08:30,0.56,,,,,6.9,,,,,,,,7.9,,,,,,,0.09,,,,,,0.38,,,,,,
"3,232",VISHWAMITRI UPSTREAM AT ASOD BRIDGE AT N.H. 8  NEAR GLDEN CHOKDI ASOD VEMALI ROAD,CPCB,24,Gujarat,461,Vadodara,VADODARA,-,-,-,-,-,-,-,-,22.255227,73.165754,01-02-2020 08:30,0.56,,,,,7.3,,,,,,,,8.2,,,Clear,,Clear,,Clear,,Clear,,,Clear,0.46,,Clear,,Clear,,
"3,233",VISHWAMITRI UPSTREAM AT ASOD BRIDGE AT N.H. 8  NEAR GLDEN CHOKDI ASOD VEMALI ROAD,CPCB,24,Gujarat,461,Vadodara,VADODARA,-,-,-,-,-,-,-,-,22.255227,73.165754,05-03-2020 08:30,Clear,,,,,6.8,,,,,,,,7.9,,,Clear,,Clear,,Clear,,Clear,,,Clear,0.32,,Clear,,Clear,,
"3,234",VISHWAMITRI UPSTREAM AT ASOD BRIDGE AT N.H. 8  NEAR GLDEN CHOKDI ASOD VEMALI ROAD,CPCB,24,Gujarat,461,Vadodara,VADODARA,-,-,-,-,-,-,-,-,22.255227,73.165754,03-04-2020 08:30,0.28,,,,,6.4,,,,,,,,7.6,,,Clear,,Clear,,0.05,,Clear,,,Clear,0.46,,Clear,,Clear,,
"3,235",VISHWAMITRI UPSTREAM AT ASOD BRIDGE AT N.H. 8  NEAR GLDEN CHOKDI ASOD VEMALI ROAD,CPCB,24,Gujarat,461,Vadodara,VADODARA,-,-,-,-,-,-,-,-,22.255227,73.165754,01-05-2020 08:30,0.56,,,,,7.2,,,,,,,,8,,,Clear,,Clear,,Clear,,Clear,,,Clear,0.46,,Clear,,Clear,,
"3,236",VISHWAMITRI UPSTREAM AT ASOD BRIDGE AT N.H. 8  NEAR GLDEN CHOKDI ASOD VEMALI ROAD,CPCB,24,Gujarat,461,Vadodara,VADODARA,-,-,-,-,-,-,-,-,22.255227,73.165754,03-06-2020 08:30,0.56,,,,,7.2,,,,,,,,7.9,,,Clear,,Clear,,Clear,,Clear,,,Clear,0.44,,Clear,,Clear,,
"3,237",VISHWAMITRI UPSTREAM AT ASOD BRIDGE AT N.H. 8  NEAR GLDEN CHOKDI ASOD VEMALI ROAD,CPCB,24,Gujarat,461,Vadodara,VADODARA,-,-,-,-,-,-,-,-,22.255227,73.165754,04-07-2020 08:30,Clear,,,,,7.6,,,,,,,,8,,,Clear,,Clear,,Clear,,Clear,,,Clear,0.06,,Clear,,Clear,,
"3,238",VISHWAMITRI UPSTREAM AT ASOD BRIDGE AT N.H. 8  NEAR GLDEN CHOKDI ASOD VEMALI ROAD,CPCB,24,Gujarat,461,Vadodara,VADODARA,-,-,-,-,-,-,-,-,22.255227,73.165754,07-08-2020 08:30,Clear,,,,,4.8,,,,,,,,8,,,Clear,,Clear,,Clear,,Clear,,,Clear,0.12,,Clear,,Clear,,
"3,239",VISHWAMITRI UPSTREAM AT ASOD BRIDGE AT N.H. 8  NEAR GLDEN CHOKDI ASOD VEMALI ROAD,CPCB,24,Gujarat,461,Vadodara,VADODARA,-,-,-,-,-,-,-,-,22.255227,73.165754,07-09-2020 08:30,Clear,,,,,7.5,,,,,,,,8,,,Clear,,Clear,,Clear,,Clear,,,Clear,0.12,,Clear,,Clear,,
"3,240",VISHWAMITRI UPSTREAM AT ASOD BRIDGE AT N.H. 8  NEAR GLDEN CHOKDI ASOD VEMALI ROAD,CPCB,24,Gujarat,461,Vadodara,VADODARA,-,-,-,-,-,-,-,-,22.255227,73.165754,06-10-2020 08:30,Clear,,,,,7.7,,,,,,,,7.9,,,Clear,,Clear,,Clear,,Clear,,,Clear,0.22,,Clear,,Clear,,
"3,241",VISHWAMITRI UPSTREAM AT ASOD BRIDGE AT N.H. 8  NEAR GLDEN CHOKDI ASOD VEMALI ROAD,CPCB,24,Gujarat,461,Vadodara,VADODARA,-,-,-,-,-,-,-,-,22.255227,73.165754,05-11-2020 08:30,Clear,,,,,8.3,,,,,,,,7.9,,,Clear,,Clear,,Clear,,Clear,,,Clear,0.25,,Clear,,Clear,,
"3,242",VISHWAMITRI UPSTREAM AT ASOD BRIDGE AT N.H. 8  NEAR GLDEN CHOKDI ASOD VEMALI ROAD,CPCB,24,Gujarat,461,Vadodara,VADODARA,-,-,-,-,-,-,-,-,22.255227,73.165754,04-12-2020 08:30,0.5,,,,,8.3,,,,,,,,7.6,,,Clear,,Clear,,Clear,,Clear,,,Clear,Clear,,Clear,,Clear,,
"3,243",VISNAGAR BOREWELL,CPCB,24,Gujarat,451,Mahesana,VISNAGAR,-,-,-,-,-,-,-,-,23.7,72.55,02-04-2018 08:30,,,,,252,,1018,,,,,,,7.12,,,,350,,,,34,,22,,,2.354,0.063,,,,,
"3,244",VISNAGAR BOREWELL,CPCB,24,Gujarat,451,Mahesana,VISNAGAR,-,-,-,-,-,-,-,-,23.7,72.55,01-10-2018 08:30,,,,,280,,1066,,,,,,,8.07,,,,562,,,,48,,10,,,0.719,,,,,,
"3,245",VISNAGAR BOREWELL,CPCB,24,Gujarat,451,Mahesana,VISNAGAR,-,-,-,-,-,-,-,-,23.7,72.55,01-04-2019 08:30,,,,,310,,1034,,,,,,,7.4,,,0.01,507,0.02,0.06,0.06,29.3,,16.1,,,,,,0.01,,,
"3,246",VISNAGAR BOREWELL,CPCB,24,Gujarat,451,Mahesana,VISNAGAR,-,-,-,-,-,-,-,-,23.7,72.55,03-10-2019 08:30,,,,,291,,1006,,,,,,,7.4,,,,574,,,0.03,43,,25,,,1.83,,,,,,
"3,247",VISNAGAR BOREWELL,CPCB,24,Gujarat,451,Mahesana,VISNAGAR,-,-,-,-,-,-,-,-,23.7,72.55,03-04-2020 08:30,0.25,,,,,4.3,,,,,,,,7.8,,,Clear,,Clear,,0.03,,Clear,,,Clear,0.07,,Clear,,Clear,,
"3,248",WATER WORKS OF NAVSARI NEAR DHUDIA TALAV.,CPCB,24,Gujarat,453,Navsari,NAVSARI,-,-,-,-,-,-,-,-,20.947567,72.930205,09-04-2020 08:30,Other,,,,,Other,,,,,,,,Other,,,Other,,Other,,Other,,Other,,,Other,Other,,Other,,Other,,
"3,249",WATER WORKS OF NAVSARI NEAR DHUDIA TALAV.,CPCB,24,Gujarat,453,Navsari,NAVSARI,-,-,-,-,-,-,-,-,20.947567,72.930205,03-10-2020 08:30,,,,,,,,,,,,,,,,,,,,,,,,,,,,,,,,,
"3,250",WELL AT AHMEDABAD,CPCB,24,Gujarat,438,Ahmedabad,AHMADABAD CITY,-,-,-,-,-,-,-,-,23.022784,72.571178,02-01-2018 08:30,,,,,203,,740,,,,,,,7.73,,,,360,,,,,,,,,2.258,,,,,,
"3,251",WELL AT AHMEDABAD,CPCB,24,Gujarat,438,Ahmedabad,AHMADABAD CITY,-,-,-,-,-,-,-,-,23.022784,72.571178,02-04-2018 08:30,,,,,160,,804,,,,,,,8.03,,,,149,,,,42,,49,,,,,,,,,
"3,252",WELL AT AHMEDABAD,CPCB,24,Gujarat,438,Ahmedabad,AHMADABAD CITY,-,-,-,-,-,-,-,-,23.022784,72.571178,03-07-2018 08:30,,,,,206,,756,,,,,,,8.02,,,,355,,,,88,,16,,,1.369,,,,,,
"3,253",WELL AT AHMEDABAD,CPCB,24,Gujarat,438,Ahmedabad,AHMADABAD CITY,-,-,-,-,-,-,-,-,23.022784,72.571178,02-04-2019 08:30,,,,,102,,708,,,,,,,7.6,,,0.01,416,0.02,0.06,0.06,30.5,,47.2,,,0.44,,,0.01,,,
"3,254",WELL AT AHMEDABAD,CPCB,24,Gujarat,438,Ahmedabad,AHMADABAD CITY,-,-,-,-,-,-,-,-,23.022784,72.571178,01-10-2019 08:30,,,,,210,,818,,,,,,,7.4,,,,420,0.02,0.06,0.02,52,,32,,,,,,0.01,,,
"3,255",WELL AT AHMEDABAD,CPCB,24,Gujarat,438,Ahmedabad,AHMADABAD CITY,-,-,-,-,-,-,-,-,23.022784,72.571178,01-01-2020 08:30,0.22,,,,,4,,,,,,,,8.3,,,,,,,,,,,,,1.81,,,,2,,
"3,256",WELL AT AHMEDABAD,CPCB,24,Gujarat,438,Ahmedabad,AHMADABAD CITY,-,-,-,-,-,-,-,-,23.022784,72.571178,03-04-2020 08:30,0.84,,,,,4.7,,,,,,,,8.4,,,Clear,,Clear,,Clear,,Clear,,,Clear,0.81,,Clear,,3,,
"3,257",WELL AT AHMEDABAD,CPCB,24,Gujarat,438,Ahmedabad,AHMADABAD CITY,-,-,-,-,-,-,-,-,23.022784,72.571178,04-08-2020 08:30,Clear,,,,,4.6,,,,,,,,7.6,,,Clear,,Clear,,Clear,,Clear,,,0.003,0.72,,Clear,,4.49,,
"3,258",WELL AT ANKLESHWAR INDUSTRIAL AREA (BORE WELL OF M/S INDUSTRIAL CARBON AT ANKLESHWAR- RAJPIPLA ROAD,CPCB,24,Gujarat,442,Bharuch,ANKLESVAR,-,-,-,-,-,-,-,-,21.626625,73.014386,03-04-2018 08:30,,,,,1099,,2544,,,,,,,7.42,,,,192,,,0.047,204.4,,92.3,,,0.418,,,0.022,,,
"3,259",WELL AT ANKLESHWAR INDUSTRIAL AREA (BORE WELL OF M/S INDUSTRIAL CARBON AT ANKLESHWAR- RAJPIPLA ROAD,CPCB,24,Gujarat,442,Bharuch,ANKLESVAR,-,-,-,-,-,-,-,-,21.626625,73.014386,02-10-2018 08:30,,,,,1536,,3574,,,,,,,7.2,,,,160,,,,244.5,,128.8,,,,,,,,,
"3,260",WELL AT ANKLESHWAR INDUSTRIAL AREA (BORE WELL OF M/S INDUSTRIAL CARBON AT ANKLESHWAR- RAJPIPLA ROAD,CPCB,24,Gujarat,442,Bharuch,ANKLESVAR,-,-,-,-,-,-,-,-,21.626625,73.014386,01-10-2019 08:30,,,,,920,,2704,,,,,,,7.1,,,0.0001,288,0.0004,0.01,0.74,187.6,,79.7,,,,0.06,,0.09,,,
"3,261",WELL AT ANKLESHWAR INDUSTRIAL AREA (BORE WELL OF M/S INDUSTRIAL CARBON AT ANKLESHWAR- RAJPIPLA ROAD,CPCB,24,Gujarat,442,Bharuch,ANKLESVAR,-,-,-,-,-,-,-,-,21.626625,73.014386,07-04-2020 08:30,Clear,,,,,5.5,,,,,,,,7.4,,,Clear,,Clear,,0.204,,Clear,,,Clear,0.53,,0.046,,Clear,,
"3,262",WELL AT ANKLESHWAR INDUSTRIAL AREA (BORE WELL OF M/S INDUSTRIAL CARBON AT ANKLESHWAR- RAJPIPLA ROAD,CPCB,24,Gujarat,442,Bharuch,ANKLESVAR,-,-,-,-,-,-,-,-,21.626625,73.014386,08-10-2020 08:30,Clear,,,,,Clear,,,,,,,,7.1,,,Clear,,Clear,,0.311,,Clear,,,Clear,Clear,,Clear,,Clear,,
"3,263",WELL AT BARODA,CPCB,24,Gujarat,461,Vadodara,VADODARA,-,-,-,-,-,-,-,-,22.307158,73.181219,05-04-2018 08:30,,,,,60,,260,,,,,,,8.48,,,,,,,0.08,24.04,,72.9,,,0.5,,,,,,
"3,264",WELL AT BARODA,CPCB,24,Gujarat,461,Vadodara,VADODARA,-,-,-,-,-,-,-,-,22.307158,73.181219,02-10-2018 08:30,,,,,60,,278,,,,,,,8.22,,,,,,,0.12,48.09,,36.48,,,0.54,0.252,,,,,
"3,265",WELL AT BARODA,CPCB,24,Gujarat,461,Vadodara,VADODARA,-,-,-,-,-,-,-,-,22.307158,73.181219,03-04-2019 08:30,,,,,100,,836,,,,,,,7.9,,,0.01,650,0.02,0.06,0.22,136.2,,7.3,,,0.44,,,0.01,,,
"3,266",WELL AT BARODA,CPCB,24,Gujarat,461,Vadodara,VADODARA,-,-,-,-,-,-,-,-,22.307158,73.181219,01-10-2019 08:30,,,,,100,,872,,,,,,,7.2,,,,592,,,0.14,131.4,,21.4,,,0.38,,,,,,
"3,267",WELL AT BARODA,CPCB,24,Gujarat,461,Vadodara,VADODARA,-,-,-,-,-,-,-,-,22.307158,73.181219,03-04-2020 08:30,0.28,,,,,2.4,,,,,,,,7.6,,,Clear,,Clear,,Clear,,Clear,,,Clear,0.54,,Clear,,Clear,,
"3,268",WELL AT BARODA,CPCB,24,Gujarat,461,Vadodara,VADODARA,-,-,-,-,-,-,-,-,22.307158,73.181219,22-10-2020 08:30,Clear,,,,,3.1,,,,,,,,7.7,,,Clear,,Clear,,Clear,,Clear,,,Clear,0.16,,Clear,,Clear,,
"3,269",WELL AT NAROL AHMEDABAD,CPCB,24,Gujarat,438,Ahmedabad,AHMADABAD CITY,-,-,-,-,-,-,-,-,22.972906,72.588261,05-04-2018 08:30,,,,,50,,202,,,,,,,8.58,,,,148,,,,54,,10,,,0.408,,,,,,
"3,270",WELL AT NAROL AHMEDABAD,CPCB,24,Gujarat,438,Ahmedabad,AHMADABAD CITY,-,-,-,-,-,-,-,-,22.972906,72.588261,04-10-2018 08:30,,,,,50,,276,,,,,,,8.06,,,,170,,,0.74,47,,12,,,0.6,,,,,,
"3,271",WELL AT NAROL AHMEDABAD,CPCB,24,Gujarat,438,Ahmedabad,AHMADABAD CITY,-,-,-,-,-,-,-,-,22.972906,72.588261,02-04-2020 08:30,Clear,,,,,Clear,,,,,,,,Clear,,,Clear,,Clear,,Clear,,Clear,,,Clear,Clear,,Clear,,Clear,,
"3,272",WELL AT OLPAD.,CPCB,24,Gujarat,459,Surat,OLPAD,-,-,-,-,-,-,-,-,21.340136,72.755392,02-04-2018 08:30,,,,,2059,,6342,,,,,,,7.53,,,,180,,,,152.3,,36.4,,,,,,,,,
"3,273",WELL AT OLPAD.,CPCB,24,Gujarat,459,Surat,OLPAD,-,-,-,-,-,-,-,-,21.340136,72.755392,01-10-2018 08:30,,,,,2051,,9590,,,,,,,7.33,,,,170,,0.041,0.954,116.23,,38.91,,,,0.112,,,,,
"3,274",WELL AT OLPAD.,CPCB,24,Gujarat,459,Surat,OLPAD,-,-,-,-,-,-,-,-,21.340136,72.755392,04-04-2019 08:30,,,,,3009,,9564,,,,,,,7.3,,,0.01,170,0.02,0.06,0.24,112.2,,36.5,,,,,,0.01,,,
"3,275",WELL AT OLPAD.,CPCB,24,Gujarat,459,Surat,OLPAD,-,-,-,-,-,-,-,-,21.340136,72.755392,01-10-2019 08:30,,,,,382,,6746,,,,,,,7.2,,,,470,,,,108.2,,36.5,,,,,,0.01,,,
"3,276",WELL AT OLPAD.,CPCB,24,Gujarat,459,Surat,OLPAD,-,-,-,-,-,-,-,-,21.340136,72.755392,07-04-2020 08:30,0.56,,,,,7,,,,,,,,7.5,,,Clear,,Clear,,0.51,,Clear,,,Clear,0.07,,Clear,,10,,
"3,277",WELL AT OLPAD.,CPCB,24,Gujarat,459,Surat,OLPAD,-,-,-,-,-,-,-,-,21.340136,72.755392,01-10-2020 08:30,0.28,,,,,2.8,,,,,,,,7.8,,,Clear,,Clear,,Clear,,Clear,,,Clear,0.07,,Clear,,4.75,,
"3,278",WELL AT VILLAGE DADRA,CPCB,24,Gujarat,462,Valsad,VALSAD,-,-,-,-,-,-,-,-,20.316669,72.966672,10-04-2018 08:30,,,,,378,,898,,,,,,,7.69,,,0.00015,198,0.001,0.005,0.32,124,,88.8,,,1.3,0.01,,0.21,,,
"3,279",WELL AT VILLAGE DADRA,CPCB,24,Gujarat,462,Valsad,VALSAD,-,-,-,-,-,-,-,-,20.316669,72.966672,04-07-2018 08:30,,,,,329,,870,,,,,,,7.52,,,,210,0.001,0.005,0.1,146,,60.72,,,0.8,0.032,,0.16,,,
"3,280",WELL AT VILLAGE DADRA,CPCB,24,Gujarat,462,Valsad,VALSAD,-,-,-,-,-,-,-,-,20.316669,72.966672,30-04-2019 08:30,,,,,928.8,,2752,,,,,,,7.4,,,0.01,414.8,0.003,0.05,0.1,253.8,,36.4,,,1.4,0.04,,0.05,,,
"3,281",WELL AT VILLAGE DADRA,CPCB,24,Gujarat,462,Valsad,VALSAD,-,-,-,-,-,-,-,-,20.316669,72.966672,11-07-2019 08:30,,,,,1121.9,,2764,,,,,,,7.5,,,0.01,376.4,0.003,0.05,0.1,178.1,,85.9,,,3.5,0.09,,0.05,,,
"3,282",WELL AT VILLAGE DADRA,CPCB,24,Gujarat,462,Valsad,VALSAD,-,-,-,-,-,-,-,-,20.316669,72.966672,17-10-2019 08:30,,,,,694.5,,2016,,,,,,,6.9,,,0.01,394.1,0.003,0.05,0.18,106.6,,57.7,,,3.2,0.02,,0.05,,,
"3,283",WELL AT VILLAGE DADRA,CPCB,24,Gujarat,462,Valsad,VALSAD,-,-,-,-,-,-,-,-,20.316669,72.966672,11-01-2020 08:30,,,,,,3.5,,,,,,,,7.7,,,,,,,0.125,,,,,,1.9,,,,,,
"3,284",WELL AT VILLAGE DADRA,CPCB,24,Gujarat,462,Valsad,VALSAD,-,-,-,-,-,-,-,-,20.316669,72.966672,28-08-2020 08:30,Clear,,,,,6.4,,,,,,,,8.2,,,Clear,,Clear,,Clear,,Clear,,,Clear,2.2,,Clear,,Clear,,
"3,285",WELL AT VILLAGE DUNETHA DAMAN,CPCB,24,Gujarat,441,DAMAN,DAMAN,-,-,-,-,-,-,-,-,20.426775,72.847097,10-04-2018 08:30,,,,,56,,362,,,,,,,6.98,,,0.00015,184,0.001,0.005,0.11,70.2,,21.2,,,2.64,0.01,,0.04,,,
"3,286",WELL AT VILLAGE DUNETHA DAMAN,CPCB,24,Gujarat,441,DAMAN,DAMAN,-,-,-,-,-,-,-,-,20.426775,72.847097,04-07-2018 08:30,,,,,44.9,,389,,,,,,,7.44,,,,176,0.001,0.005,0.028,74.4,,23.04,,,1.4,0.01,,0.062,,,
"3,287",WELL AT VILLAGE DUNETHA DAMAN,CPCB,24,Gujarat,441,DAMAN,DAMAN,-,-,-,-,-,-,-,-,20.426775,72.847097,19-04-2019 08:30,,,,,95.7,,488,,,,,,,7.2,,,0.01,241.5,0.003,0.05,0.1,42.2,,40.2,,,2,0.03,,0.05,,,
"3,288",WELL AT VILLAGE DUNETHA DAMAN,CPCB,24,Gujarat,441,DAMAN,DAMAN,-,-,-,-,-,-,-,-,20.426775,72.847097,18-07-2019 08:30,,,,,68.5,,504,,,,,,,7.9,,,0.01,268.8,0.003,0.05,0.1,101.2,,31.9,,,2.7,0.02,,0.05,,,
"3,289",WELL AT VILLAGE DUNETHA DAMAN,CPCB,24,Gujarat,441,DAMAN,DAMAN,-,-,-,-,-,-,-,-,20.426775,72.847097,21-10-2019 08:30,,,,,57.2,,448,,,,,,,7.2,,,0.01,263.2,0.003,0.05,0.1,96.8,,27.9,,,3.3,0.02,,0.05,,,
"3,290",WELL AT VILLAGE DUNETHA DAMAN,CPCB,24,Gujarat,441,DAMAN,DAMAN,-,-,-,-,-,-,-,-,20.426775,72.847097,13-01-2020 08:30,,,,,,3.2,,,,,,,,7.1,,,,,,,,,,,,,2.5,,,,,,
"3,291",WELL AT VILLAGE DUNETHA DAMAN,CPCB,24,Gujarat,441,DAMAN,DAMAN,-,-,-,-,-,-,-,-,20.426775,72.847097,27-08-2020 08:30,Clear,,,,,6.5,,,,,,,,7,,,Clear,,Clear,,0.342,,Clear,,,Clear,3.3,,Clear,,Clear,,
"3,292",WELL AT VILLAGE KACHIGAM DAMAN,CPCB,24,Gujarat,441,DAMAN,DAMAN,-,-,-,-,-,-,-,-,20.384203,72.883423,10-04-2018 08:30,,,,,194,,655,,,,,,,7.25,,,,181,0.001,0.005,0.21,130,,34.2,,,5.8,0.01,,0.03,,,
"3,293",WELL AT VILLAGE KACHIGAM DAMAN,CPCB,24,Gujarat,441,DAMAN,DAMAN,-,-,-,-,-,-,-,-,20.384203,72.883423,04-07-2018 08:30,,,,,248,,649,,,,,,,7.34,,,0.00015,166,0.001,0.005,0.18,110,,36.24,,,1.2,0.01,,0.08,,,
"3,294",WELL AT VILLAGE KACHIGAM DAMAN,CPCB,24,Gujarat,441,DAMAN,DAMAN,-,-,-,-,-,-,-,-,20.384203,72.883423,19-04-2019 08:30,,,,,20.6,,364,,,,,,,7.5,,,0.01,178.5,0.003,0.05,0.1,26.4,,14.6,,,3.5,0.02,,0.05,,,
"3,295",WELL AT VILLAGE KACHIGAM DAMAN,CPCB,24,Gujarat,441,DAMAN,DAMAN,-,-,-,-,-,-,-,-,20.384203,72.883423,18-07-2019 08:30,,,,,83.2,,500,,,,,,,8.1,,,0.01,250.9,0.003,0.05,0.3,64.8,,29.4,,,5.6,0.02,,0.07,,,
"3,296",WELL AT VILLAGE KACHIGAM DAMAN,CPCB,24,Gujarat,441,DAMAN,DAMAN,-,-,-,-,-,-,-,-,20.384203,72.883423,21-10-2019 08:30,,,,,66.5,,400,,,,,,,7.3,,,0.01,257.6,0.003,0.05,0.1,77.8,,20.2,,,4.7,0.02,,0.05,,,
"3,297",WELL AT VILLAGE KACHIGAM DAMAN,CPCB,24,Gujarat,441,DAMAN,DAMAN,-,-,-,-,-,-,-,-,20.384203,72.883423,13-01-2020 08:30,,,,,,5.8,,,,,,,,7.2,,,,,,,0.133,,,,,,2.7,,,,,,
"3,298",WELL AT VILLAGE KACHIGAM DAMAN,CPCB,24,Gujarat,441,DAMAN,DAMAN,-,-,-,-,-,-,-,-,20.384203,72.883423,27-08-2020 08:30,Other,,,,,6.8,,,,,,,,8,,,Other,,0.008,,0.466,,Other,,,Other,5.7,,Other,,Other,,
"3,299",WELL AT VILLAGE PIPERIA DADRA,CPCB,24,Gujarat,462,Valsad,VALSAD,-,-,-,-,-,-,-,-,20.310619,72.960967,10-04-2018 08:30,,,,,172,,696,,,,,,,7.28,,,,209,0.001,0.005,0.16,140,,140.1,,,2.1,0.01,,0.022,,,
"3,300",WELL AT VILLAGE PIPERIA DADRA,CPCB,24,Gujarat,462,Valsad,VALSAD,-,-,-,-,-,-,-,-,20.310619,72.960967,04-07-2018 08:30,,,,,192,,732,,,,,,,7.43,,,,128,0.001,0.005,0.086,148,,32.4,,,1.4,0.01,,0.022,,,
"3,301",WELL AT VILLAGE PIPERIA DADRA,CPCB,24,Gujarat,462,Valsad,VALSAD,-,-,-,-,-,-,-,-,20.310619,72.960967,30-04-2019 08:30,,,,,669.5,,1880,,,,,,,7.3,,,0.01,362.3,0.003,0.05,0.13,205.9,,37.9,,,6.5,0.03,,0.05,,,
"3,302",WELL AT VILLAGE PIPERIA DADRA,CPCB,24,Gujarat,462,Valsad,VALSAD,-,-,-,-,-,-,-,-,20.310619,72.960967,11-07-2019 08:30,,,,,704.2,,1788,,,,,,,7.5,,,0.01,388.3,0.003,0.05,0.21,186.2,,39.3,,,4.4,0.04,,0.05,,,
"3,303",WELL AT VILLAGE PIPERIA DADRA,CPCB,24,Gujarat,462,Valsad,VALSAD,-,-,-,-,-,-,-,-,20.310619,72.960967,17-10-2019 08:30,,,,,273.7,,1244,,,,,,,7.1,,,0.01,344.1,0.003,0.05,0.1,171.3,,41.6,,,4,0.02,,0.05,,,
"3,304",WELL AT VILLAGE PIPERIA DADRA,CPCB,24,Gujarat,462,Valsad,VALSAD,-,-,-,-,-,-,-,-,20.310619,72.960967,11-01-2020 08:30,,,,,,5.4,,,,,,,,7.6,,,,,,,,,,,,,6.4,,,,,,
"3,305",WELL AT VILLAGE PIPERIA DADRA,CPCB,24,Gujarat,462,Valsad,VALSAD,-,-,-,-,-,-,-,-,20.310619,72.960967,28-08-2020 08:30,Clear,,,,,6.5,,,,,,,,8.4,,,Clear,,Clear,,Clear,,Clear,,,Clear,2.3,,Clear,,Clear,,
"3,306",WELL OF BARDOLI AT REST HOUSE.,CPCB,24,Gujarat,459,Surat,BARDOLI,-,-,-,-,-,-,-,-,21.120001,73.120001,03-04-2018 08:30,,,,,289,,1008,,,,,,,8.1,,,,140,,,,96.1,,46.2,,,,,,,,,
"3,307",WELL OF BARDOLI AT REST HOUSE.,CPCB,24,Gujarat,459,Surat,BARDOLI,-,-,-,-,-,-,-,-,21.120001,73.120001,03-10-2018 08:30,,,,,300,,1048,,,,,,,7.55,,,,130,,0.016,0.507,40.08,,41.34,,,,,,,,,
"3,308",WELL OF BARDOLI AT REST HOUSE.,CPCB,24,Gujarat,459,Surat,BARDOLI,-,-,-,-,-,-,-,-,21.120001,73.120001,02-04-2019 08:30,,,,,229,,682,,,,,,,7.7,,,0.01,400,0.02,0.06,0.07,72.1,,41.3,,,,,,0.01,,,
"3,309",WELL OF BARDOLI AT REST HOUSE.,CPCB,24,Gujarat,459,Surat,BARDOLI,-,-,-,-,-,-,-,-,21.120001,73.120001,03-10-2019 08:30,,,,,185,,674,,,,,,,7.5,,,,540,,,,72.1,,38.9,,,,,,0.01,,,
"3,310",WELL OF BARDOLI AT REST HOUSE.,CPCB,24,Gujarat,459,Surat,BARDOLI,-,-,-,-,-,-,-,-,21.120001,73.120001,06-04-2020 08:30,0.84,,,,,7,,,,,,,,7.3,,,Clear,,Clear,,Clear,,Clear,,,Clear,0.08,,Clear,,Clear,,
"3,311",WELL OF BARDOLI AT REST HOUSE.,CPCB,24,Gujarat,459,Surat,BARDOLI,-,-,-,-,-,-,-,-,21.120001,73.120001,01-10-2020 08:30,0.28,,,,,3.2,,,,,,,,8.1,,,Clear,,Clear,,Clear,,Clear,,,Clear,0.09,,Clear,,1.46,,
"3,312",WELL OF IDAR NAGAR PALIKA SAKARIA IDAR,CPCB,24,Gujarat,458,Sabarkantha,BAYAD,-,-,-,-,-,-,-,-,23.825025,73.000853,09-10-2018 08:30,,,,,337,,1248,,,,,,,7.3,,,,,,,,,,,,,,,,0.43,,,
"3,313",WELL OF IDAR NAGAR PALIKA SAKARIA IDAR,CPCB,24,Gujarat,458,Sabarkantha,BAYAD,-,-,-,-,-,-,-,-,23.825025,73.000853,02-04-2019 08:30,,,,,189,,1118,,,,,,,7.1,,,,,0.02,0.06,,,,,,,,,,0.01,,,
"3,314",WELL OF IDAR NAGAR PALIKA SAKARIA IDAR,CPCB,24,Gujarat,458,Sabarkantha,BAYAD,-,-,-,-,-,-,-,-,23.825025,73.000853,09-04-2020 08:30,0.14,,,,,4.5,,,,,,,,7.7,,,Clear,,Clear,,0.06,,Clear,,,Clear,0.02,,Clear,,Clear,,
"3,315",WELL OF MODASA NAGAR PALIKA VARIGRUH MODASA,CPCB,24,Gujarat,458,Sabarkantha,BAYAD,-,-,-,-,-,-,-,-,23.462694,73.300731,09-10-2018 08:30,,,,,195,,982,,,,,,,7.6,,,,,,,,,,,,,,,,0.1,,,
"3,316",WELL OF MODASA NAGAR PALIKA VARIGRUH MODASA,CPCB,24,Gujarat,458,Sabarkantha,BAYAD,-,-,-,-,-,-,-,-,23.462694,73.300731,02-04-2019 08:30,,,,,200,,1144,,,,,,,7,,,,,0.02,0.06,,,,,,,,,,0.01,,,
"3,317",WELL OF MODASA NAGAR PALIKA VARIGRUH MODASA,CPCB,24,Gujarat,458,Sabarkantha,BAYAD,-,-,-,-,-,-,-,-,23.462694,73.300731,09-04-2020 08:30,0.16,,,,,4.5,,,,,,,,7.2,,,Clear,,Clear,,0.05,,Clear,,,Clear,0.04,,Clear,,Clear,,
