SlNo,Station,Agency,State LGD Code,State,District LGD Code,District,Tehsil,Block,Village,River,Basin,Tributary,Subtributary,SubSubtributary,Local River,Latitude,Longitude,Data Acquisition Time,Amonia N (mgN/L),Boron (mg/L),Carbonate (mg/L),Calcium (mg/L),Chloride (mg/L),Dissolved oxygen (mg/L),Total Dissolved Solids (mg/L),Fluoride (mg/L),Bicarbonate (mg/L),Potassium (mg/L),Magnesium (mg/L),Sodium (mg/L),Nitrite N+Nitrate N (mgN/L),Potential of Hydrogen (pH),Sulphate (mg/L),Total Phosphorus (mgP/L),Arsenic (mg/L),Total Alkalinity (mg/L as CaCO3),Cadmium (mg/L),Chromium (mg/L),Iron(mg/L),Hardness Calcium (mgCaCO3/L),Mercury(mg/L),Hardness_Magnesium (mg/L as CaCO3),Total Hardness (mgCaCO3/L),Manganese (mg/L),Nitrate N (mgN/L),Nickel (mg/L),Lead (mg/L),Zinc (mg/L),Sodium Adsorption Ratio (%),Nitrate (mg/L),Copper (mg/L)
1,AHMEDABAD-1 BENRAMPURA,CPCB,24,Gujarat,438,Ahmedabad,AHMADABAD CITY,-,-,-,-,-,-,-,-,23.00557000,72.58332900,02-01-2021 08:30,"","","","","","","","","","","","","","","","","","","","","","","","","","","","","","","","",""
2,AHMEDABAD-1 BENRAMPURA,CPCB,24,Gujarat,438,Ahmedabad,AHMADABAD CITY,-,-,-,-,-,-,-,-,23.00557000,72.58332900,03-02-2021 08:30,"","","","","","","","","","","","","","","","","","","","","","","","","","","","","","","","",""
3,AHMEDABAD-1 BENRAMPURA,CPCB,24,Gujarat,438,Ahmedabad,AHMADABAD CITY,-,-,-,-,-,-,-,-,23.00557000,72.58332900,02-03-2021 08:30,"","","","","","","","","","","","","","","","","","","","","","","","","","","","","","","","",""
4,AHMEDABAD-2 NAROL SARKHEJ HIGHWAY,CPCB,24,Gujarat,438,Ahmedabad,AHMADABAD CITY,-,-,-,-,-,-,-,-,22.99086100,72.53307700,02-01-2021 08:30,"","","","","","","","","","","","","","","","","","","","","","","","","","","","","","","","",""
5,AHMEDABAD-2 NAROL SARKHEJ HIGHWAY,CPCB,24,Gujarat,438,Ahmedabad,AHMADABAD CITY,-,-,-,-,-,-,-,-,22.99086100,72.53307700,03-02-2021 08:30,"","","","","","","","","","","","","","","","","","","","","","","","","","","","","","","","",""
6,AHMEDABAD-2 NAROL SARKHEJ HIGHWAY,CPCB,24,Gujarat,438,Ahmedabad,AHMADABAD CITY,-,-,-,-,-,-,-,-,22.99086100,72.53307700,02-03-2021 08:30,"","","","","","","","","","","","","","","","","","","","","","","","","","","","","","","","",""
7,AJWAH LAKE AT SRI SAYAJI SABVAR BARODA,CPCB,24,Gujarat,461,Vadodara,VAGHODIA,-,-,-,-,-,-,-,-,22.40120600,73.38860300,05-01-2021 08:30,0.28,"","","","",8.5,"","","","","","","",7.65,"","","","","","","","","","","","","","","","","","",""
8,AJWAH LAKE AT SRI SAYAJI SABVAR BARODA,CPCB,24,Gujarat,461,Vadodara,VAGHODIA,-,-,-,-,-,-,-,-,22.40120600,73.38860300,04-02-2021 08:30,0.48,"","","","",8.5,"","","","","","","",7.89,"","","","","","","","","","","","","","","","","","",""
9,AJWAH LAKE AT SRI SAYAJI SABVAR BARODA,CPCB,24,Gujarat,461,Vadodara,VAGHODIA,-,-,-,-,-,-,-,-,22.40120600,73.38860300,04-03-2021 08:30,0.4,"","","","",7.7,"","","","","","","",7.99,"","","","","","","","","","","","","","","","","","",""
10,AJWAH LAKE AT SRI SAYAJI SABVAR BARODA,CPCB,24,Gujarat,461,Vadodara,VAGHODIA,-,-,-,-,-,-,-,-,22.40120600,73.38860300,05-04-2021 08:30,0.48,"","","","",7.5,"","","","","","","",8.14,"","","","","","","","","","","","","","","","","","",""
11,AJWAH LAKE AT SRI SAYAJI SABVAR BARODA,CPCB,24,Gujarat,461,Vadodara,VAGHODIA,-,-,-,-,-,-,-,-,22.40120600,73.38860300,06-05-2021 08:30,0.64,"","","","",7.7,"","","","","","","",7.98,"","","","","","","","","","","","","","","","","","",""
12,AJWAH LAKE AT SRI SAYAJI SABVAR BARODA,CPCB,24,Gujarat,461,Vadodara,VAGHODIA,-,-,-,-,-,-,-,-,22.40120600,73.38860300,04-06-2021 08:30,0.4,"","","","",7.1,"","","","","","","",7.75,"","","","","","","","","","","","","","","","","","",""
13,AJWAH LAKE AT SRI SAYAJI SABVAR BARODA,CPCB,24,Gujarat,461,Vadodara,VAGHODIA,-,-,-,-,-,-,-,-,22.40120600,73.38860300,05-07-2021 08:30,0.5,"","","","",7,"","","","","","","",7.6,"","","","","","","","","","","","","","","","","","",""
14,AJWAH LAKE AT SRI SAYAJI SABVAR BARODA,CPCB,24,Gujarat,461,Vadodara,VAGHODIA,-,-,-,-,-,-,-,-,22.40120600,73.38860300,05-08-2021 08:30,0.62,"","","","",7.6,"","","","","","","",7.68,"","","","","","","","","","","","","","","","","","",""
15,AJWAH LAKE AT SRI SAYAJI SABVAR BARODA,CPCB,24,Gujarat,461,Vadodara,VAGHODIA,-,-,-,-,-,-,-,-,22.40120600,73.38860300,04-09-2021 08:30,0.5,"","","","",6,"","","","","","","",8.11,"","","","","","","","","","","","","","","","","","",""
16,AJWAH LAKE AT SRI SAYAJI SABVAR BARODA,CPCB,24,Gujarat,461,Vadodara,VAGHODIA,-,-,-,-,-,-,-,-,22.40120600,73.38860300,06-10-2021 08:30,0.53,"","","","",6.5,"","","","","","","",8.49,"","","","","","","","","","","","","","","","","","",""
17,AJWAH LAKE AT SRI SAYAJI SABVAR BARODA,CPCB,24,Gujarat,461,Vadodara,VAGHODIA,-,-,-,-,-,-,-,-,22.40120600,73.38860300,02-11-2021 08:30,0.5,"","","","",5.1,"","","","","","","",8.53,"","","","","","","","","","","","","","","","","","",""
18,AJWAH LAKE AT SRI SAYAJI SABVAR BARODA,CPCB,24,Gujarat,461,Vadodara,VAGHODIA,-,-,-,-,-,-,-,-,22.40120600,73.38860300,02-12-2021 08:30,0.62,"","","","",7,"","","","","","","",8.12,"","","","","","","","","","","","","","","","","","",""
19,AMBIKA AT BILIMORA,CPCB,24,Gujarat,453,Navsari,GANDEVI,-,-,-,-,-,-,-,-,20.77210600,72.95162500,01-01-2021 08:30,"","","","","",5.2,"","","","","","","",7.7,"","","","","","","","","","","","","","","","","","",""
20,AMBIKA AT BILIMORA,CPCB,24,Gujarat,453,Navsari,GANDEVI,-,-,-,-,-,-,-,-,20.77210600,72.95162500,04-02-2021 08:30,"","","","","",7.6,"","","","","","","",7.91,"","","","","","","","","","","","","","","","","","",""
21,AMBIKA AT BILIMORA,CPCB,24,Gujarat,453,Navsari,GANDEVI,-,-,-,-,-,-,-,-,20.77210600,72.95162500,02-03-2021 08:30,"","","","","",6.8,"","","","","","","",6.8,"","","","","","","","","","","","","","","","","","",""
22,AMBIKA AT BILIMORA,CPCB,24,Gujarat,453,Navsari,GANDEVI,-,-,-,-,-,-,-,-,20.77210600,72.95162500,04-04-2021 08:30,"","","","","",7,"","","","","","","",8,"","","","","","","","","","","","","","","","","","",""
23,AMBIKA AT BILIMORA,CPCB,24,Gujarat,453,Navsari,GANDEVI,-,-,-,-,-,-,-,-,20.77210600,72.95162500,03-05-2021 08:30,"","","","","",6.8,"","","","","","","",7.66,"","","","","","","","","","","","","","","","","","",""
24,AMBIKA AT BILIMORA,CPCB,24,Gujarat,453,Navsari,GANDEVI,-,-,-,-,-,-,-,-,20.77210600,72.95162500,02-06-2021 08:30,"","","","","",6.8,"","","","","","","",7.85,"","","","","","","","","","","","","","","","","","",""
25,AMBIKA AT BILIMORA,CPCB,24,Gujarat,453,Navsari,GANDEVI,-,-,-,-,-,-,-,-,20.77210600,72.95162500,02-07-2021 08:30,"","","","","",6.8,"","","","","","","",7.76,"","","","","","","","","","","","","","","","","","",""
26,AMBIKA AT BILIMORA,CPCB,24,Gujarat,453,Navsari,GANDEVI,-,-,-,-,-,-,-,-,20.77210600,72.95162500,02-08-2021 08:30,"","","","","",6.8,"","","","","","","",7.64,"","","","","","","","","","","","","","","","","","",""
27,AMBIKA AT BILIMORA,CPCB,24,Gujarat,453,Navsari,GANDEVI,-,-,-,-,-,-,-,-,20.77210600,72.95162500,02-09-2021 08:30,"","","","","",6.9,"","","","","","","",7.98,"","","","","","","","","","","","","","","","","","",""
28,AMBIKA AT BILIMORA,CPCB,24,Gujarat,453,Navsari,GANDEVI,-,-,-,-,-,-,-,-,20.77210600,72.95162500,02-10-2021 08:30,"","","","","",7.2,"","","","","","","",7.62,"","","","","","","","","","","","","","","","","","",""
29,AMBIKA AT BILIMORA,CPCB,24,Gujarat,453,Navsari,GANDEVI,-,-,-,-,-,-,-,-,20.77210600,72.95162500,02-11-2021 08:30,"","","","","",7.1,"","","","","","","",7.41,"","","","","","","","","","","","","","","","","","",""
30,AMBIKA AT BILIMORA,CPCB,24,Gujarat,453,Navsari,GANDEVI,-,-,-,-,-,-,-,-,20.77210600,72.95162500,06-12-2021 08:30,"","","","","",6.9,"","","","","","","",8.01,"","","","","","","","","","","","","","","","","","",""
31,AMLAKHADI AFTER CONFL. OF W. WATER FROM ANKLESH,CPCB,24,Gujarat,442,Bharuch,BHARUCH,-,-,-,-,-,-,-,-,21.70117800,73.02173300,01-01-2021 08:30,"","","","","","","","","","","","","",7.5,"","","","","","","","","","","","","","","","","","",""
32,AMLAKHADI AFTER CONFL. OF W. WATER FROM ANKLESH,CPCB,24,Gujarat,442,Bharuch,BHARUCH,-,-,-,-,-,-,-,-,21.70117800,73.02173300,01-02-2021 08:30,"","","","","",0.8,"","","","","","","",7.74,"","","","","","","","","","","","","","","","","","",""
33,AMLAKHADI AFTER CONFL. OF W. WATER FROM ANKLESH,CPCB,24,Gujarat,442,Bharuch,BHARUCH,-,-,-,-,-,-,-,-,21.70117800,73.02173300,01-03-2021 08:30,"","","","","",0.7,"","","","","","","",7.59,"","","","","","","","","","","","","","","","","","",""
34,AMLAKHADI AFTER CONFL. OF W. WATER FROM ANKLESH,CPCB,24,Gujarat,442,Bharuch,BHARUCH,-,-,-,-,-,-,-,-,21.70117800,73.02173300,01-04-2021 08:30,"","","","","","","","","","","","","",7.43,"","","","","","","","","","","","","","","","","","",""
35,AMLAKHADI AFTER CONFL. OF W. WATER FROM ANKLESH,CPCB,24,Gujarat,442,Bharuch,BHARUCH,-,-,-,-,-,-,-,-,21.70117800,73.02173300,03-05-2021 08:30,"","","","","","","","","","","","","",7.85,"","","","","","","","","","","","","","","","","","",""
36,AMLAKHADI AFTER CONFL. OF W. WATER FROM ANKLESH,CPCB,24,Gujarat,442,Bharuch,BHARUCH,-,-,-,-,-,-,-,-,21.70117800,73.02173300,01-06-2021 08:30,"","","","","",0.7,"","","","","","","",7.35,"","","","","","","","","","","","","","","","","","",""
37,AMLAKHADI AFTER CONFL. OF W. WATER FROM ANKLESH,CPCB,24,Gujarat,442,Bharuch,BHARUCH,-,-,-,-,-,-,-,-,21.70117800,73.02173300,02-07-2021 08:30,"","","","","","","","","","","","","",7.3,"","","","","","","","","","","","","","","","","","",""
38,AMLAKHADI AFTER CONFL. OF W. WATER FROM ANKLESH,CPCB,24,Gujarat,442,Bharuch,BHARUCH,-,-,-,-,-,-,-,-,21.70117800,73.02173300,04-08-2021 08:30,"","","","","","","","","","","","","",7.84,"","","","","","","","","","","","","","","","","","",""
39,AMLAKHADI AFTER CONFL. OF W. WATER FROM ANKLESH,CPCB,24,Gujarat,442,Bharuch,BHARUCH,-,-,-,-,-,-,-,-,21.70117800,73.02173300,01-09-2021 08:30,"","","","","","","","","","","","","",7.27,"","","","","","","","","","","","","","","","","","",""
40,AMLAKHADI AFTER CONFL. OF W. WATER FROM ANKLESH,CPCB,24,Gujarat,442,Bharuch,BHARUCH,-,-,-,-,-,-,-,-,21.70117800,73.02173300,01-10-2021 08:30,"","","","","",3.4,"","","","","","","",7.81,"","","","","","","","","","","","","","","","","","",""
41,AMLAKHADI AFTER CONFL. OF W. WATER FROM ANKLESH,CPCB,24,Gujarat,442,Bharuch,BHARUCH,-,-,-,-,-,-,-,-,21.70117800,73.02173300,01-11-2021 08:30,"","","","","",3.6,"","","","","","","",7.47,"","","","","","","","","","","","","","","","","","",""
42,AMLAKHADI AFTER CONFL. OF W. WATER FROM ANKLESH,CPCB,24,Gujarat,442,Bharuch,BHARUCH,-,-,-,-,-,-,-,-,21.70117800,73.02173300,02-12-2021 08:30,"","","","","",3.7,"","","","","","","",7.31,"","","","","","","","","","","","","","","","","","",""
43,AMLAKHADI AT PUNGAM ANKLESHWAR DISTT BHARUCH,CPCB,24,Gujarat,442,Bharuch,ANKLESVAR,-,-,-,-,-,-,-,-,21.63116100,72.95648500,01-01-2021 08:30,"","","","","","","","","","","","","",7.6,"","","","","","","","","","","","","","","","","","",""
44,AMLAKHADI AT PUNGAM ANKLESHWAR DISTT BHARUCH,CPCB,24,Gujarat,442,Bharuch,ANKLESVAR,-,-,-,-,-,-,-,-,21.63116100,72.95648500,01-02-2021 08:30,"","","","","","","","","","","","","",7.87,"","","","","","","","","","","","","","","","","","",""
45,AMLAKHADI AT PUNGAM ANKLESHWAR DISTT BHARUCH,CPCB,24,Gujarat,442,Bharuch,ANKLESVAR,-,-,-,-,-,-,-,-,21.63116100,72.95648500,01-03-2021 08:30,"","","","","","","","","","","","","",7.47,"","","","","","","","","","","","","","","","","","",""
46,AMLAKHADI AT PUNGAM ANKLESHWAR DISTT BHARUCH,CPCB,24,Gujarat,442,Bharuch,ANKLESVAR,-,-,-,-,-,-,-,-,21.63116100,72.95648500,01-04-2021 08:30,"","","","","",1.1,"","","","","","","",7.43,"","","","","","","","","","","","","","","","","","",""
47,AMLAKHADI AT PUNGAM ANKLESHWAR DISTT BHARUCH,CPCB,24,Gujarat,442,Bharuch,ANKLESVAR,-,-,-,-,-,-,-,-,21.63116100,72.95648500,05-05-2021 08:30,"","","","","",3,"","","","","","","",7.28,"","","","","","","","","","","","","","","","","","",""
48,AMLAKHADI AT PUNGAM ANKLESHWAR DISTT BHARUCH,CPCB,24,Gujarat,442,Bharuch,ANKLESVAR,-,-,-,-,-,-,-,-,21.63116100,72.95648500,01-06-2021 08:30,"","","","","",1.3,"","","","","","","",7.53,"","","","","","","","","","","","","","","","","","",""
49,AMLAKHADI AT PUNGAM ANKLESHWAR DISTT BHARUCH,CPCB,24,Gujarat,442,Bharuch,ANKLESVAR,-,-,-,-,-,-,-,-,21.63116100,72.95648500,01-07-2021 08:30,"","","","","","","","","","","","","",7.28,"","","","","","","","","","","","","","","","","","",""
50,AMLAKHADI AT PUNGAM ANKLESHWAR DISTT BHARUCH,CPCB,24,Gujarat,442,Bharuch,ANKLESVAR,-,-,-,-,-,-,-,-,21.63116100,72.95648500,02-08-2021 08:30,"","","","","",1.2,"","","","","","","",7.44,"","","","","","","","","","","","","","","","","","",""
51,AMLAKHADI AT PUNGAM ANKLESHWAR DISTT BHARUCH,CPCB,24,Gujarat,442,Bharuch,ANKLESVAR,-,-,-,-,-,-,-,-,21.63116100,72.95648500,01-09-2021 08:30,"","","","","",0.7,"","","","","","","",7.18,"","","","","","","","","","","","","","","","","","",""
52,AMLAKHADI AT PUNGAM ANKLESHWAR DISTT BHARUCH,CPCB,24,Gujarat,442,Bharuch,ANKLESVAR,-,-,-,-,-,-,-,-,21.63116100,72.95648500,01-10-2021 08:30,"","","","","",5.2,"","","","","","","",7.69,"","","","","","","","","","","","","","","","","","",""
53,AMLAKHADI AT PUNGAM ANKLESHWAR DISTT BHARUCH,CPCB,24,Gujarat,442,Bharuch,ANKLESVAR,-,-,-,-,-,-,-,-,21.63116100,72.95648500,02-11-2021 08:30,"","","","","",3.9,"","","","","","","",7.44,"","","","","","","","","","","","","","","","","","",""
54,AMLAKHADI AT PUNGAM ANKLESHWAR DISTT BHARUCH,CPCB,24,Gujarat,442,Bharuch,ANKLESVAR,-,-,-,-,-,-,-,-,21.63116100,72.95648500,01-12-2021 08:30,"","","","","",4.1,"","","","","","","",7.81,"","","","","","","","","","","","","","","","","","",""
55,AMLAKHADI CREEK AT PUNGAM.,CPCB,24,Gujarat,442,Bharuch,ANKLESVAR,-,-,-,-,-,-,-,-,21.61541300,72.94184700,01-01-2021 08:30,"","","","","","","","","","","","","",7.3,"","","","","","","","","","","","","","","","","","",""
56,AMLAKHADI CREEK AT PUNGAM.,CPCB,24,Gujarat,442,Bharuch,ANKLESVAR,-,-,-,-,-,-,-,-,21.61541300,72.94184700,01-02-2021 08:30,"","","","","",2.3,"","","","","","","",7.84,"","","","","","","","","","","","","","","","","","",""
57,AMLAKHADI CREEK AT PUNGAM.,CPCB,24,Gujarat,442,Bharuch,ANKLESVAR,-,-,-,-,-,-,-,-,21.61541300,72.94184700,01-03-2021 08:30,"","","","","","","","","","","","","",7.49,"","","","","","","","","","","","","","","","","","",""
58,AMLAKHADI CREEK AT PUNGAM.,CPCB,24,Gujarat,442,Bharuch,ANKLESVAR,-,-,-,-,-,-,-,-,21.61541300,72.94184700,01-04-2021 08:30,"","","","","",0.8,"","","","","","","",7.35,"","","","","","","","","","","","","","","","","","",""
59,AMLAKHADI CREEK AT PUNGAM.,CPCB,24,Gujarat,442,Bharuch,ANKLESVAR,-,-,-,-,-,-,-,-,21.61541300,72.94184700,05-05-2021 08:30,"","","","","",4,"","","","","","","",7.3,"","","","","","","","","","","","","","","","","","",""
60,AMLAKHADI CREEK AT PUNGAM.,CPCB,24,Gujarat,442,Bharuch,ANKLESVAR,-,-,-,-,-,-,-,-,21.61541300,72.94184700,01-06-2021 08:30,"","","","","",2.4,"","","","","","","",7.46,"","","","","","","","","","","","","","","","","","",""
61,AMLAKHADI CREEK AT PUNGAM.,CPCB,24,Gujarat,442,Bharuch,ANKLESVAR,-,-,-,-,-,-,-,-,21.61541300,72.94184700,01-07-2021 08:30,"","","","","",2.1,"","","","","","","",7.15,"","","","","","","","","","","","","","","","","","",""
62,AMLAKHADI CREEK AT PUNGAM.,CPCB,24,Gujarat,442,Bharuch,ANKLESVAR,-,-,-,-,-,-,-,-,21.61541300,72.94184700,02-08-2021 08:30,"","","","","",1.4,"","","","","","","",7.47,"","","","","","","","","","","","","","","","","","",""
63,AMLAKHADI CREEK AT PUNGAM.,CPCB,24,Gujarat,442,Bharuch,ANKLESVAR,-,-,-,-,-,-,-,-,21.61541300,72.94184700,01-09-2021 08:30,"","","","","",0.4,"","","","","","","",7.15,"","","","","","","","","","","","","","","","","","",""
64,AMLAKHADI CREEK AT PUNGAM.,CPCB,24,Gujarat,442,Bharuch,ANKLESVAR,-,-,-,-,-,-,-,-,21.61541300,72.94184700,01-10-2021 08:30,"","","","","",6.1,"","","","","","","",7.7,"","","","","","","","","","","","","","",0.079,"","","",""
65,AMLAKHADI CREEK AT PUNGAM.,CPCB,24,Gujarat,442,Bharuch,ANKLESVAR,-,-,-,-,-,-,-,-,21.61541300,72.94184700,02-11-2021 08:30,"","","","","",5.4,"","","","","","","",7.45,"","","","","","","","","","","","","","","","","","",""
66,AMLAKHADI CREEK AT PUNGAM.,CPCB,24,Gujarat,442,Bharuch,ANKLESVAR,-,-,-,-,-,-,-,-,21.61541300,72.94184700,01-12-2021 08:30,"","","","","",4,"","","","","","","",7.63,"","","","","","","","","","","","","","","","","","",""
67,AMRAVATI AT VILLAGE DADHAL  TA ANKLESHWAR BHARUCH,CPCB,24,Gujarat,442,Bharuch,ANKLESVAR,-,-,-,-,-,-,-,-,21.63538400,73.06497200,05-01-2021 08:30,"","","","","",7.3,"","","","","","","",7.9,"","","","","","","","","","","","","","","","","","",""
68,AMRAVATI AT VILLAGE DADHAL  TA ANKLESHWAR BHARUCH,CPCB,24,Gujarat,442,Bharuch,ANKLESVAR,-,-,-,-,-,-,-,-,21.63538400,73.06497200,10-02-2021 08:30,"","","","","",6.9,"","","","","","","",7.7,"","","","","","","","","","","","","","","","","","",""
69,AMRAVATI AT VILLAGE DADHAL  TA ANKLESHWAR BHARUCH,CPCB,24,Gujarat,442,Bharuch,ANKLESVAR,-,-,-,-,-,-,-,-,21.63538400,73.06497200,09-03-2021 08:30,"","","","","",6.5,"","","","","","","",8.03,"","","","","","","","","","","","","","","","","","",""
70,AMRAVATI AT VILLAGE DADHAL  TA ANKLESHWAR BHARUCH,CPCB,24,Gujarat,442,Bharuch,ANKLESVAR,-,-,-,-,-,-,-,-,21.63538400,73.06497200,05-04-2021 08:30,"","","","","",6.6,"","","","","","","",7.96,"","","","","","","","","","","","","","","","","","",""
71,AMRAVATI AT VILLAGE DADHAL  TA ANKLESHWAR BHARUCH,CPCB,24,Gujarat,442,Bharuch,ANKLESVAR,-,-,-,-,-,-,-,-,21.63538400,73.06497200,04-05-2021 08:30,"","","","","",8,"","","","","","","",7.48,"","","","","","","","","","","","","","","","","","",""
72,AMRAVATI AT VILLAGE DADHAL  TA ANKLESHWAR BHARUCH,CPCB,24,Gujarat,442,Bharuch,ANKLESVAR,-,-,-,-,-,-,-,-,21.63538400,73.06497200,03-06-2021 08:30,"","","","","",7.2,"","","","","","","",8.01,"","","","","","","","","","","","","","","","","","",""
73,AMRAVATI AT VILLAGE DADHAL  TA ANKLESHWAR BHARUCH,CPCB,24,Gujarat,442,Bharuch,ANKLESVAR,-,-,-,-,-,-,-,-,21.63538400,73.06497200,01-07-2021 08:30,"","","","","",7.7,"","","","","","","",8.09,"","","","","","","","","","","","","","","","","","",""
74,AMRAVATI AT VILLAGE DADHAL  TA ANKLESHWAR BHARUCH,CPCB,24,Gujarat,442,Bharuch,ANKLESVAR,-,-,-,-,-,-,-,-,21.63538400,73.06497200,03-08-2021 08:30,"","","","","",6.8,"","","","","","","",7.82,"","","","","","","","","","","","","","","","","","",""
75,AMRAVATI AT VILLAGE DADHAL  TA ANKLESHWAR BHARUCH,CPCB,24,Gujarat,442,Bharuch,ANKLESVAR,-,-,-,-,-,-,-,-,21.63538400,73.06497200,04-09-2021 08:30,"","","","","",6.4,"","","","","","","",7.62,"","","","","","","","","","","","","","","","","","",""
76,AMRAVATI AT VILLAGE DADHAL  TA ANKLESHWAR BHARUCH,CPCB,24,Gujarat,442,Bharuch,ANKLESVAR,-,-,-,-,-,-,-,-,21.63538400,73.06497200,05-10-2021 08:30,"","","","","",7,"","","","","","","",8.26,"","","","","","","","","","","","","","","","","","",""
77,AMRAVATI AT VILLAGE DADHAL  TA ANKLESHWAR BHARUCH,CPCB,24,Gujarat,442,Bharuch,ANKLESVAR,-,-,-,-,-,-,-,-,21.63538400,73.06497200,01-11-2021 08:30,"","","","","",7.6,"","","","","","","",8.14,"","","","","","","","","","","","","","","","","","",""
78,AMRAVATI AT VILLAGE DADHAL  TA ANKLESHWAR BHARUCH,CPCB,24,Gujarat,442,Bharuch,ANKLESVAR,-,-,-,-,-,-,-,-,21.63538400,73.06497200,01-12-2021 08:30,"","","","","",8,"","","","","","","",8.03,"","","","","","","","","","","","","","","","","","",""
79,ANAS AT DAHOD (KUSHALGARH) DIST. PANCHMAHAL,CPCB,24,Gujarat,445,Dohad,DOHAD,-,-,-,-,-,-,-,-,22.84626400,74.29178900,01-01-2021 08:30,"","","","","",8.3,"","","","","","","",8.1,"","","","","","","","","","","","","","","","","","",""
80,ANAS AT DAHOD (KUSHALGARH) DIST. PANCHMAHAL,CPCB,24,Gujarat,445,Dohad,DOHAD,-,-,-,-,-,-,-,-,22.84626400,74.29178900,02-02-2021 08:30,"","","","","",8.1,"","","","","","","",8.2,"","","","","","","","","","","","","","","","","","",""
81,ANAS AT DAHOD (KUSHALGARH) DIST. PANCHMAHAL,CPCB,24,Gujarat,445,Dohad,DOHAD,-,-,-,-,-,-,-,-,22.84626400,74.29178900,03-03-2021 08:30,"","","","","",8.2,"","","","","","","",8.48,"","","","","","","","","","","","","","","","","","",""
82,ANAS AT DAHOD (KUSHALGARH) DIST. PANCHMAHAL,CPCB,24,Gujarat,445,Dohad,DOHAD,-,-,-,-,-,-,-,-,22.84626400,74.29178900,05-04-2021 08:30,"","","","","",7.5,"","","","","","","",8.56,"","","","","","","","","","","","","","","","","","",""
83,ANAS AT DAHOD (KUSHALGARH) DIST. PANCHMAHAL,CPCB,24,Gujarat,445,Dohad,DOHAD,-,-,-,-,-,-,-,-,22.84626400,74.29178900,04-05-2021 08:30,"","","","","",7.3,"","","","","","","",8.5,"","","","","","","","","","","","","","","","","","",""
84,ANAS AT DAHOD (KUSHALGARH) DIST. PANCHMAHAL,CPCB,24,Gujarat,445,Dohad,DOHAD,-,-,-,-,-,-,-,-,22.84626400,74.29178900,01-06-2021 08:30,"","","","","",8.7,"","","","","","","",8.17,"","","","","","","","","","","","","","","","","","",""
85,ANAS AT DAHOD (KUSHALGARH) DIST. PANCHMAHAL,CPCB,24,Gujarat,445,Dohad,DOHAD,-,-,-,-,-,-,-,-,22.84626400,74.29178900,02-07-2021 08:30,"","","","","",7.4,"","","","","","","",7.83,"","","","","","","","","","","","","","","","","","",""
86,ANAS AT DAHOD (KUSHALGARH) DIST. PANCHMAHAL,CPCB,24,Gujarat,445,Dohad,DOHAD,-,-,-,-,-,-,-,-,22.84626400,74.29178900,03-08-2021 08:30,"","","","","",7.2,"","","","","","","",7.78,"","","","","","","","","","","","","","","","","","",""
87,ANAS AT DAHOD (KUSHALGARH) DIST. PANCHMAHAL,CPCB,24,Gujarat,445,Dohad,DOHAD,-,-,-,-,-,-,-,-,22.84626400,74.29178900,01-09-2021 08:30,"","","","","",8.4,"","","","","","","",7.7,"","","","","","","","","","","","","","","","","","",""
88,ANAS AT DAHOD (KUSHALGARH) DIST. PANCHMAHAL,CPCB,24,Gujarat,445,Dohad,DOHAD,-,-,-,-,-,-,-,-,22.84626400,74.29178900,01-10-2021 08:30,"","","","","",8.3,"","","","","","","",8.45,"","","","","","","","","","","","","","","","","","",""
89,ANAS AT DAHOD (KUSHALGARH) DIST. PANCHMAHAL,CPCB,24,Gujarat,445,Dohad,DOHAD,-,-,-,-,-,-,-,-,22.84626400,74.29178900,01-11-2021 08:30,"","","","","",8.1,"","","","","","","",8.33,"","","","","","","","","","","","","","","","","","",""
90,ANAS AT DAHOD (KUSHALGARH) DIST. PANCHMAHAL,CPCB,24,Gujarat,445,Dohad,DOHAD,-,-,-,-,-,-,-,-,22.84626400,74.29178900,03-12-2021 08:30,"","","","","",8.5,"","","","","","","",8.45,"","","","","","","","","","","","","","","","","","",""
91,ANKLESHWAR RESERVOIR AT GIDC ANKLESHWAR AT VALIA ROAD.,CPCB,24,Gujarat,442,Bharuch,ANKLESVAR,-,-,-,-,-,-,-,-,21.60986900,73.00726100,01-01-2021 08:30,"","","","","",6.5,"","","","","","","",7.9,"","","","","","","","","","","","","","","","","","",""
92,ANKLESHWAR RESERVOIR AT GIDC ANKLESHWAR AT VALIA ROAD.,CPCB,24,Gujarat,442,Bharuch,ANKLESVAR,-,-,-,-,-,-,-,-,21.60986900,73.00726100,01-02-2021 08:30,"","","","","",7.4,"","","","","","","",8.13,"","","","","","","","","","","","","","","","","","",""
93,ANKLESHWAR RESERVOIR AT GIDC ANKLESHWAR AT VALIA ROAD.,CPCB,24,Gujarat,442,Bharuch,ANKLESVAR,-,-,-,-,-,-,-,-,21.60986900,73.00726100,01-03-2021 08:30,"","","","","",8.2,"","","","","","","",8.33,"","","","","","","","","","","","","","","","","","",""
94,ANKLESHWAR RESERVOIR AT GIDC ANKLESHWAR AT VALIA ROAD.,CPCB,24,Gujarat,442,Bharuch,ANKLESVAR,-,-,-,-,-,-,-,-,21.60986900,73.00726100,01-04-2021 08:30,0.4,"","","","",7.8,"","","","","","","",8.21,"","","","","","","","","","","","","","","","","","",""
95,ANKLESHWAR RESERVOIR AT GIDC ANKLESHWAR AT VALIA ROAD.,CPCB,24,Gujarat,442,Bharuch,ANKLESVAR,-,-,-,-,-,-,-,-,21.60986900,73.00726100,03-05-2021 08:30,0.4,"","","","",7.4,"","","","","","","",7.72,"","","","","","","","","","","","","","","","","","",""
96,ANKLESHWAR RESERVOIR AT GIDC ANKLESHWAR AT VALIA ROAD.,CPCB,24,Gujarat,442,Bharuch,ANKLESVAR,-,-,-,-,-,-,-,-,21.60986900,73.00726100,01-06-2021 08:30,0.4,"","","","",8.5,"","","","","","","",7.88,"","","","","","","","","","","","","","","","","","",""
97,ANKLESHWAR RESERVOIR AT GIDC ANKLESHWAR AT VALIA ROAD.,CPCB,24,Gujarat,442,Bharuch,ANKLESVAR,-,-,-,-,-,-,-,-,21.60986900,73.00726100,02-07-2021 08:30,0.4,"","","","",7.1,"","","","","","","",8.21,"","","","","","","","","","","","","","","","","","",""
98,ANKLESHWAR RESERVOIR AT GIDC ANKLESHWAR AT VALIA ROAD.,CPCB,24,Gujarat,442,Bharuch,ANKLESVAR,-,-,-,-,-,-,-,-,21.60986900,73.00726100,04-08-2021 08:30,0.4,"","","","",7.4,"","","","","","","",8.05,"","","","","","","","","","","","","","","","","","",""
99,ANKLESHWAR RESERVOIR AT GIDC ANKLESHWAR AT VALIA ROAD.,CPCB,24,Gujarat,442,Bharuch,ANKLESVAR,-,-,-,-,-,-,-,-,21.60986900,73.00726100,01-09-2021 08:30,0.4,"","","","",6.8,"","","","","","","",7.58,"","","","","","","","","","","","","","","","","","",""
100,ANKLESHWAR RESERVOIR AT GIDC ANKLESHWAR AT VALIA ROAD.,CPCB,24,Gujarat,442,Bharuch,ANKLESVAR,-,-,-,-,-,-,-,-,21.60986900,73.00726100,01-10-2021 08:30,0.4,"","","","",6.6,"","","","","","","",7.92,"","","","","","","","","","","","","","","","",49.38,"",""
101,ANKLESHWAR RESERVOIR AT GIDC ANKLESHWAR AT VALIA ROAD.,CPCB,24,Gujarat,442,Bharuch,ANKLESVAR,-,-,-,-,-,-,-,-,21.60986900,73.00726100,01-11-2021 08:30,0.4,"","","","",7.2,"","","","","","","",7.71,"","","","","","","","","","","","","","","","","","",""
102,ANKLESHWAR RESERVOIR AT GIDC ANKLESHWAR AT VALIA ROAD.,CPCB,24,Gujarat,442,Bharuch,ANKLESVAR,-,-,-,-,-,-,-,-,21.60986900,73.00726100,02-12-2021 08:30,0.4,"","","","",7.5,"","","","","","","",7.75,"","","","","","","","","","","","","","","","","","",""
103,AT LAVACHA TEMPLE SILVASSA,CPCB,24,Gujarat,462,Valsad,PARDI,-,-,-,-,-,-,-,-,20.29879700,72.97695600,29-01-2021 08:30,"","","","","",6.4,"","","","","","","",8.5,"","","","","","","","","","","","","","","","","","",""
104,AT LAVACHA TEMPLE SILVASSA,CPCB,24,Gujarat,462,Valsad,PARDI,-,-,-,-,-,-,-,-,20.29879700,72.97695600,23-02-2021 08:30,"","","","","",6.4,"","","","","","","",7.51,"","","","","","","","","","","","","","","","","","",""
105,AT LAVACHA TEMPLE SILVASSA,CPCB,24,Gujarat,462,Valsad,PARDI,-,-,-,-,-,-,-,-,20.29879700,72.97695600,25-03-2021 08:30,"","","","","",7.7,"","","","","","","",8.08,"","","","","","","","","","","","","","","","","","",""
106,AT LAVACHA TEMPLE SILVASSA,CPCB,24,Gujarat,462,Valsad,PARDI,-,-,-,-,-,-,-,-,20.29879700,72.97695600,29-04-2021 08:30,"","","","","",6.6,"","","","","","","",7.91,"","","","","","","","","","","","","","","","","","",""
107,AT LAVACHA TEMPLE SILVASSA,CPCB,24,Gujarat,462,Valsad,PARDI,-,-,-,-,-,-,-,-,20.29879700,72.97695600,28-05-2021 08:30,"","","","","",6.8,"","","","","","","",8.57,"","","","","","","","","","","","","","","","","","",""
108,AT LAVACHA TEMPLE SILVASSA,CPCB,24,Gujarat,462,Valsad,PARDI,-,-,-,-,-,-,-,-,20.29879700,72.97695600,25-06-2021 08:30,"","","","","",6.7,"","","","","","","",7.97,"","","","","","","","","","","","","","","","","","",""
109,AT LAVACHA TEMPLE SILVASSA,CPCB,24,Gujarat,462,Valsad,PARDI,-,-,-,-,-,-,-,-,20.29879700,72.97695600,29-07-2021 08:30,"","","","","",7,"","","","","","","",7.7,"","","","","","","","","","","","","","","","","","",""
110,AT LAVACHA TEMPLE SILVASSA,CPCB,24,Gujarat,462,Valsad,PARDI,-,-,-,-,-,-,-,-,20.29879700,72.97695600,28-08-2021 08:30,"","","","","",7.3,"","","","","","","",8.28,"","","","","","","","","","","","","","","","","","",""
111,AT LAVACHA TEMPLE SILVASSA,CPCB,24,Gujarat,462,Valsad,PARDI,-,-,-,-,-,-,-,-,20.29879700,72.97695600,27-09-2021 08:30,"","","","","",7.1,"","","","","","","",8.03,"","","","","","","","","","","","","","","","","","",""
112,AT LAVACHA TEMPLE SILVASSA,CPCB,24,Gujarat,462,Valsad,PARDI,-,-,-,-,-,-,-,-,20.29879700,72.97695600,27-10-2021 08:30,"","","","","",7.6,"","","","","","","",7.93,"","","","","","","","","","","","","","","","","","",""
113,AT LAVACHA TEMPLE SILVASSA,CPCB,24,Gujarat,462,Valsad,PARDI,-,-,-,-,-,-,-,-,20.29879700,72.97695600,30-11-2021 08:30,"","","","","",7.1,"","","","","","","",8.13,"","","","","","","","","","","","","","","","","","",""
114,AT LAVACHA TEMPLE SILVASSA,CPCB,24,Gujarat,462,Valsad,PARDI,-,-,-,-,-,-,-,-,20.29879700,72.97695600,24-12-2021 08:30,"","","","","",7.4,"","","","","","","",7.53,"","","","","","","","","","","","","","","","","","",""
115,ATUL VILLAGE G.W (VALSAD),CPCB,24,Gujarat,462,Valsad,VALSAD,-,-,-,-,-,-,-,-,20.53731900,72.94104200,01-04-2021 08:30,"","","","",324,"",1076,"","","","","","",7.66,"","","",170,"","",0.327,84,"",43.77,390,"",0.4,"","",0.188,"","",""
116,ATUL VILLAGE G.W (VALSAD),CPCB,24,Gujarat,462,Valsad,VALSAD,-,-,-,-,-,-,-,-,20.53731900,72.94104200,04-10-2021 08:30,"","","","",308,"",1680,"","","","","","",7.73,"","","",140,"",0.037,"",88.17,"",43.77,400,"",0.38,0.066,"",0.027,"","",""
117,AT VILLAGE NAMDHA VAPI,CPCB,24,Gujarat,462,Valsad,UMBERGAON,-,-,-,-,-,-,-,-,20.36384200,72.88326400,29-01-2021 08:30,"","","","","",4.7,"","","","","","","",7.23,"","","","","","","","","","","","","","","","","","",""
118,AT VILLAGE NAMDHA VAPI,CPCB,24,Gujarat,462,Valsad,UMBERGAON,-,-,-,-,-,-,-,-,20.36384200,72.88326400,23-02-2021 08:30,"","","","","",4.7,"","","","","","","",6.99,"","","","","","","","","","","","","","","","","","",""
119,AT VILLAGE NAMDHA VAPI,CPCB,24,Gujarat,462,Valsad,UMBERGAON,-,-,-,-,-,-,-,-,20.36384200,72.88326400,25-03-2021 08:30,"","","","","",5.4,"","","","","","","",7.16,"","","","","","","","","","","","","","","","","","",""
120,AT VILLAGE NAMDHA VAPI,CPCB,24,Gujarat,462,Valsad,UMBERGAON,-,-,-,-,-,-,-,-,20.36384200,72.88326400,29-04-2021 08:30,"","","","","",4.3,"","","","","","","",7.42,"","","","","","","","","","","","","","","","","","",""
121,AT VILLAGE NAMDHA VAPI,CPCB,24,Gujarat,462,Valsad,UMBERGAON,-,-,-,-,-,-,-,-,20.36384200,72.88326400,28-05-2021 08:30,"","","","","",4.7,"","","","","","","",7.5,"","","","","","","","","","","","","","","","","","",""
122,AT VILLAGE NAMDHA VAPI,CPCB,24,Gujarat,462,Valsad,UMBERGAON,-,-,-,-,-,-,-,-,20.36384200,72.88326400,25-06-2021 08:30,"","","","","",4.3,"","","","","","","",7.9,"","","","","","","","","","","","","","","","","","",""
123,AT VILLAGE NAMDHA VAPI,CPCB,24,Gujarat,462,Valsad,UMBERGAON,-,-,-,-,-,-,-,-,20.36384200,72.88326400,29-07-2021 08:30,"","","","","",4.5,"","","","","","","",7.87,"","","","","","","","","","","","","","","","","","",""
124,AT VILLAGE NAMDHA VAPI,CPCB,24,Gujarat,462,Valsad,UMBERGAON,-,-,-,-,-,-,-,-,20.36384200,72.88326400,28-08-2021 08:30,"","","","","",4.6,"","","","","","","",7.96,"","","","","","","","","","","","","","","","","","",""
125,AT VILLAGE NAMDHA VAPI,CPCB,24,Gujarat,462,Valsad,UMBERGAON,-,-,-,-,-,-,-,-,20.36384200,72.88326400,27-09-2021 08:30,"","","","","",4.8,"","","","","","","",7.8,"","","","","","","","","","","","","","","","","","",""
126,AT VILLAGE NAMDHA VAPI,CPCB,24,Gujarat,462,Valsad,UMBERGAON,-,-,-,-,-,-,-,-,20.36384200,72.88326400,27-10-2021 08:30,"","","","","",4.4,"","","","","","","",8.1,"","","","","","","","","","","","","","","","","","",""
127,AT VILLAGE NAMDHA VAPI,CPCB,24,Gujarat,462,Valsad,UMBERGAON,-,-,-,-,-,-,-,-,20.36384200,72.88326400,30-11-2021 08:30,"","","","","",4.9,"","","","","","","",7.83,"","","","","","","","","","","","","","","","","","",""
128,AT VILLAGE NAMDHA VAPI,CPCB,24,Gujarat,462,Valsad,UMBERGAON,-,-,-,-,-,-,-,-,20.36384200,72.88326400,24-12-2021 08:30,"","","","","",4.6,"","","","","","","",7.41,"","","","","","","","","","","","","","","","","","",""
129,BALEHWAR KHADI AT N.H. NO. 8,CPCB,24,Gujarat,459,Surat,SURAT CITY,-,-,-,-,-,-,-,-,21.22344200,72.89572000,02-01-2021 08:30,"","","","","",7.1,"","","","","","","",7.8,"","","","","","","","","","","","","","","","","","",""
130,BALEHWAR KHADI AT N.H. NO. 8,CPCB,24,Gujarat,459,Surat,SURAT CITY,-,-,-,-,-,-,-,-,21.22344200,72.89572000,03-02-2021 08:30,"","","","","",5.1,"","","","","","","",7.6,"","","","","","","","","","","","","","","","","","",""
131,BALEHWAR KHADI AT N.H. NO. 8,CPCB,24,Gujarat,459,Surat,SURAT CITY,-,-,-,-,-,-,-,-,21.22344200,72.89572000,01-03-2021 08:30,"","","","","",5.8,"","","","","","","",7.21,"","","","","","","","","","","","","","","","","","",""
132,BALEHWAR KHADI AT N.H. NO. 8,CPCB,24,Gujarat,459,Surat,SURAT CITY,-,-,-,-,-,-,-,-,21.22344200,72.89572000,01-04-2021 08:30,"","","","","",7,"","","","","","","",8.34,"","","","","","","","","","","","","","","","","","",""
133,BALEHWAR KHADI AT N.H. NO. 8,CPCB,24,Gujarat,459,Surat,SURAT CITY,-,-,-,-,-,-,-,-,21.22344200,72.89572000,03-05-2021 08:30,"","","","","",5.9,"","","","","","","",7.7,"","","","","","","","","","","","","","","","","","",""
134,BALEHWAR KHADI AT N.H. NO. 8,CPCB,24,Gujarat,459,Surat,SURAT CITY,-,-,-,-,-,-,-,-,21.22344200,72.89572000,01-06-2021 08:30,"","","","","",5.1,"","","","","","","",8.4,"","","","","","","","","","","","","","","","","","",""
135,BALEHWAR KHADI AT N.H. NO. 8,CPCB,24,Gujarat,459,Surat,SURAT CITY,-,-,-,-,-,-,-,-,21.22344200,72.89572000,06-07-2021 08:30,"","","","","",5,"","","","","","","",7.68,"","","","","","","","","","","","","","","","","","",""
136,BALEHWAR KHADI AT N.H. NO. 8,CPCB,24,Gujarat,459,Surat,SURAT CITY,-,-,-,-,-,-,-,-,21.22344200,72.89572000,04-08-2021 08:30,"","","","","",5.1,"","","","","","","",7.69,"","","","","","","","","","","","","","","","","","",""
137,BALEHWAR KHADI AT N.H. NO. 8,CPCB,24,Gujarat,459,Surat,SURAT CITY,-,-,-,-,-,-,-,-,21.22344200,72.89572000,01-09-2021 08:30,"","","","","",5.3,"","","","","","","",7.69,"","","","","","","","","","","","","","","","","","",""
138,BALEHWAR KHADI AT N.H. NO. 8,CPCB,24,Gujarat,459,Surat,SURAT CITY,-,-,-,-,-,-,-,-,21.22344200,72.89572000,04-10-2021 08:30,"","","","","",5.7,"","","","","","","",7.65,"","","","","","","","","","","","","","","","","","",""
139,BALEHWAR KHADI AT N.H. NO. 8,CPCB,24,Gujarat,459,Surat,SURAT CITY,-,-,-,-,-,-,-,-,21.22344200,72.89572000,10-11-2021 08:30,"","","","","",5.2,"","","","","","","",7.82,"","","","","","","","","","","","","","","","","","",""
140,BALEHWAR KHADI AT N.H. NO. 8,CPCB,24,Gujarat,459,Surat,SURAT CITY,-,-,-,-,-,-,-,-,21.22344200,72.89572000,01-12-2021 08:30,"","","","","",6.7,"","","","","","","",7.85,"","","","","","","","","","","","","","","","","","",""
141,BHADAR D/S JETPUR VILL. AFTER CONF. OF W.WATER FROM JETPUR CITY,CPCB,24,Gujarat,457,Rajkot,DHORAJI,-,-,-,-,-,-,-,-,21.76311500,70.42431300,01-01-2021 08:30,"","","","","",1.1,"","","","","","","",7.3,"","","","","","","","","","","","","","","","","","",""
142,BHADAR D/S JETPUR VILL. AFTER CONF. OF W.WATER FROM JETPUR CITY,CPCB,24,Gujarat,457,Rajkot,DHORAJI,-,-,-,-,-,-,-,-,21.76311500,70.42431300,03-02-2021 08:30,"","","","","",1.5,"","","","","","","",8.4,"","","","","","","","","","","","","","","","","","",""
143,BHADAR D/S JETPUR VILL. AFTER CONF. OF W.WATER FROM JETPUR CITY,CPCB,24,Gujarat,457,Rajkot,DHORAJI,-,-,-,-,-,-,-,-,21.76311500,70.42431300,04-03-2021 08:30,"","","","","",3.4,"","","","","","","",7.55,"","","","","","","","","","","","","","","","","","",""
144,BHADAR D/S JETPUR VILL. AFTER CONF. OF W.WATER FROM JETPUR CITY,CPCB,24,Gujarat,457,Rajkot,DHORAJI,-,-,-,-,-,-,-,-,21.76311500,70.42431300,01-04-2021 08:30,"","","","","","","","","","","","","",8.15,"","","","","","","","","","","","","","","","","","",""
145,BHADAR D/S JETPUR VILL. AFTER CONF. OF W.WATER FROM JETPUR CITY,CPCB,24,Gujarat,457,Rajkot,DHORAJI,-,-,-,-,-,-,-,-,21.76311500,70.42431300,05-05-2021 08:30,"","","","","",4.2,"","","","","","","",8.09,"","","","","","","","","","","","","","","","","","",""
146,BHADAR D/S JETPUR VILL. AFTER CONF. OF W.WATER FROM JETPUR CITY,CPCB,24,Gujarat,457,Rajkot,DHORAJI,-,-,-,-,-,-,-,-,21.76311500,70.42431300,02-06-2021 08:30,"","","","","","","","","","","","","",8.26,"","","","","","","","","","","","","","","","","","",""
147,BHADAR D/S JETPUR VILL. AFTER CONF. OF W.WATER FROM JETPUR CITY,CPCB,24,Gujarat,457,Rajkot,DHORAJI,-,-,-,-,-,-,-,-,21.76311500,70.42431300,02-07-2021 08:30,"","","","","","","","","","","","","",8.23,"","","","","","","","","","","","","","","","","","",""
148,BHADAR D/S JETPUR VILL. AFTER CONF. OF W.WATER FROM JETPUR CITY,CPCB,24,Gujarat,457,Rajkot,DHORAJI,-,-,-,-,-,-,-,-,21.76311500,70.42431300,05-08-2021 08:30,"","","","","","","","","","","","","",7.87,"","","","","","","","","","","","","","","","","","",""
149,BHADAR D/S JETPUR VILL. AFTER CONF. OF W.WATER FROM JETPUR CITY,CPCB,24,Gujarat,457,Rajkot,DHORAJI,-,-,-,-,-,-,-,-,21.76311500,70.42431300,03-09-2021 08:30,"","","","","",6,"","","","","","","",7.45,"","","","","","","","","","","","","","","","","","",""
150,BHADAR D/S JETPUR VILL. AFTER CONF. OF W.WATER FROM JETPUR CITY,CPCB,24,Gujarat,457,Rajkot,DHORAJI,-,-,-,-,-,-,-,-,21.76311500,70.42431300,07-10-2021 08:30,"","","","","",6.2,"","","","","","","",7.59,"","","","","","","","","","","","","","","","","","",""
151,BHADAR D/S JETPUR VILL. AFTER CONF. OF W.WATER FROM JETPUR CITY,CPCB,24,Gujarat,457,Rajkot,DHORAJI,-,-,-,-,-,-,-,-,21.76311500,70.42431300,01-11-2021 08:30,"","","","","",5.9,"","","","","","","",7.86,"","","","","","","","","","","","","","","","","","",""
152,BHADAR D/S JETPUR VILL. AFTER CONF. OF W.WATER FROM JETPUR CITY,CPCB,24,Gujarat,457,Rajkot,DHORAJI,-,-,-,-,-,-,-,-,21.76311500,70.42431300,01-12-2021 08:30,"","","","","","","","","","","","","",8.4,"","","","","","","","","","","","","","","","","","",""
153,BHOGAVO RIVER D/S OF SURENDRANAGAR.,CPCB,24,Gujarat,460,Surendranagar,WADHWAN,-,-,-,-,-,-,-,-,22.71552800,71.67268800,01-01-2021 08:30,"","","","","",4.1,"","","","","","","",7.61,"","","","","","","","","","","","","","","","","","",""
154,BHOGAVO RIVER D/S OF SURENDRANAGAR.,CPCB,24,Gujarat,460,Surendranagar,WADHWAN,-,-,-,-,-,-,-,-,22.71552800,71.67268800,02-02-2021 08:30,"","","","","",4.5,"","","","","","","",7.5,"","","","","","","","","","","","","","","","","","",""
155,BHOGAVO RIVER D/S OF SURENDRANAGAR.,CPCB,24,Gujarat,460,Surendranagar,WADHWAN,-,-,-,-,-,-,-,-,22.71552800,71.67268800,02-03-2021 08:30,"","","","","",1.5,"","","","","","","",7.71,"","","","","","","","","","","","","","","","","","",""
156,BHOGAVO RIVER D/S OF SURENDRANAGAR.,CPCB,24,Gujarat,460,Surendranagar,WADHWAN,-,-,-,-,-,-,-,-,22.71552800,71.67268800,01-04-2021 08:30,"","","","","",2.8,"","","","","","","",8.01,"","","","","","","","","","","","","","","","","","",""
157,BHOGAVO RIVER D/S OF SURENDRANAGAR.,CPCB,24,Gujarat,460,Surendranagar,WADHWAN,-,-,-,-,-,-,-,-,22.71552800,71.67268800,03-05-2021 08:30,"","","","","",3.1,"","","","","","","",7.54,"","","","","","","","","","","","","","","","","","",""
158,BHOGAVO RIVER D/S OF SURENDRANAGAR.,CPCB,24,Gujarat,460,Surendranagar,WADHWAN,-,-,-,-,-,-,-,-,22.71552800,71.67268800,01-06-2021 08:30,"","","","","",1.5,"","","","","","","",8.38,"","","","","","","","","","","","","","","","","","",""
159,BHOGAVO RIVER D/S OF SURENDRANAGAR.,CPCB,24,Gujarat,460,Surendranagar,WADHWAN,-,-,-,-,-,-,-,-,22.71552800,71.67268800,01-07-2021 08:30,"","","","","",2.5,"","","","","","","",7.86,"","","","","","","","","","","","","","","","","","",""
160,BHOGAVO RIVER D/S OF SURENDRANAGAR.,CPCB,24,Gujarat,460,Surendranagar,WADHWAN,-,-,-,-,-,-,-,-,22.71552800,71.67268800,02-08-2021 08:30,"","","","","",4,"","","","","","","",8.21,"","","","","","","","","","","","","","","","","","",""
161,BHOGAVO RIVER D/S OF SURENDRANAGAR.,CPCB,24,Gujarat,460,Surendranagar,WADHWAN,-,-,-,-,-,-,-,-,22.71552800,71.67268800,01-09-2021 08:30,"","","","","",3.5,"","","","","","","",7.73,"","","","","","","","","","","","","","","","","","",""
162,BHOGAVO RIVER D/S OF SURENDRANAGAR.,CPCB,24,Gujarat,460,Surendranagar,WADHWAN,-,-,-,-,-,-,-,-,22.71552800,71.67268800,01-10-2021 08:30,"","","","","",5.8,"","","","","","","",7.56,"","","","","","","","","","","","","","","","","","",""
163,BHOGAVO RIVER D/S OF SURENDRANAGAR.,CPCB,24,Gujarat,460,Surendranagar,WADHWAN,-,-,-,-,-,-,-,-,22.71552800,71.67268800,01-11-2021 08:30,"","","","","",5.6,"","","","","","","",7.87,"","","","","","","","","","","","","","","","","","",""
164,BHOGAVO RIVER D/S OF SURENDRANAGAR.,CPCB,24,Gujarat,460,Surendranagar,WADHWAN,-,-,-,-,-,-,-,-,22.71552800,71.67268800,01-12-2021 08:30,"","","","","",5.9,"","","","","","","",7.81,"","","","","","","","","","","","","","","","","","",""
165,BHUKHI KHADI D/S OF GIDC SAYKHA VILL: KOTHIYA TA: VAGRA DIST BHARUCH,CPCB,24,Gujarat,442,Bharuch,BHARUCH,-,-,-,-,-,-,-,-,21.83228600,72.92957100,05-01-2021 08:30,"","","","","",7.8,"","","","","","","",8.4,"","","","","","","","","","","","","","","","","","",""
166,BHUKHI KHADI D/S OF GIDC SAYKHA VILL: KOTHIYA TA: VAGRA DIST BHARUCH,CPCB,24,Gujarat,442,Bharuch,BHARUCH,-,-,-,-,-,-,-,-,21.83228600,72.92957100,02-02-2021 08:30,"","","","","",7.8,"","","","","","","",7.8,"","","","","","","","","","","","","","","","","","",""
167,BHUKHI KHADI D/S OF GIDC SAYKHA VILL: KOTHIYA TA: VAGRA DIST BHARUCH,CPCB,24,Gujarat,442,Bharuch,BHARUCH,-,-,-,-,-,-,-,-,21.83228600,72.92957100,05-03-2021 08:30,"","","","","",8,"","","","","","","",8.34,"","","","","","","","","","","","","","","","","","",""
168,BHUKHI KHADI D/S OF GIDC SAYKHA VILL: KOTHIYA TA: VAGRA DIST BHARUCH,CPCB,24,Gujarat,442,Bharuch,BHARUCH,-,-,-,-,-,-,-,-,21.83228600,72.92957100,02-04-2021 08:30,"","","","","",7,"","","","","","","",8.14,"","","","","","","","","","","","","","","","","","",""
169,BHUKHI KHADI D/S OF GIDC SAYKHA VILL: KOTHIYA TA: VAGRA DIST BHARUCH,CPCB,24,Gujarat,442,Bharuch,BHARUCH,-,-,-,-,-,-,-,-,21.83228600,72.92957100,06-05-2021 08:30,"","","","","",7.4,"","","","","","","",8.15,"","","","","","","","","","","","","","","","","","",""
170,BHUKHI KHADI D/S OF GIDC SAYKHA VILL: KOTHIYA TA: VAGRA DIST BHARUCH,CPCB,24,Gujarat,442,Bharuch,BHARUCH,-,-,-,-,-,-,-,-,21.83228600,72.92957100,02-06-2021 08:30,"","","","","",7.4,"","","","","","","",7.92,"","","","","","","","","","","","","","","","","","",""
171,BHUKHI KHADI D/S OF GIDC SAYKHA VILL: KOTHIYA TA: VAGRA DIST BHARUCH,CPCB,24,Gujarat,442,Bharuch,BHARUCH,-,-,-,-,-,-,-,-,21.83228600,72.92957100,05-07-2021 08:30,"","","","","",7.1,"","","","","","","",8.17,"","","","","","","","","","","","","","","","","","",""
172,BHUKHI KHADI D/S OF GIDC SAYKHA VILL: KOTHIYA TA: VAGRA DIST BHARUCH,CPCB,24,Gujarat,442,Bharuch,BHARUCH,-,-,-,-,-,-,-,-,21.83228600,72.92957100,04-08-2021 08:30,"","","","","",6.2,"","","","","","","",7.94,"","","","","","","","","","","","","","","","","","",""
173,BHUKHI KHADI D/S OF GIDC SAYKHA VILL: KOTHIYA TA: VAGRA DIST BHARUCH,CPCB,24,Gujarat,442,Bharuch,BHARUCH,-,-,-,-,-,-,-,-,21.83228600,72.92957100,02-09-2021 08:30,"","","","","",7.3,"","","","","","","",7.97,"","","","","","","","","","","","","","","","","","",""
174,BHUKHI KHADI D/S OF GIDC SAYKHA VILL: KOTHIYA TA: VAGRA DIST BHARUCH,CPCB,24,Gujarat,442,Bharuch,BHARUCH,-,-,-,-,-,-,-,-,21.83228600,72.92957100,06-10-2021 08:30,"","","","","",7.2,"","","","","","","",8,"","","","","","","","","","","","","","","","","","",""
175,BHUKHI KHADI D/S OF GIDC SAYKHA VILL: KOTHIYA TA: VAGRA DIST BHARUCH,CPCB,24,Gujarat,442,Bharuch,BHARUCH,-,-,-,-,-,-,-,-,21.83228600,72.92957100,01-11-2021 08:30,"","","","","",6.1,"","","","","","","",8.08,"","","","","","","","","","","","","","","","","","",""
176,BHUKHI KHADI D/S OF GIDC SAYKHA VILL: KOTHIYA TA: VAGRA DIST BHARUCH,CPCB,24,Gujarat,442,Bharuch,BHARUCH,-,-,-,-,-,-,-,-,21.83228600,72.92957100,02-12-2021 08:30,"","","","","",7.1,"","","","","","","",7.72,"","","","","","","","","","","","","","","","","","",""
177,BHUKHI KHADI D/S OF GIDC VILAYAT TA; VAGRA DIST BHARUCH,CPCB,24,Gujarat,442,Bharuch,BHARUCH,-,-,-,-,-,-,-,-,21.78419900,72.91281500,04-01-2021 08:30,"","","","","",7.7,"","","","","","","",7.9,"","","","","","","","","","","","","","","","","","",""
178,BHUKHI KHADI D/S OF GIDC VILAYAT TA; VAGRA DIST BHARUCH,CPCB,24,Gujarat,442,Bharuch,BHARUCH,-,-,-,-,-,-,-,-,21.78419900,72.91281500,02-02-2021 08:30,"","","","","",7.2,"","","","","","","",8.2,"","","","","","","","","","","","","","","","","","",""
179,BHUKHI KHADI D/S OF GIDC VILAYAT TA; VAGRA DIST BHARUCH,CPCB,24,Gujarat,442,Bharuch,BHARUCH,-,-,-,-,-,-,-,-,21.78419900,72.91281500,05-03-2021 08:30,"","","","","",8,"","","","","","","",8.2,"","","","","","","","","","","","","","","","","","",""
180,BHUKHI KHADI D/S OF GIDC VILAYAT TA; VAGRA DIST BHARUCH,CPCB,24,Gujarat,442,Bharuch,BHARUCH,-,-,-,-,-,-,-,-,21.78419900,72.91281500,02-04-2021 08:30,"","","","","",7.6,"","","","","","","",8.22,"","","","","","","","","","","","","","","","","","",""
181,BHUKHI KHADI D/S OF GIDC VILAYAT TA; VAGRA DIST BHARUCH,CPCB,24,Gujarat,442,Bharuch,BHARUCH,-,-,-,-,-,-,-,-,21.78419900,72.91281500,06-05-2021 08:30,"","","","","",6.6,"","","","","","","",7.94,"","","","","","","","","","","","","","","","","","",""
182,BHUKHI KHADI D/S OF GIDC VILAYAT TA; VAGRA DIST BHARUCH,CPCB,24,Gujarat,442,Bharuch,BHARUCH,-,-,-,-,-,-,-,-,21.78419900,72.91281500,02-06-2021 08:30,"","","","","",8.1,"","","","","","","",7.66,"","","","","","","","","","","","","","","","","","",""
183,BHUKHI KHADI D/S OF GIDC VILAYAT TA; VAGRA DIST BHARUCH,CPCB,24,Gujarat,442,Bharuch,BHARUCH,-,-,-,-,-,-,-,-,21.78419900,72.91281500,05-07-2021 08:30,"","","","","",8.1,"","","","","","","",7.66,"","","","","","","","","","","","","","","","","","",""
184,BHUKHI KHADI D/S OF GIDC VILAYAT TA; VAGRA DIST BHARUCH,CPCB,24,Gujarat,442,Bharuch,BHARUCH,-,-,-,-,-,-,-,-,21.78419900,72.91281500,04-08-2021 08:30,"","","","","",5.4,"","","","","","","",7.49,"","","","","","","","","","","","","","","","","","",""
185,BHUKHI KHADI D/S OF GIDC VILAYAT TA; VAGRA DIST BHARUCH,CPCB,24,Gujarat,442,Bharuch,BHARUCH,-,-,-,-,-,-,-,-,21.78419900,72.91281500,02-09-2021 08:30,"","","","","",5.1,"","","","","","","",7.23,"","","","","","","","","","","","","","","","","","",""
186,BHUKHI KHADI D/S OF GIDC VILAYAT TA; VAGRA DIST BHARUCH,CPCB,24,Gujarat,442,Bharuch,BHARUCH,-,-,-,-,-,-,-,-,21.78419900,72.91281500,06-10-2021 08:30,"","","","","",7.2,"","","","","","","",7.83,"","","","","","","","","","","","","","","","","","",""
187,BHUKHI KHADI D/S OF GIDC VILAYAT TA; VAGRA DIST BHARUCH,CPCB,24,Gujarat,442,Bharuch,BHARUCH,-,-,-,-,-,-,-,-,21.78419900,72.91281500,01-11-2021 08:30,"","","","","",6.9,"","","","","","","",8.18,"","","","","","","","","","","","","","","","","","",""
188,BHUKHI KHADI D/S OF GIDC VILAYAT TA; VAGRA DIST BHARUCH,CPCB,24,Gujarat,442,Bharuch,BHARUCH,-,-,-,-,-,-,-,-,21.78419900,72.91281500,02-12-2021 08:30,"","","","","",6,"","","","","","","",7.15,"","","","","","","","","","","","","","","","","","",""
189,BHUKHI KHADI U/S OF GIDC VILAYAT TA; VAGRA DIST BHARUCH.,CPCB,24,Gujarat,442,Bharuch,VAGRA,-,-,-,-,-,-,-,-,21.79546300,72.90714600,04-01-2021 08:30,"","","","","",7.4,"","","","","","","",8.3,"","","","","","","","","","","","","","","","","","",""
190,BHUKHI KHADI U/S OF GIDC VILAYAT TA; VAGRA DIST BHARUCH.,CPCB,24,Gujarat,442,Bharuch,VAGRA,-,-,-,-,-,-,-,-,21.79546300,72.90714600,02-02-2021 08:30,"","","","","",7.6,"","","","","","","",8.2,"","","","","","","","","","","","","","","","","","",""
191,BHUKHI KHADI U/S OF GIDC VILAYAT TA; VAGRA DIST BHARUCH.,CPCB,24,Gujarat,442,Bharuch,VAGRA,-,-,-,-,-,-,-,-,21.79546300,72.90714600,05-03-2021 08:30,"","","","","",8.1,"","","","","","","",7.97,"","","","","","","","","","","","","","","","","","",""
192,BHUKHI KHADI U/S OF GIDC VILAYAT TA; VAGRA DIST BHARUCH.,CPCB,24,Gujarat,442,Bharuch,VAGRA,-,-,-,-,-,-,-,-,21.79546300,72.90714600,03-04-2021 08:30,"","","","","",7.6,"","","","","","","",8.21,"","","","","","","","","","","","","","","","","","",""
193,BHUKHI KHADI U/S OF GIDC VILAYAT TA; VAGRA DIST BHARUCH.,CPCB,24,Gujarat,442,Bharuch,VAGRA,-,-,-,-,-,-,-,-,21.79546300,72.90714600,06-05-2021 08:30,"","","","","",7.9,"","","","","","","",7.98,"","","","","","","","","","","","","","","","","","",""
194,BHUKHI KHADI U/S OF GIDC VILAYAT TA; VAGRA DIST BHARUCH.,CPCB,24,Gujarat,442,Bharuch,VAGRA,-,-,-,-,-,-,-,-,21.79546300,72.90714600,02-06-2021 08:30,"","","","","",7.9,"","","","","","","",7.61,"","","","","","","","","","","","","","","","","","",""
195,BHUKHI KHADI U/S OF GIDC VILAYAT TA; VAGRA DIST BHARUCH.,CPCB,24,Gujarat,442,Bharuch,VAGRA,-,-,-,-,-,-,-,-,21.79546300,72.90714600,05-07-2021 08:30,"","","","","",7.3,"","","","","","","",8.22,"","","","","","","","","","","","","","","","","","",""
196,BHUKHI KHADI U/S OF GIDC VILAYAT TA; VAGRA DIST BHARUCH.,CPCB,24,Gujarat,442,Bharuch,VAGRA,-,-,-,-,-,-,-,-,21.79546300,72.90714600,04-08-2021 08:30,"","","","","",4.5,"","","","","","","",7.37,"","","","","","","","","","","","","","","","","","",""
197,BHUKHI KHADI U/S OF GIDC VILAYAT TA; VAGRA DIST BHARUCH.,CPCB,24,Gujarat,442,Bharuch,VAGRA,-,-,-,-,-,-,-,-,21.79546300,72.90714600,02-09-2021 08:30,"","","","","",5.1,"","","","","","","",7.73,"","","","","","","","","","","","","","","","","","",""
198,BHUKHI KHADI U/S OF GIDC VILAYAT TA; VAGRA DIST BHARUCH.,CPCB,24,Gujarat,442,Bharuch,VAGRA,-,-,-,-,-,-,-,-,21.79546300,72.90714600,06-10-2021 08:30,"","","","","",7.3,"","","","","","","",7.66,"","","","","","","","","","","","","","","","","","",""
199,BHUKHI KHADI U/S OF GIDC VILAYAT TA; VAGRA DIST BHARUCH.,CPCB,24,Gujarat,442,Bharuch,VAGRA,-,-,-,-,-,-,-,-,21.79546300,72.90714600,01-11-2021 08:30,"","","","","",6.8,"","","","","","","",7.64,"","","","","","","","","","","","","","","","","","",""
200,BHUKHI KHADI U/S OF GIDC VILAYAT TA; VAGRA DIST BHARUCH.,CPCB,24,Gujarat,442,Bharuch,VAGRA,-,-,-,-,-,-,-,-,21.79546300,72.90714600,02-12-2021 08:30,"","","","","",7.1,"","","","","","","",7.75,"","","","","","","","","","","","","","","","","","",""
201,BINDUSAROVAR SIDDHPUR (DIST.PATAN),CPCB,24,Gujarat,455,Patan,SIDHPUR,-,-,-,-,-,-,-,-,23.90835300,72.36446200,01-01-2021 08:30,"","","","","",7.2,"","","","","","","",7.72,"","","","","","","","","","","","","","","","","","",""
202,BINDUSAROVAR SIDDHPUR (DIST.PATAN),CPCB,24,Gujarat,455,Patan,SIDHPUR,-,-,-,-,-,-,-,-,23.90835300,72.36446200,03-02-2021 08:30,1.26,"","","","",7.2,"","","","","","","",7.71,"","","","","","","","","","","","","","","","","","",""
203,BINDUSAROVAR SIDDHPUR (DIST.PATAN),CPCB,24,Gujarat,455,Patan,SIDHPUR,-,-,-,-,-,-,-,-,23.90835300,72.36446200,02-03-2021 08:30,0.52,"","","","",5.7,"","","","","","","",7.48,"","","","","","","","","","","","","","","","","","",""
204,BINDUSAROVAR SIDDHPUR (DIST.PATAN),CPCB,24,Gujarat,455,Patan,SIDHPUR,-,-,-,-,-,-,-,-,23.90835300,72.36446200,03-04-2021 08:30,0.45,"","","","",5.4,"","","","","","","",8.01,"","","","","","","","","","","","","","","","","","",""
205,BINDUSAROVAR SIDDHPUR (DIST.PATAN),CPCB,24,Gujarat,455,Patan,SIDHPUR,-,-,-,-,-,-,-,-,23.90835300,72.36446200,03-05-2021 08:30,0.6,"","","","",7.1,"","","","","","","",7.93,"","","","","","","","","","","","","","","","","","",""
206,BINDUSAROVAR SIDDHPUR (DIST.PATAN),CPCB,24,Gujarat,455,Patan,SIDHPUR,-,-,-,-,-,-,-,-,23.90835300,72.36446200,01-06-2021 08:30,0.9,"","","","",7,"","","","","","","",7.56,"","","","","","","","","","","","","","","","","","",""
207,BINDUSAROVAR SIDDHPUR (DIST.PATAN),CPCB,24,Gujarat,455,Patan,SIDHPUR,-,-,-,-,-,-,-,-,23.90835300,72.36446200,01-07-2021 08:30,1.2,"","","","",3.5,"","","","","","","",7.56,"","","","","","","","","","","","","","","","","","",""
208,BINDUSAROVAR SIDDHPUR (DIST.PATAN),CPCB,24,Gujarat,455,Patan,SIDHPUR,-,-,-,-,-,-,-,-,23.90835300,72.36446200,03-08-2021 08:30,2.24,"","","","",3.8,"","","","","","","",7.77,"","","","","","","","","","","","","","","","","","",""
209,BINDUSAROVAR SIDDHPUR (DIST.PATAN),CPCB,24,Gujarat,455,Patan,SIDHPUR,-,-,-,-,-,-,-,-,23.90835300,72.36446200,02-09-2021 08:30,2.02,"","","","",3.5,"","","","","","","",7.35,"","","","","","","","","","","","","","","","","","",""
210,BINDUSAROVAR SIDDHPUR (DIST.PATAN),CPCB,24,Gujarat,455,Patan,SIDHPUR,-,-,-,-,-,-,-,-,23.90835300,72.36446200,01-10-2021 08:30,2.52,"","","","",4.5,"","","","","","","",7.82,"","","","","","","","","","","","","","","","","","",""
211,BINDUSAROVAR SIDDHPUR (DIST.PATAN),CPCB,24,Gujarat,455,Patan,SIDHPUR,-,-,-,-,-,-,-,-,23.90835300,72.36446200,01-11-2021 08:30,2.24,"","","","",5.1,"","","","","","","",7.69,"","","","","","","","","","","","","","","","","","",""
212,BINDUSAROVAR SIDDHPUR (DIST.PATAN),CPCB,24,Gujarat,455,Patan,SIDHPUR,-,-,-,-,-,-,-,-,23.90835300,72.36446200,01-12-2021 08:30,2.69,"","","","",6,"","","","","","","",7.25,"","","","","","","","","","","","","","","","","","",""
213,BOREWELL AT DHANGADHRA NEAR DHANGADHRA CHEMICALS,CPCB,24,Gujarat,460,Surendranagar,DHRANGADHRA,-,-,-,-,-,-,-,-,22.98097500,71.47390000,05-04-2021 08:30,"","","","",810,"",2168,"","","","","","",7.41,"","",0.005,"","","",0.104,151,"",50.59,584,"",1,0.003,"",0.039,"","",""
214,BOREWELL AT DHANGADHRA NEAR DHANGADHRA CHEMICALS,CPCB,24,Gujarat,460,Surendranagar,DHRANGADHRA,-,-,-,-,-,-,-,-,22.98097500,71.47390000,01-10-2021 08:30,"","","","",44,"",252,"","","","","","",7.28,"","","","","","",0.08,"","","",210,"",1.58,"","",0.006,"","",""
215,BOREWELL AT PIRAMAL GLASS VILLAGE TARSADI AT KOSAMBA INDUSTRIAL AREA SURAT,CPCB,24,Gujarat,459,Surat,MANGROL,-,-,-,-,-,-,-,-,21.45858700,72.94299700,01-04-2021 08:30,"","","","",737,"",2358,"","","","","","",7.89,"","","",320,"","","",80,"",94,590,"",0.7,"","",0.03,"","",""
216,BOREWELL AT PIRAMAL GLASS VILLAGE TARSADI AT KOSAMBA INDUSTRIAL AREA SURAT,CPCB,24,Gujarat,459,Surat,MANGROL,-,-,-,-,-,-,-,-,21.45858700,72.94299700,01-10-2021 08:30,"","","","",530,"",2292,"","","","","","",7.65,"","","",330,"","",0.137,84.17,"",99.71,620,"","","","",0.066,"","",""
217,BOREWELL AT PRIMARY HEALTH CENTER KADODARA SURAT,CPCB,24,Gujarat,459,Surat,PALSANA,-,-,-,-,-,-,-,-,21.17007500,72.96507000,01-04-2021 08:30,"","","","",238,"",1278,"","","","","","",8.04,"","","",400,"","","",52,"",63,390,"",0.4,"","",0.174,"","",""
218,BOREWELL AT PRIMARY HEALTH CENTER KADODARA SURAT,CPCB,24,Gujarat,459,Surat,PALSANA,-,-,-,-,-,-,-,-,21.17007500,72.96507000,04-10-2021 08:30,"","","","",260,"",1146,"","","","","","",8.34,"","","",280,"","",0.163,56.11,"",70.53,430,"","","","",0.061,"","",""
219,BORE WELL AT STP MADHAPAR DIST. RAJKOT.,CPCB,24,Gujarat,457,Rajkot,RAJKOT,-,-,-,-,-,-,-,-,22.32530300,70.76879700,07-04-2021 08:30,"","","","",212,"",1032,"","","","","","",7.2,"","",0.004,258,"",0.004,0.118,102,"",51,468,"",1.1,0.004,"",0.03,"","",""
220,BORE WELL AT VORAGAMDI,CPCB,24,Gujarat,461,Vadodara,VADODARA,-,-,-,-,-,-,-,-,22.22032800,73.22150100,01-04-2021 08:30,"","","","",400,"",2014,"","","","","","",6.95,"","","",476,"","","",36,"",85,440,"","","","",0.021,"","",""
221,BORE WELL AT VORAGAMDI,CPCB,24,Gujarat,461,Vadodara,VADODARA,-,-,-,-,-,-,-,-,22.22032800,73.22150100,04-10-2021 08:30,"","","","",350,"",1636,"","","","","","",8.61,"","",0.002,458,"","",0.021,54,"",65,404,"","","","","","","",""
222,BOREWELL CETP-NARODA GIDC NARODA-AHMEDABAD,CPCB,24,Gujarat,438,Ahmedabad,AHMADABAD CITY,-,-,-,-,-,-,-,-,23.08125300,72.66772500,01-04-2021 08:30,"","","","",378,"",1374,"","","","","","",8.38,"","","",328,"","","",44,"",87,392,"","","","","","","",""
223,BOREWELL CETP-NARODA GIDC NARODA-AHMEDABAD,CPCB,24,Gujarat,438,Ahmedabad,AHMADABAD CITY,-,-,-,-,-,-,-,-,23.08125300,72.66772500,01-10-2021 08:30,"","","","",366,"",1154,"","","","","","",7.46,"","","",224,"","",0.19,"","","",406,"",0.81,"","","","","",""
224,BOREWELL D/S TSDF SITE GIDC INDUSTRIAL AREA VAPI,CPCB,24,Gujarat,462,Valsad,PARDI,-,-,-,-,-,-,-,-,20.36666700,72.90000100,03-04-2021 08:30,"","","","",397,"",1632,"","","","","","",7.98,"","","",240,"",0.085,1.512,136,"",75.39,650,"",0.7,0.058,"",0.468,"","",""
225,BOREWELL D/S TSDF SITE GIDC INDUSTRIAL AREA VAPI,CPCB,24,Gujarat,462,Valsad,PARDI,-,-,-,-,-,-,-,-,20.36666700,72.90000100,04-10-2021 08:30,"","","","",118,"",562,"","","","","","",7.63,"","","",150,"",0.012,"",64.12,"",34,300,"",0.41,0.026,"",0.044,"","",""
226,BOREWELL KADI INDUSTRIAL AREA,CPCB,24,Gujarat,451,Mahesana,KADI,-,-,-,-,-,-,-,-,23.30994500,72.26423600,01-04-2021 08:30,"","","","",318,"",974,"","","","","","",8.11,"","","",301,"","","",28,"",93,450,"","","","","","","",""
227,BOREWELL KADI INDUSTRIAL AREA,CPCB,24,Gujarat,451,Mahesana,KADI,-,-,-,-,-,-,-,-,23.30994500,72.26423600,01-10-2021 08:30,"","","","",486,"",1484,"","","","","","",7.75,"","","",240,"","",0.2,"","","",474,"","","","","","","",""
228,BOREWELL NEAR CENTER OF EXCELLENCE BUILDING GIDC VATVA AHMEDABAD,CPCB,24,Gujarat,438,Ahmedabad,AHMADABAD CITY,-,-,-,-,-,-,-,-,22.99877300,72.55463700,01-04-2021 08:30,"","","","",384,"",1276,"","","","","","",8.48,"","","",340,"","","",12,"",88,390,"","","","","","","",""
229,BOREWELL NEAR CENTER OF EXCELLENCE BUILDING GIDC VATVA AHMEDABAD,CPCB,24,Gujarat,438,Ahmedabad,AHMADABAD CITY,-,-,-,-,-,-,-,-,22.99877300,72.55463700,01-10-2021 08:30,"","","","",381,"",940,"","","","","","",7.4,"","","",233,"","",0.02,"","","",328,"",0.34,"","","","","",""
230,BOREWELL NEAR GIDC ODHAV INDUSTRIAL ASSOCIATION BUILDING GIDC ODHAV AHMEDABAD,CPCB,24,Gujarat,438,Ahmedabad,AHMADABAD CITY,-,-,-,-,-,-,-,-,23.02154800,72.66358100,01-04-2021 08:30,"","","","",328,"",1070,"","","","","","",8.29,"","","",339,"","","",17,"",71,332,"","","","","","","",""
231,BOREWELL NEAR GIDC ODHAV INDUSTRIAL ASSOCIATION BUILDING GIDC ODHAV AHMEDABAD,CPCB,24,Gujarat,438,Ahmedabad,AHMADABAD CITY,-,-,-,-,-,-,-,-,23.02154800,72.66358100,01-10-2021 08:30,"","","","",496,"",1448,"","","","","","",7.44,"","","",219,"","","","","","",480,"",0.39,"","","","","",""
232,BOREWELL NEAR MUNICIPAL SOLID WASTE SITE- GYASPUR NAROL AHMEDABAD,CPCB,24,Gujarat,438,Ahmedabad,AHMADABAD CITY,-,-,-,-,-,-,-,-,22.97786800,72.54381600,02-01-2021 08:30,"","","","",612,"",1922,"","","","","","",7.2,"","","",250,"","","",49,"",51,332,"",1.1,"","","","","",""
233,BOREWELL NEAR MUNICIPAL SOLID WASTE SITE- GYASPUR NAROL AHMEDABAD,CPCB,24,Gujarat,438,Ahmedabad,AHMADABAD CITY,-,-,-,-,-,-,-,-,22.97786800,72.54381600,03-02-2021 08:30,"","","","",586,"",2042,"","","","","","",7.37,"","","",402,"","","",20,"",102.3,470,"",1.2,"","","","","",""
234,BOREWELL NEAR MUNICIPAL SOLID WASTE SITE- GYASPUR NAROL AHMEDABAD,CPCB,24,Gujarat,438,Ahmedabad,AHMADABAD CITY,-,-,-,-,-,-,-,-,22.97786800,72.54381600,02-07-2021 08:30,"","","","",600,"",2362,"","","","","","",8.18,"","","",305,"","","",16,"",101,455,"","","","","","","",""
235,BOREWELL NEAR MUNICIPAL SOLID WASTE SITE- GYASPUR NAROL AHMEDABAD,CPCB,24,Gujarat,438,Ahmedabad,AHMADABAD CITY,-,-,-,-,-,-,-,-,22.97786800,72.54381600,05-08-2021 08:30,"","","","",643,"",2110,"","","","","","",7.74,"","","",254,"","","",22,"",57,292,"","","","","","","",""
236,BOREWELL NEAR TSDF OF BHARUCH ENVIRO INFRASTRUCTURE LIMITED ANKLESHWAR BHARUCH,CPCB,24,Gujarat,442,Bharuch,BHARUCH,-,-,-,-,-,-,-,-,21.70476700,72.99572200,01-04-2021 08:30,"","","","",653,"",1926,"","","","","","",7.21,"","","",412,"",0.034,0.215,97,"",72.96,544,"","","","",0.028,"","",""
237,BOREWELL NEAR TSDF OF BHARUCH ENVIRO INFRASTRUCTURE LIMITED ANKLESHWAR BHARUCH,CPCB,24,Gujarat,442,Bharuch,BHARUCH,-,-,-,-,-,-,-,-,21.70476700,72.99572200,01-10-2021 08:30,"","","","",1215,"",2196,"","","","","","",7.28,"","","",472,"","",0.233,112.22,"",92.42,660,"","",0.029,"","","","",""
238,BOREWELL NEAR TSDF SITE OF GREEN ENVIRONMNET SERVICES CO. OP.LTD VATVA AHMEDABAD,CPCB,24,Gujarat,438,Ahmedabad,DASKROI,-,-,-,-,-,-,-,-,22.95593800,72.63945900,01-04-2021 08:30,"","","","",446,"",1486,"","","","","","",8.21,"","","",341,"","","",10,"",52,236,"","","","","","","",""
239,BOREWELL NEAR TSDF SITE OF GREEN ENVIRONMNET SERVICES CO. OP.LTD VATVA AHMEDABAD,CPCB,24,Gujarat,438,Ahmedabad,DASKROI,-,-,-,-,-,-,-,-,22.95593800,72.63945900,01-10-2021 08:30,"","","","",521,"",1402,"","","","","","",7.37,"","","",230,"","",0.04,"","","",336,"",0.38,"","","","","",""
240,BOREWELL NEAR TSDF SITE OF NARODA ENVIRO PROJECT.LTD ODHAVE AHMEDABAD,CPCB,24,Gujarat,438,Ahmedabad,AHMADABAD CITY,-,-,-,-,-,-,-,-,23.08213600,72.66846000,01-04-2021 08:30,"","","","",404,"",1346,"","","","","","",8.51,"","","",335,"","","",18,"",60,291,"","","","","","","",""
241,BOREWELL NEAR TSDF SITE OF NARODA ENVIRO PROJECT.LTD ODHAVE AHMEDABAD,CPCB,24,Gujarat,438,Ahmedabad,AHMADABAD CITY,-,-,-,-,-,-,-,-,23.08213600,72.66846000,01-12-2021 08:30,"","","","",394,"",1198,"","","","","","",7.56,"","","",232,"","",0.08,"","","",270,"",0.91,"","","","","",""
242,BOREWELL NERA TSDF OF NANDESARI ENVIRO CONTROL LIMITED NADESARI VADODARA,CPCB,24,Gujarat,461,Vadodara,VADODARA,-,-,-,-,-,-,-,-,22.41372500,73.09099400,02-04-2021 08:30,"","","","",1700,"",7530,"","","","","","",7.56,"","","",232,"","","",441,"",243,2100,"",1.1,0.113,"",0.064,"","",""
243,BOREWELL NERA TSDF OF NANDESARI ENVIRO CONTROL LIMITED NADESARI VADODARA,CPCB,24,Gujarat,461,Vadodara,VADODARA,-,-,-,-,-,-,-,-,22.41372500,73.09099400,01-10-2021 08:30,"","","","",1375,"",6670,"","","","","","",8.49,"","","",407,"",0.048,0.021,441,"",194,1900,"",1.32,0.279,"",0.029,"","",""
244,BOREWELL OF AJI GIDC RAJKOT,CPCB,24,Gujarat,457,Rajkot,RAJKOT,-,-,-,-,-,-,-,-,22.27959400,70.83513800,08-04-2021 08:30,"","","","",236,"",1088,"","","","","","",7.44,"","",0.002,437,"",0.002,0.095,68,"",21,260,"",1.3,0.003,"",0.032,"","",""
245,BORE WELL OF CHHATRAL GIDC.,CPCB,24,Gujarat,459,Surat,CHORASI,-,-,-,-,-,-,-,-,21.09307800,72.85745600,06-04-2021 08:30,"","","","",492,"",1390,"","","","","","",8.22,"","","","","","","",18,"",82,382,"",1.5,"","","","","",""
246,BOREWELL OF GAYATRI PRAGNA SCHOOL BHADARWAD ROAD BAZAR FALIA SARIGAM VALSAD,CPCB,24,Gujarat,462,Valsad,UMBERGAON,-,-,-,-,-,-,-,-,20.28467200,72.85506700,03-04-2021 08:30,"","","","","","","","","","","","","",7.5,"","","","","","",0.392,"","","","","",0.4,"","",0.431,"","",""
247,BOREWELL OF GAYATRI PRAGNA SCHOOL BHADARWAD ROAD BAZAR FALIA SARIGAM VALSAD,CPCB,24,Gujarat,462,Valsad,UMBERGAON,-,-,-,-,-,-,-,-,20.28467200,72.85506700,04-10-2021 08:30,"","","","",101,"",496,"","","","","","",7.66,"","","",140,"",0.017,"","","","",310,"","",0.03,"",0.071,"","",""
248,BOREWELL OF GIDC ANTALIA WATER SUPPLY BILLIMORA GANDEVI,CPCB,24,Gujarat,453,Navsari,GANDEVI,-,-,-,-,-,-,-,-,20.76872200,73.00164000,04-04-2021 08:30,"","","","",710,"",1462,"","","","","","",8.44,"","","",510,"","","",60,"",72.96,425,"",0.5,"","",0.009,"","",""
249,BOREWELL OF GIDC ANTALIA WATER SUPPLY BILLIMORA GANDEVI,CPCB,24,Gujarat,453,Navsari,GANDEVI,-,-,-,-,-,-,-,-,20.76872200,73.00164000,02-10-2021 08:30,"","","","",216,"",1122,"","","","","","",7.82,"","","",430,"","",0.175,48.1,"",65.66,390,"","","","",0.045,"","",""
250,BOREWELL OF GIDC JHAGADIA,CPCB,24,Gujarat,442,Bharuch,JHAGADIA,-,-,-,-,-,-,-,-,21.63696900,73.13179300,05-04-2021 08:30,"","","","",233,"",908,"","","","","","",7.65,"","","",370,"",0.052,0.025,67,"",24.32,226,"",0.5,0.028,"",0.002,"","",""
251,BOREWELL OF GIDC JHAGADIA,CPCB,24,Gujarat,442,Bharuch,JHAGADIA,-,-,-,-,-,-,-,-,21.63696900,73.13179300,05-10-2021 08:30,"","","","",470,"",1342,"","","","","","",7.78,"","","",310,"","",0.272,72.14,"",40.86,348,"","",0.007,"","","","",""
252,BOREWELL OF GIDC JUNAGADH,CPCB,24,Gujarat,448,Junagadh,JUNAGADH,-,-,-,-,-,-,-,-,21.52153200,70.45703300,08-04-2021 08:30,"","","","",815,"",2142,"","","","","","",7.84,"","",0.003,362,"",0.004,0.106,229,"",57.4,808,"",1.1,0.003,"",0.0236,"","",""
253,BOREWELL OF GIDC JUNAGADH,CPCB,24,Gujarat,448,Junagadh,JUNAGADH,-,-,-,-,-,-,-,-,21.52153200,70.45703300,01-10-2021 08:30,"","","","",832,"",2716,"","","","","","",7.22,"","","",496,"",0.005,0.08,"","","",1160,"",1.58,"","",0.006,"","",""
254,BOREWELL OF GIDC KALOL B/H GIDC OFFICE GIDC KALOL GANDHINAGAR,CPCB,24,Gujarat,446,Gandhinagar,KALOL,-,-,-,-,-,-,-,-,23.24624700,72.50928300,05-04-2021 08:30,"","","","",377,"",1140,"","","","","","",7.66,"","","",267,"","",0.06,14,"",61,285,"","","","","","","",""
255,BOREWELL OF GIDC KANSARI,CPCB,24,Gujarat,441,Banaskantha,BHABHAR,-,-,-,-,-,-,-,-,24.32583900,72.14038000,05-04-2021 08:30,"","","","",1075,"",3410,"","","","","","",8.13,"","","",405,"","","",48,"",102,540,"","","","","","","",""
256,BOREWELL OF GIDC KANSARI,CPCB,24,Gujarat,441,Banaskantha,BHABHAR,-,-,-,-,-,-,-,-,24.32583900,72.14038000,04-10-2021 08:30,"","","","",1010,"",3240,"","","","","","",7.74,"","",0.0024,545,"","",0.033,48,"",95,510,"","",0.026,"","","","",""
257,BOREWELL OF GIDC-NADIAD AT GIDC OFFICE GIDC NADIAD KHEDA,CPCB,24,Gujarat,450,Kheda,NADIAD,-,-,-,-,-,-,-,-,22.71031100,72.85289200,03-04-2021 08:30,"","","","",470,"",1756,"","","","","","",7.13,"","","",597,"","","",37,"",40,256,"","","","",0.012,"","",""
258,BOREWELL OF GIDC-NADIAD AT GIDC OFFICE GIDC NADIAD KHEDA,CPCB,24,Gujarat,450,Kheda,NADIAD,-,-,-,-,-,-,-,-,22.71031100,72.85289200,04-10-2021 08:30,"","","","",400,"",1460,"","","","","","",8.04,"","","",610,"","","",44,"",36,260,"",2.02,"","","","","",""
259,BOREWELL OF GIDC OFFICE SHANKAR TEKRI UDHYOGNAGAR JAMNANGAR,CPCB,24,Gujarat,447,Jamnagar,JAMNAGAR,-,-,-,-,-,-,-,-,22.47087800,70.05927500,03-04-2021 08:30,"","","","",230,"",1166,"","","","","","",7.31,"","","","","","",0.224,106,"",62,510,"","","","",0.13,"","",""
260,BOREWELL OF GIDC OFFICE SHANKAR TEKRI UDHYOGNAGAR JAMNANGAR,CPCB,24,Gujarat,447,Jamnagar,JAMNAGAR,-,-,-,-,-,-,-,-,22.47087800,70.05927500,05-10-2021 08:30,"","","","",290,"",2580,"","","","","","",7.56,"","","","","","",0.09,"","","",524,"",0.33,"","",0.007,"","",""
261,BOREWELL OF GIDC PANOLI,CPCB,24,Gujarat,442,Bharuch,ANKLESVAR,-,-,-,-,-,-,-,-,21.63046500,73.02288200,01-04-2021 08:30,"","","","",1522,"",2704,"","","","","","",7.42,"","","",280,"","",0.037,"","","",416,"","","","",0.021,"","",""
262,BOREWELL OF GIDC PANOLI,CPCB,24,Gujarat,442,Bharuch,ANKLESVAR,-,-,-,-,-,-,-,-,21.63046500,73.02288200,01-10-2021 08:30,"","","","",1375,"",3312,"","","","","","",7.37,"","","",396,"","",0.28,"","",152.73,940,"","",0.027,"","","","",""
263,BOREWELL OF GIDC SOJITRA,CPCB,24,Gujarat,440,Anand,SOJITRA,-,-,-,-,-,-,-,-,22.53888100,72.72006100,05-04-2021 08:30,"","","","",490,"",2086,"","","","","","",8.1,"","","",485,"","","",104,"",156,900,"",0.4,"","","","","",""
264,BOREWELL OF GIDC SOJITRA,CPCB,24,Gujarat,440,Anand,SOJITRA,-,-,-,-,-,-,-,-,22.53888100,72.72006100,04-10-2021 08:30,"","","","",500,"",2076,"","","","","","",7.91,"","","",631,"","",0.029,92,"",161,890,"",0.47,0.028,"",0.039,"","",""
265,BOREWELL OF KALIAWADI GRID ROAD NAVSARI,CPCB,24,Gujarat,453,Navsari,NAVSARI,-,-,-,-,-,-,-,-,20.94968100,72.91502200,02-10-2021 08:30,"","","","",295,"",1538,"","","","","","",8.15,"","","",400,"","",0.181,68.14,"",89.98,540,"","","","",0.087,"","",""
266,BOREWELL OF L & T LTD. PLOT NO. 144/146 SARKHEJ-BAVLA ROAD SANAND AHMEDABAD,CPCB,24,Gujarat,438,Ahmedabad,SANAND,-,-,-,-,-,-,-,-,22.89497500,72.41787900,01-04-2021 08:30,"","","","",826,"",2388,"","","","","","",8.13,"","","",311,"","","",32,"",154,756,"",0.7,"","","","","",""
267,BOREWELL OF L & T LTD. PLOT NO. 144/146 SARKHEJ-BAVLA ROAD SANAND AHMEDABAD,CPCB,24,Gujarat,438,Ahmedabad,SANAND,-,-,-,-,-,-,-,-,22.89497500,72.41787900,01-10-2021 08:30,"","","","",650,"",1956,"","","","","","",7.27,"","","",209,"","",0.34,"","","",668,"","","","","","","",""
268,BOREWELL OF MR. HITENDRABHAI LAKHMANBHAI KER SHIV SAI PARK NEW SMASHAN ROAD GANDHINAGAR,CPCB,24,Gujarat,447,Jamnagar,JAMNAGAR,-,-,-,-,-,-,-,-,22.49805600,70.05861100,05-04-2021 08:30,"","","","",500,"",1384,"","","","","","",7.69,"","","","","","",0.186,24,"",73,360,"","","","",0.181,"","",""
269,BOREWELL OF MR. HITENDRABHAI LAKHMANBHAI KER SHIV SAI PARK NEW SMASHAN ROAD GANDHINAGAR,CPCB,24,Gujarat,447,Jamnagar,JAMNAGAR,-,-,-,-,-,-,-,-,22.49805600,70.05861100,01-10-2021 08:30,"","","","",320,"",1448,"","","","","","",7.91,"","","","","","",0.06,"","","",392,"","","","",0.007,"","",""
270,BOREWELL OF M/S ALFA ECA (I) LTD. UNIT-1 SR.NO. 249 UMA IND. ESTATE VASNA  IYAVA SANAND AHMEDABAD,CPCB,24,Gujarat,438,Ahmedabad,AHMADABAD CITY,-,-,-,-,-,-,-,-,23.02768700,72.51873600,08-04-2021 08:30,"","","","",412,"",1240,"","","","","","",7.93,"","","",380,"","","",18,"",97,442,"",1.3,"","","","","",""
271,BOREWELL OF M/S ALFA ECA (I) LTD. UNIT-1 SR.NO. 249 UMA IND. ESTATE VASNA  IYAVA SANAND AHMEDABAD,CPCB,24,Gujarat,438,Ahmedabad,AHMADABAD CITY,-,-,-,-,-,-,-,-,23.02768700,72.51873600,06-10-2021 08:30,"","","","",453,"",1072,"","","","","","",7.61,"","","",222,"","","","","","",272,"",0.91,"","","","","",""
272,BORE WELL OF NAVSARI GIDC INDUSTRIES ASSOCIATION OFFICE.,CPCB,24,Gujarat,453,Navsari,NAVSARI,-,-,-,-,-,-,-,-,20.94645000,72.94973600,04-04-2021 08:30,"","","","",530,"",1462,"","","","","","",8.31,"","","",430,"","","",60,"",72.96,450,"",0.4,"","","","","",""
273,BORE WELL OF NAVSARI GIDC INDUSTRIES ASSOCIATION OFFICE.,CPCB,24,Gujarat,453,Navsari,NAVSARI,-,-,-,-,-,-,-,-,20.94645000,72.94973600,02-10-2021 08:30,"","","","",73,"",1420,"","","","","","",7.98,"","","",380,"","",0.159,60.12,"",82.69,490,"","","","",0.092,"","",""
274,BORE WELL OF PALSANA VILLAGE.,CPCB,24,Gujarat,459,Surat,PALSANA,-,-,-,-,-,-,-,-,21.08207500,72.98539200,01-04-2021 08:30,"","","","",92,"",856,"","","","","","",8.45,"","","",420,"","","",36,"",43,270,"",0.8,"","",0.038,"","",""
275,BORE WELL OF PALSANA VILLAGE.,CPCB,24,Gujarat,459,Surat,PALSANA,-,-,-,-,-,-,-,-,21.08207500,72.98539200,04-10-2021 08:30,"","","","",175,"",762,"","","","","","",8.35,"","","",320,"","",0.179,40.08,"",46.21,290,"","","","",0.81,"","",""
276,BORE WELL OF PIRANA TERMINAL PUMPING STATION PIRANA NR. V. N. BRIDGE AHMEDABAD.,CPCB,24,Gujarat,438,Ahmedabad,AHMADABAD CITY,-,-,-,-,-,-,-,-,22.99119700,72.56691700,02-01-2021 08:30,"","","","",460,"",1576,"","","","","","",7.1,"","","",320,"","","",130,"",49,526,"",0.9,"","","","","",""
277,BORE WELL OF PIRANA TERMINAL PUMPING STATION PIRANA NR. V. N. BRIDGE AHMEDABAD.,CPCB,24,Gujarat,438,Ahmedabad,AHMADABAD CITY,-,-,-,-,-,-,-,-,22.99119700,72.56691700,03-02-2021 08:30,"","","","",464,"",1694,"","","","","","",7.08,"","","",341,"","","",30,"",125,588,"","","","","","","",""
278,BORE WELL OF PIRANA TERMINAL PUMPING STATION PIRANA NR. V. N. BRIDGE AHMEDABAD.,CPCB,24,Gujarat,438,Ahmedabad,AHMADABAD CITY,-,-,-,-,-,-,-,-,22.99119700,72.56691700,02-07-2021 08:30,"","","","",444,"",1816,"","","","","","",7.89,"","","",269,"","","",14,"",88,398,"","","","","","","",""
279,BORE WELL OF SACHIN GIDC.,CPCB,24,Gujarat,459,Surat,CHORASI,-,-,-,-,-,-,-,-,21.09307800,72.85745600,01-04-2021 08:30,"","","","",2424,"",5308,"","","","","","",7.75,"","","",260,"","",0.029,116,"",143,880,"",0.6,"","",0.404,"","",""
280,BORE WELL OF SACHIN GIDC.,CPCB,24,Gujarat,459,Surat,CHORASI,-,-,-,-,-,-,-,-,21.09307800,72.85745600,06-10-2021 08:30,"","","","",1100,"",4722,"","","","","","",7.6,"","","",580,"","",0.258,144,"",179,1100,"","","","",0.138,"","",""
281,BORE WELL OF SANTEJ VILLAGE.,CPCB,24,Gujarat,446,Gandhinagar,KALOL,-,-,-,-,-,-,-,-,23.10170600,72.47466100,07-04-2021 08:30,"","","","",387,"",1276,"","","","","","",7.13,"","","",275,"","","",45,"",86,467,"",0.5,"","","","","",""
282,BOREWELL OF SHRI KANKESHWAR MAHADEV MANDIR OPP. MSW DUMPSITE VIBHAPAR,CPCB,24,Gujarat,447,Jamnagar,JAMNAGAR,-,-,-,-,-,-,-,-,22.47916700,70.09750000,03-04-2021 08:30,"","","","",1200,"",3488,"","","","","","",6.74,"","","","","","",0.3,264,"",156,1300,"","","","",0.131,"","",""
283,BOREWELL OF SHRI KANKESHWAR MAHADEV MANDIR OPP. MSW DUMPSITE VIBHAPAR,CPCB,24,Gujarat,447,Jamnagar,JAMNAGAR,-,-,-,-,-,-,-,-,22.47916700,70.09750000,05-10-2021 08:30,"","","","",920,"",3580,"","","","","","",7.35,"","","","","","",0.07,"","","",1320,"","","","",0.009,"","",""
284,BOREWELL OF SHRI MAHAVIR METAL CRAFT PVT. LTD. PLOT NO. 3059 ROAD NO.6 NR. MAHAVIR CIRCLE PHASE-III,CPCB,24,Gujarat,447,Jamnagar,JAMNAGAR,-,-,-,-,-,-,-,-,22.41840400,70.04236600,03-04-2021 08:30,"","","","",580,"",1414,"","","","","","",7.54,"","","","","","",0.284,117,"",60,540,"","","","",0.99,"","",""
285,BOREWELL OF SHRI MAHAVIR METAL CRAFT PVT. LTD. PLOT NO. 3059 ROAD NO.6 NR. MAHAVIR CIRCLE PHASE-III,CPCB,24,Gujarat,447,Jamnagar,JAMNAGAR,-,-,-,-,-,-,-,-,22.41840400,70.04236600,01-10-2021 08:30,"","","","",500,"",1386,"","","","","","",7.94,"","",0.001,"","","",0.05,"","","",536,"",0.33,"","",0.008,"","",""
286,BORE WELL OF SOMESHWAR RICE MILL NR. BAVLA ECO PROJECT (CETP ) VILL. BAVLA DIST. AHMEDABAD.,CPCB,24,Gujarat,438,Ahmedabad,SANAND,-,-,-,-,-,-,-,-,22.85542300,72.36573400,01-04-2021 08:30,"","","","",1026,"",3150,"","","","","","",8.45,"","","",335,"","","",26,"",162,731,"",0.6,"","","","","",""
287,BORE WELL OF SOMESHWAR RICE MILL NR. BAVLA ECO PROJECT (CETP ) VILL. BAVLA DIST. AHMEDABAD.,CPCB,24,Gujarat,438,Ahmedabad,SANAND,-,-,-,-,-,-,-,-,22.85542300,72.36573400,01-10-2021 08:30,"","","","",1026,"",3232,"","","","","","",7.34,"","","",224,"","",0.25,"","","",660,"","","","","","","",""
288,BOREWELL OF TOWN RAJPIPLA DIST.NARMADA,CPCB,24,Gujarat,452,Narmada,NANDOD,-,-,-,-,-,-,-,-,21.87146700,73.50041700,05-04-2021 08:30,"","","","",63,"",388,"","","","","","",7.52,"","","",210,"","",0.104,56,"",6.81,168,"","",0.018,"",0.017,"","",""
289,BOREWELL OF TOWN RAJPIPLA DIST.NARMADA,CPCB,24,Gujarat,452,Narmada,NANDOD,-,-,-,-,-,-,-,-,21.87146700,73.50041700,05-10-2021 08:30,"","","","",66,"",550,"","","","","","",7.61,"","","",242,"","",0.834,46.49,"",40.86,284,"","",0.009,"",0.039,"","",""
290,BORE WELL SNR. VINAYAK JAL SUDDHIKARAN SAHAKARI MANDALI LTD. (CETP ) VILL. BAVLA DIST. AHMEDABAD.,CPCB,24,Gujarat,438,Ahmedabad,AHMADABAD CITY,-,-,-,-,-,-,-,-,23.08061600,72.66693000,01-04-2021 08:30,"","","","",1201,"",3242,"","","","","","",8.22,"","","",312,"","",0.05,32,"",171,781,"","","","","","","",""
291,BORE WELL SNR. VINAYAK JAL SUDDHIKARAN SAHAKARI MANDALI LTD. (CETP ) VILL. BAVLA DIST. AHMEDABAD.,CPCB,24,Gujarat,438,Ahmedabad,AHMADABAD CITY,-,-,-,-,-,-,-,-,23.08061600,72.66693000,01-10-2021 08:30,"","","","",1096,"",3240,"","","","","","",7.24,"","","",209,"","",0.24,"","","",768,"","","","","","","",""
292,B/W NEAR INDL. AREA BORASARA & NAVAPURA DIST. SURAT.,CPCB,24,Gujarat,459,Surat,SURAT CITY,-,-,-,-,-,-,-,-,21.19651700,72.83093600,01-04-2021 08:30,"","","","",605,"",1876,"","","","","","",8.4,"","","",390,"","","",76,"",94,580,"","","","",0.037,"","",""
293,B/W NEAR INDL. AREA BORASARA & NAVAPURA DIST. SURAT.,CPCB,24,Gujarat,459,Surat,SURAT CITY,-,-,-,-,-,-,-,-,21.19651700,72.83093600,01-10-2021 08:30,"","","","",470,"",2036,"","","","","","",7.91,"","","",310,"","","",76.15,"",77.82,510,"","","","",0.095,"","",""
294,B/W OF DISASTER PREVENTION AND MANAGEMANT CENTER(DPMC) GIDE ANKLE SHWAR FOR (MINARS),CPCB,24,Gujarat,442,Bharuch,ANKLESVAR,-,-,-,-,-,-,-,-,21.61661300,73.00895000,01-04-2021 08:30,"","","","",183,"",702,"","","","","","",7.83,"","","",488,"","",0.122,40,"",13.62,156,"","","","",0.022,"","",""
295,B/W OF DISASTER PREVENTION AND MANAGEMANT CENTER(DPMC) GIDE ANKLE SHWAR FOR (MINARS),CPCB,24,Gujarat,442,Bharuch,ANKLESVAR,-,-,-,-,-,-,-,-,21.61661300,73.00895000,10-12-2021 08:30,"","","","",256,"",814,"","","","","","",8.25,"","","",402,"","",0.086,"","","",152,"","",0.019,"",0.008,"","",""
296,B/W OF JASHWANTBHAI PARMAR S. NO. 18 AT: VILLAGE KALAMSAR TA KHAMBHAT,CPCB,24,Gujarat,440,Anand,KHAMBHAT,-,-,-,-,-,-,-,-,22.29160200,72.73921000,05-04-2021 08:30,"","","","",150,"",760,"","","","","","",8.12,"","","",350,"","","",16,"",29,160,"","","","","","","",""
297,B/W OF JASHWANTBHAI PARMAR S. NO. 18 AT: VILLAGE KALAMSAR TA KHAMBHAT,CPCB,24,Gujarat,440,Anand,KHAMBHAT,-,-,-,-,-,-,-,-,22.29160200,72.73921000,04-10-2021 08:30,"","","","",160,"",810,"","","","","","",8.68,"","",0.0006,476,"","",0.025,15,"",32,170,"",1.77,0.021,"","","","",""
298,CHANDOLA LAKE AT AHMEDABAD,CPCB,24,Gujarat,438,Ahmedabad,AHMADABAD CITY,-,-,-,-,-,-,-,-,22.98797200,72.58906700,02-01-2021 08:30,1.23,"","","","",5.3,"","","","","","","",7.55,"","","","","","","","","","","","","","","","","","",""
299,CHANDOLA LAKE AT AHMEDABAD,CPCB,24,Gujarat,438,Ahmedabad,AHMADABAD CITY,-,-,-,-,-,-,-,-,22.98797200,72.58906700,03-02-2021 08:30,0.81,"","","","",6.8,"","","","","","","",7.45,"","","","","","","","","","","","","","","","","","",""
300,CHANDOLA LAKE AT AHMEDABAD,CPCB,24,Gujarat,438,Ahmedabad,AHMADABAD CITY,-,-,-,-,-,-,-,-,22.98797200,72.58906700,02-03-2021 08:30,1.29,"","","","",6.8,"","","","","","","",8.02,"","","","","","","","","","","","","","","","","","",""
301,CHANDOLA LAKE AT AHMEDABAD,CPCB,24,Gujarat,438,Ahmedabad,AHMADABAD CITY,-,-,-,-,-,-,-,-,22.98797200,72.58906700,03-04-2021 08:30,1.01,"","","","",6.4,"","","","","","","",8.35,"","","","","","","","","","","","","","","","","","",""
302,CHANDOLA LAKE AT AHMEDABAD,CPCB,24,Gujarat,438,Ahmedabad,AHMADABAD CITY,-,-,-,-,-,-,-,-,22.98797200,72.58906700,03-05-2021 08:30,1.4,"","","","",6.9,"","","","","","","",8.02,"","","","","","","","","","","","","","","","","","",""
303,CHANDOLA LAKE AT AHMEDABAD,CPCB,24,Gujarat,438,Ahmedabad,AHMADABAD CITY,-,-,-,-,-,-,-,-,22.98797200,72.58906700,07-06-2021 08:30,1.5,"","","","",6.7,"","","","","","","",7.79,"","","","","","","","","","","","","","","","","","",""
304,CHANDOLA LAKE AT AHMEDABAD,CPCB,24,Gujarat,438,Ahmedabad,AHMADABAD CITY,-,-,-,-,-,-,-,-,22.98797200,72.58906700,02-07-2021 08:30,1.88,"","","","",4.1,"","","","","","","",7.89,"","","","","","","","","","","","","","","","","","",""
305,CHANDOLA LAKE AT AHMEDABAD,CPCB,24,Gujarat,438,Ahmedabad,AHMADABAD CITY,-,-,-,-,-,-,-,-,22.98797200,72.58906700,05-08-2021 08:30,3.02,"","","","",5.5,"","","","","","","",7.84,"","","","","","","","","","","","","","","","","","",""
306,CHANDOLA LAKE AT AHMEDABAD,CPCB,24,Gujarat,438,Ahmedabad,AHMADABAD CITY,-,-,-,-,-,-,-,-,22.98797200,72.58906700,01-09-2021 08:30,2.69,"","","","",5.4,"","","","","","","",7.29,"","","","","","","","","","","","","","","","","","",""
307,CHANDOLA LAKE AT AHMEDABAD,CPCB,24,Gujarat,438,Ahmedabad,AHMADABAD CITY,-,-,-,-,-,-,-,-,22.98797200,72.58906700,04-10-2021 08:30,1.68,"","","","",4.1,"","","","","","","",7.43,"","","","","","","","","","","","","","","","","","",""
308,CHANDOLA LAKE AT AHMEDABAD,CPCB,24,Gujarat,438,Ahmedabad,AHMADABAD CITY,-,-,-,-,-,-,-,-,22.98797200,72.58906700,02-11-2021 08:30,1.86,"","","","",6.3,"","","","","","","",7.86,"","","","","","","","","","","","","","","","","","",""
309,CITY LAKE OF NADIAD,CPCB,24,Gujarat,440,Anand,SOJITRA,-,-,-,-,-,-,-,-,22.60045300,72.76383600,04-01-2021 08:30,1.23,"","","","",6.7,"","","","","","","",8.1,"","","","","","","","","","","","","","","","",6.23,"",""
310,CITY LAKE OF NADIAD,CPCB,24,Gujarat,440,Anand,SOJITRA,-,-,-,-,-,-,-,-,22.60045300,72.76383600,01-02-2021 08:30,"","","","","",6,"","","","","","","",8.39,"","","","","","","","","","","","","","","","",4.88,"",""
311,CITY LAKE OF NADIAD,CPCB,24,Gujarat,440,Anand,SOJITRA,-,-,-,-,-,-,-,-,22.60045300,72.76383600,03-03-2021 08:30,0.53,"","","","",6.4,"","","","","","","",8.45,"","","","","","","","","","","","","","","","",4.78,"",""
312,CITY LAKE OF NADIAD,CPCB,24,Gujarat,440,Anand,SOJITRA,-,-,-,-,-,-,-,-,22.60045300,72.76383600,03-04-2021 08:30,0.59,"","","","",6.4,"","","","","","","",7.94,"","","","","","","","","","","","","","","","",1.07,"",""
313,CITY LAKE OF NADIAD,CPCB,24,Gujarat,440,Anand,SOJITRA,-,-,-,-,-,-,-,-,22.60045300,72.76383600,03-05-2021 08:30,"","","","","",5.6,"","","","","","","",8.37,"","","","","","","","","","","","","","","","","","",""
314,CITY LAKE OF NADIAD,CPCB,24,Gujarat,440,Anand,SOJITRA,-,-,-,-,-,-,-,-,22.60045300,72.76383600,03-06-2021 08:30,0.98,"","","","",5.7,"","","","","","","",8.13,"","","","","","","","","","","","","","","","",6.17,"",""
315,CITY LAKE OF NADIAD,CPCB,24,Gujarat,440,Anand,SOJITRA,-,-,-,-,-,-,-,-,22.60045300,72.76383600,01-07-2021 08:30,"","","","","",5.5,"","","","","","","",8.19,"","","","","","","","","","","","","","","","",5.31,"",""
316,CITY LAKE OF NADIAD,CPCB,24,Gujarat,440,Anand,SOJITRA,-,-,-,-,-,-,-,-,22.60045300,72.76383600,02-08-2021 08:30,0.5,"","","","",5.1,"","","","","","","",7.74,"","","","","","","","","","","","","","","","",4.4,"",""
317,CITY LAKE OF NADIAD,CPCB,24,Gujarat,440,Anand,SOJITRA,-,-,-,-,-,-,-,-,22.60045300,72.76383600,06-09-2021 08:30,0.45,"","","","",5.3,"","","","","","","",8.22,"","","","","","","","","","","","","","","","",3.63,"",""
318,CITY LAKE OF NADIAD,CPCB,24,Gujarat,440,Anand,SOJITRA,-,-,-,-,-,-,-,-,22.60045300,72.76383600,04-10-2021 08:30,0.78,"","","","",4.8,"","","","","","","",8.2,"","","","","","","","","","","","","","","","","","",""
319,CITY LAKE OF NADIAD,CPCB,24,Gujarat,440,Anand,SOJITRA,-,-,-,-,-,-,-,-,22.60045300,72.76383600,01-11-2021 08:30,0.76,"","","","",5.7,"","","","","","","",8.3,"","","","","","","","","","","","","","","","",3.76,"",""
320,CITY LAKE OF NADIAD,CPCB,24,Gujarat,440,Anand,SOJITRA,-,-,-,-,-,-,-,-,22.60045300,72.76383600,01-12-2021 08:30,1.23,"","","","",4.7,"","","","","","","",8.32,"","","","","","","","","","","","","","","","",3.9,"",""
321,DAMANGANGA AT D/S OF GIDC WEIR VAPI,CPCB,24,Gujarat,462,Valsad,UMBERGAON,-,-,-,-,-,-,-,-,20.33642200,72.91572400,25-02-2021 08:30,"","","","","",7.3,"","","","","","","",8.5,"","","","","","","","","","","","","","","","","","",""
322,DAMANGANGA AT D/S OF GIDC WEIR VAPI,CPCB,24,Gujarat,462,Valsad,UMBERGAON,-,-,-,-,-,-,-,-,20.33642200,72.91572400,30-06-2021 08:30,"","","","","",8.7,"","","","","","","",8.32,"","","","","","","","","","","","","","","","","","",""
323,DAMANGANGA AT D/S OF GIDC WEIR VAPI,CPCB,24,Gujarat,462,Valsad,UMBERGAON,-,-,-,-,-,-,-,-,20.33642200,72.91572400,29-09-2021 08:30,"","","","","",8.4,"","","","","","","",7.99,"","","","","","","","","","","","","","","","","","",""
324,DAMANGANGA AT D/S OF GIDC WEIR VAPI,CPCB,24,Gujarat,462,Valsad,UMBERGAON,-,-,-,-,-,-,-,-,20.33642200,72.91572400,29-12-2021 08:30,"","","","","",9,"","","","","","","",8.08,"","","","","","","","","","","","","","","","","","",""
325,DAMANGANGA AT D/S OF MADHUBAN DAMAN,CPCB,24,Gujarat,441,DAMAN,DAMAN,-,-,-,-,-,-,-,-,20.41181900,72.83326400,29-01-2021 08:30,"","","","","",6.6,"","","","","","","",7.62,"","","","","","","","","","","","","","","","","","",""
326,DAMANGANGA AT D/S OF MADHUBAN DAMAN,CPCB,24,Gujarat,441,DAMAN,DAMAN,-,-,-,-,-,-,-,-,20.41181900,72.83326400,23-02-2021 08:30,"","","","","",6.8,"","","","","","","",7.64,"","","","","","","","","","","","","","","","","","",""
327,DAMANGANGA AT D/S OF MADHUBAN DAMAN,CPCB,24,Gujarat,441,DAMAN,DAMAN,-,-,-,-,-,-,-,-,20.41181900,72.83326400,25-03-2021 08:30,"","","","","",7.9,"","","","","","","",7.7,"","","","","","","","","","","","","","","","","","",""
328,DAMANGANGA AT D/S OF MADHUBAN DAMAN,CPCB,24,Gujarat,441,DAMAN,DAMAN,-,-,-,-,-,-,-,-,20.41181900,72.83326400,29-04-2021 08:30,"","","","","",7.1,"","","","","","","",7.86,"","","","","","","","","","","","","","","","","","",""
329,DAMANGANGA AT D/S OF MADHUBAN DAMAN,CPCB,24,Gujarat,441,DAMAN,DAMAN,-,-,-,-,-,-,-,-,20.41181900,72.83326400,28-05-2021 08:30,"","","","","",7,"","","","","","","",7.85,"","","","","","","","","","","","","","","","","","",""
330,DAMANGANGA AT D/S OF MADHUBAN DAMAN,CPCB,24,Gujarat,441,DAMAN,DAMAN,-,-,-,-,-,-,-,-,20.41181900,72.83326400,25-06-2021 08:30,"","","","","",7.2,"","","","","","","",7.97,"","","","","","","","","","","","","","","","","","",""
331,DAMANGANGA AT D/S OF MADHUBAN DAMAN,CPCB,24,Gujarat,441,DAMAN,DAMAN,-,-,-,-,-,-,-,-,20.41181900,72.83326400,29-07-2021 08:30,"","","","","",7.4,"","","","","","","",8.2,"","","","","","","","","","","","","","","","","","",""
332,DAMANGANGA AT D/S OF MADHUBAN DAMAN,CPCB,24,Gujarat,441,DAMAN,DAMAN,-,-,-,-,-,-,-,-,20.41181900,72.83326400,28-08-2021 08:30,"","","","","",7.5,"","","","","","","",8.3,"","","","","","","","","","","","","","","","","","",""
333,DAMANGANGA AT D/S OF MADHUBAN DAMAN,CPCB,24,Gujarat,441,DAMAN,DAMAN,-,-,-,-,-,-,-,-,20.41181900,72.83326400,27-09-2021 08:30,"","","","","",7.7,"","","","","","","",8.5,"","","","","","","","","","","","","","","","","","",""
334,DAMANGANGA AT D/S OF MADHUBAN DAMAN,CPCB,24,Gujarat,441,DAMAN,DAMAN,-,-,-,-,-,-,-,-,20.41181900,72.83326400,27-10-2021 08:30,"","","","","",7.3,"","","","","","","",8.1,"","","","","","","","","","","","","","","","","","",""
335,DAMANGANGA AT D/S OF MADHUBAN DAMAN,CPCB,24,Gujarat,441,DAMAN,DAMAN,-,-,-,-,-,-,-,-,20.41181900,72.83326400,30-11-2021 08:30,"","","","","",7.1,"","","","","","","",7.9,"","","","","","","","","","","","","","","","","","",""
336,DAMANGANGA AT D/S OF MADHUBAN DAMAN,CPCB,24,Gujarat,441,DAMAN,DAMAN,-,-,-,-,-,-,-,-,20.41181900,72.83326400,24-12-2021 08:30,"","","","","",7,"","","","","","","",7.76,"","","","","","","","","","","","","","","","","","",""
337,DAMANGANGA AT KACHIGAON U\S AT GIDC WIER,CPCB,24,Gujarat,462,Valsad,UMBERGAON,-,-,-,-,-,-,-,-,20.35882500,72.88170800,01-01-2021 08:30,"","","","","",6.9,"","","","","","","",7.87,"","","","","","","","","","","","","","","","","","",""
338,DAMANGANGA AT KACHIGAON U\S AT GIDC WIER,CPCB,24,Gujarat,462,Valsad,UMBERGAON,-,-,-,-,-,-,-,-,20.35882500,72.88170800,03-02-2021 08:30,"","","","","",6.7,"","","","","","","",7.5,"","","","","","","","","","","","","","","","","","",""
339,DAMANGANGA AT KACHIGAON U\S AT GIDC WIER,CPCB,24,Gujarat,462,Valsad,UMBERGAON,-,-,-,-,-,-,-,-,20.35882500,72.88170800,03-03-2021 08:30,"","","","","",7,"","","","","","","",7.79,"","","","","","","","","","","","","","","","","","",""
340,DAMANGANGA AT KACHIGAON U\S AT GIDC WIER,CPCB,24,Gujarat,462,Valsad,UMBERGAON,-,-,-,-,-,-,-,-,20.35882500,72.88170800,03-04-2021 08:30,"","","","","",6.9,"","","","","","","",7.99,"","","","","","","","","","","","","","","","","","",""
341,DAMANGANGA AT KACHIGAON U\S AT GIDC WIER,CPCB,24,Gujarat,462,Valsad,UMBERGAON,-,-,-,-,-,-,-,-,20.35882500,72.88170800,04-05-2021 08:30,"","","","","",6.9,"","","","","","","",7.95,"","","","","","","","","","","","","","","","","","",""
342,DAMANGANGA AT KACHIGAON U\S AT GIDC WIER,CPCB,24,Gujarat,462,Valsad,UMBERGAON,-,-,-,-,-,-,-,-,20.35882500,72.88170800,02-06-2021 08:30,"","","","","",6.8,"","","","","","","",7.88,"","","","","","","","","","","","","","","","","","",""
343,DAMANGANGA AT KACHIGAON U\S AT GIDC WIER,CPCB,24,Gujarat,462,Valsad,UMBERGAON,-,-,-,-,-,-,-,-,20.35882500,72.88170800,02-07-2021 08:30,"","","","","",7,"","","","","","","",7.93,"","","","","","","","","","","","","","","","","","",""
344,DAMANGANGA AT KACHIGAON U\S AT GIDC WIER,CPCB,24,Gujarat,462,Valsad,UMBERGAON,-,-,-,-,-,-,-,-,20.35882500,72.88170800,03-08-2021 08:30,"","","","","",7.1,"","","","","","","",7.81,"","","","","","","","","","","","","","","","","","",""
345,DAMANGANGA AT KACHIGAON U\S AT GIDC WIER,CPCB,24,Gujarat,462,Valsad,UMBERGAON,-,-,-,-,-,-,-,-,20.35882500,72.88170800,03-09-2021 08:30,"","","","","",7.2,"","","","","","","",7.8,"","","","","","","","","","","","","","","","","","",""
346,DAMANGANGA AT KACHIGAON U\S AT GIDC WIER,CPCB,24,Gujarat,462,Valsad,UMBERGAON,-,-,-,-,-,-,-,-,20.35882500,72.88170800,05-10-2021 08:30,"","","","","",6.8,"","","","","","","",7.6,"","","","","","","","","","","","","","","","","","",""
347,DAMANGANGA AT KACHIGAON U\S AT GIDC WIER,CPCB,24,Gujarat,462,Valsad,UMBERGAON,-,-,-,-,-,-,-,-,20.35882500,72.88170800,01-11-2021 08:30,"","","","","",6.7,"","","","","","","",7.89,"","","","","","","","","","","","","","","","","","",""
348,DAMANGANGA AT KACHIGAON U\S AT GIDC WIER,CPCB,24,Gujarat,462,Valsad,UMBERGAON,-,-,-,-,-,-,-,-,20.35882500,72.88170800,02-12-2021 08:30,"","","","","",6.8,"","","","","","","",7.99,"","","","","","","","","","","","","","","","","","",""
349,DEESA BOREWELL,CPCB,24,Gujarat,441,Banaskantha,BHABHAR,-,-,-,-,-,-,-,-,24.25708300,72.19308400,04-04-2021 08:30,"","","","",105,"",364,"","","","","","",7.55,"","","",250,"","","","","",94,245,"",1.4,"","","","","",""
350,DEESA BOREWELL,CPCB,24,Gujarat,441,Banaskantha,BHABHAR,-,-,-,-,-,-,-,-,24.25708300,72.19308400,01-10-2021 08:30,"","","","",131,"",622,"","","","","","",7.86,"","","",253,"","",0.27,"","",53,308,"",0.36,0.03,"","","","",""
351,DHADAR RIVER AT KOTHADA,CPCB,24,Gujarat,457,Rajkot,JAMKANDORNA,-,-,-,-,-,-,-,-,22.02327900,70.36872400,02-01-2021 08:30,"","","","","","","","","","","","","",7.71,"","","","","","","","","","","","","","","","","","",""
352,DHADAR RIVER AT KOTHADA,CPCB,24,Gujarat,457,Rajkot,JAMKANDORNA,-,-,-,-,-,-,-,-,22.02327900,70.36872400,03-02-2021 08:30,"","","","","","","","","","","","","",7.97,"","","","","","","","","","","","","","","","","","",""
353,DHADAR RIVER AT KOTHADA,CPCB,24,Gujarat,457,Rajkot,JAMKANDORNA,-,-,-,-,-,-,-,-,22.02327900,70.36872400,03-03-2021 08:30,"","","","","","","","","","","","","",7.44,"","","","","","","","","","","","","","","","","","",""
354,DHADAR RIVER AT KOTHADA,CPCB,24,Gujarat,457,Rajkot,JAMKANDORNA,-,-,-,-,-,-,-,-,22.02327900,70.36872400,03-04-2021 08:30,"","","","","",2.2,"","","","","","","",7.39,"","","","","","","","","","","","","","","","","","",""
355,DHADAR RIVER AT KOTHADA,CPCB,24,Gujarat,457,Rajkot,JAMKANDORNA,-,-,-,-,-,-,-,-,22.02327900,70.36872400,05-05-2021 08:30,"","","","","","","","","","","","","",8.08,"","","","","","","","","","","","","","","","","","",""
356,DHADAR RIVER AT KOTHADA,CPCB,24,Gujarat,457,Rajkot,JAMKANDORNA,-,-,-,-,-,-,-,-,22.02327900,70.36872400,03-06-2021 08:30,"","","","","",0.9,"","","","","","","",7.37,"","","","","","","","","","","","","","","","","","",""
357,DHADAR RIVER AT KOTHADA,CPCB,24,Gujarat,457,Rajkot,JAMKANDORNA,-,-,-,-,-,-,-,-,22.02327900,70.36872400,03-07-2021 08:30,"","","","","",0.9,"","","","","","","",7.75,"","","","","","","","","","","","","","","","","","",""
358,DHADAR RIVER AT KOTHADA,CPCB,24,Gujarat,457,Rajkot,JAMKANDORNA,-,-,-,-,-,-,-,-,22.02327900,70.36872400,04-08-2021 08:30,"","","","","",0.9,"","","","","","","",7.73,"","","","","","","","","","","","","","","","","","",""
359,DHADAR RIVER AT KOTHADA,CPCB,24,Gujarat,457,Rajkot,JAMKANDORNA,-,-,-,-,-,-,-,-,22.02327900,70.36872400,03-09-2021 08:30,"","","","","",2.2,"","","","","","","",7.87,"","","","","","","","","","","","","","","","","","",""
360,DHADAR RIVER AT KOTHADA,CPCB,24,Gujarat,457,Rajkot,JAMKANDORNA,-,-,-,-,-,-,-,-,22.02327900,70.36872400,05-10-2021 08:30,"","","","","",2.5,"","","","","","","",8.17,"","","","","","","","","","","","","","","","","","",""
361,DHADAR RIVER AT KOTHADA,CPCB,24,Gujarat,457,Rajkot,JAMKANDORNA,-,-,-,-,-,-,-,-,22.02327900,70.36872400,02-11-2021 08:30,"","","","","","","","","","","","","",7.66,"","","","","","","","","","","","","","","","","","",""
362,DHADAR RIVER AT KOTHADA,CPCB,24,Gujarat,457,Rajkot,JAMKANDORNA,-,-,-,-,-,-,-,-,22.02327900,70.36872400,03-12-2021 08:30,"","","","","",1.5,"","","","","","","",7.85,"","","","","","","","","","","","","","","","","","",""
363,DHAROI DAM DIST. MEHSANA.,CPCB,24,Gujarat,458,Sabarkantha,BAYAD,-,-,-,-,-,-,-,-,24.00424700,72.85473600,01-01-2021 08:30,"","","","","",7.1,"","","","","","","",7.94,"","","","","","","","","","","","","","","","","","",""
364,DHAROI DAM DIST. MEHSANA.,CPCB,24,Gujarat,458,Sabarkantha,BAYAD,-,-,-,-,-,-,-,-,24.00424700,72.85473600,01-02-2021 08:30,"","","","","",7.1,"","","","","","","",7.9,"","","","","","","","","","","","","","","","","","",""
365,DHAROI DAM DIST. MEHSANA.,CPCB,24,Gujarat,458,Sabarkantha,BAYAD,-,-,-,-,-,-,-,-,24.00424700,72.85473600,02-03-2021 08:30,"","","","","",7,"","","","","","","",8.1,"","","","","","","","","","","","","","","","","","",""
366,DHAROI DAM DIST. MEHSANA.,CPCB,24,Gujarat,458,Sabarkantha,BAYAD,-,-,-,-,-,-,-,-,24.00424700,72.85473600,01-04-2021 08:30,"","","","","",5.7,"","","","","","","",8.31,"","","","","","","","","","","","","","","","","","",""
367,DHAROI DAM DIST. MEHSANA.,CPCB,24,Gujarat,458,Sabarkantha,BAYAD,-,-,-,-,-,-,-,-,24.00424700,72.85473600,03-05-2021 08:30,"","","","","",7.1,"","","","","","","",7.9,"","","","","","","","","","","","","","","","","","",""
368,DHAROI DAM DIST. MEHSANA.,CPCB,24,Gujarat,458,Sabarkantha,BAYAD,-,-,-,-,-,-,-,-,24.00424700,72.85473600,01-06-2021 08:30,"","","","","",7.1,"","","","","","","",8.03,"","","","","","","","","","","","","","","","","","",""
369,DHAROI DAM DIST. MEHSANA.,CPCB,24,Gujarat,458,Sabarkantha,BAYAD,-,-,-,-,-,-,-,-,24.00424700,72.85473600,02-07-2021 08:30,"","","","","",5.1,"","","","","","","",8.01,"","","","","","","","","","","","","","","","","","",""
370,DHAROI DAM DIST. MEHSANA.,CPCB,24,Gujarat,458,Sabarkantha,BAYAD,-,-,-,-,-,-,-,-,24.00424700,72.85473600,02-08-2021 08:30,"","","","","",4.8,"","","","","","","",7.4,"","","","","","","","","","","","","","","","","","",""
371,DHAROI DAM DIST. MEHSANA.,CPCB,24,Gujarat,458,Sabarkantha,BAYAD,-,-,-,-,-,-,-,-,24.00424700,72.85473600,01-09-2021 08:30,"","","","","",5.1,"","","","","","","",8.24,"","","","","","","","","","","","","","","","","","",""
372,DHAROI DAM DIST. MEHSANA.,CPCB,24,Gujarat,458,Sabarkantha,BAYAD,-,-,-,-,-,-,-,-,24.00424700,72.85473600,01-10-2021 08:30,"","","","","",6.3,"","","","","","","",7.8,"","","","","","","","","","","","","","","","","","",""
373,DHAROI DAM DIST. MEHSANA.,CPCB,24,Gujarat,458,Sabarkantha,BAYAD,-,-,-,-,-,-,-,-,24.00424700,72.85473600,01-11-2021 08:30,"","","","","",7.4,"","","","","","","",8.02,"","","","","","","","","","","","","","","","","","",""
374,DHAROI DAM DIST. MEHSANA.,CPCB,24,Gujarat,458,Sabarkantha,BAYAD,-,-,-,-,-,-,-,-,24.00424700,72.85473600,01-12-2021 08:30,"","","","","",7.4,"","","","","","","",7.8,"","","","","","","","","","","","","","","","","","",""
375,DISCHARGE POINT OF DISTILLERY DAMAN,CPCB,24,Gujarat,441,DAMAN,DAMAN,-,-,-,-,-,-,-,-,20.39511100,72.86333100,29-01-2021 08:30,"","","","","",4.8,"","","","","","","",7.54,"","","","","","","","","","","","","","","","","","",""
376,DISCHARGE POINT OF DISTILLERY DAMAN,CPCB,24,Gujarat,441,DAMAN,DAMAN,-,-,-,-,-,-,-,-,20.39511100,72.86333100,23-02-2021 08:30,"","","","","",4.9,"","","","","","","",6.79,"","","","","","","","","","","","","","","","","","",""
377,DISCHARGE POINT OF DISTILLERY DAMAN,CPCB,24,Gujarat,441,DAMAN,DAMAN,-,-,-,-,-,-,-,-,20.39511100,72.86333100,25-03-2021 08:30,"","","","","",4.8,"","","","","","","",6.66,"","","","","","","","","","","","","","","","","","",""
378,DISCHARGE POINT OF DISTILLERY DAMAN,CPCB,24,Gujarat,441,DAMAN,DAMAN,-,-,-,-,-,-,-,-,20.39511100,72.86333100,27-09-2021 08:30,"","","","","",5.2,"","","","","","","",6.9,"","","","","","","","","","","","","","","","","","",""
379,DISCHARGE POINT OF DISTILLERY DAMAN,CPCB,24,Gujarat,441,DAMAN,DAMAN,-,-,-,-,-,-,-,-,20.39511100,72.86333100,27-10-2021 08:30,"","","","","",5.3,"","","","","","","",6.94,"","","","","","","","","","","","","","","","","","",""
380,DISCHARGE POINT OF DISTILLERY DAMAN,CPCB,24,Gujarat,441,DAMAN,DAMAN,-,-,-,-,-,-,-,-,20.39511100,72.86333100,30-11-2021 08:30,"","","","","",6.1,"","","","","","","",8.01,"","","","","","","","","","","","","","","","","","",""
381,DISCHARGE POINT OF DISTILLERY DAMAN,CPCB,24,Gujarat,441,DAMAN,DAMAN,-,-,-,-,-,-,-,-,20.39511100,72.86333100,24-12-2021 08:30,"","","","","",5.4,"","","","","","","",7.7,"","","","","","","","","","","","","","","","","","",""
382,D/S OF M/S SURAT BEVERAGES VILLAGE DADRA SILVASSA,CPCB,24,Gujarat,462,Valsad,VALSAD,-,-,-,-,-,-,-,-,20.31223100,72.95376800,29-01-2021 08:30,"","","","","",6.4,"","","","","","","",7.16,"","","","","","","","","","","","","","","","","","",""
383,D/S OF M/S SURAT BEVERAGES VILLAGE DADRA SILVASSA,CPCB,24,Gujarat,462,Valsad,VALSAD,-,-,-,-,-,-,-,-,20.31223100,72.95376800,23-02-2021 08:30,"","","","","",6.3,"","","","","","","",7.93,"","","","","","","","","","","","","","","","","","",""
384,D/S OF M/S SURAT BEVERAGES VILLAGE DADRA SILVASSA,CPCB,24,Gujarat,462,Valsad,VALSAD,-,-,-,-,-,-,-,-,20.31223100,72.95376800,25-03-2021 08:30,"","","","","",6.4,"","","","","","","",7.42,"","","","","","","","","","","","","","","","","","",""
385,D/S OF M/S SURAT BEVERAGES VILLAGE DADRA SILVASSA,CPCB,24,Gujarat,462,Valsad,VALSAD,-,-,-,-,-,-,-,-,20.31223100,72.95376800,29-04-2021 08:30,"","","","","",6.9,"","","","","","","",7.82,"","","","","","","","","","","","","","","","","","",""
386,D/S OF M/S SURAT BEVERAGES VILLAGE DADRA SILVASSA,CPCB,24,Gujarat,462,Valsad,VALSAD,-,-,-,-,-,-,-,-,20.31223100,72.95376800,28-05-2021 08:30,"","","","","",6.8,"","","","","","","",8.88,"","","","","","","","","","","","","","","","","","",""
387,D/S OF M/S SURAT BEVERAGES VILLAGE DADRA SILVASSA,CPCB,24,Gujarat,462,Valsad,VALSAD,-,-,-,-,-,-,-,-,20.31223100,72.95376800,25-06-2021 08:30,"","","","","",6.8,"","","","","","","",7.77,"","","","","","","","","","","","","","","","","","",""
388,D/S OF M/S SURAT BEVERAGES VILLAGE DADRA SILVASSA,CPCB,24,Gujarat,462,Valsad,VALSAD,-,-,-,-,-,-,-,-,20.31223100,72.95376800,29-07-2021 08:30,"","","","","",6.8,"","","","","","","",7.97,"","","","","","","","","","","","","","","","","","",""
389,D/S OF M/S SURAT BEVERAGES VILLAGE DADRA SILVASSA,CPCB,24,Gujarat,462,Valsad,VALSAD,-,-,-,-,-,-,-,-,20.31223100,72.95376800,28-08-2021 08:30,"","","","","",6.9,"","","","","","","",8.18,"","","","","","","","","","","","","","","","","","",""
390,D/S OF M/S SURAT BEVERAGES VILLAGE DADRA SILVASSA,CPCB,24,Gujarat,462,Valsad,VALSAD,-,-,-,-,-,-,-,-,20.31223100,72.95376800,27-09-2021 08:30,"","","","","",6.6,"","","","","","","",8.3,"","","","","","","","","","","","","","","","","","",""
391,D/S OF M/S SURAT BEVERAGES VILLAGE DADRA SILVASSA,CPCB,24,Gujarat,462,Valsad,VALSAD,-,-,-,-,-,-,-,-,20.31223100,72.95376800,27-10-2021 08:30,"","","","","",7.1,"","","","","","","",8.41,"","","","","","","","","","","","","","","","","","",""
392,D/S OF M/S SURAT BEVERAGES VILLAGE DADRA SILVASSA,CPCB,24,Gujarat,462,Valsad,VALSAD,-,-,-,-,-,-,-,-,20.31223100,72.95376800,30-11-2021 08:30,"","","","","",7.3,"","","","","","","",8.35,"","","","","","","","","","","","","","","","","","",""
393,D/S OF M/S SURAT BEVERAGES VILLAGE DADRA SILVASSA,CPCB,24,Gujarat,462,Valsad,VALSAD,-,-,-,-,-,-,-,-,20.31223100,72.95376800,24-12-2021 08:30,"","","","","",6.9,"","","","","","","",7.61,"","","","","","","","","","","","","","","","","","",""
394,GIDC DAHOD DAHOD,CPCB,24,Gujarat,445,Dohad,DOHAD,-,-,-,-,-,-,-,-,22.84022500,74.25362500,05-04-2021 08:30,"","","","",240,"",1198,"","","","","","",7.73,"","","",423,"","","",28,"",90,440,"",0.6,"","",0.326,"","",""
395,GIDC DAHOD DAHOD,CPCB,24,Gujarat,445,Dohad,DOHAD,-,-,-,-,-,-,-,-,22.84022500,74.25362500,01-10-2021 08:30,"","","","",250,"",1120,"","","","","","",8.32,"","","",512,"","","",84,"",51,420,"",0.31,"","","","","",""
396,GOMTI LAKE OPP RANCHODAJI TEMPLE DAKOR KHEDA,CPCB,24,Gujarat,450,Kheda,THASRA,-,-,-,-,-,-,-,-,22.75617500,73.14648600,04-01-2021 08:30,0.45,"","","","",6.8,"","","","","","","",7.6,"","","","","","","","","","","","","","","","",1.07,"",""
397,GOMTI LAKE OPP RANCHODAJI TEMPLE DAKOR KHEDA,CPCB,24,Gujarat,450,Kheda,THASRA,-,-,-,-,-,-,-,-,22.75617500,73.14648600,01-02-2021 08:30,"","","","","",6.8,"","","","","","","",7.94,"","","","","","","","","","","","","","","","",1.24,"",""
398,GOMTI LAKE OPP RANCHODAJI TEMPLE DAKOR KHEDA,CPCB,24,Gujarat,450,Kheda,THASRA,-,-,-,-,-,-,-,-,22.75617500,73.14648600,02-03-2021 08:30,0.34,"","","","",6.7,"","","","","","","",8.17,"","","","","","","","","","","","","","","","",1.07,"",""
399,GOMTI LAKE OPP RANCHODAJI TEMPLE DAKOR KHEDA,CPCB,24,Gujarat,450,Kheda,THASRA,-,-,-,-,-,-,-,-,22.75617500,73.14648600,03-04-2021 08:30,"","","","","",5,"","","","","","","",7.82,"","","","","","","","","","","","","","","","",1.06,"",""
400,GOMTI LAKE OPP RANCHODAJI TEMPLE DAKOR KHEDA,CPCB,24,Gujarat,450,Kheda,THASRA,-,-,-,-,-,-,-,-,22.75617500,73.14648600,03-05-2021 08:30,"","","","","",5.3,"","","","","","","",8.32,"","","","","","","","","","","","","","","","","","",""
401,GOMTI LAKE OPP RANCHODAJI TEMPLE DAKOR KHEDA,CPCB,24,Gujarat,450,Kheda,THASRA,-,-,-,-,-,-,-,-,22.75617500,73.14648600,03-06-2021 08:30,0.59,"","","","",5.6,"","","","","","","",7.78,"","","","","","","","","","","","","","","","",0.72,"",""
402,GOMTI LAKE OPP RANCHODAJI TEMPLE DAKOR KHEDA,CPCB,24,Gujarat,450,Kheda,THASRA,-,-,-,-,-,-,-,-,22.75617500,73.14648600,01-07-2021 08:30,0.67,"","","","",4.9,"","","","","","","",7.9,"","","","","","","","","","","","","","","","",1.03,"",""
403,GOMTI LAKE OPP RANCHODAJI TEMPLE DAKOR KHEDA,CPCB,24,Gujarat,450,Kheda,THASRA,-,-,-,-,-,-,-,-,22.75617500,73.14648600,02-08-2021 08:30,1.23,"","","","",5.1,"","","","","","","",7.39,"","","","","","","","","","","","","","","","",0.88,"",""
404,GOMTI LAKE OPP RANCHODAJI TEMPLE DAKOR KHEDA,CPCB,24,Gujarat,450,Kheda,THASRA,-,-,-,-,-,-,-,-,22.75617500,73.14648600,06-09-2021 08:30,1.15,"","","","",3.4,"","","","","","","",7.96,"","","","","","","","","","","","","","","","",0.7,"",""
405,GOMTI LAKE OPP RANCHODAJI TEMPLE DAKOR KHEDA,CPCB,24,Gujarat,450,Kheda,THASRA,-,-,-,-,-,-,-,-,22.75617500,73.14648600,04-10-2021 08:30,1.09,"","","","",3.6,"","","","","","","",8.47,"","","","","","","","","","","","","","","","","","",""
406,GOMTI LAKE OPP RANCHODAJI TEMPLE DAKOR KHEDA,CPCB,24,Gujarat,450,Kheda,THASRA,-,-,-,-,-,-,-,-,22.75617500,73.14648600,01-11-2021 08:30,0.98,"","","","",5.5,"","","","","","","",7.8,"","","","","","","","","","","","","","","","","","",""
407,GOMTI LAKE OPP RANCHODAJI TEMPLE DAKOR KHEDA,CPCB,24,Gujarat,450,Kheda,THASRA,-,-,-,-,-,-,-,-,22.75617500,73.14648600,01-12-2021 08:30,1.15,"","","","",4.5,"","","","","","","",7.44,"","","","","","","","","","","","","","","","",0.91,"",""
408,GROUND WATER AT BHUJ,CPCB,24,Gujarat,449,Kachchh,BHUJ,-,-,-,-,-,-,-,-,23.24200000,69.66693300,01-04-2021 08:30,"","","","",920,"",2420,"","","","","","",7.44,"","","",190,"","","",176,"",141,860,"","","","","","","",""
409,GROUND WATER AT BHUJ,CPCB,24,Gujarat,449,Kachchh,BHUJ,-,-,-,-,-,-,-,-,23.24200000,69.66693300,01-10-2021 08:30,"","","","",890,"",2310,"","","","","","",7.69,"","","","","","","","","","",850,"",0.31,"","",0.009,"","",""
410,GROUND WATER AT DAHOD,CPCB,24,Gujarat,445,Dohad,DOHAD,-,-,-,-,-,-,-,-,22.83793100,74.25314700,05-04-2021 08:30,"","","","",50,"",680,"","","","","","",8.06,"","","",314,"","","",19,"",45,232,"",0.7,"","","","","",""
411,GROUND WATER AT DAHOD,CPCB,24,Gujarat,445,Dohad,DOHAD,-,-,-,-,-,-,-,-,22.83793100,74.25314700,01-10-2021 08:30,"","","","",100,"",680,"","","","","","",8.32,"","","",594,"","","",40,"",49,300,"",0.4,"","","","","",""
412,GROUND WATER AT HIMATNAGAR,CPCB,24,Gujarat,458,Sabarkantha,BAYAD,-,-,-,-,-,-,-,-,23.61232500,72.96030800,01-04-2021 08:30,"","","","",148,"",616,"","","","","","",7.75,"","","","","","","",34,"","",478,"","","","","","","",""
413,GROUND WATER AT HIMATNAGAR,CPCB,24,Gujarat,458,Sabarkantha,BAYAD,-,-,-,-,-,-,-,-,23.61232500,72.96030800,04-10-2021 08:30,"","","","",125,"",554,"","","","","","",7.76,"","","",246,"","","",83,"",55,436,"",0.92,"","","","","",""
414,GROUND WATER AT JAMNAGAR,CPCB,24,Gujarat,447,Jamnagar,JAMNAGAR,-,-,-,-,-,-,-,-,22.47070300,70.05773900,03-04-2021 08:30,"","","","",190,"",860,"","","","","","",7.12,"","","","","","",0.114,67,"",45,352,"","","","",0.179,"","",""
415,GROUND WATER AT JAMNAGAR,CPCB,24,Gujarat,447,Jamnagar,JAMNAGAR,-,-,-,-,-,-,-,-,22.47070300,70.05773900,01-10-2021 08:30,"","","","",180,"",746,"","","","","","",7.12,"","","","","","",0.08,"","","",380,"",0.31,"","",0.006,"","",""
416,GROUND WATER AT JUNAGADH,CPCB,24,Gujarat,448,Junagadh,JUNAGADH,-,-,-,-,-,-,-,-,21.52204100,70.45785000,08-04-2021 08:30,"","","","",136,"",796,"","","","","","",7.38,"","",0.003,254,"",0.004,0.104,55,"",21.4,224,"",1.1,0.001,"",0.036,"","",""
417,GROUND WATER AT JUNAGADH,CPCB,24,Gujarat,448,Junagadh,JUNAGADH,-,-,-,-,-,-,-,-,21.52204100,70.45785000,01-10-2021 08:30,"","","","",122,"",712,"","","","","","",7.33,"","","",332,"","",0.07,"","","",276,"",1.19,"","",0.006,"","",""
418,GROUND WATER AT MEHASANA,CPCB,24,Gujarat,451,Mahesana,MAHESANA,-,-,-,-,-,-,-,-,23.58799200,72.36930800,01-04-2021 08:30,"","","","",590,"",1736,"","","","","","",8.07,"","","",304,"","","",45,"",126,631,"","","","","","","",""
419,GROUND WATER AT MEHASANA,CPCB,24,Gujarat,451,Mahesana,MAHESANA,-,-,-,-,-,-,-,-,23.58799200,72.36930800,01-10-2021 08:30,"","","","",583,"",1330,"","","","","","",7.53,"","","",223,"","","","","","",610,"",0.83,"","","","","",""
420,GROUND WATER AT NADIAD,CPCB,24,Gujarat,450,Kheda,NADIAD,-,-,-,-,-,-,-,-,22.70001000,72.87000100,03-04-2021 08:30,"","","","",390,"",1084,"","","","","","",7.55,"","","",530,"","","",32,"",58,320,"",0.7,"","",0.039,"","",""
421,GROUND WATER AT NADIAD,CPCB,24,Gujarat,450,Kheda,NADIAD,-,-,-,-,-,-,-,-,22.70001000,72.87000100,04-10-2021 08:30,"","","","",400,"",1460,"","","","","","",8.38,"","","",610,"","","",44,"",36,260,"",1.86,"","","","","",""
422,GROUND WATER AT PALANPUR,CPCB,24,Gujarat,441,Banaskantha,BHABHAR,-,-,-,-,-,-,-,-,24.17405000,72.43310000,01-04-2021 08:30,"","","","",238,"",788,"","","","","","",7.22,"","","",232,"","","",46,"",99,523,"",2.2,"","","","","",""
423,GROUND WATER AT PALANPUR,CPCB,24,Gujarat,441,Banaskantha,BHABHAR,-,-,-,-,-,-,-,-,24.17405000,72.43310000,01-10-2021 08:30,"","","","",273,"",1070,"","","","","","",7.6,"","","",230,"","",0.24,117,"",77,610,"",0.8,"","","","","",""
424,GROUND WATER AT RAJKOT,CPCB,24,Gujarat,457,Rajkot,RAJKOT,-,-,-,-,-,-,-,-,22.30389200,70.80215800,07-04-2021 08:30,"","","","",111,"",620,"","","","","","",7.3,"","",0.004,220,"",0.003,0.098,33,"",23,180,"",1.1,0.005,"",0.01,"","",""
425,GROUND WATER AT SIDDHPUR (DIST.PATAN),CPCB,24,Gujarat,455,Patan,SIDHPUR,-,-,-,-,-,-,-,-,23.91961900,72.36683600,03-04-2021 08:30,"","","","",231,"",942,"","","","","","",7.78,"","","",261,"","","","","",31,137,"",2.4,"","","","","",""
426,GROUND WATER AT SIDDHPUR (DIST.PATAN),CPCB,24,Gujarat,455,Patan,SIDHPUR,-,-,-,-,-,-,-,-,23.91961900,72.36683600,01-10-2021 08:30,"","","","",200,"",926,"","","","","","",7.92,"","","",251,"","",0.16,23,"",42,232,"","","","","","","",""
427,GROUND WATER AT SURENDRANAGAR,CPCB,24,Gujarat,460,Surendranagar,WADHWAN,-,-,-,-,-,-,-,-,22.72014100,71.64949100,01-04-2021 08:30,"","","","",844,"",3016,"","","","","","",7.63,"","","","","","","",51,"",62.26,384,"",1.2,"","","","","",""
428,GROUND WATER AT SURENDRANAGAR,CPCB,24,Gujarat,460,Surendranagar,WADHWAN,-,-,-,-,-,-,-,-,22.72014100,71.64949100,01-10-2021 08:30,"","","","",504,"",1986,"","","","","","",7.56,"","",0.005,"","","",0.05,260,"","",590,"",1.2,0.006,"",0.006,"","",""
429,HAMISAR TALAV BHUJ,CPCB,24,Gujarat,449,Kachchh,BHUJ,-,-,-,-,-,-,-,-,23.25144400,69.66336100,01-01-2021 08:30,0.56,"","","","",6.3,"","","","","","","",8.4,"","","","","","","","","","","","","","","","","","",""
430,HAMISAR TALAV BHUJ,CPCB,24,Gujarat,449,Kachchh,BHUJ,-,-,-,-,-,-,-,-,23.25144400,69.66336100,01-02-2021 08:30,0.56,"","","","",6.4,"","","","","","","",7.88,"","","","","","","","","","","","","","","","","","",""
431,HAMISAR TALAV BHUJ,CPCB,24,Gujarat,449,Kachchh,BHUJ,-,-,-,-,-,-,-,-,23.25144400,69.66336100,03-03-2021 08:30,0.56,"","","","",5.5,"","","","","","","",7.81,"","","","","","","","","","","","","","","","","","",""
432,HAMISAR TALAV BHUJ,CPCB,24,Gujarat,449,Kachchh,BHUJ,-,-,-,-,-,-,-,-,23.25144400,69.66336100,01-04-2021 08:30,0.56,"","","","",5.4,"","","","","","","",7.78,"","","","","","","","","","","","","","","","","","",""
433,HAMISAR TALAV BHUJ,CPCB,24,Gujarat,449,Kachchh,BHUJ,-,-,-,-,-,-,-,-,23.25144400,69.66336100,03-05-2021 08:30,"","","","","",5.6,"","","","","","","",7.21,"","","","","","","","","","","","","","","","","","",""
434,HAMISAR TALAV BHUJ,CPCB,24,Gujarat,449,Kachchh,BHUJ,-,-,-,-,-,-,-,-,23.25144400,69.66336100,08-06-2021 08:30,0.56,"","","","",5.4,"","","","","","","",7.36,"","","","","","","","","","","","","","","","","","",""
435,HAMISAR TALAV BHUJ,CPCB,24,Gujarat,449,Kachchh,BHUJ,-,-,-,-,-,-,-,-,23.25144400,69.66336100,02-07-2021 08:30,0.56,"","","","",6,"","","","","","","",7.52,"","","","","","","","","","","","","","","","","","",""
436,HAMISAR TALAV BHUJ,CPCB,24,Gujarat,449,Kachchh,BHUJ,-,-,-,-,-,-,-,-,23.25144400,69.66336100,03-08-2021 08:30,0.56,"","","","",5.9,"","","","","","","",8.03,"","","","","","","","","","","","","","","","","","",""
437,HAMISAR TALAV BHUJ,CPCB,24,Gujarat,449,Kachchh,BHUJ,-,-,-,-,-,-,-,-,23.25144400,69.66336100,03-09-2021 08:30,0.56,"","","","",5.2,"","","","","","","",8.22,"","","","","","","","","","","","","","","","","","",""
438,HAMISAR TALAV BHUJ,CPCB,24,Gujarat,449,Kachchh,BHUJ,-,-,-,-,-,-,-,-,23.25144400,69.66336100,01-10-2021 08:30,0.56,"","","","",5.4,"","","","","","","",7.89,"","","","","","","","","","","","","","","","","","",""
439,HAMISAR TALAV BHUJ,CPCB,24,Gujarat,449,Kachchh,BHUJ,-,-,-,-,-,-,-,-,23.25144400,69.66336100,01-11-2021 08:30,0.56,"","","","",5.5,"","","","","","","",7.66,"","","","","","","","","","","","","","","","","","",""
440,HAMISAR TALAV BHUJ,CPCB,24,Gujarat,449,Kachchh,BHUJ,-,-,-,-,-,-,-,-,23.25144400,69.66336100,04-12-2021 08:30,0.56,"","","","",5.6,"","","","","","","",7.41,"","","","","","","","","","","","","","","","","","",""
441,JILLA PANCHAYAT SCHOOL NEAR GRAM PANCHAYAT KATA FALIA VILLAGE NAMDHA VALSAD,CPCB,24,Gujarat,462,Valsad,VALSAD,-,-,-,-,-,-,-,-,20.60805200,72.92915100,03-04-2021 08:30,"","","","",61,"",288,"","","","","","",7.41,"","","",160,"","",0.027,52,"",29.18,250,"",0.4,"","",0.054,"","",""
442,JILLA PANCHAYAT SCHOOL NEAR GRAM PANCHAYAT KATA FALIA VILLAGE NAMDHA VALSAD,CPCB,24,Gujarat,462,Valsad,VALSAD,-,-,-,-,-,-,-,-,20.60805200,72.92915100,05-10-2021 08:30,"","","","",63,"",402,"","","","","","",7.46,"","","",100,"",0.018,0.117,48.09,"",26.75,230,"","",0.03,"",0.03,"","",""
443,KANKORIA LAKE AT AHMEDABAD NR. BALVATIKA,CPCB,24,Gujarat,438,Ahmedabad,AHMADABAD CITY,-,-,-,-,-,-,-,-,23.00673100,72.60162200,01-01-2021 08:30,1.3,"","","","",5.6,"","","","","","","",8.66,"","","","","","","","","","","","","","","","","","",""
444,KANKORIA LAKE AT AHMEDABAD NR. BALVATIKA,CPCB,24,Gujarat,438,Ahmedabad,AHMADABAD CITY,-,-,-,-,-,-,-,-,23.00673100,72.60162200,02-02-2021 08:30,3,"","","","",5.6,"","","","","","","",8.73,"","","","","","","","","","","","","","","","","","",""
445,KANKORIA LAKE AT AHMEDABAD NR. BALVATIKA,CPCB,24,Gujarat,438,Ahmedabad,AHMADABAD CITY,-,-,-,-,-,-,-,-,23.00673100,72.60162200,01-03-2021 08:30,1.62,"","","","",5.3,"","","","","","","",8.75,"","","","","","","","","","","","","","","","","","",""
446,KANKORIA LAKE AT AHMEDABAD NR. BALVATIKA,CPCB,24,Gujarat,438,Ahmedabad,AHMADABAD CITY,-,-,-,-,-,-,-,-,23.00673100,72.60162200,01-04-2021 08:30,2.18,"","","","",6.6,"","","","","","","",9.08,"","","","","","","","","","","","","","","","","","",""
447,KANKORIA LAKE AT AHMEDABAD NR. BALVATIKA,CPCB,24,Gujarat,438,Ahmedabad,AHMADABAD CITY,-,-,-,-,-,-,-,-,23.00673100,72.60162200,04-05-2021 08:30,1.29,"","","","",4.8,"","","","","","","",8.75,"","","","","","","","","","","","","","","","","","",""
448,KANKORIA LAKE AT AHMEDABAD NR. BALVATIKA,CPCB,24,Gujarat,438,Ahmedabad,AHMADABAD CITY,-,-,-,-,-,-,-,-,23.00673100,72.60162200,07-06-2021 08:30,1.79,"","","","",6.4,"","","","","","","",8.71,"","","","","","","","","","","","","","","","","","",""
449,KANKORIA LAKE AT AHMEDABAD NR. BALVATIKA,CPCB,24,Gujarat,438,Ahmedabad,AHMADABAD CITY,-,-,-,-,-,-,-,-,23.00673100,72.60162200,01-07-2021 08:30,2.24,"","","","",5.9,"","","","","","","",8.75,"","","","","","","","","","","","","","","","","","",""
450,KANKORIA LAKE AT AHMEDABAD NR. BALVATIKA,CPCB,24,Gujarat,438,Ahmedabad,AHMADABAD CITY,-,-,-,-,-,-,-,-,23.00673100,72.60162200,03-08-2021 08:30,3.25,"","","","",5.5,"","","","","","","",8.47,"","","","","","","","","","","","","","","","","","",""
451,KANKORIA LAKE AT AHMEDABAD NR. BALVATIKA,CPCB,24,Gujarat,438,Ahmedabad,AHMADABAD CITY,-,-,-,-,-,-,-,-,23.00673100,72.60162200,01-09-2021 08:30,0.56,"","","","",8.4,"","","","","","","",8.62,"","","","","","","","","","","","","","","","","","",""
452,KANKORIA LAKE AT AHMEDABAD NR. BALVATIKA,CPCB,24,Gujarat,438,Ahmedabad,AHMADABAD CITY,-,-,-,-,-,-,-,-,23.00673100,72.60162200,01-10-2021 08:30,1.57,"","","","",5.4,"","","","","","","",8.58,"","","","","","","","","","","","","","","","","","",""
453,KANKORIA LAKE AT AHMEDABAD NR. BALVATIKA,CPCB,24,Gujarat,438,Ahmedabad,AHMADABAD CITY,-,-,-,-,-,-,-,-,23.00673100,72.60162200,01-11-2021 08:30,2.74,"","","","",7.5,"","","","","","","",8.51,"","","","","","","","","","","","","","","","","","",""
454,KAVERI RIVER ON BRIDGE AT BILLIMORA-VALSAD ROAD,CPCB,24,Gujarat,453,Navsari,CHIKHLI,-,-,-,-,-,-,-,-,20.75603300,73.06678600,01-01-2021 08:30,"","","","","",5.7,"","","","","","","",7.7,"","","","","","","","","","","","","","","","","","",""
455,KAVERI RIVER ON BRIDGE AT BILLIMORA-VALSAD ROAD,CPCB,24,Gujarat,453,Navsari,CHIKHLI,-,-,-,-,-,-,-,-,20.75603300,73.06678600,04-02-2021 08:30,"","","","","",6.6,"","","","","","","",7.73,"","","","","","","","","","","","","","","","","","",""
456,KAVERI RIVER ON BRIDGE AT BILLIMORA-VALSAD ROAD,CPCB,24,Gujarat,453,Navsari,CHIKHLI,-,-,-,-,-,-,-,-,20.75603300,73.06678600,02-03-2021 08:30,"","","","","",6,"","","","","","","",7.71,"","","","","","","","","","","","","","","","","","",""
457,KAVERI RIVER ON BRIDGE AT BILLIMORA-VALSAD ROAD,CPCB,24,Gujarat,453,Navsari,CHIKHLI,-,-,-,-,-,-,-,-,20.75603300,73.06678600,04-04-2021 08:30,"","","","","",7.2,"","","","","","","",8.2,"","","","","","","","","","","","","","","","","","",""
458,KAVERI RIVER ON BRIDGE AT BILLIMORA-VALSAD ROAD,CPCB,24,Gujarat,453,Navsari,CHIKHLI,-,-,-,-,-,-,-,-,20.75603300,73.06678600,03-05-2021 08:30,"","","","","",6.9,"","","","","","","",7.81,"","","","","","","","","","","","","","","","","","",""
459,KAVERI RIVER ON BRIDGE AT BILLIMORA-VALSAD ROAD,CPCB,24,Gujarat,453,Navsari,CHIKHLI,-,-,-,-,-,-,-,-,20.75603300,73.06678600,02-06-2021 08:30,"","","","","",6.7,"","","","","","","",7.99,"","","","","","","","","","","","","","","","","","",""
460,KAVERI RIVER ON BRIDGE AT BILLIMORA-VALSAD ROAD,CPCB,24,Gujarat,453,Navsari,CHIKHLI,-,-,-,-,-,-,-,-,20.75603300,73.06678600,02-07-2021 08:30,"","","","","",7.2,"","","","","","","",7.8,"","","","","","","","","","","","","","","","","","",""
461,KAVERI RIVER ON BRIDGE AT BILLIMORA-VALSAD ROAD,CPCB,24,Gujarat,453,Navsari,CHIKHLI,-,-,-,-,-,-,-,-,20.75603300,73.06678600,02-08-2021 08:30,"","","","","",6.9,"","","","","","","",7.71,"","","","","","","","","","","","","","","","","","",""
462,KAVERI RIVER ON BRIDGE AT BILLIMORA-VALSAD ROAD,CPCB,24,Gujarat,453,Navsari,CHIKHLI,-,-,-,-,-,-,-,-,20.75603300,73.06678600,02-09-2021 08:30,"","","","","",6.8,"","","","","","","",8.03,"","","","","","","","","","","","","","","","","","",""
463,KAVERI RIVER ON BRIDGE AT BILLIMORA-VALSAD ROAD,CPCB,24,Gujarat,453,Navsari,CHIKHLI,-,-,-,-,-,-,-,-,20.75603300,73.06678600,02-10-2021 08:30,"","","","","",7,"","","","","","","",7.71,"","","","","","","","","","","","","","","","","","",""
464,KAVERI RIVER ON BRIDGE AT BILLIMORA-VALSAD ROAD,CPCB,24,Gujarat,453,Navsari,CHIKHLI,-,-,-,-,-,-,-,-,20.75603300,73.06678600,02-11-2021 08:30,"","","","","",6.9,"","","","","","","",7.72,"","","","","","","","","","","","","","","","","","",""
465,KAVERI RIVER ON BRIDGE AT BILLIMORA-VALSAD ROAD,CPCB,24,Gujarat,453,Navsari,CHIKHLI,-,-,-,-,-,-,-,-,20.75603300,73.06678600,06-12-2021 08:30,"","","","","",6.8,"","","","","","","",7.81,"","","","","","","","","","","","","","","","","","",""
466,KHARI AT LALI VILLAGE NEAR AHMEDABAD,CPCB,24,Gujarat,450,Kheda,KHEDA,-,-,-,-,-,-,-,-,22.86874900,72.62735100,02-01-2021 08:30,"","","","","","","","","","","","","",7.78,"","","","","","","","","","","","","","","","","","",""
467,KHARI AT LALI VILLAGE NEAR AHMEDABAD,CPCB,24,Gujarat,450,Kheda,KHEDA,-,-,-,-,-,-,-,-,22.86874900,72.62735100,02-02-2021 08:30,"","","","","","","","","","","","","",8,"","","","","","","","","","","","","","","","","","",""
468,KHARI AT LALI VILLAGE NEAR AHMEDABAD,CPCB,24,Gujarat,450,Kheda,KHEDA,-,-,-,-,-,-,-,-,22.86874900,72.62735100,02-03-2021 08:30,"","","","","","","","","","","","","",8,"","","","","","","","","","","","","","","","","","",""
469,KHARI AT LALI VILLAGE NEAR AHMEDABAD,CPCB,24,Gujarat,450,Kheda,KHEDA,-,-,-,-,-,-,-,-,22.86874900,72.62735100,01-04-2021 08:30,"","","","","","","","","","","","","",8,"","","","","","","","","","","","","","","","","","",""
470,KHARI AT LALI VILLAGE NEAR AHMEDABAD,CPCB,24,Gujarat,450,Kheda,KHEDA,-,-,-,-,-,-,-,-,22.86874900,72.62735100,05-05-2021 08:30,"","","","","","","","","","","","","",7.59,"","","","","","","","","","","","","","","","","","",""
471,KHARI AT LALI VILLAGE NEAR AHMEDABAD,CPCB,24,Gujarat,450,Kheda,KHEDA,-,-,-,-,-,-,-,-,22.86874900,72.62735100,01-06-2021 08:30,"","","","","","","","","","","","","",7.81,"","","","","","","","","","","","","","","","","","",""
472,KHARI AT LALI VILLAGE NEAR AHMEDABAD,CPCB,24,Gujarat,450,Kheda,KHEDA,-,-,-,-,-,-,-,-,22.86874900,72.62735100,03-07-2021 08:30,"","","","","","","","","","","","","",7.15,"","","","","","","","","","","","","","","","","","",""
473,KHARI AT LALI VILLAGE NEAR AHMEDABAD,CPCB,24,Gujarat,450,Kheda,KHEDA,-,-,-,-,-,-,-,-,22.86874900,72.62735100,04-08-2021 08:30,"","","","","","","","","","","","","",7.2,"","","","","","","","","","","","","","","","","","",""
474,KHARI AT LALI VILLAGE NEAR AHMEDABAD,CPCB,24,Gujarat,450,Kheda,KHEDA,-,-,-,-,-,-,-,-,22.86874900,72.62735100,02-09-2021 08:30,"","","","","",1.9,"","","","","","","",7.4,"","","","","","","","","","","","","","","","","","",""
475,KHARI AT LALI VILLAGE NEAR AHMEDABAD,CPCB,24,Gujarat,450,Kheda,KHEDA,-,-,-,-,-,-,-,-,22.86874900,72.62735100,05-10-2021 08:30,"","","","","","","","","","","","","",8,"","","","","","","","","","","","","","","","","","",""
476,KHARI AT LALI VILLAGE NEAR AHMEDABAD,CPCB,24,Gujarat,450,Kheda,KHEDA,-,-,-,-,-,-,-,-,22.86874900,72.62735100,01-11-2021 08:30,"","","","","","","","","","","","","",7,"","","","","","","","","","","","","","","","","","",""
477,KHARI AT LALI VILLAGE NEAR AHMEDABAD,CPCB,24,Gujarat,450,Kheda,KHEDA,-,-,-,-,-,-,-,-,22.86874900,72.62735100,06-12-2021 08:30,"","","","","","","","","","","","","",7,"","","","","","","","","","","","","","","","","","",""
478,KIM RIVER AT SAHOL BRIDGE OLPAD HANSOT ROAD DIST. SURAT,CPCB,24,Gujarat,442,Bharuch,OKHAMANDAL,-,-,-,-,-,-,-,-,21.46109400,72.72632700,05-01-2021 08:30,"","","","","",5.1,"","","","","","","",7.5,"","","","","","","","","","","","","","","","","","",""
479,KIM RIVER AT SAHOL BRIDGE OLPAD HANSOT ROAD DIST. SURAT,CPCB,24,Gujarat,442,Bharuch,OKHAMANDAL,-,-,-,-,-,-,-,-,21.46109400,72.72632700,02-02-2021 08:30,"","","","","",6.4,"","","","","","","",7.3,"","","","","","","","","","","","","","","","","","",""
480,KIM RIVER AT SAHOL BRIDGE OLPAD HANSOT ROAD DIST. SURAT,CPCB,24,Gujarat,442,Bharuch,OKHAMANDAL,-,-,-,-,-,-,-,-,21.46109400,72.72632700,02-03-2021 08:30,"","","","","",5.5,"","","","","","","",7.38,"","","","","","","","","","","","","","","","","","",""
481,KIM RIVER AT SAHOL BRIDGE OLPAD HANSOT ROAD DIST. SURAT,CPCB,24,Gujarat,442,Bharuch,OKHAMANDAL,-,-,-,-,-,-,-,-,21.46109400,72.72632700,01-04-2021 08:30,"","","","","",7,"","","","","","","",8.17,"","","","","","","","","","","","","","","","","","",""
482,KIM RIVER AT SAHOL BRIDGE OLPAD HANSOT ROAD DIST. SURAT,CPCB,24,Gujarat,442,Bharuch,OKHAMANDAL,-,-,-,-,-,-,-,-,21.46109400,72.72632700,04-05-2021 08:30,"","","","","",6,"","","","","","","",7.69,"","","","","","","","","","","","","","","","","","",""
483,KIM RIVER AT SAHOL BRIDGE OLPAD HANSOT ROAD DIST. SURAT,CPCB,24,Gujarat,442,Bharuch,OKHAMANDAL,-,-,-,-,-,-,-,-,21.46109400,72.72632700,02-06-2021 08:30,"","","","","",6.3,"","","","","","","",8.38,"","","","","","","","","","","","","","","","","","",""
484,KIM RIVER AT SAHOL BRIDGE OLPAD HANSOT ROAD DIST. SURAT,CPCB,24,Gujarat,442,Bharuch,OKHAMANDAL,-,-,-,-,-,-,-,-,21.46109400,72.72632700,02-07-2021 08:30,"","","","","",5.2,"","","","","","","",7.78,"","","","","","","","","","","","","","","","","","",""
485,KIM RIVER AT SAHOL BRIDGE OLPAD HANSOT ROAD DIST. SURAT,CPCB,24,Gujarat,442,Bharuch,OKHAMANDAL,-,-,-,-,-,-,-,-,21.46109400,72.72632700,02-08-2021 08:30,"","","","","",5.4,"","","","","","","",7.5,"","","","","","","","","","","","","","","","","","",""
486,KIM RIVER AT SAHOL BRIDGE OLPAD HANSOT ROAD DIST. SURAT,CPCB,24,Gujarat,442,Bharuch,OKHAMANDAL,-,-,-,-,-,-,-,-,21.46109400,72.72632700,02-09-2021 08:30,"","","","","",5.7,"","","","","","","",7.68,"","","","","","","","","","","","","","","","","","",""
487,KIM RIVER AT SAHOL BRIDGE OLPAD HANSOT ROAD DIST. SURAT,CPCB,24,Gujarat,442,Bharuch,OKHAMANDAL,-,-,-,-,-,-,-,-,21.46109400,72.72632700,01-10-2021 08:30,"","","","","",5.8,"","","","","","","",7.78,"","","","","","","","","","","","","","","","","","",""
488,KIM RIVER AT SAHOL BRIDGE OLPAD HANSOT ROAD DIST. SURAT,CPCB,24,Gujarat,442,Bharuch,OKHAMANDAL,-,-,-,-,-,-,-,-,21.46109400,72.72632700,01-11-2021 08:30,"","","","","",5.3,"","","","","","","",8.04,"","","","","","","","","","","","","","","","","","",""
489,KIM RIVER AT SAHOL BRIDGE OLPAD HANSOT ROAD DIST. SURAT,CPCB,24,Gujarat,442,Bharuch,OKHAMANDAL,-,-,-,-,-,-,-,-,21.46109400,72.72632700,02-12-2021 08:30,"","","","","",5.6,"","","","","","","",7.5,"","","","","","","","","","","","","","","","","","",""
490,KOLAK AT PATALIA BDG.,CPCB,24,Gujarat,462,Valsad,PARDI,-,-,-,-,-,-,-,-,20.46151100,72.88655600,02-01-2021 08:30,"","","","","",6.1,"","","","","","","",7.8,"","","","","","","","","","","","","","","","","","",""
491,KOLAK AT PATALIA BDG.,CPCB,24,Gujarat,462,Valsad,PARDI,-,-,-,-,-,-,-,-,20.46151100,72.88655600,02-02-2021 08:30,"","","","","",5.9,"","","","","","","",7.4,"","","","","","","","","","","","","","","","","","",""
492,KOLAK AT PATALIA BDG.,CPCB,24,Gujarat,462,Valsad,PARDI,-,-,-,-,-,-,-,-,20.46151100,72.88655600,02-03-2021 08:30,"","","","","",5.7,"","","","","","","",7.89,"","","","","","","","","","","","","","","","","","",""
493,KOLAK AT PATALIA BDG.,CPCB,24,Gujarat,462,Valsad,PARDI,-,-,-,-,-,-,-,-,20.46151100,72.88655600,01-04-2021 08:30,"","","","","",6,"","","","","","","",7.72,"","","","","","","","","","","","","","","","","","",""
494,KOLAK AT PATALIA BDG.,CPCB,24,Gujarat,462,Valsad,PARDI,-,-,-,-,-,-,-,-,20.46151100,72.88655600,03-05-2021 08:30,"","","","","",5.6,"","","","","","","",7.79,"","","","","","","","","","","","","","","","","","",""
495,KOLAK AT PATALIA BDG.,CPCB,24,Gujarat,462,Valsad,PARDI,-,-,-,-,-,-,-,-,20.46151100,72.88655600,01-06-2021 08:30,"","","","","",5.7,"","","","","","","",7.86,"","","","","","","","","","","","","","","","","","",""
496,KOLAK AT PATALIA BDG.,CPCB,24,Gujarat,462,Valsad,PARDI,-,-,-,-,-,-,-,-,20.46151100,72.88655600,01-07-2021 08:30,"","","","","",6.5,"","","","","","","",8.02,"","","","","","","","","","","","","","","","","","",""
497,KOLAK AT PATALIA BDG.,CPCB,24,Gujarat,462,Valsad,PARDI,-,-,-,-,-,-,-,-,20.46151100,72.88655600,02-08-2021 08:30,"","","","","",6.5,"","","","","","","",7.92,"","","","","","","","","","","","","","","","","","",""
498,KOLAK AT PATALIA BDG.,CPCB,24,Gujarat,462,Valsad,PARDI,-,-,-,-,-,-,-,-,20.46151100,72.88655600,02-09-2021 08:30,"","","","","",6.7,"","","","","","","",7.97,"","","","","","","","","","","","","","","","","","",""
499,KOLAK AT PATALIA BDG.,CPCB,24,Gujarat,462,Valsad,PARDI,-,-,-,-,-,-,-,-,20.46151100,72.88655600,04-10-2021 08:30,"","","","","",6.4,"","","","","","","",7.94,"","","","","","","","","","","","","","","","","","",""
500,KOLAK AT PATALIA BDG.,CPCB,24,Gujarat,462,Valsad,PARDI,-,-,-,-,-,-,-,-,20.46151100,72.88655600,01-11-2021 08:30,"","","","","",6.2,"","","","","","","",7.99,"","","","","","","","","","","","","","","","","","",""
501,KOLAK AT PATALIA BDG.,CPCB,24,Gujarat,462,Valsad,PARDI,-,-,-,-,-,-,-,-,20.46151100,72.88655600,01-12-2021 08:30,"","","","","",6.1,"","","","","","","",8.01,"","","","","","","","","","","","","","","","","","",""
502,KOLAK AT RAILWAY BRIDGE NO. 313 VAPI VALSAD,CPCB,24,Gujarat,462,Valsad,PARDI,-,-,-,-,-,-,-,-,20.34246100,72.90540300,02-01-2021 08:30,"","","","","",6.1,"","","","","","","",7.7,"","","","","","","","","","","","","","","","","","",""
503,KOLAK AT RAILWAY BRIDGE NO. 313 VAPI VALSAD,CPCB,24,Gujarat,462,Valsad,PARDI,-,-,-,-,-,-,-,-,20.34246100,72.90540300,02-02-2021 08:30,"","","","","",5.8,"","","","","","","",7.61,"","","","","","","","","","","","","","","","","","",""
504,KOLAK AT RAILWAY BRIDGE NO. 313 VAPI VALSAD,CPCB,24,Gujarat,462,Valsad,PARDI,-,-,-,-,-,-,-,-,20.34246100,72.90540300,02-03-2021 08:30,"","","","","",5.6,"","","","","","","",7.71,"","","","","","","","","","","","","","","","","","",""
505,KOLAK AT RAILWAY BRIDGE NO. 313 VAPI VALSAD,CPCB,24,Gujarat,462,Valsad,PARDI,-,-,-,-,-,-,-,-,20.34246100,72.90540300,01-04-2021 08:30,"","","","","",5.3,"","","","","","","",7.6,"","","","","","","","","","","","","","","","","","",""
506,KOLAK AT RAILWAY BRIDGE NO. 313 VAPI VALSAD,CPCB,24,Gujarat,462,Valsad,PARDI,-,-,-,-,-,-,-,-,20.34246100,72.90540300,03-05-2021 08:30,"","","","","",5.9,"","","","","","","",7.69,"","","","","","","","","","","","","","","","","","",""
507,KOLAK AT RAILWAY BRIDGE NO. 313 VAPI VALSAD,CPCB,24,Gujarat,462,Valsad,PARDI,-,-,-,-,-,-,-,-,20.34246100,72.90540300,01-06-2021 08:30,"","","","","",6,"","","","","","","",7.33,"","","","","","","","","","","","","","","","","","",""
508,KOLAK AT RAILWAY BRIDGE NO. 313 VAPI VALSAD,CPCB,24,Gujarat,462,Valsad,PARDI,-,-,-,-,-,-,-,-,20.34246100,72.90540300,01-07-2021 08:30,"","","","","",6.5,"","","","","","","",7.74,"","","","","","","","","","","","","","","","","","",""
509,KOLAK AT RAILWAY BRIDGE NO. 313 VAPI VALSAD,CPCB,24,Gujarat,462,Valsad,PARDI,-,-,-,-,-,-,-,-,20.34246100,72.90540300,02-08-2021 08:30,"","","","","",6.6,"","","","","","","",7.8,"","","","","","","","","","","","","","","","","","",""
510,KOLAK AT RAILWAY BRIDGE NO. 313 VAPI VALSAD,CPCB,24,Gujarat,462,Valsad,PARDI,-,-,-,-,-,-,-,-,20.34246100,72.90540300,02-09-2021 08:30,"","","","","",6.7,"","","","","","","",7.67,"","","","","","","","","","","","","","","","","","",""
511,KOLAK AT RAILWAY BRIDGE NO. 313 VAPI VALSAD,CPCB,24,Gujarat,462,Valsad,PARDI,-,-,-,-,-,-,-,-,20.34246100,72.90540300,04-10-2021 08:30,"","","","","",6.7,"","","","","","","",7.97,"","","","","","","","","","","","","","","","","","",""
512,KOLAK AT RAILWAY BRIDGE NO. 313 VAPI VALSAD,CPCB,24,Gujarat,462,Valsad,PARDI,-,-,-,-,-,-,-,-,20.34246100,72.90540300,01-11-2021 08:30,"","","","","",6.6,"","","","","","","",8.01,"","","","","","","","","","","","","","","","","","",""
513,KOLAK AT RAILWAY BRIDGE NO. 313 VAPI VALSAD,CPCB,24,Gujarat,462,Valsad,PARDI,-,-,-,-,-,-,-,-,20.34246100,72.90540300,01-12-2021 08:30,"","","","","",6.7,"","","","","","","",7.63,"","","","","","","","","","","","","","","","","","",""
514,KUWADAVA LAKE VILL. KUWADAVA DIST. RAJKOT.,CPCB,24,Gujarat,457,Rajkot,RAJKOT,-,-,-,-,-,-,-,-,22.35771500,70.93984800,01-01-2021 08:30,0.4,"","","","",6.9,"","","","","","","",8.28,"","","","","","","","","","","","","","","","",1.56,"",""
515,KUWADAVA LAKE VILL. KUWADAVA DIST. RAJKOT.,CPCB,24,Gujarat,457,Rajkot,RAJKOT,-,-,-,-,-,-,-,-,22.35771500,70.93984800,05-02-2021 08:30,0.4,"","","","",6.5,"","","","","","","",8.44,"","","","","","","","","","","","","","","","",2.24,"",""
516,KUWADAVA LAKE VILL. KUWADAVA DIST. RAJKOT.,CPCB,24,Gujarat,457,Rajkot,RAJKOT,-,-,-,-,-,-,-,-,22.35771500,70.93984800,01-03-2021 08:30,0.4,"","","","",6.5,"","","","","","","",7.77,"","","","","","","","","","","","","","","","",1.75,"",""
517,KUWADAVA LAKE VILL. KUWADAVA DIST. RAJKOT.,CPCB,24,Gujarat,457,Rajkot,RAJKOT,-,-,-,-,-,-,-,-,22.35771500,70.93984800,01-04-2021 08:30,0.4,"","","","",6.6,"","","","","","","",8.09,"","","","","","","","","","","","","","","","",2.47,"",""
518,KUWADAVA LAKE VILL. KUWADAVA DIST. RAJKOT.,CPCB,24,Gujarat,457,Rajkot,RAJKOT,-,-,-,-,-,-,-,-,22.35771500,70.93984800,01-05-2021 08:30,0.4,"","","","",5.9,"","","","","","","",7.66,"","","","","","","","","","","","","","","","",2.29,"",""
519,KUWADAVA LAKE VILL. KUWADAVA DIST. RAJKOT.,CPCB,24,Gujarat,457,Rajkot,RAJKOT,-,-,-,-,-,-,-,-,22.35771500,70.93984800,01-06-2021 08:30,0.4,"","","","",6.5,"","","","","","","",7.73,"","","","","","","","","","","","","","","","",2.88,"",""
520,KUWADAVA LAKE VILL. KUWADAVA DIST. RAJKOT.,CPCB,24,Gujarat,457,Rajkot,RAJKOT,-,-,-,-,-,-,-,-,22.35771500,70.93984800,01-07-2021 08:30,0.4,"","","","",6.3,"","","","","","","",7.46,"","","","","","","","","","","","","","","","",1.82,"",""
521,KUWADAVA LAKE VILL. KUWADAVA DIST. RAJKOT.,CPCB,24,Gujarat,457,Rajkot,RAJKOT,-,-,-,-,-,-,-,-,22.35771500,70.93984800,04-08-2021 08:30,0.4,"","","","",6.4,"","","","","","","",7.58,"","","","","","","","","","","","","","","","",2.25,"",""
522,KUWADAVA LAKE VILL. KUWADAVA DIST. RAJKOT.,CPCB,24,Gujarat,457,Rajkot,RAJKOT,-,-,-,-,-,-,-,-,22.35771500,70.93984800,07-09-2021 08:30,0.4,"","","","",6.4,"","","","","","","",7.42,"","","","","","","","","","","","","","","","",2.34,"",""
523,KUWADAVA LAKE VILL. KUWADAVA DIST. RAJKOT.,CPCB,24,Gujarat,457,Rajkot,RAJKOT,-,-,-,-,-,-,-,-,22.35771500,70.93984800,06-10-2021 08:30,0.4,"","","","",6.6,"","","","","","","",7.32,"","","","","","","","","","","","","","","","",2.2,"",""
524,KUWADAVA LAKE VILL. KUWADAVA DIST. RAJKOT.,CPCB,24,Gujarat,457,Rajkot,RAJKOT,-,-,-,-,-,-,-,-,22.35771500,70.93984800,02-11-2021 08:30,0.4,"","","","",6.5,"","","","","","","",8.08,"","","","","","","","","","","","","","","","",1.47,"",""
525,KUWADAVA LAKE VILL. KUWADAVA DIST. RAJKOT.,CPCB,24,Gujarat,457,Rajkot,RAJKOT,-,-,-,-,-,-,-,-,22.35771500,70.93984800,08-12-2021 08:30,0.4,"","","","",6.9,"","","","","","","",7.3,"","","","","","","","","","","","","","","","",2.2,"",""
526,LAKHOTA TALAV JAMNAGAR,CPCB,24,Gujarat,447,Jamnagar,JAMNAGAR,-,-,-,-,-,-,-,-,22.46511900,70.06823100,04-01-2021 08:30,"","","","","",3.4,"","","","","","","",8.3,"","","","","","","","","","","","","","","","","","",""
527,LAKHOTA TALAV JAMNAGAR,CPCB,24,Gujarat,447,Jamnagar,JAMNAGAR,-,-,-,-,-,-,-,-,22.46511900,70.06823100,02-02-2021 08:30,"","","","","",3.3,"","","","","","","",8.35,"","","","","","","","","","","","","","","","","","",""
528,LAKHOTA TALAV JAMNAGAR,CPCB,24,Gujarat,447,Jamnagar,JAMNAGAR,-,-,-,-,-,-,-,-,22.46511900,70.06823100,01-03-2021 08:30,"","","","","",3.4,"","","","","","","",8.16,"","","","","","","","","","","","","","","","","","",""
529,LAKHOTA TALAV JAMNAGAR,CPCB,24,Gujarat,447,Jamnagar,JAMNAGAR,-,-,-,-,-,-,-,-,22.46511900,70.06823100,03-04-2021 08:30,"","","","","",3.2,"","","","","","","",8.2,"","","","","","","","","","","","","","","","","","",""
530,LAKHOTA TALAV JAMNAGAR,CPCB,24,Gujarat,447,Jamnagar,JAMNAGAR,-,-,-,-,-,-,-,-,22.46511900,70.06823100,04-05-2021 08:30,"","","","","",3.6,"","","","","","","",8.4,"","","","","","","","","","","","","","","","","","",""
531,LAKHOTA TALAV JAMNAGAR,CPCB,24,Gujarat,447,Jamnagar,JAMNAGAR,-,-,-,-,-,-,-,-,22.46511900,70.06823100,01-06-2021 08:30,"","","","","",3.5,"","","","","","","",8.01,"","","","","","","","","","","","","","","","","","",""
532,LAKHOTA TALAV JAMNAGAR,CPCB,24,Gujarat,447,Jamnagar,JAMNAGAR,-,-,-,-,-,-,-,-,22.46511900,70.06823100,02-07-2021 08:30,"","","","","",3.6,"","","","","","","",8.38,"","","","","","","","","","","","","","","","","","",""
533,LAKHOTA TALAV JAMNAGAR,CPCB,24,Gujarat,447,Jamnagar,JAMNAGAR,-,-,-,-,-,-,-,-,22.46511900,70.06823100,02-08-2021 08:30,0.56,"","","","",3.2,"","","","","","","",7.45,"","","","","","","","","","","","","","","","","","",""
534,LAKHOTA TALAV JAMNAGAR,CPCB,24,Gujarat,447,Jamnagar,JAMNAGAR,-,-,-,-,-,-,-,-,22.46511900,70.06823100,02-09-2021 08:30,0.56,"","","","",3,"","","","","","","",8.3,"","","","","","","","","","","","","","","","","","",""
535,LAKHOTA TALAV JAMNAGAR,CPCB,24,Gujarat,447,Jamnagar,JAMNAGAR,-,-,-,-,-,-,-,-,22.46511900,70.06823100,05-10-2021 08:30,0.56,"","","","",4.2,"","","","","","","",8.02,"","","","","","","","","","","","","","","","","","",""
536,LAKHOTA TALAV JAMNAGAR,CPCB,24,Gujarat,447,Jamnagar,JAMNAGAR,-,-,-,-,-,-,-,-,22.46511900,70.06823100,08-11-2021 08:30,0.56,"","","","",4.3,"","","","","","","",6.8,"","","","","","","","","","","","","","","","","","",""
537,LAKHOTA TALAV JAMNAGAR,CPCB,24,Gujarat,447,Jamnagar,JAMNAGAR,-,-,-,-,-,-,-,-,22.46511900,70.06823100,02-12-2021 08:30,0.56,"","","","",4.4,"","","","","","","",7.9,"","","","","","","","","","","","","","","","","","",""
538,MACHHU-II DAM RAFLESHWAR MORBI RAJKOT,CPCB,24,Gujarat,457,Rajkot,MORVI,-,-,-,-,-,-,-,-,22.76251700,70.86483700,04-01-2021 08:30,0.28,"","","","",6.8,"","","","","","","",8.2,"","","","","","","","","","","","","","","","","","",""
539,MACHHU-II DAM RAFLESHWAR MORBI RAJKOT,CPCB,24,Gujarat,457,Rajkot,MORVI,-,-,-,-,-,-,-,-,22.76251700,70.86483700,04-02-2021 08:30,0.28,"","","","",6.5,"","","","","","","",8.6,"","","","","","","","","","","","","","","","","","",""
540,MACHHU-II DAM RAFLESHWAR MORBI RAJKOT,CPCB,24,Gujarat,457,Rajkot,MORVI,-,-,-,-,-,-,-,-,22.76251700,70.86483700,03-03-2021 08:30,0.28,"","","","",6.5,"","","","","","","",7.68,"","","","","","","","","","","","","","","","","","",""
541,MACHHU-II DAM RAFLESHWAR MORBI RAJKOT,CPCB,24,Gujarat,457,Rajkot,MORVI,-,-,-,-,-,-,-,-,22.76251700,70.86483700,02-04-2021 08:30,"","","","","",6.6,"","","","","","","",7.6,"","","","","","","","","","","","","","","","","","",""
542,MACHHU-II DAM RAFLESHWAR MORBI RAJKOT,CPCB,24,Gujarat,457,Rajkot,MORVI,-,-,-,-,-,-,-,-,22.76251700,70.86483700,03-05-2021 08:30,"","","","","",6.4,"","","","","","","",7.63,"","","","","","","","","","","","","","","","","","",""
543,MACHHU-II DAM RAFLESHWAR MORBI RAJKOT,CPCB,24,Gujarat,457,Rajkot,MORVI,-,-,-,-,-,-,-,-,22.76251700,70.86483700,02-06-2021 08:30,"","","","","",6.5,"","","","","","","",7.44,"","","","","","","","","","","","","","","","","","",""
544,MACHHU-II DAM RAFLESHWAR MORBI RAJKOT,CPCB,24,Gujarat,457,Rajkot,MORVI,-,-,-,-,-,-,-,-,22.76251700,70.86483700,07-07-2021 08:30,"","","","","",6.4,"","","","","","","",7.4,"","","","","","","","","","","","","","","","","","",""
545,MACHHU-II DAM RAFLESHWAR MORBI RAJKOT,CPCB,24,Gujarat,457,Rajkot,MORVI,-,-,-,-,-,-,-,-,22.76251700,70.86483700,06-08-2021 08:30,"","","","","",6.5,"","","","","","","",7.55,"","","","","","","","","","","","","","","","","","",""
546,MACHHU-II DAM RAFLESHWAR MORBI RAJKOT,CPCB,24,Gujarat,457,Rajkot,MORVI,-,-,-,-,-,-,-,-,22.76251700,70.86483700,04-09-2021 08:30,"","","","","",6.5,"","","","","","","",7.51,"","","","","","","","","","","","","","","","","","",""
547,MACHHU-II DAM RAFLESHWAR MORBI RAJKOT,CPCB,24,Gujarat,457,Rajkot,MORVI,-,-,-,-,-,-,-,-,22.76251700,70.86483700,05-10-2021 08:30,"","","","","",6.6,"","","","","","","",7.4,"","","","","","","","","","","","","","","","","","",""
548,MACHHU-II DAM RAFLESHWAR MORBI RAJKOT,CPCB,24,Gujarat,457,Rajkot,MORVI,-,-,-,-,-,-,-,-,22.76251700,70.86483700,01-11-2021 08:30,"","","","","",6.5,"","","","","","","",8.4,"","","","","","","","","","","","","","","","","","",""
549,MACHHU-II DAM RAFLESHWAR MORBI RAJKOT,CPCB,24,Gujarat,457,Rajkot,MORVI,-,-,-,-,-,-,-,-,22.76251700,70.86483700,02-12-2021 08:30,"","","","","",6.5,"","","","","","","",7.34,"","","","","","","","","","","","","","","","","","",""
550,MAHI AT MUJPUR,CPCB,24,Gujarat,440,Anand,ANKLAV,-,-,-,-,-,-,-,-,22.25474400,72.98261800,02-01-2021 08:30,"","","","","",7.5,"","","","","","","",7.99,"","","","","","","","","","","","","","","","","","",""
551,MAHI AT MUJPUR,CPCB,24,Gujarat,440,Anand,ANKLAV,-,-,-,-,-,-,-,-,22.25474400,72.98261800,03-02-2021 08:30,"","","","","",6.4,"","","","","","","",7.81,"","","","","","","","","","","","","","","","","","",""
552,MAHI AT MUJPUR,CPCB,24,Gujarat,440,Anand,ANKLAV,-,-,-,-,-,-,-,-,22.25474400,72.98261800,04-03-2021 08:30,"","","","","",6.4,"","","","","","","",8.05,"","","","","","","","","","","","","","","","","","",""
553,MAHI AT MUJPUR,CPCB,24,Gujarat,440,Anand,ANKLAV,-,-,-,-,-,-,-,-,22.25474400,72.98261800,03-04-2021 08:30,"","","","","",6.7,"","","","","","","",7.81,"","","","","","","","","","","","","","","","","","",""
554,MAHI AT MUJPUR,CPCB,24,Gujarat,440,Anand,ANKLAV,-,-,-,-,-,-,-,-,22.25474400,72.98261800,03-06-2021 08:30,"","","","","",6.6,"","","","","","","",8.22,"","","","","","","","","","","","","","","","","","",""
555,MAHI AT MUJPUR,CPCB,24,Gujarat,440,Anand,ANKLAV,-,-,-,-,-,-,-,-,22.25474400,72.98261800,03-07-2021 08:30,"","","","","",7.4,"","","","","","","",7.57,"","","","","","","","","","","","","","","","","","",""
556,MAHI AT MUJPUR,CPCB,24,Gujarat,440,Anand,ANKLAV,-,-,-,-,-,-,-,-,22.25474400,72.98261800,04-08-2021 08:30,"","","","","",7.6,"","","","","","","",7.65,"","","","","","","","","","","","","","","","","","",""
557,MAHI AT MUJPUR,CPCB,24,Gujarat,440,Anand,ANKLAV,-,-,-,-,-,-,-,-,22.25474400,72.98261800,03-09-2021 08:30,"","","","","",8.3,"","","","","","","",8.01,"","","","","","","","","","","","","","","","","","",""
558,MAHI AT MUJPUR,CPCB,24,Gujarat,440,Anand,ANKLAV,-,-,-,-,-,-,-,-,22.25474400,72.98261800,05-10-2021 08:30,"","","","","",8.1,"","","","","","","",8.48,"","","","","","","","","","","","","","","","","","",""
559,MAHI AT MUJPUR,CPCB,24,Gujarat,440,Anand,ANKLAV,-,-,-,-,-,-,-,-,22.25474400,72.98261800,02-11-2021 08:30,"","","","","",7.5,"","","","","","","",8.13,"","","","","","","","","","","","","","","","","","",""
560,MAHI AT MUJPUR,CPCB,24,Gujarat,440,Anand,ANKLAV,-,-,-,-,-,-,-,-,22.25474400,72.98261800,03-12-2021 08:30,"","","","","",8.3,"","","","","","","",8.15,"","","","","","","","","","","","","","","","","","",""
561,MAHI AT SEVALIA,CPCB,24,Gujarat,450,Kheda,THASRA,-,-,-,-,-,-,-,-,22.81225000,73.35977800,04-01-2021 08:30,"","","","","",8.6,"","","","","","","",7.5,"","","","","","","","","","","","","","","","","","",""
562,MAHI AT SEVALIA,CPCB,24,Gujarat,450,Kheda,THASRA,-,-,-,-,-,-,-,-,22.81225000,73.35977800,01-02-2021 08:30,"","","","","",8.6,"","","","","","","",8.04,"","","","","","","","","","","","","","","","","","",""
563,MAHI AT SEVALIA,CPCB,24,Gujarat,450,Kheda,THASRA,-,-,-,-,-,-,-,-,22.81225000,73.35977800,02-03-2021 08:30,"","","","","",8.5,"","","","","","","",8.09,"","","","","","","","","","","","","","","","","","",""
564,MAHI AT SEVALIA,CPCB,24,Gujarat,450,Kheda,THASRA,-,-,-,-,-,-,-,-,22.81225000,73.35977800,03-04-2021 08:30,"","","","","",8.2,"","","","","","","",7.75,"","","","","","","","","","","","","","","","","","",""
565,MAHI AT SEVALIA,CPCB,24,Gujarat,450,Kheda,THASRA,-,-,-,-,-,-,-,-,22.81225000,73.35977800,03-05-2021 08:30,"","","","","",8,"","","","","","","",8.16,"","","","","","","","","","","","","","","","","","",""
566,MAHI AT SEVALIA,CPCB,24,Gujarat,450,Kheda,THASRA,-,-,-,-,-,-,-,-,22.81225000,73.35977800,03-06-2021 08:30,"","","","","",8.2,"","","","","","","",7.45,"","","","","","","","","","","","","","","","","","",""
567,MAHI AT SEVALIA,CPCB,24,Gujarat,450,Kheda,THASRA,-,-,-,-,-,-,-,-,22.81225000,73.35977800,01-07-2021 08:30,"","","","","",8.5,"","","","","","","",7.67,"","","","","","","","","","","","","","","","","","",""
568,MAHI AT SEVALIA,CPCB,24,Gujarat,450,Kheda,THASRA,-,-,-,-,-,-,-,-,22.81225000,73.35977800,02-08-2021 08:30,"","","","","",8.4,"","","","","","","",8.06,"","","","","","","","","","","","","","","","","","",""
569,MAHI AT SEVALIA,CPCB,24,Gujarat,450,Kheda,THASRA,-,-,-,-,-,-,-,-,22.81225000,73.35977800,06-09-2021 08:30,"","","","","",7.9,"","","","","","","",7.94,"","","","","","","","","","","","","","","","","","",""
570,MAHI AT SEVALIA,CPCB,24,Gujarat,450,Kheda,THASRA,-,-,-,-,-,-,-,-,22.81225000,73.35977800,04-10-2021 08:30,"","","","","",7.7,"","","","","","","",8.48,"","","","","","","","","","","","","","","","","","",""
571,MAHI AT SEVALIA,CPCB,24,Gujarat,450,Kheda,THASRA,-,-,-,-,-,-,-,-,22.81225000,73.35977800,01-11-2021 08:30,"","","","","",8.5,"","","","","","","",8.3,"","","","","","","","","","","","","","","","","","",""
572,MAHI AT SEVALIA,CPCB,24,Gujarat,450,Kheda,THASRA,-,-,-,-,-,-,-,-,22.81225000,73.35977800,01-12-2021 08:30,"","","","","",8.5,"","","","","","","",7.95,"","","","","","","","","","","","","","","","","","",""
573,MAHI AT SHERKHI BRIDGE,CPCB,24,Gujarat,440,Anand,ANKLAV,-,-,-,-,-,-,-,-,22.34233900,73.05418500,02-01-2021 08:30,"","","","","",7.5,"","","","","","","",8.33,"","","","","","","","","","","","","","","","","","",""
574,MAHI AT SHERKHI BRIDGE,CPCB,24,Gujarat,440,Anand,ANKLAV,-,-,-,-,-,-,-,-,22.34233900,73.05418500,03-02-2021 08:30,"","","","","",8.5,"","","","","","","",8.24,"","","","","","","","","","","","","","","","","","",""
575,MAHI AT SHERKHI BRIDGE,CPCB,24,Gujarat,440,Anand,ANKLAV,-,-,-,-,-,-,-,-,22.34233900,73.05418500,03-03-2021 08:30,"","","","","","","","","","","","","",8.22,"","","","","","","","","","","","","","","","","","",""
576,MAHI AT SHERKHI BRIDGE,CPCB,24,Gujarat,440,Anand,ANKLAV,-,-,-,-,-,-,-,-,22.34233900,73.05418500,03-04-2021 08:30,"","","","","",6,"","","","","","","",8.21,"","","","","","","","","","","","","","","","","","",""
577,MAHI AT SHERKHI BRIDGE,CPCB,24,Gujarat,440,Anand,ANKLAV,-,-,-,-,-,-,-,-,22.34233900,73.05418500,05-05-2021 08:30,"","","","","",6.6,"","","","","","","",8.06,"","","","","","","","","","","","","","","","","","",""
578,MAHI AT SHERKHI BRIDGE,CPCB,24,Gujarat,440,Anand,ANKLAV,-,-,-,-,-,-,-,-,22.34233900,73.05418500,03-06-2021 08:30,"","","","","",6.6,"","","","","","","",8.5,"","","","","","","","","","","","","","","","","","",""
579,MAHI AT SHERKHI BRIDGE,CPCB,24,Gujarat,440,Anand,ANKLAV,-,-,-,-,-,-,-,-,22.34233900,73.05418500,03-07-2021 08:30,"","","","","",8.3,"","","","","","","",7.2,"","","","","","","","","","","","","","","","","","",""
580,MAHI AT SHERKHI BRIDGE,CPCB,24,Gujarat,440,Anand,ANKLAV,-,-,-,-,-,-,-,-,22.34233900,73.05418500,05-08-2021 08:30,"","","","","",8.2,"","","","","","","",8,"","","","","","","","","","","","","","","","","","",""
581,MAHI AT SHERKHI BRIDGE,CPCB,24,Gujarat,440,Anand,ANKLAV,-,-,-,-,-,-,-,-,22.34233900,73.05418500,03-09-2021 08:30,"","","","","",7.9,"","","","","","","",7.98,"","","","","","","","","","","","","","","","","","",""
582,MAHI AT SHERKHI BRIDGE,CPCB,24,Gujarat,440,Anand,ANKLAV,-,-,-,-,-,-,-,-,22.34233900,73.05418500,05-10-2021 08:30,"","","","","",8,"","","","","","","",8.5,"","","","","","","","","","","","","","","","","","",""
583,MAHI AT SHERKHI BRIDGE,CPCB,24,Gujarat,440,Anand,ANKLAV,-,-,-,-,-,-,-,-,22.34233900,73.05418500,02-11-2021 08:30,"","","","","",6,"","","","","","","",8.39,"","","","","","","","","","","","","","","","","","",""
584,MAHI AT SHERKHI BRIDGE,CPCB,24,Gujarat,440,Anand,ANKLAV,-,-,-,-,-,-,-,-,22.34233900,73.05418500,03-12-2021 08:30,"","","","","",8.5,"","","","","","","",8.49,"","","","","","","","","","","","","","","","","","",""
585,MAHI AT UMETA BRIDGE,CPCB,24,Gujarat,440,Anand,ANKLAV,-,-,-,-,-,-,-,-,22.34229800,73.05257500,02-01-2021 08:30,"","","","","",8.3,"","","","","","","",7.7,"","","","","","","","","","","","","","","","","","",""
586,MAHI AT UMETA BRIDGE,CPCB,24,Gujarat,440,Anand,ANKLAV,-,-,-,-,-,-,-,-,22.34229800,73.05257500,01-02-2021 08:30,"","","","","",8.3,"","","","","","","",7.86,"","","","","","","","","","","","","","","","","","",""
587,MAHI AT UMETA BRIDGE,CPCB,24,Gujarat,440,Anand,ANKLAV,-,-,-,-,-,-,-,-,22.34229800,73.05257500,03-03-2021 08:30,"","","","","",8.2,"","","","","","","",8.35,"","","","","","","","","","","","","","","","","","",""
588,MAHI AT UMETA BRIDGE,CPCB,24,Gujarat,440,Anand,ANKLAV,-,-,-,-,-,-,-,-,22.34229800,73.05257500,05-04-2021 08:30,"","","","","",8.4,"","","","","","","",8.21,"","","","","","","","","","","","","","","","","","",""
589,MAHI AT UMETA BRIDGE,CPCB,24,Gujarat,440,Anand,ANKLAV,-,-,-,-,-,-,-,-,22.34229800,73.05257500,05-05-2021 08:30,"","","","","",8.6,"","","","","","","",8.27,"","","","","","","","","","","","","","","","","","",""
590,MAHI AT UMETA BRIDGE,CPCB,24,Gujarat,440,Anand,ANKLAV,-,-,-,-,-,-,-,-,22.34229800,73.05257500,02-06-2021 08:30,"","","","","",8.2,"","","","","","","",8.03,"","","","","","","","","","","","","","","","","","",""
591,MAHI AT UMETA BRIDGE,CPCB,24,Gujarat,440,Anand,ANKLAV,-,-,-,-,-,-,-,-,22.34229800,73.05257500,02-07-2021 08:30,"","","","","",7.6,"","","","","","","",7.87,"","","","","","","","","","","","","","","","","","",""
592,MAHI AT UMETA BRIDGE,CPCB,24,Gujarat,440,Anand,ANKLAV,-,-,-,-,-,-,-,-,22.34229800,73.05257500,03-09-2021 08:30,"","","","","",7.6,"","","","","","","",7.94,"","","","","","","","","","","","","","","","","","",""
593,MAHI AT UMETA BRIDGE,CPCB,24,Gujarat,440,Anand,ANKLAV,-,-,-,-,-,-,-,-,22.34229800,73.05257500,04-10-2021 08:30,"","","","","",7.8,"","","","","","","",7.88,"","","","","","","","","","","","","","","","","","",""
594,MAHI AT UMETA BRIDGE,CPCB,24,Gujarat,440,Anand,ANKLAV,-,-,-,-,-,-,-,-,22.34229800,73.05257500,01-11-2021 08:30,"","","","","",8.3,"","","","","","","",8.45,"","","","","","","","","","","","","","","","","","",""
595,MAHI AT UMETA BRIDGE,CPCB,24,Gujarat,440,Anand,ANKLAV,-,-,-,-,-,-,-,-,22.34229800,73.05257500,01-12-2021 08:30,"","","","","",8.3,"","","","","","","",8.47,"","","","","","","","","","","","","","","","","","",""
596,MAHI AT VASAD,CPCB,24,Gujarat,440,Anand,ANAND,-,-,-,-,-,-,-,-,22.44050000,73.07336100,02-01-2021 08:30,"","","","","",8.5,"","","","","","","",7.4,"","","","","","","","","","","","","","","","","","",""
597,MAHI AT VASAD,CPCB,24,Gujarat,440,Anand,ANAND,-,-,-,-,-,-,-,-,22.44050000,73.07336100,01-02-2021 08:30,"","","","","",8.5,"","","","","","","",7.3,"","","","","","","","","","","","","","","","","","",""
598,MAHI AT VASAD,CPCB,24,Gujarat,440,Anand,ANAND,-,-,-,-,-,-,-,-,22.44050000,73.07336100,03-03-2021 08:30,"","","","","",8.1,"","","","","","","",8.04,"","","","","","","","","","","","","","","","","","",""
599,MAHI AT VASAD,CPCB,24,Gujarat,440,Anand,ANAND,-,-,-,-,-,-,-,-,22.44050000,73.07336100,05-04-2021 08:30,"","","","","",8.2,"","","","","","","",7.91,"","","","","","","","","","","","","","","","","","",""
600,MAHI AT VASAD,CPCB,24,Gujarat,440,Anand,ANAND,-,-,-,-,-,-,-,-,22.44050000,73.07336100,05-05-2021 08:30,"","","","","",8.6,"","","","","","","",8.24,"","","","","","","","","","","","","","","","","","",""
601,MAHI AT VASAD,CPCB,24,Gujarat,440,Anand,ANAND,-,-,-,-,-,-,-,-,22.44050000,73.07336100,02-06-2021 08:30,"","","","","",7.4,"","","","","","","",7.72,"","","","","","","","","","","","","","","","","","",""
602,MAHI AT VASAD,CPCB,24,Gujarat,440,Anand,ANAND,-,-,-,-,-,-,-,-,22.44050000,73.07336100,02-07-2021 08:30,"","","","","",6.4,"","","","","","","",7.86,"","","","","","","","","","","","","","","","","","",""
603,MAHI AT VASAD,CPCB,24,Gujarat,440,Anand,ANAND,-,-,-,-,-,-,-,-,22.44050000,73.07336100,04-08-2021 08:30,"","","","","",6.7,"","","","","","","",7.85,"","","","","","","","","","","","","","","","","","",""
604,MAHI AT VASAD,CPCB,24,Gujarat,440,Anand,ANAND,-,-,-,-,-,-,-,-,22.44050000,73.07336100,03-09-2021 08:30,"","","","","",7,"","","","","","","",7.96,"","","","","","","","","","","","","","","","","","",""
605,MAHI AT VASAD,CPCB,24,Gujarat,440,Anand,ANAND,-,-,-,-,-,-,-,-,22.44050000,73.07336100,04-10-2021 08:30,"","","","","",7.3,"","","","","","","",7.86,"","","","","","","","","","","","","","","","","","",""
606,MAHI AT VASAD,CPCB,24,Gujarat,440,Anand,ANAND,-,-,-,-,-,-,-,-,22.44050000,73.07336100,01-11-2021 08:30,"","","","","",8.4,"","","","","","","",8.48,"","","","","","","","","","","","","","","","","","",""
607,MAHI AT VASAD,CPCB,24,Gujarat,440,Anand,ANAND,-,-,-,-,-,-,-,-,22.44050000,73.07336100,01-12-2021 08:30,"","","","","",8.5,"","","","","","","",8.33,"","","","","","","","","","","","","","","","","","",""
608,MALAV TALAV DHOLKA,CPCB,24,Gujarat,438,Ahmedabad,DHOLKA,-,-,-,-,-,-,-,-,22.72682200,72.43523900,01-01-2021 08:30,0.95,"","","","",7,"","","","","","","",9.11,"","","","","","","","","","","","","","","","","","",""
609,MALAV TALAV DHOLKA,CPCB,24,Gujarat,438,Ahmedabad,DHOLKA,-,-,-,-,-,-,-,-,22.72682200,72.43523900,02-02-2021 08:30,0.53,"","","","",6.7,"","","","","","","",8.97,"","","","","","","","","","","","","","","","",8.74,"",""
610,MALAV TALAV DHOLKA,CPCB,24,Gujarat,438,Ahmedabad,DHOLKA,-,-,-,-,-,-,-,-,22.72682200,72.43523900,01-03-2021 08:30,0.95,"","","","",6.6,"","","","","","","",8.33,"","","","","","","","","","","","","","","","",9,"",""
611,MALAV TALAV DHOLKA,CPCB,24,Gujarat,438,Ahmedabad,DHOLKA,-,-,-,-,-,-,-,-,22.72682200,72.43523900,01-04-2021 08:30,2.35,"","","","",6.3,"","","","","","","",8.76,"","","","","","","","","","","","","","","","",4,"",""
612,MALAV TALAV DHOLKA,CPCB,24,Gujarat,438,Ahmedabad,DHOLKA,-,-,-,-,-,-,-,-,22.72682200,72.43523900,04-05-2021 08:30,1.68,"","","","",6.8,"","","","","","","",8.76,"","","","","","","","","","","","","","","","",4,"",""
613,MALAV TALAV DHOLKA,CPCB,24,Gujarat,438,Ahmedabad,DHOLKA,-,-,-,-,-,-,-,-,22.72682200,72.43523900,01-06-2021 08:30,2.52,"","","","",6.8,"","","","","","","",8.89,"","","","","","","","","","","","","","","","",21,"",""
614,MALAV TALAV DHOLKA,CPCB,24,Gujarat,438,Ahmedabad,DHOLKA,-,-,-,-,-,-,-,-,22.72682200,72.43523900,01-07-2021 08:30,1.99,"","","","",9.2,"","","","","","","",9.04,"","","","","","","","","","","","","","","","",21,"",""
615,MALAV TALAV DHOLKA,CPCB,24,Gujarat,438,Ahmedabad,DHOLKA,-,-,-,-,-,-,-,-,22.72682200,72.43523900,05-08-2021 08:30,2.8,"","","","",7.3,"","","","","","","",8.39,"","","","","","","","","","","","","","","","","","",""
616,MALAV TALAV DHOLKA,CPCB,24,Gujarat,438,Ahmedabad,DHOLKA,-,-,-,-,-,-,-,-,22.72682200,72.43523900,02-09-2021 08:30,2.01,"","","","",5.6,"","","","","","","",9.03,"","","","","","","","","","","","","","","","","","",""
617,MALAV TALAV DHOLKA,CPCB,24,Gujarat,438,Ahmedabad,DHOLKA,-,-,-,-,-,-,-,-,22.72682200,72.43523900,01-10-2021 08:30,1.8,"","","","",4.2,"","","","","","","",8.93,"","","","","","","","","","","","","","","","",4.83,"",""
618,MALAV TALAV DHOLKA,CPCB,24,Gujarat,438,Ahmedabad,DHOLKA,-,-,-,-,-,-,-,-,22.72682200,72.43523900,01-11-2021 08:30,2.07,"","","","",5.7,"","","","","","","",9.09,"","","","","","","","","","","","","","","","",9.09,"",""
619,MALAV TALAV DHOLKA,CPCB,24,Gujarat,438,Ahmedabad,DHOLKA,-,-,-,-,-,-,-,-,22.72682200,72.43523900,03-12-2021 08:30,2.02,"","","","",5.9,"","","","","","","",8.98,"","","","","","","","","","","","","","","","","","",""
620,MASMA KHADI- OLPAD- SARAS ROAD,CPCB,24,Gujarat,459,Surat,OLPAD,-,-,-,-,-,-,-,-,21.29633300,72.76003300,05-01-2021 08:30,"","","","","",5.9,"","","","","","","",7,"","","","","","","","","","","","","","","","","","",""
621,MASMA KHADI- OLPAD- SARAS ROAD,CPCB,24,Gujarat,459,Surat,OLPAD,-,-,-,-,-,-,-,-,21.29633300,72.76003300,02-02-2021 08:30,"","","","","",5.8,"","","","","","","",7.2,"","","","","","","","","","","","","","","","","","",""
622,MASMA KHADI- OLPAD- SARAS ROAD,CPCB,24,Gujarat,459,Surat,OLPAD,-,-,-,-,-,-,-,-,21.29633300,72.76003300,02-03-2021 08:30,"","","","","",5.2,"","","","","","","",7,"","","","","","","","","","","","","","","","","","",""
623,MASMA KHADI- OLPAD- SARAS ROAD,CPCB,24,Gujarat,459,Surat,OLPAD,-,-,-,-,-,-,-,-,21.29633300,72.76003300,01-04-2021 08:30,"","","","","",4,"","","","","","","",8.36,"","","","","","","","","","","","","","","","","","",""
624,MASMA KHADI- OLPAD- SARAS ROAD,CPCB,24,Gujarat,459,Surat,OLPAD,-,-,-,-,-,-,-,-,21.29633300,72.76003300,04-05-2021 08:30,"","","","","",5.5,"","","","","","","",7.9,"","","","","","","","","","","","","","","","","","",""
625,MASMA KHADI- OLPAD- SARAS ROAD,CPCB,24,Gujarat,459,Surat,OLPAD,-,-,-,-,-,-,-,-,21.29633300,72.76003300,02-06-2021 08:30,"","","","","",5.2,"","","","","","","",8.35,"","","","","","","","","","","","","","","","","","",""
626,MASMA KHADI- OLPAD- SARAS ROAD,CPCB,24,Gujarat,459,Surat,OLPAD,-,-,-,-,-,-,-,-,21.29633300,72.76003300,02-07-2021 08:30,"","","","","",5.2,"","","","","","","",7.56,"","","","","","","","","","","","","","","","","","",""
627,MASMA KHADI- OLPAD- SARAS ROAD,CPCB,24,Gujarat,459,Surat,OLPAD,-,-,-,-,-,-,-,-,21.29633300,72.76003300,02-08-2021 08:30,"","","","","",5.7,"","","","","","","",7.4,"","","","","","","","","","","","","","","","","","",""
628,MASMA KHADI- OLPAD- SARAS ROAD,CPCB,24,Gujarat,459,Surat,OLPAD,-,-,-,-,-,-,-,-,21.29633300,72.76003300,02-09-2021 08:30,"","","","","",5.3,"","","","","","","",7.4,"","","","","","","","","","","","","","","","","","",""
629,MASMA KHADI- OLPAD- SARAS ROAD,CPCB,24,Gujarat,459,Surat,OLPAD,-,-,-,-,-,-,-,-,21.29633300,72.76003300,01-10-2021 08:30,"","","","","",5.9,"","","","","","","",7.63,"","","","","","","","","","","","","","","","","","",""
630,MASMA KHADI- OLPAD- SARAS ROAD,CPCB,24,Gujarat,459,Surat,OLPAD,-,-,-,-,-,-,-,-,21.29633300,72.76003300,01-11-2021 08:30,"","","","","",5.8,"","","","","","","",7.57,"","","","","","","","","","","","","","","","","","",""
631,MASMA KHADI- OLPAD- SARAS ROAD,CPCB,24,Gujarat,459,Surat,OLPAD,-,-,-,-,-,-,-,-,21.29633300,72.76003300,02-12-2021 08:30,"","","","","",5,"","","","","","","",7.38,"","","","","","","","","","","","","","","","","","",""
632,MESHWA NEAR RAJASTHAN BORDER AT SAMLAJI,CPCB,24,Gujarat,458,Sabarkantha,BAYAD,-,-,-,-,-,-,-,-,23.68197500,73.39195600,02-01-2021 08:30,"","","","","",7.1,"","","","","","","",7.7,"","","","","","","","","","","","","","","","","","",""
633,MESHWA NEAR RAJASTHAN BORDER AT SAMLAJI,CPCB,24,Gujarat,458,Sabarkantha,BAYAD,-,-,-,-,-,-,-,-,23.68197500,73.39195600,01-02-2021 08:30,"","","","","",7,"","","","","","","",7.3,"","","","","","","","","","","","","","","","","","",""
634,MESHWA NEAR RAJASTHAN BORDER AT SAMLAJI,CPCB,24,Gujarat,458,Sabarkantha,BAYAD,-,-,-,-,-,-,-,-,23.68197500,73.39195600,02-03-2021 08:30,"","","","","",7.1,"","","","","","","",7.9,"","","","","","","","","","","","","","","","","","",""
635,MESHWA NEAR RAJASTHAN BORDER AT SAMLAJI,CPCB,24,Gujarat,458,Sabarkantha,BAYAD,-,-,-,-,-,-,-,-,23.68197500,73.39195600,03-04-2021 08:30,"","","","","",7.1,"","","","","","","",8.13,"","","","","","","","","","","","","","","","","","",""
636,MESHWA NEAR RAJASTHAN BORDER AT SAMLAJI,CPCB,24,Gujarat,458,Sabarkantha,BAYAD,-,-,-,-,-,-,-,-,23.68197500,73.39195600,04-05-2021 08:30,"","","","","",7,"","","","","","","",7.81,"","","","","","","","","","","","","","","","","","",""
637,MESHWA NEAR RAJASTHAN BORDER AT SAMLAJI,CPCB,24,Gujarat,458,Sabarkantha,BAYAD,-,-,-,-,-,-,-,-,23.68197500,73.39195600,01-06-2021 08:30,"","","","","",7.1,"","","","","","","",7.6,"","","","","","","","","","","","","","","","","","",""
638,MESHWA NEAR RAJASTHAN BORDER AT SAMLAJI,CPCB,24,Gujarat,458,Sabarkantha,BAYAD,-,-,-,-,-,-,-,-,23.68197500,73.39195600,01-07-2021 08:30,"","","","","",5.9,"","","","","","","",7.36,"","","","","","","","","","","","","","","","","","",""
639,MESHWA NEAR RAJASTHAN BORDER AT SAMLAJI,CPCB,24,Gujarat,458,Sabarkantha,BAYAD,-,-,-,-,-,-,-,-,23.68197500,73.39195600,02-08-2021 08:30,"","","","","",5.9,"","","","","","","",7.47,"","","","","","","","","","","","","","","","","","",""
640,MESHWA NEAR RAJASTHAN BORDER AT SAMLAJI,CPCB,24,Gujarat,458,Sabarkantha,BAYAD,-,-,-,-,-,-,-,-,23.68197500,73.39195600,02-09-2021 08:30,"","","","","",4.8,"","","","","","","",7.31,"","","","","","","","","","","","","","","","","","",""
641,MESHWA NEAR RAJASTHAN BORDER AT SAMLAJI,CPCB,24,Gujarat,458,Sabarkantha,BAYAD,-,-,-,-,-,-,-,-,23.68197500,73.39195600,04-10-2021 08:30,"","","","","",6,"","","","","","","",7.61,"","","","","","","","","","","","","","","","","","",""
642,MESHWA NEAR RAJASTHAN BORDER AT SAMLAJI,CPCB,24,Gujarat,458,Sabarkantha,BAYAD,-,-,-,-,-,-,-,-,23.68197500,73.39195600,01-11-2021 08:30,"","","","","",6.9,"","","","","","","",7.6,"","","","","","","","","","","","","","","","","","",""
643,MESHWA NEAR RAJASTHAN BORDER AT SAMLAJI,CPCB,24,Gujarat,458,Sabarkantha,BAYAD,-,-,-,-,-,-,-,-,23.68197500,73.39195600,02-12-2021 08:30,"","","","","",6.7,"","","","","","","",7.2,"","","","","","","","","","","","","","","","","","",""
644,MINDHOLA AT STATE HIGHWAY BRIDGE SACHIN,CPCB,24,Gujarat,459,Surat,BARDOLI,-,-,-,-,-,-,-,-,21.11154900,73.11160100,02-01-2021 08:30,"","","","","",7,"","","","","","","",7.6,"","","","","","","","","","","","","","","","","","",""
645,MINDHOLA AT STATE HIGHWAY BRIDGE SACHIN,CPCB,24,Gujarat,459,Surat,BARDOLI,-,-,-,-,-,-,-,-,21.11154900,73.11160100,03-02-2021 08:30,"","","","","",4.1,"","","","","","","",7.4,"","","","","","","","","","","","","","","","","","",""
646,MINDHOLA AT STATE HIGHWAY BRIDGE SACHIN,CPCB,24,Gujarat,459,Surat,BARDOLI,-,-,-,-,-,-,-,-,21.11154900,73.11160100,01-03-2021 08:30,"","","","","",5.2,"","","","","","","",7.19,"","","","","","","","","","","","","","","","","","",""
647,MINDHOLA AT STATE HIGHWAY BRIDGE SACHIN,CPCB,24,Gujarat,459,Surat,BARDOLI,-,-,-,-,-,-,-,-,21.11154900,73.11160100,01-04-2021 08:30,"","","","","",3.6,"","","","","","","",8.21,"","","","","","","","","","","","","","","","","","",""
648,MINDHOLA AT STATE HIGHWAY BRIDGE SACHIN,CPCB,24,Gujarat,459,Surat,BARDOLI,-,-,-,-,-,-,-,-,21.11154900,73.11160100,03-05-2021 08:30,"","","","","",6.4,"","","","","","","",8.17,"","","","","","","","","","","","","","","","","","",""
649,MINDHOLA AT STATE HIGHWAY BRIDGE SACHIN,CPCB,24,Gujarat,459,Surat,BARDOLI,-,-,-,-,-,-,-,-,21.11154900,73.11160100,01-06-2021 08:30,"","","","","",6.1,"","","","","","","",8,"","","","","","","","","","","","","","","","","","",""
650,MINDHOLA AT STATE HIGHWAY BRIDGE SACHIN,CPCB,24,Gujarat,459,Surat,BARDOLI,-,-,-,-,-,-,-,-,21.11154900,73.11160100,06-07-2021 08:30,"","","","","",5.1,"","","","","","","",7.74,"","","","","","","","","","","","","","","","","","",""
651,MINDHOLA AT STATE HIGHWAY BRIDGE SACHIN,CPCB,24,Gujarat,459,Surat,BARDOLI,-,-,-,-,-,-,-,-,21.11154900,73.11160100,04-08-2021 08:30,"","","","","",6,"","","","","","","",7.5,"","","","","","","","","","","","","","","","","","",""
652,MINDHOLA AT STATE HIGHWAY BRIDGE SACHIN,CPCB,24,Gujarat,459,Surat,BARDOLI,-,-,-,-,-,-,-,-,21.11154900,73.11160100,01-09-2021 08:30,"","","","","",6,"","","","","","","",7.58,"","","","","","","","","","","","","","","","","","",""
653,MINDHOLA AT STATE HIGHWAY BRIDGE SACHIN,CPCB,24,Gujarat,459,Surat,BARDOLI,-,-,-,-,-,-,-,-,21.11154900,73.11160100,04-10-2021 08:30,"","","","","",6,"","","","","","","",8.04,"","","","","","","","","","","","","","","","","","",""
654,MINDHOLA AT STATE HIGHWAY BRIDGE SACHIN,CPCB,24,Gujarat,459,Surat,BARDOLI,-,-,-,-,-,-,-,-,21.11154900,73.11160100,01-12-2021 08:30,"","","","","",5,"","","","","","","",7.94,"","","","","","","","","","","","","","","","","","",""
655,MOONSAR LAKE OF VIRAMGAM,CPCB,24,Gujarat,438,Ahmedabad,VIRAMGAM,-,-,-,-,-,-,-,-,23.12140800,72.04102200,02-01-2021 08:30,0.73,"","","","",7,"","","","","","","",8.68,"","","","","","","","","","","","","","","","","","",""
656,MOONSAR LAKE OF VIRAMGAM,CPCB,24,Gujarat,438,Ahmedabad,VIRAMGAM,-,-,-,-,-,-,-,-,23.12140800,72.04102200,03-02-2021 08:30,11.26,"","","","",4.3,"","","","","","","",9.01,"","","","","","","","","","","","","","","","","","",""
657,MOONSAR LAKE OF VIRAMGAM,CPCB,24,Gujarat,438,Ahmedabad,VIRAMGAM,-,-,-,-,-,-,-,-,23.12140800,72.04102200,02-03-2021 08:30,1.57,"","","","",4.1,"","","","","","","",8.66,"","","","","","","","","","","","","","","","","","",""
658,MOONSAR LAKE OF VIRAMGAM,CPCB,24,Gujarat,438,Ahmedabad,VIRAMGAM,-,-,-,-,-,-,-,-,23.12140800,72.04102200,08-04-2021 08:30,1.79,"","","","",5.9,"","","","","","","",8.43,"","","","","","","","","","","","","","","","","","",""
659,MOONSAR LAKE OF VIRAMGAM,CPCB,24,Gujarat,438,Ahmedabad,VIRAMGAM,-,-,-,-,-,-,-,-,23.12140800,72.04102200,04-05-2021 08:30,2.24,"","","","","","","","","","","","",8.6,"","","","","","","","","","","","","","","","","","",""
660,MOONSAR LAKE OF VIRAMGAM,CPCB,24,Gujarat,438,Ahmedabad,VIRAMGAM,-,-,-,-,-,-,-,-,23.12140800,72.04102200,01-06-2021 08:30,1.34,"","","","",4.7,"","","","","","","",8.95,"","","","","","","","","","","","","","","","","","",""
661,MOONSAR LAKE OF VIRAMGAM,CPCB,24,Gujarat,438,Ahmedabad,VIRAMGAM,-,-,-,-,-,-,-,-,23.12140800,72.04102200,01-07-2021 08:30,1.46,"","","","",1.1,"","","","","","","",8.63,"","","","","","","","","","","","","","","","","","",""
662,MOONSAR LAKE OF VIRAMGAM,CPCB,24,Gujarat,438,Ahmedabad,VIRAMGAM,-,-,-,-,-,-,-,-,23.12140800,72.04102200,04-08-2021 08:30,6.16,"","","","",6.3,"","","","","","","",8.42,"","","","","","","","","","","","","","","","","","",""
663,MOONSAR LAKE OF VIRAMGAM,CPCB,24,Gujarat,438,Ahmedabad,VIRAMGAM,-,-,-,-,-,-,-,-,23.12140800,72.04102200,03-09-2021 08:30,5.6,"","","","","","","","","","","","",8.31,"","","","","","","","","","","","","","","","","","",""
664,MOONSAR LAKE OF VIRAMGAM,CPCB,24,Gujarat,438,Ahmedabad,VIRAMGAM,-,-,-,-,-,-,-,-,23.12140800,72.04102200,05-10-2021 08:30,0.96,"","","","",6.6,"","","","","","","",8.64,"","","","","","","","","","","","","","","","","","",""
665,MOONSAR LAKE OF VIRAMGAM,CPCB,24,Gujarat,438,Ahmedabad,VIRAMGAM,-,-,-,-,-,-,-,-,23.12140800,72.04102200,01-11-2021 08:30,0.78,"","","","",7.5,"","","","","","","",8.55,"","","","","","","","","","","","","","","","","","",""
666,MOONSAR LAKE OF VIRAMGAM,CPCB,24,Gujarat,438,Ahmedabad,VIRAMGAM,-,-,-,-,-,-,-,-,23.12140800,72.04102200,03-12-2021 08:30,0.4,"","","","","","","","","","","","",8.85,"","","","","","","","","","","","","","","","","","",""
667,MORA-HAJIRA (INDUSTRIAL) HAJIRA,CPCB,24,Gujarat,459,Surat,CHORASI,-,-,-,-,-,-,-,-,21.16997400,72.67390500,03-04-2021 08:30,"","","","",1425,"",712,"","","","","","",8.4,"","","",250,"","","",28,"",36,220,"",0.5,"","","","","",""
668,MORA-HAJIRA (INDUSTRIAL) HAJIRA,CPCB,24,Gujarat,459,Surat,CHORASI,-,-,-,-,-,-,-,-,21.16997400,72.67390500,06-10-2021 08:30,"","","","",185,"",804,"","","","","","",7.58,"","","",290,"","",0.109,40.08,"",51.07,310,"","","","",0.028,"","",""
669,MOTICHER LAKE NEAR KAKARPAR ATOMIC POWER STATION DIST. SURAT.,CPCB,24,Gujarat,459,Surat,Mandvi,-,-,-,-,-,-,-,-,21.24481900,73.35550500,02-01-2021 08:30,0.28,"","","","",6.2,"","","","","","","",7.5,"","","","","","","","","","","","","","","","","","",""
670,MOTICHER LAKE NEAR KAKARPAR ATOMIC POWER STATION DIST. SURAT.,CPCB,24,Gujarat,459,Surat,Mandvi,-,-,-,-,-,-,-,-,21.24481900,73.35550500,03-02-2021 08:30,0.27,"","","","",7.4,"","","","","","","",7.7,"","","","","","","","","","","","","","","","","","",""
671,MOTICHER LAKE NEAR KAKARPAR ATOMIC POWER STATION DIST. SURAT.,CPCB,24,Gujarat,459,Surat,Mandvi,-,-,-,-,-,-,-,-,21.24481900,73.35550500,01-03-2021 08:30,0.28,"","","","",6.4,"","","","","","","",7.74,"","","","","","","","","","","","","","","","","","",""
672,MOTICHER LAKE NEAR KAKARPAR ATOMIC POWER STATION DIST. SURAT.,CPCB,24,Gujarat,459,Surat,Mandvi,-,-,-,-,-,-,-,-,21.24481900,73.35550500,01-04-2021 08:30,0.28,"","","","",7,"","","","","","","",8.29,"","","","","","","","","","","","","","","","",0.42,"",""
673,MOTICHER LAKE NEAR KAKARPAR ATOMIC POWER STATION DIST. SURAT.,CPCB,24,Gujarat,459,Surat,Mandvi,-,-,-,-,-,-,-,-,21.24481900,73.35550500,03-05-2021 08:30,0.4,"","","","",7.2,"","","","","","","",7.59,"","","","","","","","","","","","","","","","","","",""
674,MOTICHER LAKE NEAR KAKARPAR ATOMIC POWER STATION DIST. SURAT.,CPCB,24,Gujarat,459,Surat,Mandvi,-,-,-,-,-,-,-,-,21.24481900,73.35550500,01-06-2021 08:30,0.4,"","","","",7.3,"","","","","","","",8.25,"","","","","","","","","","","","","","","","","","",""
675,MOTICHER LAKE NEAR KAKARPAR ATOMIC POWER STATION DIST. SURAT.,CPCB,24,Gujarat,459,Surat,Mandvi,-,-,-,-,-,-,-,-,21.24481900,73.35550500,06-07-2021 08:30,0.4,"","","","",7.4,"","","","","","","",7.58,"","","","","","","","","","","","","","","","","","",""
676,MOTICHER LAKE NEAR KAKARPAR ATOMIC POWER STATION DIST. SURAT.,CPCB,24,Gujarat,459,Surat,Mandvi,-,-,-,-,-,-,-,-,21.24481900,73.35550500,04-08-2021 08:30,0.4,"","","","",7.6,"","","","","","","",7.57,"","","","","","","","","","","","","","","","","","",""
677,MOTICHER LAKE NEAR KAKARPAR ATOMIC POWER STATION DIST. SURAT.,CPCB,24,Gujarat,459,Surat,Mandvi,-,-,-,-,-,-,-,-,21.24481900,73.35550500,01-09-2021 08:30,0.4,"","","","",7.5,"","","","","","","",7.83,"","","","","","","","","","","","","","","","","","",""
678,MOTICHER LAKE NEAR KAKARPAR ATOMIC POWER STATION DIST. SURAT.,CPCB,24,Gujarat,459,Surat,Mandvi,-,-,-,-,-,-,-,-,21.24481900,73.35550500,04-10-2021 08:30,0.4,"","","","",7.6,"","","","","","","",7.71,"","","","","","","","","","","","","","","","",0.42,"",""
679,MOTICHER LAKE NEAR KAKARPAR ATOMIC POWER STATION DIST. SURAT.,CPCB,24,Gujarat,459,Surat,Mandvi,-,-,-,-,-,-,-,-,21.24481900,73.35550500,10-11-2021 08:30,0.4,"","","","",7.6,"","","","","","","",7.95,"","","","","","","","","","","","","","","","","","",""
680,MOTICHER LAKE NEAR KAKARPAR ATOMIC POWER STATION DIST. SURAT.,CPCB,24,Gujarat,459,Surat,Mandvi,-,-,-,-,-,-,-,-,21.24481900,73.35550500,01-12-2021 08:30,"","","","","",7.6,"","","","","","","",7.96,"","","","","","","","","","","","","","","","","","",""
681,NALSAROVAR LAKE (SANAND) DIST.AHMEDABAD,CPCB,24,Gujarat,438,Ahmedabad,VIRAMGAM,-,-,-,-,-,-,-,-,22.79968100,72.03942200,02-01-2021 08:30,0.67,"","","","",5.8,"","","","","","","",8.7,"","","","","","","","","","","","","","","","",5,"",""
682,NALSAROVAR LAKE (SANAND) DIST.AHMEDABAD,CPCB,24,Gujarat,438,Ahmedabad,VIRAMGAM,-,-,-,-,-,-,-,-,22.79968100,72.03942200,03-02-2021 08:30,2.74,"","","","",6.7,"","","","","","","",8.62,"","","","","","","","","","","","","","","","",14.6,"",""
683,NALSAROVAR LAKE (SANAND) DIST.AHMEDABAD,CPCB,24,Gujarat,438,Ahmedabad,VIRAMGAM,-,-,-,-,-,-,-,-,22.79968100,72.03942200,02-03-2021 08:30,1,"","","","",7,"","","","","","","",8.23,"","","","","","","","","","","","","","","","",15,"",""
684,NALSAROVAR LAKE (SANAND) DIST.AHMEDABAD,CPCB,24,Gujarat,438,Ahmedabad,VIRAMGAM,-,-,-,-,-,-,-,-,22.79968100,72.03942200,08-04-2021 08:30,0.78,"","","","",6.6,"","","","","","","",8.29,"","","","","","","","","","","","","","","","",10,"",""
685,NALSAROVAR LAKE (SANAND) DIST.AHMEDABAD,CPCB,24,Gujarat,438,Ahmedabad,VIRAMGAM,-,-,-,-,-,-,-,-,22.79968100,72.03942200,04-05-2021 08:30,1.4,"","","","",6.1,"","","","","","","",8.15,"","","","","","","","","","","","","","","","",10,"",""
686,NALSAROVAR LAKE (SANAND) DIST.AHMEDABAD,CPCB,24,Gujarat,438,Ahmedabad,VIRAMGAM,-,-,-,-,-,-,-,-,22.79968100,72.03942200,01-06-2021 08:30,1.68,"","","","",5.8,"","","","","","","",8.4,"","","","","","","","","","","","","","","","",10,"",""
687,NALSAROVAR LAKE (SANAND) DIST.AHMEDABAD,CPCB,24,Gujarat,438,Ahmedabad,VIRAMGAM,-,-,-,-,-,-,-,-,22.79968100,72.03942200,01-07-2021 08:30,1.4,"","","","",5,"","","","","","","",7.95,"","","","","","","","","","","","","","","","",11,"",""
688,NALSAROVAR LAKE (SANAND) DIST.AHMEDABAD,CPCB,24,Gujarat,438,Ahmedabad,VIRAMGAM,-,-,-,-,-,-,-,-,22.79968100,72.03942200,06-08-2021 08:30,4.28,"","","","",6.9,"","","","","","","",7.84,"","","","","","","","","","","","","","","","",20.73,"",""
689,NALSAROVAR LAKE (SANAND) DIST.AHMEDABAD,CPCB,24,Gujarat,438,Ahmedabad,VIRAMGAM,-,-,-,-,-,-,-,-,22.79968100,72.03942200,02-09-2021 08:30,3.92,"","","","",6.5,"","","","","","","",8.03,"","","","","","","","","","","","","","","","",31.65,"",""
690,NALSAROVAR LAKE (SANAND) DIST.AHMEDABAD,CPCB,24,Gujarat,438,Ahmedabad,VIRAMGAM,-,-,-,-,-,-,-,-,22.79968100,72.03942200,01-10-2021 08:30,2.18,"","","","",7.4,"","","","","","","",8.07,"","","","","","","","","","","","","","","","",1.22,"",""
691,NALSAROVAR LAKE (SANAND) DIST.AHMEDABAD,CPCB,24,Gujarat,438,Ahmedabad,VIRAMGAM,-,-,-,-,-,-,-,-,22.79968100,72.03942200,01-11-2021 08:30,2.18,"","","","",7.8,"","","","","","","",8.83,"","","","","","","","","","","","","","","","","","",""
692,NALSAROVAR LAKE (SANAND) DIST.AHMEDABAD,CPCB,24,Gujarat,438,Ahmedabad,VIRAMGAM,-,-,-,-,-,-,-,-,22.79968100,72.03942200,03-12-2021 08:30,2.07,"","","","",8.4,"","","","","","","",8.54,"","","","","","","","","","","","","","","","",11.82,"",""
693,NARMADA AT BHARUCH ZADESHVAR,CPCB,24,Gujarat,442,Bharuch,ANKLESVAR,-,-,-,-,-,-,-,-,21.66590600,72.91668100,02-01-2021 08:30,"","","","","",7.4,"","","","","","","",7.6,"","","","","","","","","","","","","","","","","","",""
694,NARMADA AT BHARUCH ZADESHVAR,CPCB,24,Gujarat,442,Bharuch,ANKLESVAR,-,-,-,-,-,-,-,-,21.66590600,72.91668100,01-02-2021 08:30,"","","","","",7.6,"","","","","","","",8.08,"","","","","","","","","","","","","","","","","","",""
695,NARMADA AT BHARUCH ZADESHVAR,CPCB,24,Gujarat,442,Bharuch,ANKLESVAR,-,-,-,-,-,-,-,-,21.66590600,72.91668100,03-03-2021 08:30,"","","","","",7.9,"","","","","","","",7.99,"","","","","","","","","","","","","","","","","","",""
696,NARMADA AT BHARUCH ZADESHVAR,CPCB,24,Gujarat,442,Bharuch,ANKLESVAR,-,-,-,-,-,-,-,-,21.66590600,72.91668100,07-04-2021 08:30,"","","","","",7.4,"","","","","","","",8.09,"","","","","","","","","","","","","","","","","","",""
697,NARMADA AT BHARUCH ZADESHVAR,CPCB,24,Gujarat,442,Bharuch,ANKLESVAR,-,-,-,-,-,-,-,-,21.66590600,72.91668100,04-05-2021 08:30,"","","","","",8.1,"","","","","","","",7.96,"","","","","","","","","","","","","","","","","","",""
698,NARMADA AT BHARUCH ZADESHVAR,CPCB,24,Gujarat,442,Bharuch,ANKLESVAR,-,-,-,-,-,-,-,-,21.66590600,72.91668100,01-06-2021 08:30,"","","","","",8.2,"","","","","","","",7.95,"","","","","","","","","","","","","","","","","","",""
699,NARMADA AT BHARUCH ZADESHVAR,CPCB,24,Gujarat,442,Bharuch,ANKLESVAR,-,-,-,-,-,-,-,-,21.66590600,72.91668100,02-07-2021 08:30,"","","","","",7.6,"","","","","","","",8.07,"","","","","","","","","","","","","","","","","","",""
700,NARMADA AT BHARUCH ZADESHVAR,CPCB,24,Gujarat,442,Bharuch,ANKLESVAR,-,-,-,-,-,-,-,-,21.66590600,72.91668100,03-08-2021 08:30,"","","","","",7,"","","","","","","",7.95,"","","","","","","","","","","","","","","","","","",""
701,NARMADA AT BHARUCH ZADESHVAR,CPCB,24,Gujarat,442,Bharuch,ANKLESVAR,-,-,-,-,-,-,-,-,21.66590600,72.91668100,02-09-2021 08:30,"","","","","",6.6,"","","","","","","",8.21,"","","","","","","","","","","","","","","","","","",""
702,NARMADA AT BHARUCH ZADESHVAR,CPCB,24,Gujarat,442,Bharuch,ANKLESVAR,-,-,-,-,-,-,-,-,21.66590600,72.91668100,04-10-2021 08:30,"","","","","",6.5,"","","","","","","",7.74,"","","","","","","","","","","","","","","","","","",""
703,NARMADA AT BHARUCH ZADESHVAR,CPCB,24,Gujarat,442,Bharuch,ANKLESVAR,-,-,-,-,-,-,-,-,21.66590600,72.91668100,02-11-2021 08:30,"","","","","",7.4,"","","","","","","",8.21,"","","","","","","","","","","","","","","","","","",""
704,NARMADA AT BHARUCH ZADESHVAR,CPCB,24,Gujarat,442,Bharuch,ANKLESVAR,-,-,-,-,-,-,-,-,21.66590600,72.91668100,02-12-2021 08:30,"","","","","",7.9,"","","","","","","",8.24,"","","","","","","","","","","","","","","","","","",""
705,NARMADA AT CHANDOD,CPCB,24,Gujarat,461,Vadodara,DABHOI,-,-,-,-,-,-,-,-,21.98372200,73.45633100,04-01-2021 08:30,"","","","","",8.7,"","","","","","","",7.75,"","","","","","","","","","","","","","","","","","",""
706,NARMADA AT CHANDOD,CPCB,24,Gujarat,461,Vadodara,DABHOI,-,-,-,-,-,-,-,-,21.98372200,73.45633100,02-02-2021 08:30,"","","","","",8,"","","","","","","",8.09,"","","","","","","","","","","","","","","","","","",""
707,NARMADA AT CHANDOD,CPCB,24,Gujarat,461,Vadodara,DABHOI,-,-,-,-,-,-,-,-,21.98372200,73.45633100,03-03-2021 08:30,"","","","","",8.6,"","","","","","","",7.98,"","","","","","","","","","","","","","","","","","",""
708,NARMADA AT CHANDOD,CPCB,24,Gujarat,461,Vadodara,DABHOI,-,-,-,-,-,-,-,-,21.98372200,73.45633100,01-04-2021 08:30,"","","","","",8.5,"","","","","","","",7.65,"","","","","","","","","","","","","","","","","","",""
709,NARMADA AT CHANDOD,CPCB,24,Gujarat,461,Vadodara,DABHOI,-,-,-,-,-,-,-,-,21.98372200,73.45633100,04-05-2021 08:30,"","","","","",7.4,"","","","","","","",8.02,"","","","","","","","","","","","","","","","","","",""
710,NARMADA AT CHANDOD,CPCB,24,Gujarat,461,Vadodara,DABHOI,-,-,-,-,-,-,-,-,21.98372200,73.45633100,02-06-2021 08:30,"","","","","",7.4,"","","","","","","",7.33,"","","","","","","","","","","","","","","","","","",""
711,NARMADA AT CHANDOD,CPCB,24,Gujarat,461,Vadodara,DABHOI,-,-,-,-,-,-,-,-,21.98372200,73.45633100,02-07-2021 08:30,"","","","","",8,"","","","","","","",8.19,"","","","","","","","","","","","","","","","","","",""
712,NARMADA AT CHANDOD,CPCB,24,Gujarat,461,Vadodara,DABHOI,-,-,-,-,-,-,-,-,21.98372200,73.45633100,03-08-2021 08:30,"","","","","",8.1,"","","","","","","",7.05,"","","","","","","","","","","","","","","","","","",""
713,NARMADA AT CHANDOD,CPCB,24,Gujarat,461,Vadodara,DABHOI,-,-,-,-,-,-,-,-,21.98372200,73.45633100,02-09-2021 08:30,"","","","","",6.9,"","","","","","","",7.55,"","","","","","","","","","","","","","","","","","",""
714,NARMADA AT CHANDOD,CPCB,24,Gujarat,461,Vadodara,DABHOI,-,-,-,-,-,-,-,-,21.98372200,73.45633100,04-10-2021 08:30,"","","","","",7.5,"","","","","","","",8.42,"","","","","","","","","","","","","","","","","","",""
715,NARMADA AT CHANDOD,CPCB,24,Gujarat,461,Vadodara,DABHOI,-,-,-,-,-,-,-,-,21.98372200,73.45633100,01-11-2021 08:30,"","","","","",7.6,"","","","","","","",8.03,"","","","","","","","","","","","","","","","","","",""
716,NARMADA AT CHANDOD,CPCB,24,Gujarat,461,Vadodara,DABHOI,-,-,-,-,-,-,-,-,21.98372200,73.45633100,04-12-2021 08:30,"","","","","",8.5,"","","","","","","",7.85,"","","","","","","","","","","","","","","","","","",""
717,NARMADA AT GARUDESHWAR,CPCB,24,Gujarat,452,Narmada,NANDOD,-,-,-,-,-,-,-,-,21.88783300,73.64544400,05-01-2021 08:30,"","","","","",7.3,"","","","","","","",8.3,"","","","","","","","","","","","","","","","","","",""
718,NARMADA AT GARUDESHWAR,CPCB,24,Gujarat,452,Narmada,NANDOD,-,-,-,-,-,-,-,-,21.88783300,73.64544400,10-02-2021 08:30,"","","","","",7.3,"","","","","","","",7.9,"","","","","","","","","","","","","","","","","","",""
719,NARMADA AT GARUDESHWAR,CPCB,24,Gujarat,452,Narmada,NANDOD,-,-,-,-,-,-,-,-,21.88783300,73.64544400,09-03-2021 08:30,"","","","","",7.6,"","","","","","","",8.14,"","","","","","","","","","","","","","","","","","",""
720,NARMADA AT GARUDESHWAR,CPCB,24,Gujarat,452,Narmada,NANDOD,-,-,-,-,-,-,-,-,21.88783300,73.64544400,05-04-2021 08:30,"","","","","",7.9,"","","","","","","",8.21,"","","","","","","","","","","","","","","","","","",""
721,NARMADA AT GARUDESHWAR,CPCB,24,Gujarat,452,Narmada,NANDOD,-,-,-,-,-,-,-,-,21.88783300,73.64544400,04-05-2021 08:30,"","","","","",8.1,"","","","","","","",7.91,"","","","","","","","","","","","","","","","","","",""
722,NARMADA AT GARUDESHWAR,CPCB,24,Gujarat,452,Narmada,NANDOD,-,-,-,-,-,-,-,-,21.88783300,73.64544400,03-06-2021 08:30,"","","","","",8.3,"","","","","","","",8.02,"","","","","","","","","","","","","","","","","","",""
723,NARMADA AT GARUDESHWAR,CPCB,24,Gujarat,452,Narmada,NANDOD,-,-,-,-,-,-,-,-,21.88783300,73.64544400,01-07-2021 08:30,"","","","","",7.4,"","","","","","","",7.97,"","","","","","","","","","","","","","","","","","",""
724,NARMADA AT GARUDESHWAR,CPCB,24,Gujarat,452,Narmada,NANDOD,-,-,-,-,-,-,-,-,21.88783300,73.64544400,03-08-2021 08:30,"","","","","",8.1,"","","","","","","",8.28,"","","","","","","","","","","","","","","","","","",""
725,NARMADA AT GARUDESHWAR,CPCB,24,Gujarat,452,Narmada,NANDOD,-,-,-,-,-,-,-,-,21.88783300,73.64544400,04-09-2021 08:30,"","","","","",6.4,"","","","","","","",7.51,"","","","","","","","","","","","","","","","","","",""
726,NARMADA AT GARUDESHWAR,CPCB,24,Gujarat,452,Narmada,NANDOD,-,-,-,-,-,-,-,-,21.88783300,73.64544400,05-10-2021 08:30,"","","","","",7.4,"","","","","","","",8.26,"","","","","","","","","","","","","","","","","","",""
727,NARMADA AT GARUDESHWAR,CPCB,24,Gujarat,452,Narmada,NANDOD,-,-,-,-,-,-,-,-,21.88783300,73.64544400,01-11-2021 08:30,"","","","","",8.2,"","","","","","","",8.25,"","","","","","","","","","","","","","","","","","",""
728,NARMADA AT GARUDESHWAR,CPCB,24,Gujarat,452,Narmada,NANDOD,-,-,-,-,-,-,-,-,21.88783300,73.64544400,01-12-2021 08:30,"","","","","",8.1,"","","","","","","",8.02,"","","","","","","","","","","","","","","","","","",""
729,NARMADA AT GORA BRIDGE NAVAGAM (GUJARAT),CPCB,24,Gujarat,452,Narmada,NANDOD,-,-,-,-,-,-,-,-,21.86214700,73.69399100,19-01-2021 08:30,"","","","","",8.5,"","","","","","","",8,"","","","","","","","","","","","","","","","","","",""
730,NARMADA AT PANETHA,CPCB,24,Gujarat,452,Narmada,TILAKWADA,-,-,-,-,-,-,-,-,21.95060800,73.58469700,05-01-2021 08:30,"","","","","",7.3,"","","","","","","",8.1,"","","","","","","","","","","","","","","","","","",""
731,NARMADA AT PANETHA,CPCB,24,Gujarat,452,Narmada,TILAKWADA,-,-,-,-,-,-,-,-,21.95060800,73.58469700,10-02-2021 08:30,"","","","","",7.5,"","","","","","","",7.9,"","","","","","","","","","","","","","","","","","",""
732,NARMADA AT PANETHA,CPCB,24,Gujarat,452,Narmada,TILAKWADA,-,-,-,-,-,-,-,-,21.95060800,73.58469700,09-03-2021 08:30,"","","","","",8,"","","","","","","",7.99,"","","","","","","","","","","","","","","","","","",""
733,NARMADA AT PANETHA,CPCB,24,Gujarat,452,Narmada,TILAKWADA,-,-,-,-,-,-,-,-,21.95060800,73.58469700,05-04-2021 08:30,"","","","","",8.1,"","","","","","","",8.16,"","","","","","","","","","","","","","","","","","",""
734,NARMADA AT PANETHA,CPCB,24,Gujarat,452,Narmada,TILAKWADA,-,-,-,-,-,-,-,-,21.95060800,73.58469700,04-05-2021 08:30,"","","","","",7.6,"","","","","","","",7.94,"","","","","","","","","","","","","","","","","","",""
735,NARMADA AT PANETHA,CPCB,24,Gujarat,452,Narmada,TILAKWADA,-,-,-,-,-,-,-,-,21.95060800,73.58469700,03-06-2021 08:30,"","","","","",8.1,"","","","","","","",8.04,"","","","","","","","","","","","","","","","","","",""
736,NARMADA AT PANETHA,CPCB,24,Gujarat,452,Narmada,TILAKWADA,-,-,-,-,-,-,-,-,21.95060800,73.58469700,02-07-2021 08:30,"","","","","",7.3,"","","","","","","",7.94,"","","","","","","","","","","","","","","","","","",""
737,NARMADA AT PANETHA,CPCB,24,Gujarat,452,Narmada,TILAKWADA,-,-,-,-,-,-,-,-,21.95060800,73.58469700,03-08-2021 08:30,"","","","","",8.2,"","","","","","","",8.4,"","","","","","","","","","","","","","","","","","",""
738,NARMADA AT PANETHA,CPCB,24,Gujarat,452,Narmada,TILAKWADA,-,-,-,-,-,-,-,-,21.95060800,73.58469700,04-09-2021 08:30,"","","","","",6.9,"","","","","","","",7.33,"","","","","","","","","","","","","","","","","","",""
739,NARMADA AT PANETHA,CPCB,24,Gujarat,452,Narmada,TILAKWADA,-,-,-,-,-,-,-,-,21.95060800,73.58469700,05-10-2021 08:30,"","","","","",7.9,"","","","","","","",8,"","","","","","","","","","","","","","","","","","",""
740,NARMADA AT PANETHA,CPCB,24,Gujarat,452,Narmada,TILAKWADA,-,-,-,-,-,-,-,-,21.95060800,73.58469700,01-11-2021 08:30,"","","","","",8.1,"","","","","","","",8.26,"","","","","","","","","","","","","","","","","","",""
741,NARMADA AT PANETHA,CPCB,24,Gujarat,452,Narmada,TILAKWADA,-,-,-,-,-,-,-,-,21.95060800,73.58469700,01-12-2021 08:30,"","","","","",8,"","","","","","","",8.05,"","","","","","","","","","","","","","","","","","",""
742,NARMADA AT ZANOR (NTPC) BHARUCH,CPCB,24,Gujarat,442,Bharuch,BHARUCH,-,-,-,-,-,-,-,-,21.71499700,73.04289100,02-01-2021 08:30,"","","","","",7.4,"","","","","","","",7.5,"","","","","","","","","","","","","","","","","","",""
743,NARMADA AT ZANOR (NTPC) BHARUCH,CPCB,24,Gujarat,442,Bharuch,BHARUCH,-,-,-,-,-,-,-,-,21.71499700,73.04289100,01-02-2021 08:30,"","","","","",8.1,"","","","","","","",7.74,"","","","","","","","","","","","","","","","","","",""
744,NARMADA AT ZANOR (NTPC) BHARUCH,CPCB,24,Gujarat,442,Bharuch,BHARUCH,-,-,-,-,-,-,-,-,21.71499700,73.04289100,03-03-2021 08:30,"","","","","",8.2,"","","","","","","",7.78,"","","","","","","","","","","","","","","","","","",""
745,NARMADA AT ZANOR (NTPC) BHARUCH,CPCB,24,Gujarat,442,Bharuch,BHARUCH,-,-,-,-,-,-,-,-,21.71499700,73.04289100,07-04-2021 08:30,"","","","","",7.8,"","","","","","","",8.07,"","","","","","","","","","","","","","","","","","",""
746,NARMADA AT ZANOR (NTPC) BHARUCH,CPCB,24,Gujarat,442,Bharuch,BHARUCH,-,-,-,-,-,-,-,-,21.71499700,73.04289100,04-05-2021 08:30,"","","","","",8.3,"","","","","","","",8.02,"","","","","","","","","","","","","","","","","","",""
747,NARMADA AT ZANOR (NTPC) BHARUCH,CPCB,24,Gujarat,442,Bharuch,BHARUCH,-,-,-,-,-,-,-,-,21.71499700,73.04289100,01-06-2021 08:30,"","","","","",8.1,"","","","","","","",7.91,"","","","","","","","","","","","","","","","","","",""
748,NARMADA AT ZANOR (NTPC) BHARUCH,CPCB,24,Gujarat,442,Bharuch,BHARUCH,-,-,-,-,-,-,-,-,21.71499700,73.04289100,02-07-2021 08:30,"","","","","",7.7,"","","","","","","",8.24,"","","","","","","","","","","","","","","","","","",""
749,NARMADA AT ZANOR (NTPC) BHARUCH,CPCB,24,Gujarat,442,Bharuch,BHARUCH,-,-,-,-,-,-,-,-,21.71499700,73.04289100,03-08-2021 08:30,"","","","","",7.2,"","","","","","","",7.87,"","","","","","","","","","","","","","","","","","",""
750,NARMADA AT ZANOR (NTPC) BHARUCH,CPCB,24,Gujarat,442,Bharuch,BHARUCH,-,-,-,-,-,-,-,-,21.71499700,73.04289100,02-09-2021 08:30,"","","","","",6.8,"","","","","","","",8.19,"","","","","","","","","","","","","","","","","","",""
751,NARMADA AT ZANOR (NTPC) BHARUCH,CPCB,24,Gujarat,442,Bharuch,BHARUCH,-,-,-,-,-,-,-,-,21.71499700,73.04289100,04-10-2021 08:30,"","","","","",6.7,"","","","","","","",7.88,"","","","","","","","","","","","","","","","","","",""
752,NARMADA AT ZANOR (NTPC) BHARUCH,CPCB,24,Gujarat,442,Bharuch,BHARUCH,-,-,-,-,-,-,-,-,21.71499700,73.04289100,02-11-2021 08:30,"","","","","",8,"","","","","","","",8.18,"","","","","","","","","","","","","","","","","","",""
753,NARMADA AT ZANOR (NTPC) BHARUCH,CPCB,24,Gujarat,442,Bharuch,BHARUCH,-,-,-,-,-,-,-,-,21.71499700,73.04289100,02-12-2021 08:30,"","","","","",8,"","","","","","","",8.21,"","","","","","","","","","","","","","","","","","",""
754,NARMADA MAIN CANAL NR. VILLAGE. LIMBADIA DIST. GANDHINAGAR.,CPCB,24,Gujarat,446,Gandhinagar,GANDHINAGAR,-,-,-,-,-,-,-,-,23.13493600,72.61152500,02-01-2021 08:30,0.28,"","","","",7,"","","","","","","",8.01,"","","","","","","","","","","","","","","","","","",""
755,NARMADA MAIN CANAL NR. VILLAGE. LIMBADIA DIST. GANDHINAGAR.,CPCB,24,Gujarat,446,Gandhinagar,GANDHINAGAR,-,-,-,-,-,-,-,-,23.13493600,72.61152500,01-02-2021 08:30,0.59,"","","","",7.3,"","","","","","","",8.11,"","","","","","","","","","","","","","","","","","",""
756,NARMADA MAIN CANAL NR. VILLAGE. LIMBADIA DIST. GANDHINAGAR.,CPCB,24,Gujarat,446,Gandhinagar,GANDHINAGAR,-,-,-,-,-,-,-,-,23.13493600,72.61152500,01-03-2021 08:30,1.18,"","","","",7.1,"","","","","","","",7.97,"","","","","","","","","","","","","","","","","","",""
757,NARMADA MAIN CANAL NR. VILLAGE. LIMBADIA DIST. GANDHINAGAR.,CPCB,24,Gujarat,446,Gandhinagar,GANDHINAGAR,-,-,-,-,-,-,-,-,23.13493600,72.61152500,05-04-2021 08:30,1.51,"","","","",7,"","","","","","","",7.63,"","","","","","","","","","","","","","","","",1,"",""
758,NARMADA MAIN CANAL NR. VILLAGE. LIMBADIA DIST. GANDHINAGAR.,CPCB,24,Gujarat,446,Gandhinagar,GANDHINAGAR,-,-,-,-,-,-,-,-,23.13493600,72.61152500,03-05-2021 08:30,2.02,"","","","",7.1,"","","","","","","",7.88,"","","","","","","","","","","","","","","","","","",""
759,NARMADA MAIN CANAL NR. VILLAGE. LIMBADIA DIST. GANDHINAGAR.,CPCB,24,Gujarat,446,Gandhinagar,GANDHINAGAR,-,-,-,-,-,-,-,-,23.13493600,72.61152500,01-06-2021 08:30,2.35,"","","","",7,"","","","","","","",7.98,"","","","","","","","","","","","","","","","","","",""
760,NARMADA MAIN CANAL NR. VILLAGE. LIMBADIA DIST. GANDHINAGAR.,CPCB,24,Gujarat,446,Gandhinagar,GANDHINAGAR,-,-,-,-,-,-,-,-,23.13493600,72.61152500,01-07-2021 08:30,1.9,"","","","",4.6,"","","","","","","",8.05,"","","","","","","","","","","","","","","","","","",""
761,NARMADA MAIN CANAL NR. VILLAGE. LIMBADIA DIST. GANDHINAGAR.,CPCB,24,Gujarat,446,Gandhinagar,GANDHINAGAR,-,-,-,-,-,-,-,-,23.13493600,72.61152500,07-08-2021 08:30,"","","","","",5.8,"","","","","","","",8.06,"","","","","","","","","","","","","","","","","","",""
762,NARMADA MAIN CANAL NR. VILLAGE. LIMBADIA DIST. GANDHINAGAR.,CPCB,24,Gujarat,446,Gandhinagar,GANDHINAGAR,-,-,-,-,-,-,-,-,23.13493600,72.61152500,02-09-2021 08:30,"","","","","",5.8,"","","","","","","",8.15,"","","","","","","","","","","","","","","","","","",""
763,NARMADA MAIN CANAL NR. VILLAGE. LIMBADIA DIST. GANDHINAGAR.,CPCB,24,Gujarat,446,Gandhinagar,GANDHINAGAR,-,-,-,-,-,-,-,-,23.13493600,72.61152500,05-10-2021 08:30,"","","","","",7,"","","","","","","",7.79,"","","","","","","","","","","","","","","","","","",""
764,NARSIMEHTA TALAV- JUNAGADH,CPCB,24,Gujarat,448,Junagadh,JUNAGADH,-,-,-,-,-,-,-,-,21.51885800,70.45479400,01-01-2021 08:30,0.56,"","","","",6.2,"","","","","","","",7.9,"","","","","","","","","","","","","","","","",1.2,"",""
765,NARSIMEHTA TALAV- JUNAGADH,CPCB,24,Gujarat,448,Junagadh,JUNAGADH,-,-,-,-,-,-,-,-,21.51885800,70.45479400,03-02-2021 08:30,0.56,"","","","",3.5,"","","","","","","",7.99,"","","","","","","","","","","","","","","","",2.56,"",""
766,NARSIMEHTA TALAV- JUNAGADH,CPCB,24,Gujarat,448,Junagadh,JUNAGADH,-,-,-,-,-,-,-,-,21.51885800,70.45479400,04-03-2021 08:30,0.56,"","","","",6,"","","","","","","",7.36,"","","","","","","","","","","","","","","","",2.54,"",""
767,NARSIMEHTA TALAV- JUNAGADH,CPCB,24,Gujarat,448,Junagadh,JUNAGADH,-,-,-,-,-,-,-,-,21.51885800,70.45479400,08-04-2021 08:30,0.56,"","","","",6.4,"","","","","","","",8.28,"","","","","","","","","","","","","","","","",2.46,"",""
768,NARSIMEHTA TALAV- JUNAGADH,CPCB,24,Gujarat,448,Junagadh,JUNAGADH,-,-,-,-,-,-,-,-,21.51885800,70.45479400,04-05-2021 08:30,0.4,"","","","",4.8,"","","","","","","",7.38,"","","","","","","","","","","","","","","","",2.54,"",""
769,NARSIMEHTA TALAV- JUNAGADH,CPCB,24,Gujarat,448,Junagadh,JUNAGADH,-,-,-,-,-,-,-,-,21.51885800,70.45479400,01-06-2021 08:30,0.56,"","","","",5.5,"","","","","","","",7.77,"","","","","","","","","","","","","","","","",1.97,"",""
770,NARSIMEHTA TALAV- JUNAGADH,CPCB,24,Gujarat,448,Junagadh,JUNAGADH,-,-,-,-,-,-,-,-,21.51885800,70.45479400,06-07-2021 08:30,0.4,"","","","",6.1,"","","","","","","",7.4,"","","","","","","","","","","","","","","","",1.81,"",""
771,NARSIMEHTA TALAV- JUNAGADH,CPCB,24,Gujarat,448,Junagadh,JUNAGADH,-,-,-,-,-,-,-,-,21.51885800,70.45479400,02-08-2021 08:30,0.4,"","","","",6.2,"","","","","","","",7.46,"","","","","","","","","","","","","","","","",1.78,"",""
772,NARSIMEHTA TALAV- JUNAGADH,CPCB,24,Gujarat,448,Junagadh,JUNAGADH,-,-,-,-,-,-,-,-,21.51885800,70.45479400,07-09-2021 08:30,0.4,"","","","",6.4,"","","","","","","",7.91,"","","","","","","","","","","","","","","","",1.23,"",""
773,NARSIMEHTA TALAV- JUNAGADH,CPCB,24,Gujarat,448,Junagadh,JUNAGADH,-,-,-,-,-,-,-,-,21.51885800,70.45479400,01-10-2021 08:30,0.4,"","","","",6.5,"","","","","","","",7.23,"","","","","","","","","","","","","","","","",0.94,"",""
774,NARSIMEHTA TALAV- JUNAGADH,CPCB,24,Gujarat,448,Junagadh,JUNAGADH,-,-,-,-,-,-,-,-,21.51885800,70.45479400,01-11-2021 08:30,0.4,"","","","",6.4,"","","","","","","",7.66,"","","","","","","","","","","","","","","","",1.15,"",""
775,NARSIMEHTA TALAV- JUNAGADH,CPCB,24,Gujarat,448,Junagadh,JUNAGADH,-,-,-,-,-,-,-,-,21.51885800,70.45479400,02-12-2021 08:30,0.4,"","","","",6.4,"","","","","","","",7.29,"","","","","","","","","","","","","","","","",1.12,"",""
776,OLPAD VILLAGE POND:OLPAD SURAT,CPCB,24,Gujarat,459,Surat,OLPAD,-,-,-,-,-,-,-,-,21.33757400,72.75380900,05-01-2021 08:30,0.56,"","","","",7.5,"","","","","","","",7.8,"","","","","","","","","","","","","","","","","","",""
777,OLPAD VILLAGE POND:OLPAD SURAT,CPCB,24,Gujarat,459,Surat,OLPAD,-,-,-,-,-,-,-,-,21.33757400,72.75380900,02-02-2021 08:30,0.27,"","","","",6.8,"","","","","","","",7.8,"","","","","","","","","","","","","","","","","","",""
778,OLPAD VILLAGE POND:OLPAD SURAT,CPCB,24,Gujarat,459,Surat,OLPAD,-,-,-,-,-,-,-,-,21.33757400,72.75380900,02-03-2021 08:30,0.28,"","","","",7.4,"","","","","","","",8.29,"","","","","","","","","","","","","","","","","","",""
779,OLPAD VILLAGE POND:OLPAD SURAT,CPCB,24,Gujarat,459,Surat,OLPAD,-,-,-,-,-,-,-,-,21.33757400,72.75380900,01-04-2021 08:30,1.4,"","","","",6.8,"","","","","","","",8.3,"","","","","","","","","","","","","","","","","","",""
780,OLPAD VILLAGE POND:OLPAD SURAT,CPCB,24,Gujarat,459,Surat,OLPAD,-,-,-,-,-,-,-,-,21.33757400,72.75380900,04-05-2021 08:30,0.4,"","","","",7.2,"","","","","","","",8.34,"","","","","","","","","","","","","","","","","","",""
781,OLPAD VILLAGE POND:OLPAD SURAT,CPCB,24,Gujarat,459,Surat,OLPAD,-,-,-,-,-,-,-,-,21.33757400,72.75380900,02-06-2021 08:30,0.4,"","","","",7.2,"","","","","","","",8.4,"","","","","","","","","","","","","","","","","","",""
782,OLPAD VILLAGE POND:OLPAD SURAT,CPCB,24,Gujarat,459,Surat,OLPAD,-,-,-,-,-,-,-,-,21.33757400,72.75380900,02-07-2021 08:30,0.59,"","","","",5.4,"","","","","","","",7.9,"","","","","","","","","","","","","","","","","","",""
783,OLPAD VILLAGE POND:OLPAD SURAT,CPCB,24,Gujarat,459,Surat,OLPAD,-,-,-,-,-,-,-,-,21.33757400,72.75380900,02-08-2021 08:30,0.57,"","","","",8,"","","","","","","",7.35,"","","","","","","","","","","","","","","","","","",""
784,OLPAD VILLAGE POND:OLPAD SURAT,CPCB,24,Gujarat,459,Surat,OLPAD,-,-,-,-,-,-,-,-,21.33757400,72.75380900,02-09-2021 08:30,0.4,"","","","",7.6,"","","","","","","",7.25,"","","","","","","","","","","","","","","","","","",""
785,OLPAD VILLAGE POND:OLPAD SURAT,CPCB,24,Gujarat,459,Surat,OLPAD,-,-,-,-,-,-,-,-,21.33757400,72.75380900,01-10-2021 08:30,0.4,"","","","",8.2,"","","","","","","",7.78,"","","","","","","","","","","","","","","","",0.39,"",""
786,OLPAD VILLAGE POND:OLPAD SURAT,CPCB,24,Gujarat,459,Surat,OLPAD,-,-,-,-,-,-,-,-,21.33757400,72.75380900,01-11-2021 08:30,0.4,"","","","",8,"","","","","","","",8.24,"","","","","","","","","","","","","","","","","","",""
787,OLPAD VILLAGE POND:OLPAD SURAT,CPCB,24,Gujarat,459,Surat,OLPAD,-,-,-,-,-,-,-,-,21.33757400,72.75380900,02-12-2021 08:30,0.4,"","","","",7,"","","","","","","",7.63,"","","","","","","","","","","","","","","","","","",""
788,PANDESARA (INDSTRIAL) SURAT,CPCB,24,Gujarat,459,Surat,SURAT CITY,-,-,-,-,-,-,-,-,21.14066700,72.84272700,01-04-2021 08:30,"","","","",720,"",2132,"","","","","","",7.76,"","","",370,"","","",60,"",72,450,"",0.9,"","",0.062,"","",""
789,PANDESARA (INDSTRIAL) SURAT,CPCB,24,Gujarat,459,Surat,SURAT CITY,-,-,-,-,-,-,-,-,21.14066700,72.84272700,06-10-2021 08:30,"","","","",310,"",1338,"","","","","","",7.9,"","","",580,"","",0.281,68.14,"",85.12,520,"","","","",0.147,"","",""
790,PATAN BOREWELL,CPCB,24,Gujarat,455,Patan,PATAN,-,-,-,-,-,-,-,-,23.84929200,72.12675300,03-04-2021 08:30,"","","","",288,"",952,"","","","","","",7.67,"","","",251,"","","",8,"",54,241,"",0.8,"","","","","",""
791,PATAN BOREWELL,CPCB,24,Gujarat,455,Patan,PATAN,-,-,-,-,-,-,-,-,23.84929200,72.12675300,01-10-2021 08:30,"","","","",227,"",1012,"","","","","","",7.98,"","","",271,"","",0.04,22,"",55,282,"",0.38,"","","","","",""
792,PURNA RIVER ON BRIDGE AT SURAT-NAVSARI HIGHWAY,CPCB,24,Gujarat,453,Navsari,NAVSARI,-,-,-,-,-,-,-,-,20.98046400,73.01675700,01-01-2021 08:30,"","","","","",5.2,"","","","","","","",7.1,"","","","","","","","","","","","","","","","","","",""
793,PURNA RIVER ON BRIDGE AT SURAT-NAVSARI HIGHWAY,CPCB,24,Gujarat,453,Navsari,NAVSARI,-,-,-,-,-,-,-,-,20.98046400,73.01675700,04-02-2021 08:30,"","","","","",7.2,"","","","","","","",7.21,"","","","","","","","","","","","","","","","","","",""
794,PURNA RIVER ON BRIDGE AT SURAT-NAVSARI HIGHWAY,CPCB,24,Gujarat,453,Navsari,NAVSARI,-,-,-,-,-,-,-,-,20.98046400,73.01675700,02-03-2021 08:30,"","","","","",5.8,"","","","","","","",7.27,"","","","","","","","","","","","","","","","","","",""
795,PURNA RIVER ON BRIDGE AT SURAT-NAVSARI HIGHWAY,CPCB,24,Gujarat,453,Navsari,NAVSARI,-,-,-,-,-,-,-,-,20.98046400,73.01675700,04-04-2021 08:30,"","","","","",7,"","","","","","","",8.33,"","","","","","","","","","","","","","","","","","",""
796,PURNA RIVER ON BRIDGE AT SURAT-NAVSARI HIGHWAY,CPCB,24,Gujarat,453,Navsari,NAVSARI,-,-,-,-,-,-,-,-,20.98046400,73.01675700,03-05-2021 08:30,"","","","","",6.9,"","","","","","","",7.52,"","","","","","","","","","","","","","","","","","",""
797,PURNA RIVER ON BRIDGE AT SURAT-NAVSARI HIGHWAY,CPCB,24,Gujarat,453,Navsari,NAVSARI,-,-,-,-,-,-,-,-,20.98046400,73.01675700,02-06-2021 08:30,"","","","","",6.9,"","","","","","","",8.36,"","","","","","","","","","","","","","","","","","",""
798,PURNA RIVER ON BRIDGE AT SURAT-NAVSARI HIGHWAY,CPCB,24,Gujarat,453,Navsari,NAVSARI,-,-,-,-,-,-,-,-,20.98046400,73.01675700,02-07-2021 08:30,"","","","","",6.6,"","","","","","","",7.77,"","","","","","","","","","","","","","","","","","",""
799,PURNA RIVER ON BRIDGE AT SURAT-NAVSARI HIGHWAY,CPCB,24,Gujarat,453,Navsari,NAVSARI,-,-,-,-,-,-,-,-,20.98046400,73.01675700,02-08-2021 08:30,"","","","","",6.9,"","","","","","","",7.19,"","","","","","","","","","","","","","","","","","",""
800,PURNA RIVER ON BRIDGE AT SURAT-NAVSARI HIGHWAY,CPCB,24,Gujarat,453,Navsari,NAVSARI,-,-,-,-,-,-,-,-,20.98046400,73.01675700,02-09-2021 08:30,"","","","","",7,"","","","","","","",8.01,"","","","","","","","","","","","","","","","","","",""
801,PURNA RIVER ON BRIDGE AT SURAT-NAVSARI HIGHWAY,CPCB,24,Gujarat,453,Navsari,NAVSARI,-,-,-,-,-,-,-,-,20.98046400,73.01675700,02-10-2021 08:30,"","","","","",7.1,"","","","","","","",7.95,"","","","","","","","","","","","","","","","","","",""
802,PURNA RIVER ON BRIDGE AT SURAT-NAVSARI HIGHWAY,CPCB,24,Gujarat,453,Navsari,NAVSARI,-,-,-,-,-,-,-,-,20.98046400,73.01675700,02-11-2021 08:30,"","","","","",7,"","","","","","","",7.5,"","","","","","","","","","","","","","","","","","",""
803,PURNA RIVER ON BRIDGE AT SURAT-NAVSARI HIGHWAY,CPCB,24,Gujarat,453,Navsari,NAVSARI,-,-,-,-,-,-,-,-,20.98046400,73.01675700,06-12-2021 08:30,"","","","","",6.6,"","","","","","","",7.71,"","","","","","","","","","","","","","","","","","",""
804,RIVER MAHI AT DODKA,CPCB,24,Gujarat,461,Vadodara,VADODARA,-,-,-,-,-,-,-,-,22.46027800,73.09388900,01-01-2021 08:30,"","","","","",8.5,"","","","","","","",8.35,"","","","","","","","","","","","","","","","","","",""
805,RIVER MAHI AT DODKA,CPCB,24,Gujarat,461,Vadodara,VADODARA,-,-,-,-,-,-,-,-,22.46027800,73.09388900,01-02-2021 08:30,"","","","","",8.5,"","","","","","","",7.86,"","","","","","","","","","","","","","","","","","",""
806,RIVER MAHI AT DODKA,CPCB,24,Gujarat,461,Vadodara,VADODARA,-,-,-,-,-,-,-,-,22.46027800,73.09388900,01-03-2021 08:30,"","","","","",8.6,"","","","","","","",8.2,"","","","","","","","","","","","","","","","","","",""
807,RIVER MAHI AT DODKA,CPCB,24,Gujarat,461,Vadodara,VADODARA,-,-,-,-,-,-,-,-,22.46027800,73.09388900,02-04-2021 08:30,"","","","","",7,"","","","","","","",8.09,"","","","","","","","","","","","","","","","","","",""
808,RIVER MAHI AT DODKA,CPCB,24,Gujarat,461,Vadodara,VADODARA,-,-,-,-,-,-,-,-,22.46027800,73.09388900,03-05-2021 08:30,"","","","","",8.2,"","","","","","","",8.19,"","","","","","","","","","","","","","","","","","",""
809,RIVER MAHI AT DODKA,CPCB,24,Gujarat,461,Vadodara,VADODARA,-,-,-,-,-,-,-,-,22.46027800,73.09388900,01-06-2021 08:30,"","","","","",6.8,"","","","","","","",7.93,"","","","","","","","","","","","","","","","","","",""
810,RIVER MAHI AT DODKA,CPCB,24,Gujarat,461,Vadodara,VADODARA,-,-,-,-,-,-,-,-,22.46027800,73.09388900,01-07-2021 08:30,"","","","","",8.5,"","","","","","","",7.65,"","","","","","","","","","","","","","","","","","",""
811,RIVER MAHI AT DODKA,CPCB,24,Gujarat,461,Vadodara,VADODARA,-,-,-,-,-,-,-,-,22.46027800,73.09388900,02-08-2021 08:30,"","","","","",8.3,"","","","","","","",7.96,"","","","","","","","","","","","","","","","","","",""
812,RIVER MAHI AT DODKA,CPCB,24,Gujarat,461,Vadodara,VADODARA,-,-,-,-,-,-,-,-,22.46027800,73.09388900,01-09-2021 08:30,"","","","","",8.5,"","","","","","","",7.75,"","","","","","","","","","","","","","","","","","",""
813,RIVER MAHI AT DODKA,CPCB,24,Gujarat,461,Vadodara,VADODARA,-,-,-,-,-,-,-,-,22.46027800,73.09388900,01-10-2021 08:30,"","","","","",8.6,"","","","","","","",8.48,"","","","","","","","","","","","","","","","","","",""
814,RIVER MAHI AT DODKA,CPCB,24,Gujarat,461,Vadodara,VADODARA,-,-,-,-,-,-,-,-,22.46027800,73.09388900,01-11-2021 08:30,"","","","","",8.5,"","","","","","","",8.37,"","","","","","","","","","","","","","","","","","",""
815,RIVER MAHI AT DODKA,CPCB,24,Gujarat,461,Vadodara,VADODARA,-,-,-,-,-,-,-,-,22.46027800,73.09388900,01-12-2021 08:30,"","","","","",8,"","","","","","","",8.49,"","","","","","","","","","","","","","","","","","",""
816,RIVER SABARMATI AT AHMEDABAD D/S,CPCB,24,Gujarat,438,Ahmedabad,DASKROI,-,-,-,-,-,-,-,-,22.91532600,72.51582800,04-01-2021 08:30,"","","","","","","","","","","","","",7.29,"","","","","","","","","","","","","","","","","","",""
817,RIVER SABARMATI AT AHMEDABAD D/S,CPCB,24,Gujarat,438,Ahmedabad,DASKROI,-,-,-,-,-,-,-,-,22.91532600,72.51582800,03-02-2021 08:30,"","","","","","","","","","","","","",8.03,"","","","","","","","","","","","","","","","","","",""
818,RIVER SABARMATI AT AHMEDABAD D/S,CPCB,24,Gujarat,438,Ahmedabad,DASKROI,-,-,-,-,-,-,-,-,22.91532600,72.51582800,03-03-2021 08:30,"","","","","","","","","","","","","",8.06,"","","","","","","","","","","","","","","","","","",""
819,RIVER SABARMATI AT AHMEDABAD D/S,CPCB,24,Gujarat,438,Ahmedabad,DASKROI,-,-,-,-,-,-,-,-,22.91532600,72.51582800,03-04-2021 08:30,"","","","","","","","","","","","","",8.08,"","","","","","","","","","","","","","","","","","",""
820,RIVER SABARMATI AT AHMEDABAD D/S,CPCB,24,Gujarat,438,Ahmedabad,DASKROI,-,-,-,-,-,-,-,-,22.91532600,72.51582800,06-05-2021 08:30,"","","","","",4.7,"","","","","","","",7.75,"","","","","","","","","","","","","","","","","","",""
821,RIVER SABARMATI AT AHMEDABAD D/S,CPCB,24,Gujarat,438,Ahmedabad,DASKROI,-,-,-,-,-,-,-,-,22.91532600,72.51582800,02-06-2021 08:30,"","","","","","","","","","","","","",8,"","","","","","","","","","","","","","","","","","",""
822,RIVER SABARMATI AT AHMEDABAD D/S,CPCB,24,Gujarat,438,Ahmedabad,DASKROI,-,-,-,-,-,-,-,-,22.91532600,72.51582800,05-07-2021 08:30,"","","","","",4,"","","","","","","",7.28,"","","","","","","","","","","","","","","","","","",""
823,RIVER SABARMATI AT AHMEDABAD D/S,CPCB,24,Gujarat,438,Ahmedabad,DASKROI,-,-,-,-,-,-,-,-,22.91532600,72.51582800,10-08-2021 08:30,"","","","","","","","","","","","","",7.61,"","","","","","","","","","","","","","","","","","",""
824,RIVER SABARMATI AT AHMEDABAD D/S,CPCB,24,Gujarat,438,Ahmedabad,DASKROI,-,-,-,-,-,-,-,-,22.91532600,72.51582800,02-09-2021 08:30,"","","","","","","","","","","","","",7.38,"","","","","","","","","","","","","","","","","","",""
825,RIVER SABARMATI AT AHMEDABAD D/S,CPCB,24,Gujarat,438,Ahmedabad,DASKROI,-,-,-,-,-,-,-,-,22.91532600,72.51582800,05-10-2021 08:30,"","","","","","","","","","","","","",7.81,"","","","","","","","","","","","","","","","","","",""
826,RIVER SABARMATI AT AHMEDABAD D/S,CPCB,24,Gujarat,438,Ahmedabad,DASKROI,-,-,-,-,-,-,-,-,22.91532600,72.51582800,01-11-2021 08:30,"","","","","","","","","","","","","",7.1,"","","","","","","","","","","","","","","","","","",""
827,RIVER SABARMATI AT AHMEDABAD D/S,CPCB,24,Gujarat,438,Ahmedabad,DASKROI,-,-,-,-,-,-,-,-,22.91532600,72.51582800,07-12-2021 08:30,"","","","","","","","","","","","","",7.2,"","","","","","","","","","","","","","","","","","",""
828,RIVER SABARMATI AT AHMEDABAD U/S,CPCB,24,Gujarat,446,Gandhinagar,GANDHINAGAR,-,-,-,-,-,-,-,-,23.15828600,72.67341300,01-01-2021 08:30,"","","","","",7.2,"","","","","","","",7.66,"","","","","","","","","","","","","","","","","","",""
829,RIVER SABARMATI AT AHMEDABAD U/S,CPCB,24,Gujarat,446,Gandhinagar,GANDHINAGAR,-,-,-,-,-,-,-,-,23.15828600,72.67341300,02-02-2021 08:30,"","","","","",7,"","","","","","","",7.74,"","","","","","","","","","","","","","","","","","",""
830,RIVER SABARMATI AT AHMEDABAD U/S,CPCB,24,Gujarat,446,Gandhinagar,GANDHINAGAR,-,-,-,-,-,-,-,-,23.15828600,72.67341300,01-03-2021 08:30,"","","","","",7,"","","","","","","",7.04,"","","","","","","","","","","","","","","","","","",""
831,RIVER SABARMATI AT AHMEDABAD U/S,CPCB,24,Gujarat,446,Gandhinagar,GANDHINAGAR,-,-,-,-,-,-,-,-,23.15828600,72.67341300,01-04-2021 08:30,"","","","","",7,"","","","","","","",8.74,"","","","","","","","","","","","","","","","","","",""
832,RIVER SABARMATI AT AHMEDABAD U/S,CPCB,24,Gujarat,446,Gandhinagar,GANDHINAGAR,-,-,-,-,-,-,-,-,23.15828600,72.67341300,04-05-2021 08:30,"","","","","",7.1,"","","","","","","",8.25,"","","","","","","","","","","","","","","","","","",""
833,RIVER SABARMATI AT AHMEDABAD U/S,CPCB,24,Gujarat,446,Gandhinagar,GANDHINAGAR,-,-,-,-,-,-,-,-,23.15828600,72.67341300,07-06-2021 08:30,"","","","","",7.1,"","","","","","","",7.63,"","","","","","","","","","","","","","","","","","",""
834,RIVER SABARMATI AT AHMEDABAD U/S,CPCB,24,Gujarat,446,Gandhinagar,GANDHINAGAR,-,-,-,-,-,-,-,-,23.15828600,72.67341300,01-07-2021 08:30,"","","","","",6.2,"","","","","","","",8.08,"","","","","","","","","","","","","","","","","","",""
835,RIVER SABARMATI AT AHMEDABAD U/S,CPCB,24,Gujarat,446,Gandhinagar,GANDHINAGAR,-,-,-,-,-,-,-,-,23.15828600,72.67341300,03-08-2021 08:30,"","","","","",4.9,"","","","","","","",7.72,"","","","","","","","","","","","","","","","","","",""
836,RIVER SABARMATI AT AHMEDABAD U/S,CPCB,24,Gujarat,446,Gandhinagar,GANDHINAGAR,-,-,-,-,-,-,-,-,23.15828600,72.67341300,01-09-2021 08:30,"","","","","",5.5,"","","","","","","",7.75,"","","","","","","","","","","","","","","","","","",""
837,SABARMATI AFTER CONF. WITH MESHWA AT VAUTHA (NEAR DHOKLA),CPCB,24,Gujarat,438,Ahmedabad,DHOLKA,-,-,-,-,-,-,-,-,22.72154700,72.53010300,01-01-2021 08:30,"","","","","",3.4,"","","","","","","",7.6,"","","","","","","","","","","","","","","","","","",""
838,SABARMATI AFTER CONF. WITH MESHWA AT VAUTHA (NEAR DHOKLA),CPCB,24,Gujarat,438,Ahmedabad,DHOLKA,-,-,-,-,-,-,-,-,22.72154700,72.53010300,02-02-2021 08:30,"","","","","","","","","","","","","",7.6,"","","","","","","","","","","","","","","","","","",""
839,SABARMATI AFTER CONF. WITH MESHWA AT VAUTHA (NEAR DHOKLA),CPCB,24,Gujarat,438,Ahmedabad,DHOLKA,-,-,-,-,-,-,-,-,22.72154700,72.53010300,01-03-2021 08:30,"","","","","","","","","","","","","",7.81,"","","","","","","","","","","","","","","","","","",""
840,SABARMATI AFTER CONF. WITH MESHWA AT VAUTHA (NEAR DHOKLA),CPCB,24,Gujarat,438,Ahmedabad,DHOLKA,-,-,-,-,-,-,-,-,22.72154700,72.53010300,01-04-2021 08:30,"","","","","","","","","","","","","",8.44,"","","","","","","","","","","","","","","","","","",""
841,SABARMATI AFTER CONF. WITH MESHWA AT VAUTHA (NEAR DHOKLA),CPCB,24,Gujarat,438,Ahmedabad,DHOLKA,-,-,-,-,-,-,-,-,22.72154700,72.53010300,04-05-2021 08:30,"","","","","","","","","","","","","",8.18,"","","","","","","","","","","","","","","","","","",""
842,SABARMATI AFTER CONF. WITH MESHWA AT VAUTHA (NEAR DHOKLA),CPCB,24,Gujarat,438,Ahmedabad,DHOLKA,-,-,-,-,-,-,-,-,22.72154700,72.53010300,01-06-2021 08:30,"","","","","",3.8,"","","","","","","",7.7,"","","","","","","","","","","","","","","","","","",""
843,SABARMATI AFTER CONF. WITH MESHWA AT VAUTHA (NEAR DHOKLA),CPCB,24,Gujarat,438,Ahmedabad,DHOLKA,-,-,-,-,-,-,-,-,22.72154700,72.53010300,01-07-2021 08:30,"","","","","","","","","","","","","",7.48,"","","","","","","","","","","","","","","","","","",""
844,SABARMATI AFTER CONF. WITH MESHWA AT VAUTHA (NEAR DHOKLA),CPCB,24,Gujarat,438,Ahmedabad,DHOLKA,-,-,-,-,-,-,-,-,22.72154700,72.53010300,05-08-2021 08:30,"","","","","","","","","","","","","",8.05,"","","","","","","","","","","","","","","","","","",""
845,SABARMATI AFTER CONF. WITH MESHWA AT VAUTHA (NEAR DHOKLA),CPCB,24,Gujarat,438,Ahmedabad,DHOLKA,-,-,-,-,-,-,-,-,22.72154700,72.53010300,02-09-2021 08:30,"","","","","","","","","","","","","",7.52,"","","","","","","","","","","","","","","","","","",""
846,SABARMATI AFTER CONF. WITH MESHWA AT VAUTHA (NEAR DHOKLA),CPCB,24,Gujarat,438,Ahmedabad,DHOLKA,-,-,-,-,-,-,-,-,22.72154700,72.53010300,01-10-2021 08:30,"","","","","",1.8,"","","","","","","",7.36,"","","","","","","","","","","","","","","","","","",""
847,SABARMATI AFTER CONF. WITH MESHWA AT VAUTHA (NEAR DHOKLA),CPCB,24,Gujarat,438,Ahmedabad,DHOLKA,-,-,-,-,-,-,-,-,22.72154700,72.53010300,02-11-2021 08:30,"","","","","","","","","","","","","",7.79,"","","","","","","","","","","","","","","","","","",""
848,SABARMATI AFTER CONF. WITH MESHWA AT VAUTHA (NEAR DHOKLA),CPCB,24,Gujarat,438,Ahmedabad,DHOLKA,-,-,-,-,-,-,-,-,22.72154700,72.53010300,03-12-2021 08:30,"","","","","","","","","","","","","",7.57,"","","","","","","","","","","","","","","","","","",""
849,SABARMATI AT AHMEDABAD AT V.N. BRIDGE,CPCB,24,Gujarat,438,Ahmedabad,AHMADABAD CITY,-,-,-,-,-,-,-,-,22.98261100,72.54313900,02-01-2021 08:30,"","","","","","","","","","","","","",7.03,"","","","","","","","","","","","","","","","","","",""
850,SABARMATI AT AHMEDABAD AT V.N. BRIDGE,CPCB,24,Gujarat,438,Ahmedabad,AHMADABAD CITY,-,-,-,-,-,-,-,-,22.98261100,72.54313900,03-02-2021 08:30,"","","","","","","","","","","","","",8.79,"","","","","","","","","","","","","","","","","","",""
851,SABARMATI AT AHMEDABAD AT V.N. BRIDGE,CPCB,24,Gujarat,438,Ahmedabad,AHMADABAD CITY,-,-,-,-,-,-,-,-,22.98261100,72.54313900,02-03-2021 08:30,"","","","","","","","","","","","","",8.5,"","","","","","","","","","","","","","","","","","",""
852,SABARMATI AT AHMEDABAD AT V.N. BRIDGE,CPCB,24,Gujarat,438,Ahmedabad,AHMADABAD CITY,-,-,-,-,-,-,-,-,22.98261100,72.54313900,03-04-2021 08:30,"","","","","","","","","","","","","",8.16,"","","","","","","","","","","","","","","","","","",""
853,SABARMATI AT AHMEDABAD AT V.N. BRIDGE,CPCB,24,Gujarat,438,Ahmedabad,AHMADABAD CITY,-,-,-,-,-,-,-,-,22.98261100,72.54313900,03-05-2021 08:30,"","","","","","","","","","","","","",8.26,"","","","","","","","","","","","","","","","","","",""
854,SABARMATI AT AHMEDABAD AT V.N. BRIDGE,CPCB,24,Gujarat,438,Ahmedabad,AHMADABAD CITY,-,-,-,-,-,-,-,-,22.98261100,72.54313900,08-06-2021 08:30,"","","","","","","","","","","","","",7.5,"","","","","","","","","","","","","","","","","","",""
855,SABARMATI AT AHMEDABAD AT V.N. BRIDGE,CPCB,24,Gujarat,438,Ahmedabad,AHMADABAD CITY,-,-,-,-,-,-,-,-,22.98261100,72.54313900,02-07-2021 08:30,"","","","","",0.3,"","","","","","","",7.96,"","","","","","","","","","","","","","","","","","",""
856,SABARMATI AT AHMEDABAD AT V.N. BRIDGE,CPCB,24,Gujarat,438,Ahmedabad,AHMADABAD CITY,-,-,-,-,-,-,-,-,22.98261100,72.54313900,05-08-2021 08:30,"","","","","","","","","","","","","",8.19,"","","","","","","","","","","","","","","","","","",""
857,SABARMATI AT AHMEDABAD AT V.N. BRIDGE,CPCB,24,Gujarat,438,Ahmedabad,AHMADABAD CITY,-,-,-,-,-,-,-,-,22.98261100,72.54313900,02-09-2021 08:30,"","","","","","","","","","","","","",7.3,"","","","","","","","","","","","","","","","","","",""
858,SABARMATI AT AHMEDABAD AT V.N. BRIDGE,CPCB,24,Gujarat,438,Ahmedabad,AHMADABAD CITY,-,-,-,-,-,-,-,-,22.98261100,72.54313900,01-10-2021 08:30,"","","","","","","","","","","","","",6.95,"","","","","","","","","","","","","","","","","","",""
859,SABARMATI AT AHMEDABAD AT V.N. BRIDGE,CPCB,24,Gujarat,438,Ahmedabad,AHMADABAD CITY,-,-,-,-,-,-,-,-,22.98261100,72.54313900,01-11-2021 08:30,"","","","","","","","","","","","","",8.36,"","","","","","","","","","","","","","","","","","",""
860,SABARMATI AT DHAROI DAM,CPCB,24,Gujarat,451,Mahesana,SATLASANA,-,-,-,-,-,-,-,-,24.00452800,72.85327800,02-03-2021 08:30,"","","","","",7,"","","","","","","",8.15,"","","","","","","","","","","","","","","","","","",""
861,SABARMATI AT DHAROI DAM,CPCB,24,Gujarat,451,Mahesana,SATLASANA,-,-,-,-,-,-,-,-,24.00452800,72.85327800,01-09-2021 08:30,"","","","","",5.2,"","","","","","","",8.23,"","","","","","","","","","","","","","","","","","",""
862,SABARMATI AT KHEROJ BRIDGE,CPCB,24,Gujarat,441,Banaskantha,BHABHAR,-,-,-,-,-,-,-,-,24.22986000,73.00531700,02-01-2021 08:30,"","","","","",6,"","","","","","","",7.8,"","","","","","","","","","","","","","","","","","",""
863,SABARMATI AT KHEROJ BRIDGE,CPCB,24,Gujarat,441,Banaskantha,BHABHAR,-,-,-,-,-,-,-,-,24.22986000,73.00531700,02-02-2021 08:30,"","","","","",7.3,"","","","","","","",8.28,"","","","","","","","","","","","","","","","","","",""
864,SABARMATI AT KHEROJ BRIDGE,CPCB,24,Gujarat,441,Banaskantha,BHABHAR,-,-,-,-,-,-,-,-,24.22986000,73.00531700,01-03-2021 08:30,"","","","","",7.2,"","","","","","","",7.9,"","","","","","","","","","","","","","","","","","",""
865,SABARMATI AT KHEROJ BRIDGE,CPCB,24,Gujarat,441,Banaskantha,BHABHAR,-,-,-,-,-,-,-,-,24.22986000,73.00531700,01-04-2021 08:30,"","","","","",7,"","","","","","","",8.21,"","","","","","","","","","","","","","","","","","",""
866,SABARMATI AT KHEROJ BRIDGE,CPCB,24,Gujarat,441,Banaskantha,BHABHAR,-,-,-,-,-,-,-,-,24.22986000,73.00531700,02-08-2021 08:30,"","","","","",6.8,"","","","","","","",8.1,"","","","","","","","","","","","","","","","","","",""
867,SABARMATI AT KHEROJ BRIDGE,CPCB,24,Gujarat,441,Banaskantha,BHABHAR,-,-,-,-,-,-,-,-,24.22986000,73.00531700,01-09-2021 08:30,"","","","","",5.7,"","","","","","","",8.2,"","","","","","","","","","","","","","","","","","",""
868,SABARMATI AT KHEROJ BRIDGE,CPCB,24,Gujarat,441,Banaskantha,BHABHAR,-,-,-,-,-,-,-,-,24.22986000,73.00531700,04-10-2021 08:30,"","","","","",6.5,"","","","","","","",8.14,"","","","","","","","","","","","","","","","","","",""
869,SABARMATI AT KHEROJ BRIDGE,CPCB,24,Gujarat,441,Banaskantha,BHABHAR,-,-,-,-,-,-,-,-,24.22986000,73.00531700,02-11-2021 08:30,"","","","","",7.6,"","","","","","","",7.5,"","","","","","","","","","","","","","","","","","",""
870,SABARMATI AT KHEROJ BRIDGE,CPCB,24,Gujarat,441,Banaskantha,BHABHAR,-,-,-,-,-,-,-,-,24.22986000,73.00531700,03-12-2021 08:30,"","","","","",7.5,"","","","","","","",7.7,"","","","","","","","","","","","","","","","","","",""
871,SABARMATI AT RAILWAY BRIDGE AHMEDABAD,CPCB,24,Gujarat,438,Ahmedabad,AHMADABAD CITY,-,-,-,-,-,-,-,-,23.06353000,72.58906400,01-01-2021 08:30,"","","","","",7,"","","","","","","",7.79,"","","","","","","","","","","","","","","","","","",""
872,SABARMATI AT RAILWAY BRIDGE AHMEDABAD,CPCB,24,Gujarat,438,Ahmedabad,AHMADABAD CITY,-,-,-,-,-,-,-,-,23.06353000,72.58906400,02-02-2021 08:30,"","","","","",7.1,"","","","","","","",7.9,"","","","","","","","","","","","","","","","","","",""
873,SABARMATI AT RAILWAY BRIDGE AHMEDABAD,CPCB,24,Gujarat,438,Ahmedabad,AHMADABAD CITY,-,-,-,-,-,-,-,-,23.06353000,72.58906400,01-03-2021 08:30,"","","","","",7,"","","","","","","",8.18,"","","","","","","","","","","","","","","","","","",""
874,SABARMATI AT RAILWAY BRIDGE AHMEDABAD,CPCB,24,Gujarat,438,Ahmedabad,AHMADABAD CITY,-,-,-,-,-,-,-,-,23.06353000,72.58906400,01-04-2021 08:30,"","","","","",7.1,"","","","","","","",8.56,"","","","","","","","","","","","","","","","","","",""
875,SABARMATI AT RAILWAY BRIDGE AHMEDABAD,CPCB,24,Gujarat,438,Ahmedabad,AHMADABAD CITY,-,-,-,-,-,-,-,-,23.06353000,72.58906400,04-05-2021 08:30,"","","","","",7,"","","","","","","",8.34,"","","","","","","","","","","","","","","","","","",""
876,SABARMATI AT RAILWAY BRIDGE AHMEDABAD,CPCB,24,Gujarat,438,Ahmedabad,AHMADABAD CITY,-,-,-,-,-,-,-,-,23.06353000,72.58906400,07-06-2021 08:30,"","","","","",6.9,"","","","","","","",7.83,"","","","","","","","","","","","","","","","","","",""
877,SABARMATI AT RAILWAY BRIDGE AHMEDABAD,CPCB,24,Gujarat,438,Ahmedabad,AHMADABAD CITY,-,-,-,-,-,-,-,-,23.06353000,72.58906400,01-07-2021 08:30,"","","","","",6.5,"","","","","","","",7.96,"","","","","","","","","","","","","","","","","","",""
878,SABARMATI AT RAILWAY BRIDGE AHMEDABAD,CPCB,24,Gujarat,438,Ahmedabad,AHMADABAD CITY,-,-,-,-,-,-,-,-,23.06353000,72.58906400,03-08-2021 08:30,"","","","","",6.4,"","","","","","","",7.4,"","","","","","","","","","","","","","","","","","",""
879,SABARMATI AT RAILWAY BRIDGE AHMEDABAD,CPCB,24,Gujarat,438,Ahmedabad,AHMADABAD CITY,-,-,-,-,-,-,-,-,23.06353000,72.58906400,01-09-2021 08:30,"","","","","",4.6,"","","","","","","",7.7,"","","","","","","","","","","","","","","","","","",""
880,SABARMATI AT RAILWAY BRIDGE AHMEDABAD,CPCB,24,Gujarat,438,Ahmedabad,AHMADABAD CITY,-,-,-,-,-,-,-,-,23.06353000,72.58906400,01-10-2021 08:30,"","","","","",6,"","","","","","","",7.65,"","","","","","","","","","","","","","","","","","",""
881,SABARMATI AT RAILWAY BRIDGE AHMEDABAD,CPCB,24,Gujarat,438,Ahmedabad,AHMADABAD CITY,-,-,-,-,-,-,-,-,23.06353000,72.58906400,01-11-2021 08:30,"","","","","",3,"","","","","","","",7.27,"","","","","","","","","","","","","","","","","","",""
882,SABARMATI AT VILL. MIROLI TALUKA DASCROI AHMEDABAD,CPCB,24,Gujarat,438,Ahmedabad,AHMADABAD CITY,-,-,-,-,-,-,-,-,23.03131400,72.57511400,04-01-2021 08:30,"","","","","","","","","","","","","",7.29,"","","","","","","","","","","","","","","","","","",""
883,SABARMATI AT VILL. MIROLI TALUKA DASCROI AHMEDABAD,CPCB,24,Gujarat,438,Ahmedabad,AHMADABAD CITY,-,-,-,-,-,-,-,-,23.03131400,72.57511400,03-02-2021 08:30,"","","","","","","","","","","","","",8.03,"","","","","","","","","","","","","","","","","","",""
884,SABARMATI AT VILL. MIROLI TALUKA DASCROI AHMEDABAD,CPCB,24,Gujarat,438,Ahmedabad,AHMADABAD CITY,-,-,-,-,-,-,-,-,23.03131400,72.57511400,03-03-2021 08:30,"","","","","","","","","","","","","",8,"","","","","","","","","","","","","","","","","","",""
885,SABARMATI AT VILL. MIROLI TALUKA DASCROI AHMEDABAD,CPCB,24,Gujarat,438,Ahmedabad,AHMADABAD CITY,-,-,-,-,-,-,-,-,23.03131400,72.57511400,03-04-2021 08:30,"","","","","","","","","","","","","",8.08,"","","","","","","","","","","","","","","","","","",""
886,SABARMATI AT VILL. MIROLI TALUKA DASCROI AHMEDABAD,CPCB,24,Gujarat,438,Ahmedabad,AHMADABAD CITY,-,-,-,-,-,-,-,-,23.03131400,72.57511400,06-05-2021 08:30,"","","","","",4.7,"","","","","","","",7.75,"","","","","","","","","","","","","","","","","","",""
887,SABARMATI AT VILL. MIROLI TALUKA DASCROI AHMEDABAD,CPCB,24,Gujarat,438,Ahmedabad,AHMADABAD CITY,-,-,-,-,-,-,-,-,23.03131400,72.57511400,02-06-2021 08:30,"","","","","","","","","","","","","",8,"","","","","","","","","","","","","","","","","","",""
888,SABARMATI AT VILL. MIROLI TALUKA DASCROI AHMEDABAD,CPCB,24,Gujarat,438,Ahmedabad,AHMADABAD CITY,-,-,-,-,-,-,-,-,23.03131400,72.57511400,05-07-2021 08:30,"","","","","",4,"","","","","","","",7.28,"","","","","","","","","","","","","","","","","","",""
889,SABARMATI AT VILL. MIROLI TALUKA DASCROI AHMEDABAD,CPCB,24,Gujarat,438,Ahmedabad,AHMADABAD CITY,-,-,-,-,-,-,-,-,23.03131400,72.57511400,10-08-2021 08:30,"","","","","","","","","","","","","",7.6,"","","","","","","","","","","","","","","","","","",""
890,SABARMATI AT VILL. MIROLI TALUKA DASCROI AHMEDABAD,CPCB,24,Gujarat,438,Ahmedabad,AHMADABAD CITY,-,-,-,-,-,-,-,-,23.03131400,72.57511400,02-09-2021 08:30,"","","","","","","","","","","","","",7.38,"","","","","","","","","","","","","","","","","","",""
891,SABARMATI AT VILL. MIROLI TALUKA DASCROI AHMEDABAD,CPCB,24,Gujarat,438,Ahmedabad,AHMADABAD CITY,-,-,-,-,-,-,-,-,23.03131400,72.57511400,05-10-2021 08:30,"","","","","","","","","","","","","",7,"","","","","","","","","","","","","","","","","","",""
892,SABARMATI AT VILL. MIROLI TALUKA DASCROI AHMEDABAD,CPCB,24,Gujarat,438,Ahmedabad,AHMADABAD CITY,-,-,-,-,-,-,-,-,23.03131400,72.57511400,01-11-2021 08:30,"","","","","","","","","","","","","",7,"","","","","","","","","","","","","","","","","","",""
893,SABARMATI AT VILL. MIROLI TALUKA DASCROI AHMEDABAD,CPCB,24,Gujarat,438,Ahmedabad,AHMADABAD CITY,-,-,-,-,-,-,-,-,23.03131400,72.57511400,07-12-2021 08:30,"","","","","","","","","","","","","",7.2,"","","","","","","","","","","","","","","","","","",""
894,SABARMATI RIVER AT HANSAOL BRIDGE,CPCB,24,Gujarat,446,Gandhinagar,GANDHINAGAR,-,-,-,-,-,-,-,-,23.09092600,72.62923900,01-01-2021 08:30,"","","","","",7.2,"","","","","","","",7.66,"","","","","","","","","","","","","","","","","","",""
895,SABARMATI RIVER AT HANSAOL BRIDGE,CPCB,24,Gujarat,446,Gandhinagar,GANDHINAGAR,-,-,-,-,-,-,-,-,23.09092600,72.62923900,02-02-2021 08:30,"","","","","",7.1,"","","","","","","",7.74,"","","","","","","","","","","","","","","","","","",""
896,SABARMATI RIVER AT HANSAOL BRIDGE,CPCB,24,Gujarat,446,Gandhinagar,GANDHINAGAR,-,-,-,-,-,-,-,-,23.09092600,72.62923900,01-03-2021 08:30,"","","","","",7,"","","","","","","",7.04,"","","","","","","","","","","","","","","","","","",""
897,SABARMATI RIVER AT HANSAOL BRIDGE,CPCB,24,Gujarat,446,Gandhinagar,GANDHINAGAR,-,-,-,-,-,-,-,-,23.09092600,72.62923900,01-04-2021 08:30,"","","","","",7,"","","","","","","",8.74,"","","","","","","","","","","","","","","","","","",""
898,SABARMATI RIVER AT HANSAOL BRIDGE,CPCB,24,Gujarat,446,Gandhinagar,GANDHINAGAR,-,-,-,-,-,-,-,-,23.09092600,72.62923900,04-05-2021 08:30,"","","","","",7.1,"","","","","","","",8.25,"","","","","","","","","","","","","","","","","","",""
899,SABARMATI RIVER AT HANSAOL BRIDGE,CPCB,24,Gujarat,446,Gandhinagar,GANDHINAGAR,-,-,-,-,-,-,-,-,23.09092600,72.62923900,07-06-2021 08:30,"","","","","",7.1,"","","","","","","",7.63,"","","","","","","","","","","","","","","","","","",""
900,SABARMATI RIVER AT HANSAOL BRIDGE,CPCB,24,Gujarat,446,Gandhinagar,GANDHINAGAR,-,-,-,-,-,-,-,-,23.09092600,72.62923900,01-07-2021 08:30,"","","","","",6.2,"","","","","","","",8.08,"","","","","","","","","","","","","","","","","","",""
901,SABARMATI RIVER AT HANSAOL BRIDGE,CPCB,24,Gujarat,446,Gandhinagar,GANDHINAGAR,-,-,-,-,-,-,-,-,23.09092600,72.62923900,03-08-2021 08:30,"","","","","",4.9,"","","","","","","",7.72,"","","","","","","","","","","","","","","","","","",""
902,SABARMATI RIVER AT HANSAOL BRIDGE,CPCB,24,Gujarat,446,Gandhinagar,GANDHINAGAR,-,-,-,-,-,-,-,-,23.09092600,72.62923900,01-09-2021 08:30,"","","","","",5.5,"","","","","","","",7.75,"","","","","","","","","","","","","","","","","","",""
903,SAHASTRLING SAROVAR ? PATAN,CPCB,24,Gujarat,455,Patan,PATAN,-,-,-,-,-,-,-,-,23.86250500,72.09838700,01-07-2021 08:30,1.2,"","","","",3.5,"","","","","","","",7.56,"","","","","","","","","","","","","","","","","","",""
904,SARIGAM VILLAGE (D/S OF INDUSTRIALAREA) VAPI,CPCB,24,Gujarat,462,Valsad,UMBERGAON,-,-,-,-,-,-,-,-,20.28450700,72.85484300,03-04-2021 08:30,"","","","",97,"",498,"","","","","","",7.53,"","","",170,"","",0.401,64,"",29,280,"",0.38,"","","","","",""
905,SARIGAM VILLAGE (D/S OF INDUSTRIALAREA) VAPI,CPCB,24,Gujarat,462,Valsad,UMBERGAON,-,-,-,-,-,-,-,-,20.28450700,72.85484300,04-10-2021 08:30,"","","","",105,"",608,"","","","","","",7.67,"","","",130,"",0.019,0.008,"","","",270,"","",0.015,"",0.026,"","",""
906,SHEDHI AT KHEDA,CPCB,24,Gujarat,450,Kheda,MATAR,-,-,-,-,-,-,-,-,22.73932100,72.67905900,04-01-2021 08:30,"","","","","",5.4,"","","","","","","",7.5,"","","","","","","","","","","","","","","","","","",""
907,SHEDHI AT KHEDA,CPCB,24,Gujarat,450,Kheda,MATAR,-,-,-,-,-,-,-,-,22.73932100,72.67905900,01-02-2021 08:30,"","","","","",7.1,"","","","","","","",7.84,"","","","","","","","","","","","","","","","","","",""
908,SHEDHI AT KHEDA,CPCB,24,Gujarat,450,Kheda,MATAR,-,-,-,-,-,-,-,-,22.73932100,72.67905900,02-03-2021 08:30,"","","","","",4.9,"","","","","","","",8.39,"","","","","","","","","","","","","","","","","","",""
909,SHEDHI AT KHEDA,CPCB,24,Gujarat,450,Kheda,MATAR,-,-,-,-,-,-,-,-,22.73932100,72.67905900,03-04-2021 08:30,"","","","","",1.5,"","","","","","","",8.1,"","","","","","","","","","","","","","","","","","",""
910,SHEDHI AT KHEDA,CPCB,24,Gujarat,450,Kheda,MATAR,-,-,-,-,-,-,-,-,22.73932100,72.67905900,03-05-2021 08:30,"","","","","",1.1,"","","","","","","",8.28,"","","","","","","","","","","","","","","","","","",""
911,SHEDHI AT KHEDA,CPCB,24,Gujarat,450,Kheda,MATAR,-,-,-,-,-,-,-,-,22.73932100,72.67905900,03-06-2021 08:30,"","","","","",6.8,"","","","","","","",7.65,"","","","","","","","","","","","","","","","","","",""
912,SHEDHI AT KHEDA,CPCB,24,Gujarat,450,Kheda,MATAR,-,-,-,-,-,-,-,-,22.73932100,72.67905900,01-07-2021 08:30,"","","","","",3.8,"","","","","","","",7.72,"","","","","","","","","","","","","","","","","","",""
913,SHEDHI AT KHEDA,CPCB,24,Gujarat,450,Kheda,MATAR,-,-,-,-,-,-,-,-,22.73932100,72.67905900,05-08-2021 08:30,"","","","","",7,"","","","","","","",7.19,"","","","","","","","","","","","","","","","","","",""
914,SHEDHI AT KHEDA,CPCB,24,Gujarat,450,Kheda,MATAR,-,-,-,-,-,-,-,-,22.73932100,72.67905900,01-09-2021 08:30,"","","","","",3.6,"","","","","","","",7.15,"","","","","","","","","","","","","","","","","","",""
915,SHEDHI AT KHEDA,CPCB,24,Gujarat,450,Kheda,MATAR,-,-,-,-,-,-,-,-,22.73932100,72.67905900,04-10-2021 08:30,"","","","","",3.2,"","","","","","","",8.43,"","","","","","","","","","","","","","","","","","",""
916,SHEDHI AT KHEDA,CPCB,24,Gujarat,450,Kheda,MATAR,-,-,-,-,-,-,-,-,22.73932100,72.67905900,01-11-2021 08:30,"","","","","",2.3,"","","","","","","",7.74,"","","","","","","","","","","","","","","","","","",""
917,SHEDHI AT KHEDA,CPCB,24,Gujarat,450,Kheda,MATAR,-,-,-,-,-,-,-,-,22.73932100,72.67905900,02-12-2021 08:30,"","","","","",3.4,"","","","","","","",7.84,"","","","","","","","","","","","","","","","","","",""
918,SURSAGAR LAKE AT BARODA,CPCB,24,Gujarat,461,Vadodara,VADODARA,-,-,-,-,-,-,-,-,22.30039200,73.20507800,04-01-2021 08:30,0.25,"","","","",6.8,"","","","","","","",8.03,"","","","","","","","","","","","","","","","","","",""
919,SURSAGAR LAKE AT BARODA,CPCB,24,Gujarat,461,Vadodara,VADODARA,-,-,-,-,-,-,-,-,22.30039200,73.20507800,02-02-2021 08:30,1.29,"","","","",5.9,"","","","","","","",8.26,"","","","","","","","","","","","","","","","","","",""
920,SURSAGAR LAKE AT BARODA,CPCB,24,Gujarat,461,Vadodara,VADODARA,-,-,-,-,-,-,-,-,22.30039200,73.20507800,02-03-2021 08:30,0.4,"","","","",5.8,"","","","","","","",8.43,"","","","","","","","","","","","","","","","","","",""
921,SURSAGAR LAKE AT BARODA,CPCB,24,Gujarat,461,Vadodara,VADODARA,-,-,-,-,-,-,-,-,22.30039200,73.20507800,01-04-2021 08:30,2.35,"","","","",6.3,"","","","","","","",8.02,"","","","","","","","","","","","","","","","",0.64,"",""
922,SURSAGAR LAKE AT BARODA,CPCB,24,Gujarat,461,Vadodara,VADODARA,-,-,-,-,-,-,-,-,22.30039200,73.20507800,04-05-2021 08:30,0.53,"","","","",6.9,"","","","","","","",8.31,"","","","","","","","","","","","","","","","","","",""
923,SURSAGAR LAKE AT BARODA,CPCB,24,Gujarat,461,Vadodara,VADODARA,-,-,-,-,-,-,-,-,22.30039200,73.20507800,02-06-2021 08:30,0.4,"","","","",5.4,"","","","","","","",8.04,"","","","","","","","","","","","","","","","","","",""
924,SURSAGAR LAKE AT BARODA,CPCB,24,Gujarat,461,Vadodara,VADODARA,-,-,-,-,-,-,-,-,22.30039200,73.20507800,02-07-2021 08:30,0.53,"","","","",4.9,"","","","","","","",8.07,"","","","","","","","","","","","","","","","","","",""
925,SURSAGAR LAKE AT BARODA,CPCB,24,Gujarat,461,Vadodara,VADODARA,-,-,-,-,-,-,-,-,22.30039200,73.20507800,03-08-2021 08:30,0.73,"","","","",5.3,"","","","","","","",7.59,"","","","","","","","","","","","","","","","","","",""
926,SURSAGAR LAKE AT BARODA,CPCB,24,Gujarat,461,Vadodara,VADODARA,-,-,-,-,-,-,-,-,22.30039200,73.20507800,02-09-2021 08:30,0.53,"","","","",7.3,"","","","","","","",7.67,"","","","","","","","","","","","","","","","","","",""
927,SURSAGAR LAKE AT BARODA,CPCB,24,Gujarat,461,Vadodara,VADODARA,-,-,-,-,-,-,-,-,22.30039200,73.20507800,04-10-2021 08:30,0.7,"","","","",6.5,"","","","","","","",8.02,"","","","","","","","","","","","","","","","","","",""
928,SURSAGAR LAKE AT BARODA,CPCB,24,Gujarat,461,Vadodara,VADODARA,-,-,-,-,-,-,-,-,22.30039200,73.20507800,01-11-2021 08:30,0.9,"","","","",6.6,"","","","","","","",8.49,"","","","","","","","","","","","","","","","","","",""
929,SURSAGAR LAKE AT BARODA,CPCB,24,Gujarat,461,Vadodara,VADODARA,-,-,-,-,-,-,-,-,22.30039200,73.20507800,04-12-2021 08:30,0.87,"","","","",6,"","","","","","","",7.87,"","","","","","","","","","","","","","","","","","",""
930,TAPI AT KATHORE (NH-8 BRIDGE),CPCB,24,Gujarat,459,Surat,KAMREJ,-,-,-,-,-,-,-,-,21.28407500,72.95223600,05-01-2021 08:30,"","","","","",7.2,"","","","","","","",7.5,"","","","","","","","","","","","","","","","","","",""
931,TAPI AT KATHORE (NH-8 BRIDGE),CPCB,24,Gujarat,459,Surat,KAMREJ,-,-,-,-,-,-,-,-,21.28407500,72.95223600,02-02-2021 08:30,"","","","","",7.2,"","","","","","","",7.3,"","","","","","","","","","","","","","","","","","",""
932,TAPI AT KATHORE (NH-8 BRIDGE),CPCB,24,Gujarat,459,Surat,KAMREJ,-,-,-,-,-,-,-,-,21.28407500,72.95223600,03-03-2021 08:30,"","","","","",7,"","","","","","","",7.49,"","","","","","","","","","","","","","","","","","",""
933,TAPI AT KATHORE (NH-8 BRIDGE),CPCB,24,Gujarat,459,Surat,KAMREJ,-,-,-,-,-,-,-,-,21.28407500,72.95223600,01-04-2021 08:30,"","","","","",6.8,"","","","","","","",8.03,"","","","","","","","","","","","","","","","","","",""
934,TAPI AT KATHORE (NH-8 BRIDGE),CPCB,24,Gujarat,459,Surat,KAMREJ,-,-,-,-,-,-,-,-,21.28407500,72.95223600,01-05-2021 08:30,"","","","","",6.9,"","","","","","","",7.89,"","","","","","","","","","","","","","","","","","",""
935,TAPI AT KATHORE (NH-8 BRIDGE),CPCB,24,Gujarat,459,Surat,KAMREJ,-,-,-,-,-,-,-,-,21.28407500,72.95223600,02-06-2021 08:30,"","","","","",7.1,"","","","","","","",8.33,"","","","","","","","","","","","","","","","","","",""
936,TAPI AT KATHORE (NH-8 BRIDGE),CPCB,24,Gujarat,459,Surat,KAMREJ,-,-,-,-,-,-,-,-,21.28407500,72.95223600,02-08-2021 08:30,"","","","","",7.2,"","","","","","","",7.4,"","","","","","","","","","","","","","","","","","",""
937,TAPI AT KATHORE (NH-8 BRIDGE),CPCB,24,Gujarat,459,Surat,KAMREJ,-,-,-,-,-,-,-,-,21.28407500,72.95223600,02-09-2021 08:30,"","","","","",7.1,"","","","","","","",7.94,"","","","","","","","","","","","","","","","","","",""
938,TAPI AT KATHORE (NH-8 BRIDGE),CPCB,24,Gujarat,459,Surat,KAMREJ,-,-,-,-,-,-,-,-,21.28407500,72.95223600,01-10-2021 08:30,"","","","","",7.3,"","","","","","","",7.95,"","","","","","","","","","","","","","","","","","",""
939,TAPI AT KATHORE (NH-8 BRIDGE),CPCB,24,Gujarat,459,Surat,KAMREJ,-,-,-,-,-,-,-,-,21.28407500,72.95223600,01-11-2021 08:30,"","","","","",7.2,"","","","","","","",8.18,"","","","","","","","","","","","","","","","","","",""
940,TAPI AT KATHORE (NH-8 BRIDGE),CPCB,24,Gujarat,459,Surat,KAMREJ,-,-,-,-,-,-,-,-,21.28407500,72.95223600,02-12-2021 08:30,"","","","","",7.2,"","","","","","","",8.14,"","","","","","","","","","","","","","","","","","",""
941,TAPI AT MANDAVI,CPCB,24,Gujarat,459,Surat,Mandvi,-,-,-,-,-,-,-,-,21.24790800,73.30103300,02-01-2021 08:30,"","","","","",6.4,"","","","","","","",7.6,"","","","","","","","","","","","","","","","","","",""
942,TAPI AT MANDAVI,CPCB,24,Gujarat,459,Surat,Mandvi,-,-,-,-,-,-,-,-,21.24790800,73.30103300,03-02-2021 08:30,"","","","","",7.7,"","","","","","","",7.5,"","","","","","","","","","","","","","","","","","",""
943,TAPI AT MANDAVI,CPCB,24,Gujarat,459,Surat,Mandvi,-,-,-,-,-,-,-,-,21.24790800,73.30103300,01-03-2021 08:30,"","","","","",7.2,"","","","","","","",7.93,"","","","","","","","","","","","","","","","","","",""
944,TAPI AT MANDAVI,CPCB,24,Gujarat,459,Surat,Mandvi,-,-,-,-,-,-,-,-,21.24790800,73.30103300,01-04-2021 08:30,"","","","","",7.4,"","","","","","","",8.19,"","","","","","","","","","","","","","","","","","",""
945,TAPI AT MANDAVI,CPCB,24,Gujarat,459,Surat,Mandvi,-,-,-,-,-,-,-,-,21.24790800,73.30103300,03-05-2021 08:30,"","","","","",6.8,"","","","","","","",8.21,"","","","","","","","","","","","","","","","","","",""
946,TAPI AT MANDAVI,CPCB,24,Gujarat,459,Surat,Mandvi,-,-,-,-,-,-,-,-,21.24790800,73.30103300,01-06-2021 08:30,"","","","","",7,"","","","","","","",8.23,"","","","","","","","","","","","","","","","","","",""
947,TAPI AT MANDAVI,CPCB,24,Gujarat,459,Surat,Mandvi,-,-,-,-,-,-,-,-,21.24790800,73.30103300,06-07-2021 08:30,"","","","","",7.1,"","","","","","","",7.38,"","","","","","","","","","","","","","","","","","",""
948,TAPI AT MANDAVI,CPCB,24,Gujarat,459,Surat,Mandvi,-,-,-,-,-,-,-,-,21.24790800,73.30103300,04-08-2021 08:30,"","","","","",7.4,"","","","","","","",8.04,"","","","","","","","","","","","","","","","","","",""
949,TAPI AT MANDAVI,CPCB,24,Gujarat,459,Surat,Mandvi,-,-,-,-,-,-,-,-,21.24790800,73.30103300,01-09-2021 08:30,"","","","","",7.3,"","","","","","","",8.1,"","","","","","","","","","","","","","","","","","",""
950,TAPI AT MANDAVI,CPCB,24,Gujarat,459,Surat,Mandvi,-,-,-,-,-,-,-,-,21.24790800,73.30103300,04-10-2021 08:30,"","","","","",7.5,"","","","","","","",7.89,"","","","","","","","","","","","","","","","","","",""
951,TAPI AT MANDAVI,CPCB,24,Gujarat,459,Surat,Mandvi,-,-,-,-,-,-,-,-,21.24790800,73.30103300,10-11-2021 08:30,"","","","","",7.3,"","","","","","","",7.97,"","","","","","","","","","","","","","","","","","",""
952,TAPI AT MANDAVI,CPCB,24,Gujarat,459,Surat,Mandvi,-,-,-,-,-,-,-,-,21.24790800,73.30103300,01-12-2021 08:30,"","","","","",7.4,"","","","","","","",8.29,"","","","","","","","","","","","","","","","","","",""
953,TAPI AT NIZHAR (GUJARAT),CPCB,24,Gujarat,459,Surat,NIZAR,-,-,-,-,-,-,-,-,21.47914700,74.19422700,28-12-2021 08:30,"","","","","",8.6,"","","","","","","",7.97,"","","","","","","","","","","","","","","","","","",""
954,TAPI AT RANDER BRIDGE SURAT,CPCB,24,Gujarat,459,Surat,SURAT CITY,-,-,-,-,-,-,-,-,21.19454500,72.81155200,05-01-2021 08:30,"","","","","",4.1,"","","","","","","",8.4,"","","","","","","","","","","","","","","","","","",""
955,TAPI AT RANDER BRIDGE SURAT,CPCB,24,Gujarat,459,Surat,SURAT CITY,-,-,-,-,-,-,-,-,21.19454500,72.81155200,02-02-2021 08:30,"","","","","",7.6,"","","","","","","",8.3,"","","","","","","","","","","","","","","","","","",""
956,TAPI AT RANDER BRIDGE SURAT,CPCB,24,Gujarat,459,Surat,SURAT CITY,-,-,-,-,-,-,-,-,21.19454500,72.81155200,02-03-2021 08:30,"","","","","","","","","","","","","",8.37,"","","","","","","","","","","","","","","","","","",""
957,TAPI AT RANDER BRIDGE SURAT,CPCB,24,Gujarat,459,Surat,SURAT CITY,-,-,-,-,-,-,-,-,21.19454500,72.81155200,01-04-2021 08:30,"","","","","",6.4,"","","","","","","",8.2,"","","","","","","","","","","","","","","","","","",""
958,TAPI AT RANDER BRIDGE SURAT,CPCB,24,Gujarat,459,Surat,SURAT CITY,-,-,-,-,-,-,-,-,21.19454500,72.81155200,04-05-2021 08:30,"","","","","",6.9,"","","","","","","",7.92,"","","","","","","","","","","","","","","","","","",""
959,TAPI AT RANDER BRIDGE SURAT,CPCB,24,Gujarat,459,Surat,SURAT CITY,-,-,-,-,-,-,-,-,21.19454500,72.81155200,02-06-2021 08:30,"","","","","",7.2,"","","","","","","",8.4,"","","","","","","","","","","","","","","","","","",""
960,TAPI AT RANDER BRIDGE SURAT,CPCB,24,Gujarat,459,Surat,SURAT CITY,-,-,-,-,-,-,-,-,21.19454500,72.81155200,02-07-2021 08:30,"","","","","",7.2,"","","","","","","",7.81,"","","","","","","","","","","","","","","","","","",""
961,TAPI AT RANDER BRIDGE SURAT,CPCB,24,Gujarat,459,Surat,SURAT CITY,-,-,-,-,-,-,-,-,21.19454500,72.81155200,02-08-2021 08:30,"","","","","",7.2,"","","","","","","",7.81,"","","","","","","","","","","","","","","","","","",""
962,TAPI AT RANDER BRIDGE SURAT,CPCB,24,Gujarat,459,Surat,SURAT CITY,-,-,-,-,-,-,-,-,21.19454500,72.81155200,02-09-2021 08:30,"","","","","",7,"","","","","","","",7.69,"","","","","","","","","","","","","","","","","","",""
963,TAPI AT RANDER BRIDGE SURAT,CPCB,24,Gujarat,459,Surat,SURAT CITY,-,-,-,-,-,-,-,-,21.19454500,72.81155200,01-10-2021 08:30,"","","","","",7.1,"","","","","","","",8.29,"","","","","","","","","","","","","","","","","","",""
964,TAPI AT RANDER BRIDGE SURAT,CPCB,24,Gujarat,459,Surat,SURAT CITY,-,-,-,-,-,-,-,-,21.19454500,72.81155200,01-11-2021 08:30,"","","","","",7.1,"","","","","","","",8.09,"","","","","","","","","","","","","","","","","","",""
965,TAPI AT RANDER BRIDGE SURAT,CPCB,24,Gujarat,459,Surat,SURAT CITY,-,-,-,-,-,-,-,-,21.19454500,72.81155200,02-12-2021 08:30,"","","","","",7.1,"","","","","","","",8.22,"","","","","","","","","","","","","","","","","","",""
966,TAPI AT SURAT U/S KATHORE,CPCB,24,Gujarat,459,Surat,KAMREJ,-,-,-,-,-,-,-,-,21.28550000,72.93548300,05-01-2021 08:30,"","","","","",7.3,"","","","","","","",7.7,"","","","","","","","","","","","","","","","","","",""
967,TAPI AT SURAT U/S KATHORE,CPCB,24,Gujarat,459,Surat,KAMREJ,-,-,-,-,-,-,-,-,21.28550000,72.93548300,02-02-2021 08:30,"","","","","",7.4,"","","","","","","",7.1,"","","","","","","","","","","","","","","","","","",""
968,TAPI AT SURAT U/S KATHORE,CPCB,24,Gujarat,459,Surat,KAMREJ,-,-,-,-,-,-,-,-,21.28550000,72.93548300,02-03-2021 08:30,"","","","","",6.9,"","","","","","","",7.45,"","","","","","","","","","","","","","","","","","",""
969,TAPI AT SURAT U/S KATHORE,CPCB,24,Gujarat,459,Surat,KAMREJ,-,-,-,-,-,-,-,-,21.28550000,72.93548300,01-04-2021 08:30,"","","","","",6.6,"","","","","","","",8.04,"","","","","","","","","","","","","","","","","","",""
970,TAPI AT SURAT U/S KATHORE,CPCB,24,Gujarat,459,Surat,KAMREJ,-,-,-,-,-,-,-,-,21.28550000,72.93548300,04-05-2021 08:30,"","","","","",6.8,"","","","","","","",8.21,"","","","","","","","","","","","","","","","","","",""
971,TAPI AT SURAT U/S KATHORE,CPCB,24,Gujarat,459,Surat,KAMREJ,-,-,-,-,-,-,-,-,21.28550000,72.93548300,02-06-2021 08:30,"","","","","",7,"","","","","","","",8.4,"","","","","","","","","","","","","","","","","","",""
972,TAPI AT SURAT U/S KATHORE,CPCB,24,Gujarat,459,Surat,KAMREJ,-,-,-,-,-,-,-,-,21.28550000,72.93548300,02-07-2021 08:30,"","","","","",7,"","","","","","","",7.95,"","","","","","","","","","","","","","","","","","",""
973,TAPI AT SURAT U/S KATHORE,CPCB,24,Gujarat,459,Surat,KAMREJ,-,-,-,-,-,-,-,-,21.28550000,72.93548300,02-08-2021 08:30,"","","","","",7,"","","","","","","",7.58,"","","","","","","","","","","","","","","","","","",""
974,TAPI AT SURAT U/S KATHORE,CPCB,24,Gujarat,459,Surat,KAMREJ,-,-,-,-,-,-,-,-,21.28550000,72.93548300,02-09-2021 08:30,"","","","","",7,"","","","","","","",7.65,"","","","","","","","","","","","","","","","","","",""
975,TAPI AT SURAT U/S KATHORE,CPCB,24,Gujarat,459,Surat,KAMREJ,-,-,-,-,-,-,-,-,21.28550000,72.93548300,01-10-2021 08:30,"","","","","",7.2,"","","","","","","",7.81,"","","","","","","","","","","","","","","","","","",""
976,TAPI AT SURAT U/S KATHORE,CPCB,24,Gujarat,459,Surat,KAMREJ,-,-,-,-,-,-,-,-,21.28550000,72.93548300,01-11-2021 08:30,"","","","","",7,"","","","","","","",8.27,"","","","","","","","","","","","","","","","","","",""
977,TAPI AT SURAT U/S KATHORE,CPCB,24,Gujarat,459,Surat,KAMREJ,-,-,-,-,-,-,-,-,21.28550000,72.93548300,02-12-2021 08:30,"","","","","",7.2,"","","","","","","",8.32,"","","","","","","","","","","","","","","","","","",""
978,TAPI AT UKAI SHERULA BRIDGE,CPCB,24,Gujarat,459,Surat,SONGADH,-,-,-,-,-,-,-,-,21.25984400,73.56578300,02-01-2021 08:30,"","","","","",7.6,"","","","","","","",8,"","","","","","","","","","","","","","","","","","",""
979,TAPI AT UKAI SHERULA BRIDGE,CPCB,24,Gujarat,459,Surat,SONGADH,-,-,-,-,-,-,-,-,21.25984400,73.56578300,03-02-2021 08:30,"","","","","",7,"","","","","","","",8.15,"","","","","","","","","","","","","","","","","","",""
980,TAPI AT UKAI SHERULA BRIDGE,CPCB,24,Gujarat,459,Surat,SONGADH,-,-,-,-,-,-,-,-,21.25984400,73.56578300,03-03-2021 08:30,"","","","","",7,"","","","","","","",7.87,"","","","","","","","","","","","","","","","","","",""
981,TAPI AT UKAI SHERULA BRIDGE,CPCB,24,Gujarat,459,Surat,SONGADH,-,-,-,-,-,-,-,-,21.25984400,73.56578300,01-04-2021 08:30,"","","","","",7,"","","","","","","",8.22,"","","","","","","","","","","","","","","","","","",""
982,TAPI AT UKAI SHERULA BRIDGE,CPCB,24,Gujarat,459,Surat,SONGADH,-,-,-,-,-,-,-,-,21.25984400,73.56578300,04-05-2021 08:30,"","","","","",7,"","","","","","","",7.59,"","","","","","","","","","","","","","","","","","",""
983,TAPI AT UKAI SHERULA BRIDGE,CPCB,24,Gujarat,459,Surat,SONGADH,-,-,-,-,-,-,-,-,21.25984400,73.56578300,01-06-2021 08:30,"","","","","",7.2,"","","","","","","",8.24,"","","","","","","","","","","","","","","","","","",""
984,TAPI AT UKAI SHERULA BRIDGE,CPCB,24,Gujarat,459,Surat,SONGADH,-,-,-,-,-,-,-,-,21.25984400,73.56578300,07-07-2021 08:30,"","","","","",6.9,"","","","","","","",7.32,"","","","","","","","","","","","","","","","","","",""
985,TAPI AT UKAI SHERULA BRIDGE,CPCB,24,Gujarat,459,Surat,SONGADH,-,-,-,-,-,-,-,-,21.25984400,73.56578300,03-08-2021 08:30,"","","","","",7.3,"","","","","","","",7.5,"","","","","","","","","","","","","","","","","","",""
986,TAPI AT UKAI SHERULA BRIDGE,CPCB,24,Gujarat,459,Surat,SONGADH,-,-,-,-,-,-,-,-,21.25984400,73.56578300,03-09-2021 08:30,"","","","","",7.1,"","","","","","","",8.23,"","","","","","","","","","","","","","","","","","",""
987,TAPI AT UKAI SHERULA BRIDGE,CPCB,24,Gujarat,459,Surat,SONGADH,-,-,-,-,-,-,-,-,21.25984400,73.56578300,01-10-2021 08:30,"","","","","",7.5,"","","","","","","",8.13,"","","","","","","","","","","","","","","","","","",""
988,TAPI AT UKAI SHERULA BRIDGE,CPCB,24,Gujarat,459,Surat,SONGADH,-,-,-,-,-,-,-,-,21.25984400,73.56578300,01-11-2021 08:30,"","","","","",7.4,"","","","","","","",7.22,"","","","","","","","","","","","","","","","","","",""
989,TAPI AT UKAI SHERULA BRIDGE,CPCB,24,Gujarat,459,Surat,SONGADH,-,-,-,-,-,-,-,-,21.25984400,73.56578300,03-12-2021 08:30,"","","","","",7.2,"","","","","","","",8.19,"","","","","","","","","","","","","","","","","","",""
990,TAPI CANAL AT VILLAGE UMARWADA NEAR GIDC ESTATE OF PANOLI.,CPCB,24,Gujarat,442,Bharuch,ANKLESVAR,-,-,-,-,-,-,-,-,21.58941900,72.97533300,01-01-2021 08:30,"","","","","",8.3,"","","","","","","",8.59,"","","","","","","","","","","","","","","","","","",""
991,TAPI CANAL AT VILLAGE UMARWADA NEAR GIDC ESTATE OF PANOLI.,CPCB,24,Gujarat,442,Bharuch,ANKLESVAR,-,-,-,-,-,-,-,-,21.58941900,72.97533300,01-02-2021 08:30,"","","","","",8.2,"","","","","","","",8.27,"","","","","","","","","","","","","","","","","","",""
992,TAPI CANAL AT VILLAGE UMARWADA NEAR GIDC ESTATE OF PANOLI.,CPCB,24,Gujarat,442,Bharuch,ANKLESVAR,-,-,-,-,-,-,-,-,21.58941900,72.97533300,01-03-2021 08:30,"","","","","",8.1,"","","","","","","",8.37,"","","","","","","","","","","","","","","","","","",""
993,TAPI CANAL AT VILLAGE UMARWADA NEAR GIDC ESTATE OF PANOLI.,CPCB,24,Gujarat,442,Bharuch,ANKLESVAR,-,-,-,-,-,-,-,-,21.58941900,72.97533300,01-04-2021 08:30,0.4,"","","","",8.2,"","","","","","","",8.03,"","","","","","","","","","","","","","","","","","",""
994,TAPI CANAL AT VILLAGE UMARWADA NEAR GIDC ESTATE OF PANOLI.,CPCB,24,Gujarat,442,Bharuch,ANKLESVAR,-,-,-,-,-,-,-,-,21.58941900,72.97533300,05-05-2021 08:30,0.4,"","","","",8.5,"","","","","","","",8.12,"","","","","","","","","","","","","","","","","","",""
995,TAPI CANAL AT VILLAGE UMARWADA NEAR GIDC ESTATE OF PANOLI.,CPCB,24,Gujarat,442,Bharuch,ANKLESVAR,-,-,-,-,-,-,-,-,21.58941900,72.97533300,01-06-2021 08:30,0.4,"","","","",8.5,"","","","","","","",8.2,"","","","","","","","","","","","","","","","","","",""
996,TAPI CANAL AT VILLAGE UMARWADA NEAR GIDC ESTATE OF PANOLI.,CPCB,24,Gujarat,442,Bharuch,ANKLESVAR,-,-,-,-,-,-,-,-,21.58941900,72.97533300,01-07-2021 08:30,0.4,"","","","",8.8,"","","","","","","",8.18,"","","","","","","","","","","","","","","","","","",""
997,TAPI CANAL AT VILLAGE UMARWADA NEAR GIDC ESTATE OF PANOLI.,CPCB,24,Gujarat,442,Bharuch,ANKLESVAR,-,-,-,-,-,-,-,-,21.58941900,72.97533300,02-08-2021 08:30,0.4,"","","","",8,"","","","","","","",8.29,"","","","","","","","","","","","","","","","","","",""
998,TAPI CANAL AT VILLAGE UMARWADA NEAR GIDC ESTATE OF PANOLI.,CPCB,24,Gujarat,442,Bharuch,ANKLESVAR,-,-,-,-,-,-,-,-,21.58941900,72.97533300,01-09-2021 08:30,0.4,"","","","",8.9,"","","","","","","",8.5,"","","","","","","","","","","","","","","","","","",""
999,TAPI CANAL AT VILLAGE UMARWADA NEAR GIDC ESTATE OF PANOLI.,CPCB,24,Gujarat,442,Bharuch,ANKLESVAR,-,-,-,-,-,-,-,-,21.58941900,72.97533300,01-10-2021 08:30,0.4,"","","","",7.5,"","","","","","","",7.88,"","","","","","","","","","","","","","","","",3.08,"",""
1000,TAPI CANAL AT VILLAGE UMARWADA NEAR GIDC ESTATE OF PANOLI.,CPCB,24,Gujarat,442,Bharuch,ANKLESVAR,-,-,-,-,-,-,-,-,21.58941900,72.97533300,02-11-2021 08:30,0.4,"","","","",8.1,"","","","","","","",8.17,"","","","","","","","","","","","","","","","","","",""
1001,TAPI CANAL AT VILLAGE UMARWADA NEAR GIDC ESTATE OF PANOLI.,CPCB,24,Gujarat,442,Bharuch,ANKLESVAR,-,-,-,-,-,-,-,-,21.58941900,72.97533300,01-12-2021 08:30,0.4,"","","","",6.6,"","","","","","","",8.08,"","","","","","","","","","","","","","","","","","",""
1002,TAPI RIVER AT ONGC BRIDGE AT SURAT DIST. SURAT,CPCB,24,Gujarat,459,Surat,SURAT CITY,-,-,-,-,-,-,-,-,21.14891900,72.74368400,03-01-2021 08:30,"","","","","",5.1,"","","","","","","",7.3,"","","","","","","","","","","","","","","","","","",""
1003,TAPI RIVER AT ONGC BRIDGE AT SURAT DIST. SURAT,CPCB,24,Gujarat,459,Surat,SURAT CITY,-,-,-,-,-,-,-,-,21.14891900,72.74368400,04-02-2021 08:30,"","","","","","","","","","","","","","","","","","","","","","","","","","","","","","","","",""
1004,TAPI RIVER AT ONGC BRIDGE AT SURAT DIST. SURAT,CPCB,24,Gujarat,459,Surat,SURAT CITY,-,-,-,-,-,-,-,-,21.14891900,72.74368400,03-03-2021 08:30,"","","","","",5.8,"","","","","","","",7.28,"","","","","","","","","","","","","","","","","","",""
1005,TAPI RIVER AT ONGC BRIDGE AT SURAT DIST. SURAT,CPCB,24,Gujarat,459,Surat,SURAT CITY,-,-,-,-,-,-,-,-,21.14891900,72.74368400,03-04-2021 08:30,"","","","","",5.4,"","","","","","","",7.95,"","","","","","","","","","","","","","","","","","",""
1006,TAPI RIVER AT ONGC BRIDGE AT SURAT DIST. SURAT,CPCB,24,Gujarat,459,Surat,SURAT CITY,-,-,-,-,-,-,-,-,21.14891900,72.74368400,04-05-2021 08:30,"","","","","",6.1,"","","","","","","",7.61,"","","","","","","","","","","","","","","","","","",""
1007,TAPI RIVER AT ONGC BRIDGE AT SURAT DIST. SURAT,CPCB,24,Gujarat,459,Surat,SURAT CITY,-,-,-,-,-,-,-,-,21.14891900,72.74368400,07-06-2021 08:30,"","","","","",6.1,"","","","","","","",7.35,"","","","","","","","","","","","","","","","","","",""
1008,TAPI RIVER AT ONGC BRIDGE AT SURAT DIST. SURAT,CPCB,24,Gujarat,459,Surat,SURAT CITY,-,-,-,-,-,-,-,-,21.14891900,72.74368400,01-07-2021 08:30,"","","","","",5.4,"","","","","","","",7.69,"","","","","","","","","","","","","","","","","","",""
1009,TAPI RIVER AT ONGC BRIDGE AT SURAT DIST. SURAT,CPCB,24,Gujarat,459,Surat,SURAT CITY,-,-,-,-,-,-,-,-,21.14891900,72.74368400,03-08-2021 08:30,"","","","","",6.1,"","","","","","","",7.52,"","","","","","","","","","","","","","","","","","",""
1010,TAPI RIVER AT ONGC BRIDGE AT SURAT DIST. SURAT,CPCB,24,Gujarat,459,Surat,SURAT CITY,-,-,-,-,-,-,-,-,21.14891900,72.74368400,03-09-2021 08:30,"","","","","",6.4,"","","","","","","",7.55,"","","","","","","","","","","","","","","","","","",""
1011,TAPI RIVER AT ONGC BRIDGE AT SURAT DIST. SURAT,CPCB,24,Gujarat,459,Surat,SURAT CITY,-,-,-,-,-,-,-,-,21.14891900,72.74368400,06-10-2021 08:30,"","","","","",6.6,"","","","","","","",7.98,"","","","","","","","","","","","","","","","","","",""
1012,TAPI RIVER AT ONGC BRIDGE AT SURAT DIST. SURAT,CPCB,24,Gujarat,459,Surat,SURAT CITY,-,-,-,-,-,-,-,-,21.14891900,72.74368400,02-11-2021 08:30,"","","","","",6.2,"","","","","","","",7.67,"","","","","","","","","","","","","","","","","","",""
1013,TAPI RIVER AT ONGC BRIDGE AT SURAT DIST. SURAT,CPCB,24,Gujarat,459,Surat,SURAT CITY,-,-,-,-,-,-,-,-,21.14891900,72.74368400,04-12-2021 08:30,"","","","","",6.2,"","","","","","","",7.37,"","","","","","","","","","","","","","","","","","",""
1014,TAPI RIVER NEAR BARDOLI (KAPP BRIDGE) BARDOLI,CPCB,24,Gujarat,459,Surat,BARDOLI,-,-,-,-,-,-,-,-,21.22161800,73.17000700,02-01-2021 08:30,"","","","","",6,"","","","","","","",7.8,"","","","","","","","","","","","","","","","","","",""
1015,TAPI RIVER NEAR BARDOLI (KAPP BRIDGE) BARDOLI,CPCB,24,Gujarat,459,Surat,BARDOLI,-,-,-,-,-,-,-,-,21.22161800,73.17000700,03-02-2021 08:30,"","","","","",7.5,"","","","","","","",7.8,"","","","","","","","","","","","","","","","","","",""
1016,TAPI RIVER NEAR BARDOLI (KAPP BRIDGE) BARDOLI,CPCB,24,Gujarat,459,Surat,BARDOLI,-,-,-,-,-,-,-,-,21.22161800,73.17000700,01-03-2021 08:30,"","","","","",6.9,"","","","","","","",7.7,"","","","","","","","","","","","","","","","","","",""
1017,TAPI RIVER NEAR BARDOLI (KAPP BRIDGE) BARDOLI,CPCB,24,Gujarat,459,Surat,BARDOLI,-,-,-,-,-,-,-,-,21.22161800,73.17000700,01-04-2021 08:30,"","","","","",7.2,"","","","","","","",8.1,"","","","","","","","","","","","","","","","","","",""
1018,TAPI RIVER NEAR BARDOLI (KAPP BRIDGE) BARDOLI,CPCB,24,Gujarat,459,Surat,BARDOLI,-,-,-,-,-,-,-,-,21.22161800,73.17000700,03-05-2021 08:30,"","","","","",7,"","","","","","","",7.71,"","","","","","","","","","","","","","","","","","",""
1019,TAPI RIVER NEAR BARDOLI (KAPP BRIDGE) BARDOLI,CPCB,24,Gujarat,459,Surat,BARDOLI,-,-,-,-,-,-,-,-,21.22161800,73.17000700,01-06-2021 08:30,"","","","","",7,"","","","","","","",8.16,"","","","","","","","","","","","","","","","","","",""
1020,TAPI RIVER NEAR BARDOLI (KAPP BRIDGE) BARDOLI,CPCB,24,Gujarat,459,Surat,BARDOLI,-,-,-,-,-,-,-,-,21.22161800,73.17000700,06-07-2021 08:30,"","","","","",7.2,"","","","","","","",7.62,"","","","","","","","","","","","","","","","","","",""
1021,TAPI RIVER NEAR BARDOLI (KAPP BRIDGE) BARDOLI,CPCB,24,Gujarat,459,Surat,BARDOLI,-,-,-,-,-,-,-,-,21.22161800,73.17000700,04-08-2021 08:30,"","","","","",7.3,"","","","","","","",7.49,"","","","","","","","","","","","","","","","","","",""
1022,TAPI RIVER NEAR BARDOLI (KAPP BRIDGE) BARDOLI,CPCB,24,Gujarat,459,Surat,BARDOLI,-,-,-,-,-,-,-,-,21.22161800,73.17000700,01-09-2021 08:30,"","","","","",7.2,"","","","","","","",7.81,"","","","","","","","","","","","","","","","","","",""
1023,TAPI RIVER NEAR BARDOLI (KAPP BRIDGE) BARDOLI,CPCB,24,Gujarat,459,Surat,BARDOLI,-,-,-,-,-,-,-,-,21.22161800,73.17000700,04-10-2021 08:30,"","","","","",7.3,"","","","","","","",7.93,"","","","","","","","","","","","","","","","","","",""
1024,TAPI RIVER NEAR BARDOLI (KAPP BRIDGE) BARDOLI,CPCB,24,Gujarat,459,Surat,BARDOLI,-,-,-,-,-,-,-,-,21.22161800,73.17000700,10-11-2021 08:30,"","","","","",7.4,"","","","","","","",8.13,"","","","","","","","","","","","","","","","","","",""
1025,TAPI RIVER NEAR BARDOLI (KAPP BRIDGE) BARDOLI,CPCB,24,Gujarat,459,Surat,BARDOLI,-,-,-,-,-,-,-,-,21.22161800,73.17000700,01-12-2021 08:30,"","","","","",7.2,"","","","","","","",7.97,"","","","","","","","","","","","","","","","","","",""
1026,THOL TANK (KALOL) (DIST. MEHASANA),CPCB,24,Gujarat,451,Mahesana,KADI,-,-,-,-,-,-,-,-,23.13990800,72.39315800,01-01-2021 08:30,0.84,"","","","",6.8,"","","","","","","",8.13,"","","","","","","","","","","","","","","","","","",""
1027,THOL TANK (KALOL) (DIST. MEHASANA),CPCB,24,Gujarat,451,Mahesana,KADI,-,-,-,-,-,-,-,-,23.13990800,72.39315800,01-02-2021 08:30,5.88,"","","","",5.4,"","","","","","","",7.92,"","","","","","","","","","","","","","","","","","",""
1028,THOL TANK (KALOL) (DIST. MEHASANA),CPCB,24,Gujarat,451,Mahesana,KADI,-,-,-,-,-,-,-,-,23.13990800,72.39315800,02-03-2021 08:30,1.46,"","","","",5.4,"","","","","","","",7.97,"","","","","","","","","","","","","","","","","","",""
1029,THOL TANK (KALOL) (DIST. MEHASANA),CPCB,24,Gujarat,451,Mahesana,KADI,-,-,-,-,-,-,-,-,23.13990800,72.39315800,01-04-2021 08:30,1.18,"","","","",5.8,"","","","","","","",7.28,"","","","","","","","","","","","","","","","","","",""
1030,THOL TANK (KALOL) (DIST. MEHASANA),CPCB,24,Gujarat,451,Mahesana,KADI,-,-,-,-,-,-,-,-,23.13990800,72.39315800,03-05-2021 08:30,1.26,"","","","",5.8,"","","","","","","",8.2,"","","","","","","","","","","","","","","","","","",""
1031,THOL TANK (KALOL) (DIST. MEHASANA),CPCB,24,Gujarat,451,Mahesana,KADI,-,-,-,-,-,-,-,-,23.13990800,72.39315800,01-06-2021 08:30,1.06,"","","","",6.1,"","","","","","","",7.92,"","","","","","","","","","","","","","","","","","",""
1032,THOL TANK (KALOL) (DIST. MEHASANA),CPCB,24,Gujarat,451,Mahesana,KADI,-,-,-,-,-,-,-,-,23.13990800,72.39315800,01-07-2021 08:30,1.18,"","","","",5.4,"","","","","","","",7.96,"","","","","","","","","","","","","","","","","","",""
1033,THOL TANK (KALOL) (DIST. MEHASANA),CPCB,24,Gujarat,451,Mahesana,KADI,-,-,-,-,-,-,-,-,23.13990800,72.39315800,03-08-2021 08:30,0.56,"","","","",4,"","","","","","","",7.08,"","","","","","","","","","","","","","","","","","",""
1034,THOL TANK (KALOL) (DIST. MEHASANA),CPCB,24,Gujarat,451,Mahesana,KADI,-,-,-,-,-,-,-,-,23.13990800,72.39315800,01-09-2021 08:30,0.5,"","","","",5.9,"","","","","","","",7.88,"","","","","","","","","","","","","","","","","","",""
1035,THOL TANK (KALOL) (DIST. MEHASANA),CPCB,24,Gujarat,451,Mahesana,KADI,-,-,-,-,-,-,-,-,23.13990800,72.39315800,01-10-2021 08:30,0.56,"","","","",2.6,"","","","","","","",7.8,"","","","","","","","","","","","","","","","",1.64,"",""
1036,THOL TANK (KALOL) (DIST. MEHASANA),CPCB,24,Gujarat,451,Mahesana,KADI,-,-,-,-,-,-,-,-,23.13990800,72.39315800,01-11-2021 08:30,2.63,"","","","",7.7,"","","","","","","",8.5,"","","","","","","","","","","","","","","","",3.22,"",""
1037,THOL TANK (KALOL) (DIST. MEHASANA),CPCB,24,Gujarat,451,Mahesana,KADI,-,-,-,-,-,-,-,-,23.13990800,72.39315800,01-12-2021 08:30,2.46,"","","","",6.4,"","","","","","","",7.99,"","","","","","","","","","","","","","","","",4.85,"",""
1038,TRIVENI SANGAM NR. SOMNATH TEMPLE VERAVAL DIST. JUNAGADH.,CPCB,24,Gujarat,448,Junagadh,SUTRAPADA,-,-,-,-,-,-,-,-,20.88232400,70.41406600,01-01-2021 08:30,"","","","","",5.3,"","","","","","","",8.3,"","","","","","","","","","","","","","","","","","",""
1039,TRIVENI SANGAM NR. SOMNATH TEMPLE VERAVAL DIST. JUNAGADH.,CPCB,24,Gujarat,448,Junagadh,SUTRAPADA,-,-,-,-,-,-,-,-,20.88232400,70.41406600,03-02-2021 08:30,"","","","","",4.2,"","","","","","","",8.5,"","","","","","","","","","","","","","","","","","",""
1040,TRIVENI SANGAM NR. SOMNATH TEMPLE VERAVAL DIST. JUNAGADH.,CPCB,24,Gujarat,448,Junagadh,SUTRAPADA,-,-,-,-,-,-,-,-,20.88232400,70.41406600,03-03-2021 08:30,"","","","","",6,"","","","","","","",8.46,"","","","","","","","","","","","","","","","","","",""
1041,TRIVENI SANGAM NR. SOMNATH TEMPLE VERAVAL DIST. JUNAGADH.,CPCB,24,Gujarat,448,Junagadh,SUTRAPADA,-,-,-,-,-,-,-,-,20.88232400,70.41406600,07-04-2021 08:30,"","","","","",6,"","","","","","","",7.56,"","","","","","","","","","","","","","","","","","",""
1042,TRIVENI SANGAM NR. SOMNATH TEMPLE VERAVAL DIST. JUNAGADH.,CPCB,24,Gujarat,448,Junagadh,SUTRAPADA,-,-,-,-,-,-,-,-,20.88232400,70.41406600,04-05-2021 08:30,"","","","","",6.4,"","","","","","","",8.07,"","","","","","","","","","","","","","","","","","",""
1043,TRIVENI SANGAM NR. SOMNATH TEMPLE VERAVAL DIST. JUNAGADH.,CPCB,24,Gujarat,448,Junagadh,SUTRAPADA,-,-,-,-,-,-,-,-,20.88232400,70.41406600,06-07-2021 08:30,"","","","","",6,"","","","","","","",7.53,"","","","","","","","","","","","","","","","","","",""
1044,TRIVENI SANGAM NR. SOMNATH TEMPLE VERAVAL DIST. JUNAGADH.,CPCB,24,Gujarat,448,Junagadh,SUTRAPADA,-,-,-,-,-,-,-,-,20.88232400,70.41406600,02-08-2021 08:30,"","","","","",6,"","","","","","","",7.85,"","","","","","","","","","","","","","","","","","",""
1045,TRIVENI SANGAM NR. SOMNATH TEMPLE VERAVAL DIST. JUNAGADH.,CPCB,24,Gujarat,448,Junagadh,SUTRAPADA,-,-,-,-,-,-,-,-,20.88232400,70.41406600,06-09-2021 08:30,"","","","","",5.9,"","","","","","","",8.2,"","","","","","","","","","","","","","","","","","",""
1046,TRIVENI SANGAM NR. SOMNATH TEMPLE VERAVAL DIST. JUNAGADH.,CPCB,24,Gujarat,448,Junagadh,SUTRAPADA,-,-,-,-,-,-,-,-,20.88232400,70.41406600,01-10-2021 08:30,"","","","","",6.2,"","","","","","","",7.39,"","","","","","","","","","","","","","","","","","",""
1047,TRIVENI SANGAM NR. SOMNATH TEMPLE VERAVAL DIST. JUNAGADH.,CPCB,24,Gujarat,448,Junagadh,SUTRAPADA,-,-,-,-,-,-,-,-,20.88232400,70.41406600,01-11-2021 08:30,"","","","","",6.4,"","","","","","","",8.16,"","","","","","","","","","","","","","","","","","",""
1048,TRIVENI SANGAM NR. SOMNATH TEMPLE VERAVAL DIST. JUNAGADH.,CPCB,24,Gujarat,448,Junagadh,SUTRAPADA,-,-,-,-,-,-,-,-,20.88232400,70.41406600,02-12-2021 08:30,"","","","","",6.3,"","","","","","","",7.59,"","","","","","","","","","","","","","","","","","",""
1049,VADODARA (INDUSTRIAL-NANDESARI),CPCB,24,Gujarat,461,Vadodara,VADODARA,-,-,-,-,-,-,-,-,22.30715800,73.18121900,02-04-2021 08:30,"","","","",1100,"",3410,"","","","","","",7.18,"","","",290,"","","",192,"",161,1140,"",0.9,"","",0.056,"","",""
1050,VADODARA (INDUSTRIAL-NANDESARI),CPCB,24,Gujarat,461,Vadodara,VADODARA,-,-,-,-,-,-,-,-,22.30715800,73.18121900,01-10-2021 08:30,"","","","",1000,"",3280,"","","","","","",8.25,"","","",430,"",0.073,"",160,"",185,1160,"",0.58,0.024,"","","","",""
1051,VANDKHADI AT VILLAGE UMARWADA TA ANKLESHWAR BHARUCH,CPCB,24,Gujarat,442,Bharuch,ANKLESVAR,-,-,-,-,-,-,-,-,21.62825500,73.01671500,01-01-2021 08:30,"","","","","","","","","","","","","",7.3,"","","","","","","","","","","","","","","","","","",""
1052,VANDKHADI AT VILLAGE UMARWADA TA ANKLESHWAR BHARUCH,CPCB,24,Gujarat,442,Bharuch,ANKLESVAR,-,-,-,-,-,-,-,-,21.62825500,73.01671500,01-02-2021 08:30,"","","","","",2,"","","","","","","",7.96,"","","","","","","","","","","","","","","","","","",""
1053,VANDKHADI AT VILLAGE UMARWADA TA ANKLESHWAR BHARUCH,CPCB,24,Gujarat,442,Bharuch,ANKLESVAR,-,-,-,-,-,-,-,-,21.62825500,73.01671500,01-03-2021 08:30,"","","","","","","","","","","","","",7.39,"","","","","","","","","","","","","","","","","","",""
1054,VANDKHADI AT VILLAGE UMARWADA TA ANKLESHWAR BHARUCH,CPCB,24,Gujarat,442,Bharuch,ANKLESVAR,-,-,-,-,-,-,-,-,21.62825500,73.01671500,01-04-2021 08:30,"","","","","",3.6,"","","","","","","",7.3,"","","","","","","","","","","","","","","","","","",""
1055,VANDKHADI AT VILLAGE UMARWADA TA ANKLESHWAR BHARUCH,CPCB,24,Gujarat,442,Bharuch,ANKLESVAR,-,-,-,-,-,-,-,-,21.62825500,73.01671500,05-05-2021 08:30,"","","","","",3.4,"","","","","","","",7.22,"","","","","","","","","","","","","","","","","","",""
1056,VANDKHADI AT VILLAGE UMARWADA TA ANKLESHWAR BHARUCH,CPCB,24,Gujarat,442,Bharuch,ANKLESVAR,-,-,-,-,-,-,-,-,21.62825500,73.01671500,01-06-2021 08:30,"","","","","",4.6,"","","","","","","",7.59,"","","","","","","","","","","","","","","","","","",""
1057,VANDKHADI AT VILLAGE UMARWADA TA ANKLESHWAR BHARUCH,CPCB,24,Gujarat,442,Bharuch,ANKLESVAR,-,-,-,-,-,-,-,-,21.62825500,73.01671500,01-07-2021 08:30,"","","","","","","","","","","","","",7.28,"","","","","","","","","","","","","","","","","","",""
1058,VANDKHADI AT VILLAGE UMARWADA TA ANKLESHWAR BHARUCH,CPCB,24,Gujarat,442,Bharuch,ANKLESVAR,-,-,-,-,-,-,-,-,21.62825500,73.01671500,02-08-2021 08:30,"","","","","","","","","","","","","",7.21,"","","","","","","","","","","","","","","","","","",""
1059,VANDKHADI AT VILLAGE UMARWADA TA ANKLESHWAR BHARUCH,CPCB,24,Gujarat,442,Bharuch,ANKLESVAR,-,-,-,-,-,-,-,-,21.62825500,73.01671500,01-09-2021 08:30,"","","","","","","","","","","","","",7.47,"","","","","","","","","","","","","","","","","","",""
1060,VANDKHADI AT VILLAGE UMARWADA TA ANKLESHWAR BHARUCH,CPCB,24,Gujarat,442,Bharuch,ANKLESVAR,-,-,-,-,-,-,-,-,21.62825500,73.01671500,01-10-2021 08:30,"","","","","","","","","","","","","",7.29,"","","","","","","","","","","","","","",0.093,"","","",""
1061,VANDKHADI AT VILLAGE UMARWADA TA ANKLESHWAR BHARUCH,CPCB,24,Gujarat,442,Bharuch,ANKLESVAR,-,-,-,-,-,-,-,-,21.62825500,73.01671500,02-11-2021 08:30,"","","","","",1.5,"","","","","","","",7.45,"","","","","","","","","","","","","","","","","","",""
1062,VANDKHADI AT VILLAGE UMARWADA TA ANKLESHWAR BHARUCH,CPCB,24,Gujarat,442,Bharuch,ANKLESVAR,-,-,-,-,-,-,-,-,21.62825500,73.01671500,10-12-2021 08:30,"","","","","",4,"","","","","","","",7.91,"","","","","","","","","","","","","","","","","","",""
1063,VAPI INDUSTRIAL AREA IN D/S VAPI,CPCB,24,Gujarat,462,Valsad,PARDI,-,-,-,-,-,-,-,-,20.36513600,72.92202500,01-04-2021 08:30,"","","","",69,"",442,"","","","","","",8.04,"","","",170,"","",0.432,56,"",26.75,250,"",0.4,"","",0.381,"","",""
1064,VAPI INDUSTRIAL AREA IN D/S VAPI,CPCB,24,Gujarat,462,Valsad,PARDI,-,-,-,-,-,-,-,-,20.36513600,72.92202500,04-10-2021 08:30,"","","","",50,"",414,"","","","","","",7.88,"","","",120,"",0.03,"",60.12,"",26.75,260,"","",0.131,"",0.134,"","",""
1065,VAPI WEIR VAPI DAMAN,CPCB,24,Gujarat,462,Valsad,PARDI,-,-,-,-,-,-,-,-,20.34170900,72.91095300,29-01-2021 08:30,"","","","","",5.9,"","","","","","","",8.33,"","","","","","","","","","","","","","","","","","",""
1066,VAPI WEIR VAPI DAMAN,CPCB,24,Gujarat,462,Valsad,PARDI,-,-,-,-,-,-,-,-,20.34170900,72.91095300,23-02-2021 08:30,"","","","","",6.6,"","","","","","","",7.83,"","","","","","","","","","","","","","","","","","",""
1067,VAPI WEIR VAPI DAMAN,CPCB,24,Gujarat,462,Valsad,PARDI,-,-,-,-,-,-,-,-,20.34170900,72.91095300,25-03-2021 08:30,"","","","","",7.4,"","","","","","","",8.48,"","","","","","","","","","","","","","","","","","",""
1068,VAPI WEIR VAPI DAMAN,CPCB,24,Gujarat,462,Valsad,PARDI,-,-,-,-,-,-,-,-,20.34170900,72.91095300,29-04-2021 08:30,"","","","","",4.8,"","","","","","","",8.47,"","","","","","","","","","","","","","","","","","",""
1069,VAPI WEIR VAPI DAMAN,CPCB,24,Gujarat,462,Valsad,PARDI,-,-,-,-,-,-,-,-,20.34170900,72.91095300,28-05-2021 08:30,"","","","","",4.9,"","","","","","","",8.21,"","","","","","","","","","","","","","","","","","",""
1070,VAPI WEIR VAPI DAMAN,CPCB,24,Gujarat,462,Valsad,PARDI,-,-,-,-,-,-,-,-,20.34170900,72.91095300,25-06-2021 08:30,"","","","","",4.8,"","","","","","","",7.72,"","","","","","","","","","","","","","","","","","",""
1071,VAPI WEIR VAPI DAMAN,CPCB,24,Gujarat,462,Valsad,PARDI,-,-,-,-,-,-,-,-,20.34170900,72.91095300,29-07-2021 08:30,"","","","","",4.9,"","","","","","","",8.07,"","","","","","","","","","","","","","","","","","",""
1072,VAPI WEIR VAPI DAMAN,CPCB,24,Gujarat,462,Valsad,PARDI,-,-,-,-,-,-,-,-,20.34170900,72.91095300,28-08-2021 08:30,"","","","","",5.4,"","","","","","","",8.09,"","","","","","","","","","","","","","","","","","",""
1073,VAPI WEIR VAPI DAMAN,CPCB,24,Gujarat,462,Valsad,PARDI,-,-,-,-,-,-,-,-,20.34170900,72.91095300,27-09-2021 08:30,"","","","","",5.1,"","","","","","","",8.1,"","","","","","","","","","","","","","","","","","",""
1074,VAPI WEIR VAPI DAMAN,CPCB,24,Gujarat,462,Valsad,PARDI,-,-,-,-,-,-,-,-,20.34170900,72.91095300,27-10-2021 08:30,"","","","","",5.9,"","","","","","","",8.2,"","","","","","","","","","","","","","","","","","",""
1075,VAPI WEIR VAPI DAMAN,CPCB,24,Gujarat,462,Valsad,PARDI,-,-,-,-,-,-,-,-,20.34170900,72.91095300,30-11-2021 08:30,"","","","","",5.6,"","","","","","","",8.15,"","","","","","","","","","","","","","","","","","",""
1076,VAPI WEIR VAPI DAMAN,CPCB,24,Gujarat,462,Valsad,PARDI,-,-,-,-,-,-,-,-,20.34170900,72.91095300,24-12-2021 08:30,"","","","","",5.8,"","","","","","","",7.74,"","","","","","","","","","","","","","","","","","",""
1077,VHERAIMATA TALAV AT ANAND,CPCB,24,Gujarat,440,Anand,ANAND,-,-,-,-,-,-,-,-,22.55454200,72.95476400,02-06-2021 08:30,1.01,"","","","",4.6,"","","","","","","",7.32,"","","","","","","","","","","","","","","","","","",""
1078,VHERAIMATA TALAV AT ANAND,CPCB,24,Gujarat,440,Anand,ANAND,-,-,-,-,-,-,-,-,22.55454200,72.95476400,02-07-2021 08:30,1.18,"","","","",5.5,"","","","","","","",7.86,"","","","","","","","","","","","","","","","","","",""
1079,VHERAIMATA TALAV AT ANAND,CPCB,24,Gujarat,440,Anand,ANAND,-,-,-,-,-,-,-,-,22.55454200,72.95476400,04-08-2021 08:30,0.84,"","","","",5.1,"","","","","","","",7.76,"","","","","","","","","","","","","","","","","","",""
1080,VHERAIMATA TALAV AT ANAND,CPCB,24,Gujarat,440,Anand,ANAND,-,-,-,-,-,-,-,-,22.55454200,72.95476400,03-09-2021 08:30,0.95,"","","","",3.5,"","","","","","","",8.03,"","","","","","","","","","","","","","","","","","",""
1081,VHERAIMATA TALAV AT ANAND,CPCB,24,Gujarat,440,Anand,ANAND,-,-,-,-,-,-,-,-,22.55454200,72.95476400,04-10-2021 08:30,1.18,"","","","",4.8,"","","","","","","",8.02,"","","","","","","","","","","","","","","","",1.15,"",""
1082,VHERAIMATA TALAV AT ANAND,CPCB,24,Gujarat,440,Anand,ANAND,-,-,-,-,-,-,-,-,22.55454200,72.95476400,01-11-2021 08:30,1.06,"","","","",5.2,"","","","","","","",8.49,"","","","","","","","","","","","","","","","","","",""
1083,VIJAPUR (RANASAN) BOREWELL,CPCB,24,Gujarat,451,Mahesana,VIJAPUR,-,-,-,-,-,-,-,-,23.56714000,72.75064800,01-04-2021 08:30,"","","","",231,"",862,"","","","","","",8.24,"","","","","","","",24,"",70,349,"","","","","","","",""
1084,VIJAPUR (RANASAN) BOREWELL,CPCB,24,Gujarat,451,Mahesana,VIJAPUR,-,-,-,-,-,-,-,-,23.56714000,72.75064800,01-10-2021 08:30,"","","","",275,"",848,"","","","","","",7.1,"","","","","","",0.17,"","","",550,"",0.31,"","","","","",""
1085,VISHWAMITRI DOWNSTREAM OF AT KHALIPUR VILLAGE BEFORE MEETING JAMBUVA RIVER,CPCB,24,Gujarat,461,Vadodara,VADODARA,-,-,-,-,-,-,-,-,22.20934200,73.16040600,05-01-2021 08:30,"","","","","","","","","","","","","",7.29,"","","","","","","","","","","","","","","","","","",""
1086,VISHWAMITRI DOWNSTREAM OF AT KHALIPUR VILLAGE BEFORE MEETING JAMBUVA RIVER,CPCB,24,Gujarat,461,Vadodara,VADODARA,-,-,-,-,-,-,-,-,22.20934200,73.16040600,04-02-2021 08:30,"","","","","","","","","","","","","",7.38,"","","","","","","","","","","","","","","","","","",""
1087,VISHWAMITRI DOWNSTREAM OF AT KHALIPUR VILLAGE BEFORE MEETING JAMBUVA RIVER,CPCB,24,Gujarat,461,Vadodara,VADODARA,-,-,-,-,-,-,-,-,22.20934200,73.16040600,04-03-2021 08:30,"","","","","","","","","","","","","",7.43,"","","","","","","","","","","","","","","","","","",""
1088,VISHWAMITRI DOWNSTREAM OF AT KHALIPUR VILLAGE BEFORE MEETING JAMBUVA RIVER,CPCB,24,Gujarat,461,Vadodara,VADODARA,-,-,-,-,-,-,-,-,22.20934200,73.16040600,05-04-2021 08:30,"","","","","","","","","","","","","",7.33,"","","","","","","","","","","","","","","","","","",""
1089,VISHWAMITRI DOWNSTREAM OF AT KHALIPUR VILLAGE BEFORE MEETING JAMBUVA RIVER,CPCB,24,Gujarat,461,Vadodara,VADODARA,-,-,-,-,-,-,-,-,22.20934200,73.16040600,06-05-2021 08:30,"","","","","","","","","","","","","",7.21,"","","","","","","","","","","","","","","","","","",""
1090,VISHWAMITRI DOWNSTREAM OF AT KHALIPUR VILLAGE BEFORE MEETING JAMBUVA RIVER,CPCB,24,Gujarat,461,Vadodara,VADODARA,-,-,-,-,-,-,-,-,22.20934200,73.16040600,04-06-2021 08:30,"","","","","","","","","","","","","",7.24,"","","","","","","","","","","","","","","","","","",""
1091,VISHWAMITRI DOWNSTREAM OF AT KHALIPUR VILLAGE BEFORE MEETING JAMBUVA RIVER,CPCB,24,Gujarat,461,Vadodara,VADODARA,-,-,-,-,-,-,-,-,22.20934200,73.16040600,05-07-2021 08:30,"","","","","","","","","","","","","",7.22,"","","","","","","","","","","","","","","","","","",""
1092,VISHWAMITRI DOWNSTREAM OF AT KHALIPUR VILLAGE BEFORE MEETING JAMBUVA RIVER,CPCB,24,Gujarat,461,Vadodara,VADODARA,-,-,-,-,-,-,-,-,22.20934200,73.16040600,05-08-2021 08:30,"","","","","","","","","","","","","",7.15,"","","","","","","","","","","","","","","","","","",""
1093,VISHWAMITRI DOWNSTREAM OF AT KHALIPUR VILLAGE BEFORE MEETING JAMBUVA RIVER,CPCB,24,Gujarat,461,Vadodara,VADODARA,-,-,-,-,-,-,-,-,22.20934200,73.16040600,04-09-2021 08:30,"","","","","","","","","","","","","",7.73,"","","","","","","","","","","","","","","","","","",""
1094,VISHWAMITRI DOWNSTREAM OF AT KHALIPUR VILLAGE BEFORE MEETING JAMBUVA RIVER,CPCB,24,Gujarat,461,Vadodara,VADODARA,-,-,-,-,-,-,-,-,22.20934200,73.16040600,06-10-2021 08:30,"","","","","","","","","","","","","",8.2,"","","","","","","","","","","","","","","","","","",""
1095,VISHWAMITRI DOWNSTREAM OF AT KHALIPUR VILLAGE BEFORE MEETING JAMBUVA RIVER,CPCB,24,Gujarat,461,Vadodara,VADODARA,-,-,-,-,-,-,-,-,22.20934200,73.16040600,02-11-2021 08:30,"","","","","","","","","","","","","",7.76,"","","","","","","","","","","","","","","","","","",""
1096,VISHWAMITRI DOWNSTREAM OF AT KHALIPUR VILLAGE BEFORE MEETING JAMBUVA RIVER,CPCB,24,Gujarat,461,Vadodara,VADODARA,-,-,-,-,-,-,-,-,22.20934200,73.16040600,02-12-2021 08:30,"","","","","","","","","","","","","",7.51,"","","","","","","","","","","","","","","","","","",""
1097,VISHWAMITRI UPSTREAM AT ASOD BRIDGE AT N.H. 8  NEAR GLDEN CHOKDI ASOD VEMALI ROAD,CPCB,24,Gujarat,461,Vadodara,VADODARA,-,-,-,-,-,-,-,-,22.25522700,73.16575400,05-01-2021 08:30,"","","","","",8.7,"","","","","","","",7.82,"","","","","","","","","","","","","","","","","","",""
1098,VISHWAMITRI UPSTREAM AT ASOD BRIDGE AT N.H. 8  NEAR GLDEN CHOKDI ASOD VEMALI ROAD,CPCB,24,Gujarat,461,Vadodara,VADODARA,-,-,-,-,-,-,-,-,22.25522700,73.16575400,04-02-2021 08:30,"","","","","",8.5,"","","","","","","",8.03,"","","","","","","","","","","","","","","","","","",""
1099,VISHWAMITRI UPSTREAM AT ASOD BRIDGE AT N.H. 8  NEAR GLDEN CHOKDI ASOD VEMALI ROAD,CPCB,24,Gujarat,461,Vadodara,VADODARA,-,-,-,-,-,-,-,-,22.25522700,73.16575400,04-03-2021 08:30,"","","","","",6.8,"","","","","","","",8.12,"","","","","","","","","","","","","","","","","","",""
1100,VISHWAMITRI UPSTREAM AT ASOD BRIDGE AT N.H. 8  NEAR GLDEN CHOKDI ASOD VEMALI ROAD,CPCB,24,Gujarat,461,Vadodara,VADODARA,-,-,-,-,-,-,-,-,22.25522700,73.16575400,05-04-2021 08:30,"","","","","",7.5,"","","","","","","",7.81,"","","","","","","","","","","","","","","","","","",""
1101,VISHWAMITRI UPSTREAM AT ASOD BRIDGE AT N.H. 8  NEAR GLDEN CHOKDI ASOD VEMALI ROAD,CPCB,24,Gujarat,461,Vadodara,VADODARA,-,-,-,-,-,-,-,-,22.25522700,73.16575400,06-05-2021 08:30,"","","","","",6.8,"","","","","","","",7.81,"","","","","","","","","","","","","","","","","","",""
1102,VISHWAMITRI UPSTREAM AT ASOD BRIDGE AT N.H. 8  NEAR GLDEN CHOKDI ASOD VEMALI ROAD,CPCB,24,Gujarat,461,Vadodara,VADODARA,-,-,-,-,-,-,-,-,22.25522700,73.16575400,04-06-2021 08:30,"","","","","",7.4,"","","","","","","",8.05,"","","","","","","","","","","","","","","","","","",""
1103,VISHWAMITRI UPSTREAM AT ASOD BRIDGE AT N.H. 8  NEAR GLDEN CHOKDI ASOD VEMALI ROAD,CPCB,24,Gujarat,461,Vadodara,VADODARA,-,-,-,-,-,-,-,-,22.25522700,73.16575400,05-07-2021 08:30,"","","","","",8.5,"","","","","","","",7.81,"","","","","","","","","","","","","","","","","","",""
1104,VISHWAMITRI UPSTREAM AT ASOD BRIDGE AT N.H. 8  NEAR GLDEN CHOKDI ASOD VEMALI ROAD,CPCB,24,Gujarat,461,Vadodara,VADODARA,-,-,-,-,-,-,-,-,22.25522700,73.16575400,05-08-2021 08:30,"","","","","",8.2,"","","","","","","",7.67,"","","","","","","","","","","","","","","","","","",""
1105,VISHWAMITRI UPSTREAM AT ASOD BRIDGE AT N.H. 8  NEAR GLDEN CHOKDI ASOD VEMALI ROAD,CPCB,24,Gujarat,461,Vadodara,VADODARA,-,-,-,-,-,-,-,-,22.25522700,73.16575400,04-09-2021 08:30,"","","","","",8.2,"","","","","","","",7.89,"","","","","","","","","","","","","","","","","","",""
1106,VISHWAMITRI UPSTREAM AT ASOD BRIDGE AT N.H. 8  NEAR GLDEN CHOKDI ASOD VEMALI ROAD,CPCB,24,Gujarat,461,Vadodara,VADODARA,-,-,-,-,-,-,-,-,22.25522700,73.16575400,06-10-2021 08:30,"","","","","",8,"","","","","","","",8.44,"","","","","","","","","","","","","","","","","","",""
1107,VISHWAMITRI UPSTREAM AT ASOD BRIDGE AT N.H. 8  NEAR GLDEN CHOKDI ASOD VEMALI ROAD,CPCB,24,Gujarat,461,Vadodara,VADODARA,-,-,-,-,-,-,-,-,22.25522700,73.16575400,02-11-2021 08:30,"","","","","",8,"","","","","","","",8.14,"","","","","","","","","","","","","","","","","","",""
1108,VISHWAMITRI UPSTREAM AT ASOD BRIDGE AT N.H. 8  NEAR GLDEN CHOKDI ASOD VEMALI ROAD,CPCB,24,Gujarat,461,Vadodara,VADODARA,-,-,-,-,-,-,-,-,22.25522700,73.16575400,02-12-2021 08:30,"","","","","",8,"","","","","","","",7.78,"","","","","","","","","","","","","","","","","","",""
1109,VISNAGAR BOREWELL,CPCB,24,Gujarat,451,Mahesana,VISNAGAR,-,-,-,-,-,-,-,-,23.70000000,72.55000000,01-04-2021 08:30,"","","","",158,"",582,"","","","","","",8.47,"","","",334,"","","","","","",321,"","","","","","","",""
1110,VISNAGAR BOREWELL,CPCB,24,Gujarat,451,Mahesana,VISNAGAR,-,-,-,-,-,-,-,-,23.70000000,72.55000000,01-10-2021 08:30,"","","","",200,"",958,"","","","","","",7.82,"","","",261,"","",0.22,"","","",304,"","","","","","","",""
1111,WELL AT AHMEDABAD,CPCB,24,Gujarat,438,Ahmedabad,AHMADABAD CITY,-,-,-,-,-,-,-,-,23.02278400,72.57117800,04-04-2021 08:30,"","","","",945,"",1648,"","","","","","",8.47,"","","",450,"","","",68.14,"",82.69,510,"",0.4,"","","","","",""
1112,WELL AT ANKLESHWAR INDUSTRIAL AREA (BORE WELL OF M/S INDUSTRIAL CARBON AT ANKLESHWAR- RAJPIPLA ROAD,CPCB,24,Gujarat,442,Bharuch,ANKLESVAR,-,-,-,-,-,-,-,-,21.62662500,73.01438600,01-04-2021 08:30,"","","","",1820,"",3622,"","","","","","",7.34,"","","",188,"",0.047,0.086,304,"",121.6,1260,"","","","",0.097,"","",""
1113,WELL AT ANKLESHWAR INDUSTRIAL AREA (BORE WELL OF M/S INDUSTRIAL CARBON AT ANKLESHWAR- RAJPIPLA ROAD,CPCB,24,Gujarat,442,Bharuch,ANKLESVAR,-,-,-,-,-,-,-,-,21.62662500,73.01438600,08-10-2021 08:30,"","","","",2400,"",4930,"","","","","","",7.11,"","","",281,"","",0.311,24.48,"","",1800,"","",0.053,"",0.044,"","",""
1114,WELL AT BARODA,CPCB,24,Gujarat,461,Vadodara,VADODARA,-,-,-,-,-,-,-,-,22.30715800,73.18121900,01-04-2021 08:30,"","","","",75,"",826,"","","","","","",7.26,"","","",601,"","","",48,"",63,380,"","","","",0.052,"","",""
1115,WELL AT BARODA,CPCB,24,Gujarat,461,Vadodara,VADODARA,-,-,-,-,-,-,-,-,22.30715800,73.18121900,04-10-2021 08:30,"","","","",82,"",910,"","","","","","",8.45,"","",0.002,644,"","",0.03,64,"",58,400,"","",0.02,"","","","",""
1116,WELL AT OLPAD.,CPCB,24,Gujarat,459,Surat,OLPAD,-,-,-,-,-,-,-,-,21.34013600,72.75539200,01-04-2021 08:30,"","","","",5963,"",8606,"","","","","","",7.82,"","","",190,"","",0.06,164,"",192,1200,"",0.6,"","",0.183,"","",""
1117,WELL AT OLPAD.,CPCB,24,Gujarat,459,Surat,OLPAD,-,-,-,-,-,-,-,-,21.34013600,72.75539200,01-10-2021 08:30,"","","","",3499,"",8384,"","","","","","",7.42,"","","",230,"","",0.295,188.4,"",214.02,1350,"","","","",0.088,"","",""
1118,WELL AT VILLAGE DADRA,CPCB,24,Gujarat,462,Valsad,VALSAD,-,-,-,-,-,-,-,-,20.31666900,72.96667200,28-09-2021 08:30,"","","","",794.5,"",2024,"","","","","","",7.2,"","",0.01,324,0.003,0.05,0.274,52.8,"",13.5,797,"",2.7,0.02,"",0.0735,"","",""
1119,WELL AT VILLAGE DUNETHA DAMAN,CPCB,24,Gujarat,441,DAMAN,DAMAN,-,-,-,-,-,-,-,-,20.42677500,72.84709700,28-09-2021 08:30,"","","","",64.7,"",495,"","","","","","",7.26,"","",0.01,187,0.003,0.05,0.1,69.89,"",18.23,318,"",1.97,0.02,"",0.065,"","",""
1120,WELL AT VILLAGE KACHIGAM DAMAN,CPCB,24,Gujarat,441,DAMAN,DAMAN,-,-,-,-,-,-,-,-,20.38420300,72.88342300,28-09-2021 08:30,"","","","",23.7,"",303,"","","","","","",7.14,"","",0.01,153,0.003,0.05,0.206,46,"",22.9,192,"",3.63,0.02,"",0.103,"","",""
1121,WELL AT VILLAGE PIPERIA DADRA,CPCB,24,Gujarat,462,Valsad,VALSAD,-,-,-,-,-,-,-,-,20.31061900,72.96096700,28-09-2021 08:30,"","","","",650.1,"",1917,"","","","","","",7.15,"","",0.01,247,0.003,0.05,1.85,56,"",12.1,669,"",5.96,0.02,"",0.0478,"","",""
1122,WELL OF BARDOLI AT REST HOUSE.,CPCB,24,Gujarat,459,Surat,BARDOLI,-,-,-,-,-,-,-,-,21.12000100,73.12000100,01-04-2021 08:30,"","","","",297,"",1242,"","","","","","",8.05,"","","",380,"","","",52,"",60,380,"",0.7,"","",0.063,"","",""
1123,WELL OF BARDOLI AT REST HOUSE.,CPCB,24,Gujarat,459,Surat,BARDOLI,-,-,-,-,-,-,-,-,21.12000100,73.12000100,04-10-2021 08:30,"","","","",180,"",786,"","","","","","",7.82,"","","",270,"","",0.099,"","","","","","","","",0.044,"","",""
1124,WELL OF IDAR NAGAR PALIKA SAKARIA IDAR,CPCB,24,Gujarat,458,Sabarkantha,BAYAD,-,-,-,-,-,-,-,-,23.82502500,73.00085300,01-04-2021 08:30,"","","","",43,"",210,"","","","","","",8.05,"","","","","","","","","",10,"","",0.9,"","","","","",""
1125,WELL OF IDAR NAGAR PALIKA SAKARIA IDAR,CPCB,24,Gujarat,458,Sabarkantha,BAYAD,-,-,-,-,-,-,-,-,23.82502500,73.00085300,04-10-2021 08:30,"","","","",176,"",910,"","","","","","",6.93,"","","",170,"","","",129,"",33,458,"",0.34,"","","","","",""
1126,WELL OF MODASA NAGAR PALIKA VARIGRUH MODASA,CPCB,24,Gujarat,458,Sabarkantha,BAYAD,-,-,-,-,-,-,-,-,23.46269400,73.30073100,03-04-2021 08:30,"","","","",241,"",734,"","","","","","",8.01,"","","","","","","",49,"",79,"","",1,"","","","","",""
1127,WELL OF MODASA NAGAR PALIKA VARIGRUH MODASA,CPCB,24,Gujarat,458,Sabarkantha,BAYAD,-,-,-,-,-,-,-,-,23.46269400,73.30073100,05-10-2021 08:30,"","","","",124,"",588,"","","","","","",7.24,"","","",204,"","",0.1,83,"",51,414,"",0.38,"","","","","",""
